
/home/corey/.openclaw/workspace/clawd_project/clawd/projects/pokemon-bank/firmware/build/pokemon_bank.elf:     file format elf32-littlearm

Sections:
Idx Name          Size      VMA       LMA       File off  Algn
  0 .boot2        00000100  10000000  10000000  00001000  2**0
                  CONTENTS, ALLOC, LOAD, READONLY, CODE
  1 .text         0000af20  10000100  10000100  00001100  2**3
                  CONTENTS, ALLOC, LOAD, READONLY, CODE
  2 .rodata       00001f70  1000b020  1000b020  0000c020  2**3
                  CONTENTS, ALLOC, LOAD, READONLY, DATA
  3 .binary_info  00000024  1000cf90  1000cf90  0000df90  2**2
                  CONTENTS, ALLOC, LOAD, READONLY, DATA
  4 .ram_vector_table 000000c0  20000000  20000000  00010000  2**2
                  ALLOC
  5 .uninitialized_data 00000000  200000c0  200000c0  0000f240  2**0
                  CONTENTS
  6 .data         00001180  200000c0  1000cfb4  0000e0c0  2**4
                  CONTENTS, ALLOC, LOAD, READONLY, CODE
  7 .tdata        00000000  20001240  20001240  0000f240  2**0
                  CONTENTS, ALLOC, LOAD, DATA, THREAD_LOCAL
  8 .tbss         00000000  20001240  20001240  00000000  2**0
                  ALLOC, THREAD_LOCAL
  9 .bss          00002a00  20001240  1000e134  0000f240  2**3
                  ALLOC
 10 .heap         00000800  20003c40  1000e134  0000fc40  2**2
                  ALLOC, READONLY
 11 .scratch_x    00000000  20040000  20040000  0000f240  2**0
                  CONTENTS
 12 .scratch_y    00000000  20041000  20041000  0000f240  2**0
                  CONTENTS
 13 .stack_dummy  00000800  20041000  20041000  00010000  2**5
                  ALLOC, READONLY
 14 .ARM.attributes 00000028  00000000  00000000  0000f240  2**0
                  CONTENTS, READONLY
 15 .comment      0000004c  00000000  00000000  0000f268  2**0
                  CONTENTS, READONLY
 16 .debug_info   0003e980  00000000  00000000  0000f2b4  2**0
                  CONTENTS, READONLY, DEBUGGING, OCTETS
 17 .debug_abbrev 0000ae0f  00000000  00000000  0004dc34  2**0
                  CONTENTS, READONLY, DEBUGGING, OCTETS
 18 .debug_loclists 000265c1  00000000  00000000  00058a43  2**0
                  CONTENTS, READONLY, DEBUGGING, OCTETS
 19 .debug_aranges 00001a00  00000000  00000000  0007f008  2**3
                  CONTENTS, READONLY, DEBUGGING, OCTETS
 20 .debug_rnglists 00005a62  00000000  00000000  00080a08  2**0
                  CONTENTS, READONLY, DEBUGGING, OCTETS
 21 .debug_line   00032705  00000000  00000000  0008646a  2**0
                  CONTENTS, READONLY, DEBUGGING, OCTETS
 22 .debug_str    0000b3b3  00000000  00000000  000b8b6f  2**0
                  CONTENTS, READONLY, DEBUGGING, OCTETS
 23 .debug_frame  00003880  00000000  00000000  000c3f24  2**2
                  CONTENTS, READONLY, DEBUGGING, OCTETS
 24 .debug_line_str 00000557  00000000  00000000  000c77a4  2**0
                  CONTENTS, READONLY, DEBUGGING, OCTETS

/home/corey/.openclaw/workspace/clawd_project/clawd/projects/pokemon-bank/firmware/build/pokemon_bank.elf:     file format elf32-littlearm


Disassembly of section .boot2:

10000000 <__boot2_start__>:
10000000:	4b32b500 	.word	0x4b32b500
10000004:	60582021 	.word	0x60582021
10000008:	21026898 	.word	0x21026898
1000000c:	60984388 	.word	0x60984388
10000010:	611860d8 	.word	0x611860d8
10000014:	4b2e6158 	.word	0x4b2e6158
10000018:	60992100 	.word	0x60992100
1000001c:	61592102 	.word	0x61592102
10000020:	22f02101 	.word	0x22f02101
10000024:	492b5099 	.word	0x492b5099
10000028:	21016019 	.word	0x21016019
1000002c:	20356099 	.word	0x20356099
10000030:	f844f000 	.word	0xf844f000
10000034:	42902202 	.word	0x42902202
10000038:	2106d014 	.word	0x2106d014
1000003c:	f0006619 	.word	0xf0006619
10000040:	6e19f834 	.word	0x6e19f834
10000044:	66192101 	.word	0x66192101
10000048:	66182000 	.word	0x66182000
1000004c:	f000661a 	.word	0xf000661a
10000050:	6e19f82c 	.word	0x6e19f82c
10000054:	6e196e19 	.word	0x6e196e19
10000058:	f0002005 	.word	0xf0002005
1000005c:	2101f82f 	.word	0x2101f82f
10000060:	d1f94208 	.word	0xd1f94208
10000064:	60992100 	.word	0x60992100
10000068:	6019491b 	.word	0x6019491b
1000006c:	60592100 	.word	0x60592100
10000070:	481b491a 	.word	0x481b491a
10000074:	21016001 	.word	0x21016001
10000078:	21eb6099 	.word	0x21eb6099
1000007c:	21a06619 	.word	0x21a06619
10000080:	f0006619 	.word	0xf0006619
10000084:	2100f812 	.word	0x2100f812
10000088:	49166099 	.word	0x49166099
1000008c:	60014814 	.word	0x60014814
10000090:	60992101 	.word	0x60992101
10000094:	2800bc01 	.word	0x2800bc01
10000098:	4700d000 	.word	0x4700d000
1000009c:	49134812 	.word	0x49134812
100000a0:	c8036008 	.word	0xc8036008
100000a4:	8808f380 	.word	0x8808f380
100000a8:	b5034708 	.word	0xb5034708
100000ac:	20046a99 	.word	0x20046a99
100000b0:	d0fb4201 	.word	0xd0fb4201
100000b4:	42012001 	.word	0x42012001
100000b8:	bd03d1f8 	.word	0xbd03d1f8
100000bc:	6618b502 	.word	0x6618b502
100000c0:	f7ff6618 	.word	0xf7ff6618
100000c4:	6e18fff2 	.word	0x6e18fff2
100000c8:	bd026e18 	.word	0xbd026e18
100000cc:	40020000 	.word	0x40020000
100000d0:	18000000 	.word	0x18000000
100000d4:	00070000 	.word	0x00070000
100000d8:	005f0300 	.word	0x005f0300
100000dc:	00002221 	.word	0x00002221
100000e0:	180000f4 	.word	0x180000f4
100000e4:	a0002022 	.word	0xa0002022
100000e8:	10000100 	.word	0x10000100
100000ec:	e000ed08 	.word	0xe000ed08
	...
100000fc:	7a4eb274 	.word	0x7a4eb274

Disassembly of section .text:

10000100 <__VECTOR_TABLE>:
10000100:	20042000 	.word	0x20042000
10000104:	100001f7 	.word	0x100001f7
10000108:	100001cb 	.word	0x100001cb
1000010c:	100001cd 	.word	0x100001cd
10000110:	100001c9 	.word	0x100001c9
10000114:	100001c9 	.word	0x100001c9
10000118:	100001c9 	.word	0x100001c9
1000011c:	100001c9 	.word	0x100001c9
10000120:	100001c9 	.word	0x100001c9
10000124:	100001c9 	.word	0x100001c9
10000128:	100001c9 	.word	0x100001c9
1000012c:	100001cf 	.word	0x100001cf
10000130:	100001c9 	.word	0x100001c9
10000134:	100001c9 	.word	0x100001c9
10000138:	100001d1 	.word	0x100001d1
1000013c:	100001d3 	.word	0x100001d3
10000140:	100001c1 	.word	0x100001c1
10000144:	100001c1 	.word	0x100001c1
10000148:	100001c1 	.word	0x100001c1
1000014c:	100001c1 	.word	0x100001c1
10000150:	100001c1 	.word	0x100001c1
10000154:	100001c1 	.word	0x100001c1
10000158:	100001c1 	.word	0x100001c1
1000015c:	100001c1 	.word	0x100001c1
10000160:	100001c1 	.word	0x100001c1
10000164:	100001c1 	.word	0x100001c1
10000168:	100001c1 	.word	0x100001c1
1000016c:	100001c1 	.word	0x100001c1
10000170:	100001c1 	.word	0x100001c1
10000174:	100001c1 	.word	0x100001c1
10000178:	100001c1 	.word	0x100001c1
1000017c:	100001c1 	.word	0x100001c1
10000180:	100001c1 	.word	0x100001c1
10000184:	100001c1 	.word	0x100001c1
10000188:	100001c1 	.word	0x100001c1
1000018c:	100001c1 	.word	0x100001c1
10000190:	100001c1 	.word	0x100001c1
10000194:	100001c1 	.word	0x100001c1
10000198:	100001c1 	.word	0x100001c1
1000019c:	100001c1 	.word	0x100001c1
100001a0:	100001c1 	.word	0x100001c1
100001a4:	100001c1 	.word	0x100001c1
100001a8:	100001c1 	.word	0x100001c1
100001ac:	100001c1 	.word	0x100001c1
100001b0:	100001c1 	.word	0x100001c1
100001b4:	100001c1 	.word	0x100001c1
100001b8:	100001c1 	.word	0x100001c1
100001bc:	100001c1 	.word	0x100001c1

100001c0 <__unhandled_user_irq>:
100001c0:	f3ef 8005 	mrs	r0, IPSR
100001c4:	3810      	subs	r0, #16

100001c6 <unhandled_user_irq_num_in_r0>:
100001c6:	be00      	bkpt	0x0000

100001c8 <isr_invalid>:
100001c8:	be00      	bkpt	0x0000

100001ca <isr_nmi>:
100001ca:	be00      	bkpt	0x0000

100001cc <isr_hardfault>:
100001cc:	be00      	bkpt	0x0000

100001ce <isr_svcall>:
100001ce:	be00      	bkpt	0x0000

100001d0 <isr_pendsv>:
100001d0:	be00      	bkpt	0x0000

100001d2 <isr_systick>:
100001d2:	be00      	bkpt	0x0000

100001d4 <__default_isrs_end>:
100001d4:	7188ebf2 	.word	0x7188ebf2
100001d8:	1000cf90 	.word	0x1000cf90
100001dc:	1000cfb4 	.word	0x1000cfb4
100001e0:	10000238 	.word	0x10000238
100001e4:	e71aa390 	.word	0xe71aa390

100001e8 <_entry_point>:
100001e8:	481e      	ldr	r0, [pc, #120]	@ (10000264 <data_cpy_table+0x2c>)

100001ea <_enter_vtable_in_r0>:
100001ea:	491f      	ldr	r1, [pc, #124]	@ (10000268 <data_cpy_table+0x30>)
100001ec:	6008      	str	r0, [r1, #0]
100001ee:	c806      	ldmia	r0!, {r1, r2}
100001f0:	f381 8808 	msr	MSP, r1
100001f4:	4710      	bx	r2

100001f6 <_reset_handler>:
100001f6:	481d      	ldr	r0, [pc, #116]	@ (1000026c <data_cpy_table+0x34>)
100001f8:	6800      	ldr	r0, [r0, #0]
100001fa:	2800      	cmp	r0, #0
100001fc:	d001      	beq.n	10000202 <hold_non_core0_in_bootrom+0x4>

100001fe <hold_non_core0_in_bootrom>:
100001fe:	4819      	ldr	r0, [pc, #100]	@ (10000264 <data_cpy_table+0x2c>)
10000200:	e7f3      	b.n	100001ea <_enter_vtable_in_r0>
10000202:	a40d      	add	r4, pc, #52	@ (adr r4, 10000238 <data_cpy_table>)
10000204:	cc0e      	ldmia	r4!, {r1, r2, r3}
10000206:	2900      	cmp	r1, #0
10000208:	d002      	beq.n	10000210 <hold_non_core0_in_bootrom+0x12>
1000020a:	f000 f812 	bl	10000232 <data_cpy>
1000020e:	e7f9      	b.n	10000204 <hold_non_core0_in_bootrom+0x6>
10000210:	4917      	ldr	r1, [pc, #92]	@ (10000270 <data_cpy_table+0x38>)
10000212:	4a18      	ldr	r2, [pc, #96]	@ (10000274 <data_cpy_table+0x3c>)
10000214:	2000      	movs	r0, #0
10000216:	e000      	b.n	1000021a <bss_fill_test>

10000218 <bss_fill_loop>:
10000218:	c101      	stmia	r1!, {r0}

1000021a <bss_fill_test>:
1000021a:	4291      	cmp	r1, r2
1000021c:	d1fc      	bne.n	10000218 <bss_fill_loop>

1000021e <platform_entry>:
1000021e:	4916      	ldr	r1, [pc, #88]	@ (10000278 <data_cpy_table+0x40>)
10000220:	4788      	blx	r1
10000222:	4916      	ldr	r1, [pc, #88]	@ (1000027c <data_cpy_table+0x44>)
10000224:	4788      	blx	r1
10000226:	4916      	ldr	r1, [pc, #88]	@ (10000280 <data_cpy_table+0x48>)
10000228:	4788      	blx	r1
1000022a:	be00      	bkpt	0x0000
1000022c:	e7fd      	b.n	1000022a <platform_entry+0xc>

1000022e <data_cpy_loop>:
1000022e:	c901      	ldmia	r1!, {r0}
10000230:	c201      	stmia	r2!, {r0}

10000232 <data_cpy>:
10000232:	429a      	cmp	r2, r3
10000234:	d3fb      	bcc.n	1000022e <data_cpy_loop>
10000236:	4770      	bx	lr

10000238 <data_cpy_table>:
10000238:	1000cfb4 	.word	0x1000cfb4
1000023c:	200000c0 	.word	0x200000c0
10000240:	20001240 	.word	0x20001240
10000244:	1000e134 	.word	0x1000e134
10000248:	20040000 	.word	0x20040000
1000024c:	20040000 	.word	0x20040000
10000250:	1000e134 	.word	0x1000e134
10000254:	20041000 	.word	0x20041000
10000258:	20041000 	.word	0x20041000
1000025c:	00000000 	.word	0x00000000
10000260:	4770      	bx	lr
10000262:	0000      	.short	0x0000
10000264:	00000000 	.word	0x00000000
10000268:	e000ed08 	.word	0xe000ed08
1000026c:	d0000000 	.word	0xd0000000
10000270:	20001240 	.word	0x20001240
10000274:	20003c40 	.word	0x20003c40
10000278:	1000812d 	.word	0x1000812d
1000027c:	10001811 	.word	0x10001811
10000280:	10008125 	.word	0x10008125

10000284 <_init>:
10000284:	b5f8      	push	{r3, r4, r5, r6, r7, lr}
10000286:	46c0      	nop			@ (mov r8, r8)

10000288 <deregister_tm_clones>:
10000288:	4804      	ldr	r0, [pc, #16]	@ (1000029c <deregister_tm_clones+0x14>)
1000028a:	4b05      	ldr	r3, [pc, #20]	@ (100002a0 <deregister_tm_clones+0x18>)
1000028c:	b510      	push	{r4, lr}
1000028e:	4283      	cmp	r3, r0
10000290:	d003      	beq.n	1000029a <deregister_tm_clones+0x12>
10000292:	4b04      	ldr	r3, [pc, #16]	@ (100002a4 <deregister_tm_clones+0x1c>)
10000294:	2b00      	cmp	r3, #0
10000296:	d000      	beq.n	1000029a <deregister_tm_clones+0x12>
10000298:	4798      	blx	r3
1000029a:	bd10      	pop	{r4, pc}
1000029c:	20001240 	.word	0x20001240
100002a0:	20001240 	.word	0x20001240
100002a4:	00000000 	.word	0x00000000

100002a8 <register_tm_clones>:
100002a8:	4806      	ldr	r0, [pc, #24]	@ (100002c4 <register_tm_clones+0x1c>)
100002aa:	4907      	ldr	r1, [pc, #28]	@ (100002c8 <register_tm_clones+0x20>)
100002ac:	1a09      	subs	r1, r1, r0
100002ae:	108b      	asrs	r3, r1, #2
100002b0:	0fc9      	lsrs	r1, r1, #31
100002b2:	18c9      	adds	r1, r1, r3
100002b4:	b510      	push	{r4, lr}
100002b6:	1049      	asrs	r1, r1, #1
100002b8:	d003      	beq.n	100002c2 <register_tm_clones+0x1a>
100002ba:	4b04      	ldr	r3, [pc, #16]	@ (100002cc <register_tm_clones+0x24>)
100002bc:	2b00      	cmp	r3, #0
100002be:	d000      	beq.n	100002c2 <register_tm_clones+0x1a>
100002c0:	4798      	blx	r3
100002c2:	bd10      	pop	{r4, pc}
100002c4:	20001240 	.word	0x20001240
100002c8:	20001240 	.word	0x20001240
100002cc:	00000000 	.word	0x00000000

100002d0 <__do_global_dtors_aux>:
100002d0:	b510      	push	{r4, lr}
100002d2:	4c07      	ldr	r4, [pc, #28]	@ (100002f0 <__do_global_dtors_aux+0x20>)
100002d4:	7823      	ldrb	r3, [r4, #0]
100002d6:	2b00      	cmp	r3, #0
100002d8:	d109      	bne.n	100002ee <__do_global_dtors_aux+0x1e>
100002da:	f7ff ffd5 	bl	10000288 <deregister_tm_clones>
100002de:	4b05      	ldr	r3, [pc, #20]	@ (100002f4 <__do_global_dtors_aux+0x24>)
100002e0:	2b00      	cmp	r3, #0
100002e2:	d002      	beq.n	100002ea <__do_global_dtors_aux+0x1a>
100002e4:	4804      	ldr	r0, [pc, #16]	@ (100002f8 <__do_global_dtors_aux+0x28>)
100002e6:	e000      	b.n	100002ea <__do_global_dtors_aux+0x1a>
100002e8:	bf00      	nop
100002ea:	2301      	movs	r3, #1
100002ec:	7023      	strb	r3, [r4, #0]
100002ee:	bd10      	pop	{r4, pc}
100002f0:	20001b00 	.word	0x20001b00
100002f4:	00000000 	.word	0x00000000
100002f8:	1000b020 	.word	0x1000b020

100002fc <frame_dummy>:
100002fc:	4b05      	ldr	r3, [pc, #20]	@ (10000314 <frame_dummy+0x18>)
100002fe:	b510      	push	{r4, lr}
10000300:	2b00      	cmp	r3, #0
10000302:	d003      	beq.n	1000030c <frame_dummy+0x10>
10000304:	4904      	ldr	r1, [pc, #16]	@ (10000318 <frame_dummy+0x1c>)
10000306:	4805      	ldr	r0, [pc, #20]	@ (1000031c <frame_dummy+0x20>)
10000308:	e000      	b.n	1000030c <frame_dummy+0x10>
1000030a:	bf00      	nop
1000030c:	f7ff ffcc 	bl	100002a8 <register_tm_clones>
10000310:	bd10      	pop	{r4, pc}
10000312:	46c0      	nop			@ (mov r8, r8)
10000314:	00000000 	.word	0x00000000
10000318:	20001b04 	.word	0x20001b04
1000031c:	1000b020 	.word	0x1000b020

10000320 <set_led>:
10000320:	b5f8      	push	{r3, r4, r5, r6, r7, lr}
10000322:	f3ef 8c10 	mrs	ip, PRIMASK
10000326:	b672      	cpsid	i
10000328:	25d0      	movs	r5, #208	@ 0xd0
1000032a:	2480      	movs	r4, #128	@ 0x80
1000032c:	2307      	movs	r3, #7
1000032e:	2701      	movs	r7, #1
10000330:	062d      	lsls	r5, r5, #24
10000332:	0264      	lsls	r4, r4, #9
10000334:	e01a      	b.n	1000036c <set_led+0x4c>
10000336:	46c0      	nop			@ (mov r8, r8)
10000338:	46c0      	nop			@ (mov r8, r8)
1000033a:	46c0      	nop			@ (mov r8, r8)
1000033c:	46c0      	nop			@ (mov r8, r8)
1000033e:	46c0      	nop			@ (mov r8, r8)
10000340:	46c0      	nop			@ (mov r8, r8)
10000342:	46c0      	nop			@ (mov r8, r8)
10000344:	46c0      	nop			@ (mov r8, r8)
10000346:	46c0      	nop			@ (mov r8, r8)
10000348:	46c0      	nop			@ (mov r8, r8)
1000034a:	46c0      	nop			@ (mov r8, r8)
1000034c:	46c0      	nop			@ (mov r8, r8)
1000034e:	46c0      	nop			@ (mov r8, r8)
10000350:	46c0      	nop			@ (mov r8, r8)
10000352:	46c0      	nop			@ (mov r8, r8)
10000354:	46c0      	nop			@ (mov r8, r8)
10000356:	46c0      	nop			@ (mov r8, r8)
10000358:	46c0      	nop			@ (mov r8, r8)
1000035a:	46c0      	nop			@ (mov r8, r8)
1000035c:	46c0      	nop			@ (mov r8, r8)
1000035e:	61ac      	str	r4, [r5, #24]
10000360:	46c0      	nop			@ (mov r8, r8)
10000362:	46c0      	nop			@ (mov r8, r8)
10000364:	46c0      	nop			@ (mov r8, r8)
10000366:	46c0      	nop			@ (mov r8, r8)
10000368:	3b01      	subs	r3, #1
1000036a:	d315      	bcc.n	10000398 <set_led+0x78>
1000036c:	000e      	movs	r6, r1
1000036e:	411e      	asrs	r6, r3
10000370:	616c      	str	r4, [r5, #20]
10000372:	4237      	tst	r7, r6
10000374:	d1df      	bne.n	10000336 <set_led+0x16>
10000376:	46c0      	nop			@ (mov r8, r8)
10000378:	46c0      	nop			@ (mov r8, r8)
1000037a:	46c0      	nop			@ (mov r8, r8)
1000037c:	46c0      	nop			@ (mov r8, r8)
1000037e:	61ac      	str	r4, [r5, #24]
10000380:	46c0      	nop			@ (mov r8, r8)
10000382:	46c0      	nop			@ (mov r8, r8)
10000384:	46c0      	nop			@ (mov r8, r8)
10000386:	46c0      	nop			@ (mov r8, r8)
10000388:	46c0      	nop			@ (mov r8, r8)
1000038a:	46c0      	nop			@ (mov r8, r8)
1000038c:	46c0      	nop			@ (mov r8, r8)
1000038e:	46c0      	nop			@ (mov r8, r8)
10000390:	46c0      	nop			@ (mov r8, r8)
10000392:	46c0      	nop			@ (mov r8, r8)
10000394:	3b01      	subs	r3, #1
10000396:	d2e9      	bcs.n	1000036c <set_led+0x4c>
10000398:	24d0      	movs	r4, #208	@ 0xd0
1000039a:	2180      	movs	r1, #128	@ 0x80
1000039c:	2307      	movs	r3, #7
1000039e:	2601      	movs	r6, #1
100003a0:	0624      	lsls	r4, r4, #24
100003a2:	0249      	lsls	r1, r1, #9
100003a4:	e01a      	b.n	100003dc <set_led+0xbc>
100003a6:	46c0      	nop			@ (mov r8, r8)
100003a8:	46c0      	nop			@ (mov r8, r8)
100003aa:	46c0      	nop			@ (mov r8, r8)
100003ac:	46c0      	nop			@ (mov r8, r8)
100003ae:	46c0      	nop			@ (mov r8, r8)
100003b0:	46c0      	nop			@ (mov r8, r8)
100003b2:	46c0      	nop			@ (mov r8, r8)
100003b4:	46c0      	nop			@ (mov r8, r8)
100003b6:	46c0      	nop			@ (mov r8, r8)
100003b8:	46c0      	nop			@ (mov r8, r8)
100003ba:	46c0      	nop			@ (mov r8, r8)
100003bc:	46c0      	nop			@ (mov r8, r8)
100003be:	46c0      	nop			@ (mov r8, r8)
100003c0:	46c0      	nop			@ (mov r8, r8)
100003c2:	46c0      	nop			@ (mov r8, r8)
100003c4:	46c0      	nop			@ (mov r8, r8)
100003c6:	46c0      	nop			@ (mov r8, r8)
100003c8:	46c0      	nop			@ (mov r8, r8)
100003ca:	46c0      	nop			@ (mov r8, r8)
100003cc:	46c0      	nop			@ (mov r8, r8)
100003ce:	61a1      	str	r1, [r4, #24]
100003d0:	46c0      	nop			@ (mov r8, r8)
100003d2:	46c0      	nop			@ (mov r8, r8)
100003d4:	46c0      	nop			@ (mov r8, r8)
100003d6:	46c0      	nop			@ (mov r8, r8)
100003d8:	3b01      	subs	r3, #1
100003da:	d315      	bcc.n	10000408 <set_led+0xe8>
100003dc:	0005      	movs	r5, r0
100003de:	411d      	asrs	r5, r3
100003e0:	6161      	str	r1, [r4, #20]
100003e2:	422e      	tst	r6, r5
100003e4:	d1df      	bne.n	100003a6 <set_led+0x86>
100003e6:	46c0      	nop			@ (mov r8, r8)
100003e8:	46c0      	nop			@ (mov r8, r8)
100003ea:	46c0      	nop			@ (mov r8, r8)
100003ec:	46c0      	nop			@ (mov r8, r8)
100003ee:	61a1      	str	r1, [r4, #24]
100003f0:	46c0      	nop			@ (mov r8, r8)
100003f2:	46c0      	nop			@ (mov r8, r8)
100003f4:	46c0      	nop			@ (mov r8, r8)
100003f6:	46c0      	nop			@ (mov r8, r8)
100003f8:	46c0      	nop			@ (mov r8, r8)
100003fa:	46c0      	nop			@ (mov r8, r8)
100003fc:	46c0      	nop			@ (mov r8, r8)
100003fe:	46c0      	nop			@ (mov r8, r8)
10000400:	46c0      	nop			@ (mov r8, r8)
10000402:	46c0      	nop			@ (mov r8, r8)
10000404:	3b01      	subs	r3, #1
10000406:	d2e9      	bcs.n	100003dc <set_led+0xbc>
10000408:	20d0      	movs	r0, #208	@ 0xd0
1000040a:	2180      	movs	r1, #128	@ 0x80
1000040c:	2307      	movs	r3, #7
1000040e:	2501      	movs	r5, #1
10000410:	0600      	lsls	r0, r0, #24
10000412:	0249      	lsls	r1, r1, #9
10000414:	e01a      	b.n	1000044c <set_led+0x12c>
10000416:	46c0      	nop			@ (mov r8, r8)
10000418:	46c0      	nop			@ (mov r8, r8)
1000041a:	46c0      	nop			@ (mov r8, r8)
1000041c:	46c0      	nop			@ (mov r8, r8)
1000041e:	46c0      	nop			@ (mov r8, r8)
10000420:	46c0      	nop			@ (mov r8, r8)
10000422:	46c0      	nop			@ (mov r8, r8)
10000424:	46c0      	nop			@ (mov r8, r8)
10000426:	46c0      	nop			@ (mov r8, r8)
10000428:	46c0      	nop			@ (mov r8, r8)
1000042a:	46c0      	nop			@ (mov r8, r8)
1000042c:	46c0      	nop			@ (mov r8, r8)
1000042e:	46c0      	nop			@ (mov r8, r8)
10000430:	46c0      	nop			@ (mov r8, r8)
10000432:	46c0      	nop			@ (mov r8, r8)
10000434:	46c0      	nop			@ (mov r8, r8)
10000436:	46c0      	nop			@ (mov r8, r8)
10000438:	46c0      	nop			@ (mov r8, r8)
1000043a:	46c0      	nop			@ (mov r8, r8)
1000043c:	46c0      	nop			@ (mov r8, r8)
1000043e:	6181      	str	r1, [r0, #24]
10000440:	46c0      	nop			@ (mov r8, r8)
10000442:	46c0      	nop			@ (mov r8, r8)
10000444:	46c0      	nop			@ (mov r8, r8)
10000446:	46c0      	nop			@ (mov r8, r8)
10000448:	3b01      	subs	r3, #1
1000044a:	d315      	bcc.n	10000478 <set_led+0x158>
1000044c:	0014      	movs	r4, r2
1000044e:	411c      	asrs	r4, r3
10000450:	6141      	str	r1, [r0, #20]
10000452:	4225      	tst	r5, r4
10000454:	d1df      	bne.n	10000416 <set_led+0xf6>
10000456:	46c0      	nop			@ (mov r8, r8)
10000458:	46c0      	nop			@ (mov r8, r8)
1000045a:	46c0      	nop			@ (mov r8, r8)
1000045c:	46c0      	nop			@ (mov r8, r8)
1000045e:	6181      	str	r1, [r0, #24]
10000460:	46c0      	nop			@ (mov r8, r8)
10000462:	46c0      	nop			@ (mov r8, r8)
10000464:	46c0      	nop			@ (mov r8, r8)
10000466:	46c0      	nop			@ (mov r8, r8)
10000468:	46c0      	nop			@ (mov r8, r8)
1000046a:	46c0      	nop			@ (mov r8, r8)
1000046c:	46c0      	nop			@ (mov r8, r8)
1000046e:	46c0      	nop			@ (mov r8, r8)
10000470:	46c0      	nop			@ (mov r8, r8)
10000472:	46c0      	nop			@ (mov r8, r8)
10000474:	3b01      	subs	r3, #1
10000476:	d2e9      	bcs.n	1000044c <set_led+0x12c>
10000478:	f38c 8810 	msr	PRIMASK, ip
1000047c:	203c      	movs	r0, #60	@ 0x3c
1000047e:	2100      	movs	r1, #0
10000480:	f004 fe70 	bl	10005164 <sleep_us>
10000484:	bdf8      	pop	{r3, r4, r5, r6, r7, pc}
10000486:	46c0      	nop			@ (mov r8, r8)

10000488 <on_trade_complete>:
10000488:	b570      	push	{r4, r5, r6, lr}
1000048a:	0004      	movs	r4, r0
1000048c:	485e      	ldr	r0, [pc, #376]	@ (10000608 <on_trade_complete+0x180>)
1000048e:	f007 ffd9 	bl	10008444 <__wrap_puts>
10000492:	4b5e      	ldr	r3, [pc, #376]	@ (1000060c <on_trade_complete+0x184>)
10000494:	485e      	ldr	r0, [pc, #376]	@ (10000610 <on_trade_complete+0x188>)
10000496:	58e1      	ldr	r1, [r4, r3]
10000498:	f008 f858 	bl	1000854c <__wrap_printf>
1000049c:	2383      	movs	r3, #131	@ 0x83
1000049e:	00db      	lsls	r3, r3, #3
100004a0:	58e1      	ldr	r1, [r4, r3]
100004a2:	485c      	ldr	r0, [pc, #368]	@ (10000614 <on_trade_complete+0x18c>)
100004a4:	f008 f852 	bl	1000854c <__wrap_printf>
100004a8:	f003 f97c 	bl	100037a4 <pokemon_storage_is_full>
100004ac:	2800      	cmp	r0, #0
100004ae:	d101      	bne.n	100004b4 <on_trade_complete+0x2c>
100004b0:	f000 fae1 	bl	10000a76 <on_trade_complete+0x5ee>
100004b4:	25d0      	movs	r5, #208	@ 0xd0
100004b6:	2480      	movs	r4, #128	@ 0x80
100004b8:	4857      	ldr	r0, [pc, #348]	@ (10000618 <on_trade_complete+0x190>)
100004ba:	f007 ffc3 	bl	10008444 <__wrap_puts>
100004be:	2603      	movs	r6, #3
100004c0:	062d      	lsls	r5, r5, #24
100004c2:	0264      	lsls	r4, r4, #9
100004c4:	f3ef 8210 	mrs	r2, PRIMASK
100004c8:	b672      	cpsid	i
100004ca:	616c      	str	r4, [r5, #20]
100004cc:	46c0      	nop			@ (mov r8, r8)
100004ce:	46c0      	nop			@ (mov r8, r8)
100004d0:	46c0      	nop			@ (mov r8, r8)
100004d2:	46c0      	nop			@ (mov r8, r8)
100004d4:	61ac      	str	r4, [r5, #24]
100004d6:	46c0      	nop			@ (mov r8, r8)
100004d8:	46c0      	nop			@ (mov r8, r8)
100004da:	46c0      	nop			@ (mov r8, r8)
100004dc:	46c0      	nop			@ (mov r8, r8)
100004de:	46c0      	nop			@ (mov r8, r8)
100004e0:	46c0      	nop			@ (mov r8, r8)
100004e2:	46c0      	nop			@ (mov r8, r8)
100004e4:	46c0      	nop			@ (mov r8, r8)
100004e6:	46c0      	nop			@ (mov r8, r8)
100004e8:	46c0      	nop			@ (mov r8, r8)
100004ea:	616c      	str	r4, [r5, #20]
100004ec:	46c0      	nop			@ (mov r8, r8)
100004ee:	46c0      	nop			@ (mov r8, r8)
100004f0:	46c0      	nop			@ (mov r8, r8)
100004f2:	46c0      	nop			@ (mov r8, r8)
100004f4:	61ac      	str	r4, [r5, #24]
100004f6:	46c0      	nop			@ (mov r8, r8)
100004f8:	46c0      	nop			@ (mov r8, r8)
100004fa:	46c0      	nop			@ (mov r8, r8)
100004fc:	46c0      	nop			@ (mov r8, r8)
100004fe:	46c0      	nop			@ (mov r8, r8)
10000500:	46c0      	nop			@ (mov r8, r8)
10000502:	46c0      	nop			@ (mov r8, r8)
10000504:	46c0      	nop			@ (mov r8, r8)
10000506:	46c0      	nop			@ (mov r8, r8)
10000508:	46c0      	nop			@ (mov r8, r8)
1000050a:	616c      	str	r4, [r5, #20]
1000050c:	46c0      	nop			@ (mov r8, r8)
1000050e:	46c0      	nop			@ (mov r8, r8)
10000510:	46c0      	nop			@ (mov r8, r8)
10000512:	46c0      	nop			@ (mov r8, r8)
10000514:	61ac      	str	r4, [r5, #24]
10000516:	46c0      	nop			@ (mov r8, r8)
10000518:	46c0      	nop			@ (mov r8, r8)
1000051a:	46c0      	nop			@ (mov r8, r8)
1000051c:	46c0      	nop			@ (mov r8, r8)
1000051e:	46c0      	nop			@ (mov r8, r8)
10000520:	46c0      	nop			@ (mov r8, r8)
10000522:	46c0      	nop			@ (mov r8, r8)
10000524:	46c0      	nop			@ (mov r8, r8)
10000526:	46c0      	nop			@ (mov r8, r8)
10000528:	46c0      	nop			@ (mov r8, r8)
1000052a:	616c      	str	r4, [r5, #20]
1000052c:	46c0      	nop			@ (mov r8, r8)
1000052e:	46c0      	nop			@ (mov r8, r8)
10000530:	46c0      	nop			@ (mov r8, r8)
10000532:	46c0      	nop			@ (mov r8, r8)
10000534:	61ac      	str	r4, [r5, #24]
10000536:	46c0      	nop			@ (mov r8, r8)
10000538:	46c0      	nop			@ (mov r8, r8)
1000053a:	46c0      	nop			@ (mov r8, r8)
1000053c:	46c0      	nop			@ (mov r8, r8)
1000053e:	46c0      	nop			@ (mov r8, r8)
10000540:	46c0      	nop			@ (mov r8, r8)
10000542:	46c0      	nop			@ (mov r8, r8)
10000544:	46c0      	nop			@ (mov r8, r8)
10000546:	46c0      	nop			@ (mov r8, r8)
10000548:	46c0      	nop			@ (mov r8, r8)
1000054a:	616c      	str	r4, [r5, #20]
1000054c:	46c0      	nop			@ (mov r8, r8)
1000054e:	46c0      	nop			@ (mov r8, r8)
10000550:	46c0      	nop			@ (mov r8, r8)
10000552:	46c0      	nop			@ (mov r8, r8)
10000554:	61ac      	str	r4, [r5, #24]
10000556:	46c0      	nop			@ (mov r8, r8)
10000558:	46c0      	nop			@ (mov r8, r8)
1000055a:	46c0      	nop			@ (mov r8, r8)
1000055c:	46c0      	nop			@ (mov r8, r8)
1000055e:	46c0      	nop			@ (mov r8, r8)
10000560:	46c0      	nop			@ (mov r8, r8)
10000562:	46c0      	nop			@ (mov r8, r8)
10000564:	46c0      	nop			@ (mov r8, r8)
10000566:	46c0      	nop			@ (mov r8, r8)
10000568:	46c0      	nop			@ (mov r8, r8)
1000056a:	616c      	str	r4, [r5, #20]
1000056c:	46c0      	nop			@ (mov r8, r8)
1000056e:	46c0      	nop			@ (mov r8, r8)
10000570:	46c0      	nop			@ (mov r8, r8)
10000572:	46c0      	nop			@ (mov r8, r8)
10000574:	61ac      	str	r4, [r5, #24]
10000576:	46c0      	nop			@ (mov r8, r8)
10000578:	46c0      	nop			@ (mov r8, r8)
1000057a:	46c0      	nop			@ (mov r8, r8)
1000057c:	46c0      	nop			@ (mov r8, r8)
1000057e:	46c0      	nop			@ (mov r8, r8)
10000580:	46c0      	nop			@ (mov r8, r8)
10000582:	46c0      	nop			@ (mov r8, r8)
10000584:	46c0      	nop			@ (mov r8, r8)
10000586:	46c0      	nop			@ (mov r8, r8)
10000588:	46c0      	nop			@ (mov r8, r8)
1000058a:	616c      	str	r4, [r5, #20]
1000058c:	46c0      	nop			@ (mov r8, r8)
1000058e:	46c0      	nop			@ (mov r8, r8)
10000590:	46c0      	nop			@ (mov r8, r8)
10000592:	46c0      	nop			@ (mov r8, r8)
10000594:	61ac      	str	r4, [r5, #24]
10000596:	46c0      	nop			@ (mov r8, r8)
10000598:	46c0      	nop			@ (mov r8, r8)
1000059a:	46c0      	nop			@ (mov r8, r8)
1000059c:	46c0      	nop			@ (mov r8, r8)
1000059e:	46c0      	nop			@ (mov r8, r8)
100005a0:	46c0      	nop			@ (mov r8, r8)
100005a2:	46c0      	nop			@ (mov r8, r8)
100005a4:	46c0      	nop			@ (mov r8, r8)
100005a6:	46c0      	nop			@ (mov r8, r8)
100005a8:	46c0      	nop			@ (mov r8, r8)
100005aa:	616c      	str	r4, [r5, #20]
100005ac:	46c0      	nop			@ (mov r8, r8)
100005ae:	46c0      	nop			@ (mov r8, r8)
100005b0:	46c0      	nop			@ (mov r8, r8)
100005b2:	46c0      	nop			@ (mov r8, r8)
100005b4:	61ac      	str	r4, [r5, #24]
100005b6:	46c0      	nop			@ (mov r8, r8)
100005b8:	46c0      	nop			@ (mov r8, r8)
100005ba:	46c0      	nop			@ (mov r8, r8)
100005bc:	46c0      	nop			@ (mov r8, r8)
100005be:	46c0      	nop			@ (mov r8, r8)
100005c0:	46c0      	nop			@ (mov r8, r8)
100005c2:	46c0      	nop			@ (mov r8, r8)
100005c4:	46c0      	nop			@ (mov r8, r8)
100005c6:	46c0      	nop			@ (mov r8, r8)
100005c8:	46c0      	nop			@ (mov r8, r8)
100005ca:	2307      	movs	r3, #7
100005cc:	2b06      	cmp	r3, #6
100005ce:	d125      	bne.n	1000061c <on_trade_complete+0x194>
100005d0:	616c      	str	r4, [r5, #20]
100005d2:	46c0      	nop			@ (mov r8, r8)
100005d4:	46c0      	nop			@ (mov r8, r8)
100005d6:	46c0      	nop			@ (mov r8, r8)
100005d8:	46c0      	nop			@ (mov r8, r8)
100005da:	46c0      	nop			@ (mov r8, r8)
100005dc:	46c0      	nop			@ (mov r8, r8)
100005de:	46c0      	nop			@ (mov r8, r8)
100005e0:	46c0      	nop			@ (mov r8, r8)
100005e2:	46c0      	nop			@ (mov r8, r8)
100005e4:	46c0      	nop			@ (mov r8, r8)
100005e6:	46c0      	nop			@ (mov r8, r8)
100005e8:	46c0      	nop			@ (mov r8, r8)
100005ea:	46c0      	nop			@ (mov r8, r8)
100005ec:	46c0      	nop			@ (mov r8, r8)
100005ee:	46c0      	nop			@ (mov r8, r8)
100005f0:	46c0      	nop			@ (mov r8, r8)
100005f2:	46c0      	nop			@ (mov r8, r8)
100005f4:	46c0      	nop			@ (mov r8, r8)
100005f6:	46c0      	nop			@ (mov r8, r8)
100005f8:	46c0      	nop			@ (mov r8, r8)
100005fa:	61ac      	str	r4, [r5, #24]
100005fc:	46c0      	nop			@ (mov r8, r8)
100005fe:	46c0      	nop			@ (mov r8, r8)
10000600:	46c0      	nop			@ (mov r8, r8)
10000602:	46c0      	nop			@ (mov r8, r8)
10000604:	3b01      	subs	r3, #1
10000606:	e009      	b.n	1000061c <on_trade_complete+0x194>
10000608:	1000b020 	.word	0x1000b020
1000060c:	0000041c 	.word	0x0000041c
10000610:	1000b03c 	.word	0x1000b03c
10000614:	1000b050 	.word	0x1000b050
10000618:	1000b068 	.word	0x1000b068
1000061c:	616c      	str	r4, [r5, #20]
1000061e:	46c0      	nop			@ (mov r8, r8)
10000620:	46c0      	nop			@ (mov r8, r8)
10000622:	46c0      	nop			@ (mov r8, r8)
10000624:	46c0      	nop			@ (mov r8, r8)
10000626:	61ac      	str	r4, [r5, #24]
10000628:	46c0      	nop			@ (mov r8, r8)
1000062a:	46c0      	nop			@ (mov r8, r8)
1000062c:	46c0      	nop			@ (mov r8, r8)
1000062e:	46c0      	nop			@ (mov r8, r8)
10000630:	46c0      	nop			@ (mov r8, r8)
10000632:	46c0      	nop			@ (mov r8, r8)
10000634:	46c0      	nop			@ (mov r8, r8)
10000636:	46c0      	nop			@ (mov r8, r8)
10000638:	46c0      	nop			@ (mov r8, r8)
1000063a:	46c0      	nop			@ (mov r8, r8)
1000063c:	3b01      	subs	r3, #1
1000063e:	d2c5      	bcs.n	100005cc <on_trade_complete+0x144>
10000640:	616c      	str	r4, [r5, #20]
10000642:	46c0      	nop			@ (mov r8, r8)
10000644:	46c0      	nop			@ (mov r8, r8)
10000646:	46c0      	nop			@ (mov r8, r8)
10000648:	46c0      	nop			@ (mov r8, r8)
1000064a:	61ac      	str	r4, [r5, #24]
1000064c:	46c0      	nop			@ (mov r8, r8)
1000064e:	46c0      	nop			@ (mov r8, r8)
10000650:	46c0      	nop			@ (mov r8, r8)
10000652:	46c0      	nop			@ (mov r8, r8)
10000654:	46c0      	nop			@ (mov r8, r8)
10000656:	46c0      	nop			@ (mov r8, r8)
10000658:	46c0      	nop			@ (mov r8, r8)
1000065a:	46c0      	nop			@ (mov r8, r8)
1000065c:	46c0      	nop			@ (mov r8, r8)
1000065e:	46c0      	nop			@ (mov r8, r8)
10000660:	616c      	str	r4, [r5, #20]
10000662:	46c0      	nop			@ (mov r8, r8)
10000664:	46c0      	nop			@ (mov r8, r8)
10000666:	46c0      	nop			@ (mov r8, r8)
10000668:	46c0      	nop			@ (mov r8, r8)
1000066a:	61ac      	str	r4, [r5, #24]
1000066c:	46c0      	nop			@ (mov r8, r8)
1000066e:	46c0      	nop			@ (mov r8, r8)
10000670:	46c0      	nop			@ (mov r8, r8)
10000672:	46c0      	nop			@ (mov r8, r8)
10000674:	46c0      	nop			@ (mov r8, r8)
10000676:	46c0      	nop			@ (mov r8, r8)
10000678:	46c0      	nop			@ (mov r8, r8)
1000067a:	46c0      	nop			@ (mov r8, r8)
1000067c:	46c0      	nop			@ (mov r8, r8)
1000067e:	46c0      	nop			@ (mov r8, r8)
10000680:	616c      	str	r4, [r5, #20]
10000682:	46c0      	nop			@ (mov r8, r8)
10000684:	46c0      	nop			@ (mov r8, r8)
10000686:	46c0      	nop			@ (mov r8, r8)
10000688:	46c0      	nop			@ (mov r8, r8)
1000068a:	61ac      	str	r4, [r5, #24]
1000068c:	46c0      	nop			@ (mov r8, r8)
1000068e:	46c0      	nop			@ (mov r8, r8)
10000690:	46c0      	nop			@ (mov r8, r8)
10000692:	46c0      	nop			@ (mov r8, r8)
10000694:	46c0      	nop			@ (mov r8, r8)
10000696:	46c0      	nop			@ (mov r8, r8)
10000698:	46c0      	nop			@ (mov r8, r8)
1000069a:	46c0      	nop			@ (mov r8, r8)
1000069c:	46c0      	nop			@ (mov r8, r8)
1000069e:	46c0      	nop			@ (mov r8, r8)
100006a0:	616c      	str	r4, [r5, #20]
100006a2:	46c0      	nop			@ (mov r8, r8)
100006a4:	46c0      	nop			@ (mov r8, r8)
100006a6:	46c0      	nop			@ (mov r8, r8)
100006a8:	46c0      	nop			@ (mov r8, r8)
100006aa:	61ac      	str	r4, [r5, #24]
100006ac:	46c0      	nop			@ (mov r8, r8)
100006ae:	46c0      	nop			@ (mov r8, r8)
100006b0:	46c0      	nop			@ (mov r8, r8)
100006b2:	46c0      	nop			@ (mov r8, r8)
100006b4:	46c0      	nop			@ (mov r8, r8)
100006b6:	46c0      	nop			@ (mov r8, r8)
100006b8:	46c0      	nop			@ (mov r8, r8)
100006ba:	46c0      	nop			@ (mov r8, r8)
100006bc:	46c0      	nop			@ (mov r8, r8)
100006be:	46c0      	nop			@ (mov r8, r8)
100006c0:	616c      	str	r4, [r5, #20]
100006c2:	46c0      	nop			@ (mov r8, r8)
100006c4:	46c0      	nop			@ (mov r8, r8)
100006c6:	46c0      	nop			@ (mov r8, r8)
100006c8:	46c0      	nop			@ (mov r8, r8)
100006ca:	61ac      	str	r4, [r5, #24]
100006cc:	46c0      	nop			@ (mov r8, r8)
100006ce:	46c0      	nop			@ (mov r8, r8)
100006d0:	46c0      	nop			@ (mov r8, r8)
100006d2:	46c0      	nop			@ (mov r8, r8)
100006d4:	46c0      	nop			@ (mov r8, r8)
100006d6:	46c0      	nop			@ (mov r8, r8)
100006d8:	46c0      	nop			@ (mov r8, r8)
100006da:	46c0      	nop			@ (mov r8, r8)
100006dc:	46c0      	nop			@ (mov r8, r8)
100006de:	46c0      	nop			@ (mov r8, r8)
100006e0:	616c      	str	r4, [r5, #20]
100006e2:	46c0      	nop			@ (mov r8, r8)
100006e4:	46c0      	nop			@ (mov r8, r8)
100006e6:	46c0      	nop			@ (mov r8, r8)
100006e8:	46c0      	nop			@ (mov r8, r8)
100006ea:	61ac      	str	r4, [r5, #24]
100006ec:	46c0      	nop			@ (mov r8, r8)
100006ee:	46c0      	nop			@ (mov r8, r8)
100006f0:	46c0      	nop			@ (mov r8, r8)
100006f2:	46c0      	nop			@ (mov r8, r8)
100006f4:	46c0      	nop			@ (mov r8, r8)
100006f6:	46c0      	nop			@ (mov r8, r8)
100006f8:	46c0      	nop			@ (mov r8, r8)
100006fa:	46c0      	nop			@ (mov r8, r8)
100006fc:	46c0      	nop			@ (mov r8, r8)
100006fe:	46c0      	nop			@ (mov r8, r8)
10000700:	616c      	str	r4, [r5, #20]
10000702:	46c0      	nop			@ (mov r8, r8)
10000704:	46c0      	nop			@ (mov r8, r8)
10000706:	46c0      	nop			@ (mov r8, r8)
10000708:	46c0      	nop			@ (mov r8, r8)
1000070a:	61ac      	str	r4, [r5, #24]
1000070c:	46c0      	nop			@ (mov r8, r8)
1000070e:	46c0      	nop			@ (mov r8, r8)
10000710:	46c0      	nop			@ (mov r8, r8)
10000712:	46c0      	nop			@ (mov r8, r8)
10000714:	46c0      	nop			@ (mov r8, r8)
10000716:	46c0      	nop			@ (mov r8, r8)
10000718:	46c0      	nop			@ (mov r8, r8)
1000071a:	46c0      	nop			@ (mov r8, r8)
1000071c:	46c0      	nop			@ (mov r8, r8)
1000071e:	46c0      	nop			@ (mov r8, r8)
10000720:	616c      	str	r4, [r5, #20]
10000722:	46c0      	nop			@ (mov r8, r8)
10000724:	46c0      	nop			@ (mov r8, r8)
10000726:	46c0      	nop			@ (mov r8, r8)
10000728:	46c0      	nop			@ (mov r8, r8)
1000072a:	61ac      	str	r4, [r5, #24]
1000072c:	46c0      	nop			@ (mov r8, r8)
1000072e:	46c0      	nop			@ (mov r8, r8)
10000730:	46c0      	nop			@ (mov r8, r8)
10000732:	46c0      	nop			@ (mov r8, r8)
10000734:	46c0      	nop			@ (mov r8, r8)
10000736:	46c0      	nop			@ (mov r8, r8)
10000738:	46c0      	nop			@ (mov r8, r8)
1000073a:	46c0      	nop			@ (mov r8, r8)
1000073c:	46c0      	nop			@ (mov r8, r8)
1000073e:	46c0      	nop			@ (mov r8, r8)
10000740:	f382 8810 	msr	PRIMASK, r2
10000744:	2100      	movs	r1, #0
10000746:	203c      	movs	r0, #60	@ 0x3c
10000748:	f004 fd0c 	bl	10005164 <sleep_us>
1000074c:	20c8      	movs	r0, #200	@ 0xc8
1000074e:	f004 fd7f 	bl	10005250 <sleep_ms>
10000752:	f3ef 8310 	mrs	r3, PRIMASK
10000756:	b672      	cpsid	i
10000758:	616c      	str	r4, [r5, #20]
1000075a:	46c0      	nop			@ (mov r8, r8)
1000075c:	46c0      	nop			@ (mov r8, r8)
1000075e:	46c0      	nop			@ (mov r8, r8)
10000760:	46c0      	nop			@ (mov r8, r8)
10000762:	61ac      	str	r4, [r5, #24]
10000764:	46c0      	nop			@ (mov r8, r8)
10000766:	46c0      	nop			@ (mov r8, r8)
10000768:	46c0      	nop			@ (mov r8, r8)
1000076a:	46c0      	nop			@ (mov r8, r8)
1000076c:	46c0      	nop			@ (mov r8, r8)
1000076e:	46c0      	nop			@ (mov r8, r8)
10000770:	46c0      	nop			@ (mov r8, r8)
10000772:	46c0      	nop			@ (mov r8, r8)
10000774:	46c0      	nop			@ (mov r8, r8)
10000776:	46c0      	nop			@ (mov r8, r8)
10000778:	616c      	str	r4, [r5, #20]
1000077a:	46c0      	nop			@ (mov r8, r8)
1000077c:	46c0      	nop			@ (mov r8, r8)
1000077e:	46c0      	nop			@ (mov r8, r8)
10000780:	46c0      	nop			@ (mov r8, r8)
10000782:	61ac      	str	r4, [r5, #24]
10000784:	46c0      	nop			@ (mov r8, r8)
10000786:	46c0      	nop			@ (mov r8, r8)
10000788:	46c0      	nop			@ (mov r8, r8)
1000078a:	46c0      	nop			@ (mov r8, r8)
1000078c:	46c0      	nop			@ (mov r8, r8)
1000078e:	46c0      	nop			@ (mov r8, r8)
10000790:	46c0      	nop			@ (mov r8, r8)
10000792:	46c0      	nop			@ (mov r8, r8)
10000794:	46c0      	nop			@ (mov r8, r8)
10000796:	46c0      	nop			@ (mov r8, r8)
10000798:	616c      	str	r4, [r5, #20]
1000079a:	46c0      	nop			@ (mov r8, r8)
1000079c:	46c0      	nop			@ (mov r8, r8)
1000079e:	46c0      	nop			@ (mov r8, r8)
100007a0:	46c0      	nop			@ (mov r8, r8)
100007a2:	61ac      	str	r4, [r5, #24]
100007a4:	46c0      	nop			@ (mov r8, r8)
100007a6:	46c0      	nop			@ (mov r8, r8)
100007a8:	46c0      	nop			@ (mov r8, r8)
100007aa:	46c0      	nop			@ (mov r8, r8)
100007ac:	46c0      	nop			@ (mov r8, r8)
100007ae:	46c0      	nop			@ (mov r8, r8)
100007b0:	46c0      	nop			@ (mov r8, r8)
100007b2:	46c0      	nop			@ (mov r8, r8)
100007b4:	46c0      	nop			@ (mov r8, r8)
100007b6:	46c0      	nop			@ (mov r8, r8)
100007b8:	616c      	str	r4, [r5, #20]
100007ba:	46c0      	nop			@ (mov r8, r8)
100007bc:	46c0      	nop			@ (mov r8, r8)
100007be:	46c0      	nop			@ (mov r8, r8)
100007c0:	46c0      	nop			@ (mov r8, r8)
100007c2:	61ac      	str	r4, [r5, #24]
100007c4:	46c0      	nop			@ (mov r8, r8)
100007c6:	46c0      	nop			@ (mov r8, r8)
100007c8:	46c0      	nop			@ (mov r8, r8)
100007ca:	46c0      	nop			@ (mov r8, r8)
100007cc:	46c0      	nop			@ (mov r8, r8)
100007ce:	46c0      	nop			@ (mov r8, r8)
100007d0:	46c0      	nop			@ (mov r8, r8)
100007d2:	46c0      	nop			@ (mov r8, r8)
100007d4:	46c0      	nop			@ (mov r8, r8)
100007d6:	46c0      	nop			@ (mov r8, r8)
100007d8:	616c      	str	r4, [r5, #20]
100007da:	46c0      	nop			@ (mov r8, r8)
100007dc:	46c0      	nop			@ (mov r8, r8)
100007de:	46c0      	nop			@ (mov r8, r8)
100007e0:	46c0      	nop			@ (mov r8, r8)
100007e2:	61ac      	str	r4, [r5, #24]
100007e4:	46c0      	nop			@ (mov r8, r8)
100007e6:	46c0      	nop			@ (mov r8, r8)
100007e8:	46c0      	nop			@ (mov r8, r8)
100007ea:	46c0      	nop			@ (mov r8, r8)
100007ec:	46c0      	nop			@ (mov r8, r8)
100007ee:	46c0      	nop			@ (mov r8, r8)
100007f0:	46c0      	nop			@ (mov r8, r8)
100007f2:	46c0      	nop			@ (mov r8, r8)
100007f4:	46c0      	nop			@ (mov r8, r8)
100007f6:	46c0      	nop			@ (mov r8, r8)
100007f8:	616c      	str	r4, [r5, #20]
100007fa:	46c0      	nop			@ (mov r8, r8)
100007fc:	46c0      	nop			@ (mov r8, r8)
100007fe:	46c0      	nop			@ (mov r8, r8)
10000800:	46c0      	nop			@ (mov r8, r8)
10000802:	61ac      	str	r4, [r5, #24]
10000804:	46c0      	nop			@ (mov r8, r8)
10000806:	46c0      	nop			@ (mov r8, r8)
10000808:	46c0      	nop			@ (mov r8, r8)
1000080a:	46c0      	nop			@ (mov r8, r8)
1000080c:	46c0      	nop			@ (mov r8, r8)
1000080e:	46c0      	nop			@ (mov r8, r8)
10000810:	46c0      	nop			@ (mov r8, r8)
10000812:	46c0      	nop			@ (mov r8, r8)
10000814:	46c0      	nop			@ (mov r8, r8)
10000816:	46c0      	nop			@ (mov r8, r8)
10000818:	616c      	str	r4, [r5, #20]
1000081a:	46c0      	nop			@ (mov r8, r8)
1000081c:	46c0      	nop			@ (mov r8, r8)
1000081e:	46c0      	nop			@ (mov r8, r8)
10000820:	46c0      	nop			@ (mov r8, r8)
10000822:	61ac      	str	r4, [r5, #24]
10000824:	46c0      	nop			@ (mov r8, r8)
10000826:	46c0      	nop			@ (mov r8, r8)
10000828:	46c0      	nop			@ (mov r8, r8)
1000082a:	46c0      	nop			@ (mov r8, r8)
1000082c:	46c0      	nop			@ (mov r8, r8)
1000082e:	46c0      	nop			@ (mov r8, r8)
10000830:	46c0      	nop			@ (mov r8, r8)
10000832:	46c0      	nop			@ (mov r8, r8)
10000834:	46c0      	nop			@ (mov r8, r8)
10000836:	46c0      	nop			@ (mov r8, r8)
10000838:	616c      	str	r4, [r5, #20]
1000083a:	46c0      	nop			@ (mov r8, r8)
1000083c:	46c0      	nop			@ (mov r8, r8)
1000083e:	46c0      	nop			@ (mov r8, r8)
10000840:	46c0      	nop			@ (mov r8, r8)
10000842:	61ac      	str	r4, [r5, #24]
10000844:	46c0      	nop			@ (mov r8, r8)
10000846:	46c0      	nop			@ (mov r8, r8)
10000848:	46c0      	nop			@ (mov r8, r8)
1000084a:	46c0      	nop			@ (mov r8, r8)
1000084c:	46c0      	nop			@ (mov r8, r8)
1000084e:	46c0      	nop			@ (mov r8, r8)
10000850:	46c0      	nop			@ (mov r8, r8)
10000852:	46c0      	nop			@ (mov r8, r8)
10000854:	46c0      	nop			@ (mov r8, r8)
10000856:	46c0      	nop			@ (mov r8, r8)
10000858:	616c      	str	r4, [r5, #20]
1000085a:	46c0      	nop			@ (mov r8, r8)
1000085c:	46c0      	nop			@ (mov r8, r8)
1000085e:	46c0      	nop			@ (mov r8, r8)
10000860:	46c0      	nop			@ (mov r8, r8)
10000862:	61ac      	str	r4, [r5, #24]
10000864:	46c0      	nop			@ (mov r8, r8)
10000866:	46c0      	nop			@ (mov r8, r8)
10000868:	46c0      	nop			@ (mov r8, r8)
1000086a:	46c0      	nop			@ (mov r8, r8)
1000086c:	46c0      	nop			@ (mov r8, r8)
1000086e:	46c0      	nop			@ (mov r8, r8)
10000870:	46c0      	nop			@ (mov r8, r8)
10000872:	46c0      	nop			@ (mov r8, r8)
10000874:	46c0      	nop			@ (mov r8, r8)
10000876:	46c0      	nop			@ (mov r8, r8)
10000878:	616c      	str	r4, [r5, #20]
1000087a:	46c0      	nop			@ (mov r8, r8)
1000087c:	46c0      	nop			@ (mov r8, r8)
1000087e:	46c0      	nop			@ (mov r8, r8)
10000880:	46c0      	nop			@ (mov r8, r8)
10000882:	61ac      	str	r4, [r5, #24]
10000884:	46c0      	nop			@ (mov r8, r8)
10000886:	46c0      	nop			@ (mov r8, r8)
10000888:	46c0      	nop			@ (mov r8, r8)
1000088a:	46c0      	nop			@ (mov r8, r8)
1000088c:	46c0      	nop			@ (mov r8, r8)
1000088e:	46c0      	nop			@ (mov r8, r8)
10000890:	46c0      	nop			@ (mov r8, r8)
10000892:	46c0      	nop			@ (mov r8, r8)
10000894:	46c0      	nop			@ (mov r8, r8)
10000896:	46c0      	nop			@ (mov r8, r8)
10000898:	616c      	str	r4, [r5, #20]
1000089a:	46c0      	nop			@ (mov r8, r8)
1000089c:	46c0      	nop			@ (mov r8, r8)
1000089e:	46c0      	nop			@ (mov r8, r8)
100008a0:	46c0      	nop			@ (mov r8, r8)
100008a2:	61ac      	str	r4, [r5, #24]
100008a4:	46c0      	nop			@ (mov r8, r8)
100008a6:	46c0      	nop			@ (mov r8, r8)
100008a8:	46c0      	nop			@ (mov r8, r8)
100008aa:	46c0      	nop			@ (mov r8, r8)
100008ac:	46c0      	nop			@ (mov r8, r8)
100008ae:	46c0      	nop			@ (mov r8, r8)
100008b0:	46c0      	nop			@ (mov r8, r8)
100008b2:	46c0      	nop			@ (mov r8, r8)
100008b4:	46c0      	nop			@ (mov r8, r8)
100008b6:	46c0      	nop			@ (mov r8, r8)
100008b8:	616c      	str	r4, [r5, #20]
100008ba:	46c0      	nop			@ (mov r8, r8)
100008bc:	46c0      	nop			@ (mov r8, r8)
100008be:	46c0      	nop			@ (mov r8, r8)
100008c0:	46c0      	nop			@ (mov r8, r8)
100008c2:	61ac      	str	r4, [r5, #24]
100008c4:	46c0      	nop			@ (mov r8, r8)
100008c6:	46c0      	nop			@ (mov r8, r8)
100008c8:	46c0      	nop			@ (mov r8, r8)
100008ca:	46c0      	nop			@ (mov r8, r8)
100008cc:	46c0      	nop			@ (mov r8, r8)
100008ce:	46c0      	nop			@ (mov r8, r8)
100008d0:	46c0      	nop			@ (mov r8, r8)
100008d2:	46c0      	nop			@ (mov r8, r8)
100008d4:	46c0      	nop			@ (mov r8, r8)
100008d6:	46c0      	nop			@ (mov r8, r8)
100008d8:	616c      	str	r4, [r5, #20]
100008da:	46c0      	nop			@ (mov r8, r8)
100008dc:	46c0      	nop			@ (mov r8, r8)
100008de:	46c0      	nop			@ (mov r8, r8)
100008e0:	46c0      	nop			@ (mov r8, r8)
100008e2:	61ac      	str	r4, [r5, #24]
100008e4:	46c0      	nop			@ (mov r8, r8)
100008e6:	46c0      	nop			@ (mov r8, r8)
100008e8:	46c0      	nop			@ (mov r8, r8)
100008ea:	46c0      	nop			@ (mov r8, r8)
100008ec:	46c0      	nop			@ (mov r8, r8)
100008ee:	46c0      	nop			@ (mov r8, r8)
100008f0:	46c0      	nop			@ (mov r8, r8)
100008f2:	46c0      	nop			@ (mov r8, r8)
100008f4:	46c0      	nop			@ (mov r8, r8)
100008f6:	46c0      	nop			@ (mov r8, r8)
100008f8:	616c      	str	r4, [r5, #20]
100008fa:	46c0      	nop			@ (mov r8, r8)
100008fc:	46c0      	nop			@ (mov r8, r8)
100008fe:	46c0      	nop			@ (mov r8, r8)
10000900:	46c0      	nop			@ (mov r8, r8)
10000902:	61ac      	str	r4, [r5, #24]
10000904:	46c0      	nop			@ (mov r8, r8)
10000906:	46c0      	nop			@ (mov r8, r8)
10000908:	46c0      	nop			@ (mov r8, r8)
1000090a:	46c0      	nop			@ (mov r8, r8)
1000090c:	46c0      	nop			@ (mov r8, r8)
1000090e:	46c0      	nop			@ (mov r8, r8)
10000910:	46c0      	nop			@ (mov r8, r8)
10000912:	46c0      	nop			@ (mov r8, r8)
10000914:	46c0      	nop			@ (mov r8, r8)
10000916:	46c0      	nop			@ (mov r8, r8)
10000918:	616c      	str	r4, [r5, #20]
1000091a:	46c0      	nop			@ (mov r8, r8)
1000091c:	46c0      	nop			@ (mov r8, r8)
1000091e:	46c0      	nop			@ (mov r8, r8)
10000920:	46c0      	nop			@ (mov r8, r8)
10000922:	61ac      	str	r4, [r5, #24]
10000924:	46c0      	nop			@ (mov r8, r8)
10000926:	46c0      	nop			@ (mov r8, r8)
10000928:	46c0      	nop			@ (mov r8, r8)
1000092a:	46c0      	nop			@ (mov r8, r8)
1000092c:	46c0      	nop			@ (mov r8, r8)
1000092e:	46c0      	nop			@ (mov r8, r8)
10000930:	46c0      	nop			@ (mov r8, r8)
10000932:	46c0      	nop			@ (mov r8, r8)
10000934:	46c0      	nop			@ (mov r8, r8)
10000936:	46c0      	nop			@ (mov r8, r8)
10000938:	616c      	str	r4, [r5, #20]
1000093a:	46c0      	nop			@ (mov r8, r8)
1000093c:	46c0      	nop			@ (mov r8, r8)
1000093e:	46c0      	nop			@ (mov r8, r8)
10000940:	46c0      	nop			@ (mov r8, r8)
10000942:	61ac      	str	r4, [r5, #24]
10000944:	46c0      	nop			@ (mov r8, r8)
10000946:	46c0      	nop			@ (mov r8, r8)
10000948:	46c0      	nop			@ (mov r8, r8)
1000094a:	46c0      	nop			@ (mov r8, r8)
1000094c:	46c0      	nop			@ (mov r8, r8)
1000094e:	46c0      	nop			@ (mov r8, r8)
10000950:	46c0      	nop			@ (mov r8, r8)
10000952:	46c0      	nop			@ (mov r8, r8)
10000954:	46c0      	nop			@ (mov r8, r8)
10000956:	46c0      	nop			@ (mov r8, r8)
10000958:	616c      	str	r4, [r5, #20]
1000095a:	46c0      	nop			@ (mov r8, r8)
1000095c:	46c0      	nop			@ (mov r8, r8)
1000095e:	46c0      	nop			@ (mov r8, r8)
10000960:	46c0      	nop			@ (mov r8, r8)
10000962:	61ac      	str	r4, [r5, #24]
10000964:	46c0      	nop			@ (mov r8, r8)
10000966:	46c0      	nop			@ (mov r8, r8)
10000968:	46c0      	nop			@ (mov r8, r8)
1000096a:	46c0      	nop			@ (mov r8, r8)
1000096c:	46c0      	nop			@ (mov r8, r8)
1000096e:	46c0      	nop			@ (mov r8, r8)
10000970:	46c0      	nop			@ (mov r8, r8)
10000972:	46c0      	nop			@ (mov r8, r8)
10000974:	46c0      	nop			@ (mov r8, r8)
10000976:	46c0      	nop			@ (mov r8, r8)
10000978:	616c      	str	r4, [r5, #20]
1000097a:	46c0      	nop			@ (mov r8, r8)
1000097c:	46c0      	nop			@ (mov r8, r8)
1000097e:	46c0      	nop			@ (mov r8, r8)
10000980:	46c0      	nop			@ (mov r8, r8)
10000982:	61ac      	str	r4, [r5, #24]
10000984:	46c0      	nop			@ (mov r8, r8)
10000986:	46c0      	nop			@ (mov r8, r8)
10000988:	46c0      	nop			@ (mov r8, r8)
1000098a:	46c0      	nop			@ (mov r8, r8)
1000098c:	46c0      	nop			@ (mov r8, r8)
1000098e:	46c0      	nop			@ (mov r8, r8)
10000990:	46c0      	nop			@ (mov r8, r8)
10000992:	46c0      	nop			@ (mov r8, r8)
10000994:	46c0      	nop			@ (mov r8, r8)
10000996:	46c0      	nop			@ (mov r8, r8)
10000998:	616c      	str	r4, [r5, #20]
1000099a:	46c0      	nop			@ (mov r8, r8)
1000099c:	46c0      	nop			@ (mov r8, r8)
1000099e:	46c0      	nop			@ (mov r8, r8)
100009a0:	46c0      	nop			@ (mov r8, r8)
100009a2:	61ac      	str	r4, [r5, #24]
100009a4:	46c0      	nop			@ (mov r8, r8)
100009a6:	46c0      	nop			@ (mov r8, r8)
100009a8:	46c0      	nop			@ (mov r8, r8)
100009aa:	46c0      	nop			@ (mov r8, r8)
100009ac:	46c0      	nop			@ (mov r8, r8)
100009ae:	46c0      	nop			@ (mov r8, r8)
100009b0:	46c0      	nop			@ (mov r8, r8)
100009b2:	46c0      	nop			@ (mov r8, r8)
100009b4:	46c0      	nop			@ (mov r8, r8)
100009b6:	46c0      	nop			@ (mov r8, r8)
100009b8:	616c      	str	r4, [r5, #20]
100009ba:	46c0      	nop			@ (mov r8, r8)
100009bc:	46c0      	nop			@ (mov r8, r8)
100009be:	46c0      	nop			@ (mov r8, r8)
100009c0:	46c0      	nop			@ (mov r8, r8)
100009c2:	61ac      	str	r4, [r5, #24]
100009c4:	46c0      	nop			@ (mov r8, r8)
100009c6:	46c0      	nop			@ (mov r8, r8)
100009c8:	46c0      	nop			@ (mov r8, r8)
100009ca:	46c0      	nop			@ (mov r8, r8)
100009cc:	46c0      	nop			@ (mov r8, r8)
100009ce:	46c0      	nop			@ (mov r8, r8)
100009d0:	46c0      	nop			@ (mov r8, r8)
100009d2:	46c0      	nop			@ (mov r8, r8)
100009d4:	46c0      	nop			@ (mov r8, r8)
100009d6:	46c0      	nop			@ (mov r8, r8)
100009d8:	616c      	str	r4, [r5, #20]
100009da:	46c0      	nop			@ (mov r8, r8)
100009dc:	46c0      	nop			@ (mov r8, r8)
100009de:	46c0      	nop			@ (mov r8, r8)
100009e0:	46c0      	nop			@ (mov r8, r8)
100009e2:	61ac      	str	r4, [r5, #24]
100009e4:	46c0      	nop			@ (mov r8, r8)
100009e6:	46c0      	nop			@ (mov r8, r8)
100009e8:	46c0      	nop			@ (mov r8, r8)
100009ea:	46c0      	nop			@ (mov r8, r8)
100009ec:	46c0      	nop			@ (mov r8, r8)
100009ee:	46c0      	nop			@ (mov r8, r8)
100009f0:	46c0      	nop			@ (mov r8, r8)
100009f2:	46c0      	nop			@ (mov r8, r8)
100009f4:	46c0      	nop			@ (mov r8, r8)
100009f6:	46c0      	nop			@ (mov r8, r8)
100009f8:	616c      	str	r4, [r5, #20]
100009fa:	46c0      	nop			@ (mov r8, r8)
100009fc:	46c0      	nop			@ (mov r8, r8)
100009fe:	46c0      	nop			@ (mov r8, r8)
10000a00:	46c0      	nop			@ (mov r8, r8)
10000a02:	61ac      	str	r4, [r5, #24]
10000a04:	46c0      	nop			@ (mov r8, r8)
10000a06:	46c0      	nop			@ (mov r8, r8)
10000a08:	46c0      	nop			@ (mov r8, r8)
10000a0a:	46c0      	nop			@ (mov r8, r8)
10000a0c:	46c0      	nop			@ (mov r8, r8)
10000a0e:	46c0      	nop			@ (mov r8, r8)
10000a10:	46c0      	nop			@ (mov r8, r8)
10000a12:	46c0      	nop			@ (mov r8, r8)
10000a14:	46c0      	nop			@ (mov r8, r8)
10000a16:	46c0      	nop			@ (mov r8, r8)
10000a18:	616c      	str	r4, [r5, #20]
10000a1a:	46c0      	nop			@ (mov r8, r8)
10000a1c:	46c0      	nop			@ (mov r8, r8)
10000a1e:	46c0      	nop			@ (mov r8, r8)
10000a20:	46c0      	nop			@ (mov r8, r8)
10000a22:	61ac      	str	r4, [r5, #24]
10000a24:	46c0      	nop			@ (mov r8, r8)
10000a26:	46c0      	nop			@ (mov r8, r8)
10000a28:	46c0      	nop			@ (mov r8, r8)
10000a2a:	46c0      	nop			@ (mov r8, r8)
10000a2c:	46c0      	nop			@ (mov r8, r8)
10000a2e:	46c0      	nop			@ (mov r8, r8)
10000a30:	46c0      	nop			@ (mov r8, r8)
10000a32:	46c0      	nop			@ (mov r8, r8)
10000a34:	46c0      	nop			@ (mov r8, r8)
10000a36:	46c0      	nop			@ (mov r8, r8)
10000a38:	616c      	str	r4, [r5, #20]
10000a3a:	46c0      	nop			@ (mov r8, r8)
10000a3c:	46c0      	nop			@ (mov r8, r8)
10000a3e:	46c0      	nop			@ (mov r8, r8)
10000a40:	46c0      	nop			@ (mov r8, r8)
10000a42:	61ac      	str	r4, [r5, #24]
10000a44:	46c0      	nop			@ (mov r8, r8)
10000a46:	46c0      	nop			@ (mov r8, r8)
10000a48:	46c0      	nop			@ (mov r8, r8)
10000a4a:	46c0      	nop			@ (mov r8, r8)
10000a4c:	46c0      	nop			@ (mov r8, r8)
10000a4e:	46c0      	nop			@ (mov r8, r8)
10000a50:	46c0      	nop			@ (mov r8, r8)
10000a52:	46c0      	nop			@ (mov r8, r8)
10000a54:	46c0      	nop			@ (mov r8, r8)
10000a56:	46c0      	nop			@ (mov r8, r8)
10000a58:	f383 8810 	msr	PRIMASK, r3
10000a5c:	203c      	movs	r0, #60	@ 0x3c
10000a5e:	2100      	movs	r1, #0
10000a60:	f004 fb80 	bl	10005164 <sleep_us>
10000a64:	3e01      	subs	r6, #1
10000a66:	20c8      	movs	r0, #200	@ 0xc8
10000a68:	f004 fbf2 	bl	10005250 <sleep_ms>
10000a6c:	2e00      	cmp	r6, #0
10000a6e:	d001      	beq.n	10000a74 <on_trade_complete+0x5ec>
10000a70:	f7ff fd28 	bl	100004c4 <on_trade_complete+0x3c>
10000a74:	bd70      	pop	{r4, r5, r6, pc}
10000a76:	0022      	movs	r2, r4
10000a78:	0021      	movs	r1, r4
10000a7a:	0020      	movs	r0, r4
10000a7c:	321e      	adds	r2, #30
10000a7e:	3160      	adds	r1, #96	@ 0x60
10000a80:	32ff      	adds	r2, #255	@ 0xff
10000a82:	31ff      	adds	r1, #255	@ 0xff
10000a84:	3015      	adds	r0, #21
10000a86:	f002 fe97 	bl	100037b8 <pokemon_storage_add>
10000a8a:	2800      	cmp	r0, #0
10000a8c:	d001      	beq.n	10000a92 <on_trade_complete+0x60a>
10000a8e:	f000 fa8f 	bl	10000fb0 <on_trade_complete+0xb28>
10000a92:	f002 fe79 	bl	10003788 <pokemon_storage_count>
10000a96:	4b6e      	ldr	r3, [pc, #440]	@ (10000c50 <on_trade_complete+0x7c8>)
10000a98:	0001      	movs	r1, r0
10000a9a:	2214      	movs	r2, #20
10000a9c:	0018      	movs	r0, r3
10000a9e:	25d0      	movs	r5, #208	@ 0xd0
10000aa0:	2480      	movs	r4, #128	@ 0x80
10000aa2:	f007 fd53 	bl	1000854c <__wrap_printf>
10000aa6:	2603      	movs	r6, #3
10000aa8:	062d      	lsls	r5, r5, #24
10000aaa:	0264      	lsls	r4, r4, #9
10000aac:	f3ef 8210 	mrs	r2, PRIMASK
10000ab0:	b672      	cpsid	i
10000ab2:	2307      	movs	r3, #7
10000ab4:	2b06      	cmp	r3, #6
10000ab6:	d11a      	bne.n	10000aee <on_trade_complete+0x666>
10000ab8:	616c      	str	r4, [r5, #20]
10000aba:	46c0      	nop			@ (mov r8, r8)
10000abc:	46c0      	nop			@ (mov r8, r8)
10000abe:	46c0      	nop			@ (mov r8, r8)
10000ac0:	46c0      	nop			@ (mov r8, r8)
10000ac2:	46c0      	nop			@ (mov r8, r8)
10000ac4:	46c0      	nop			@ (mov r8, r8)
10000ac6:	46c0      	nop			@ (mov r8, r8)
10000ac8:	46c0      	nop			@ (mov r8, r8)
10000aca:	46c0      	nop			@ (mov r8, r8)
10000acc:	46c0      	nop			@ (mov r8, r8)
10000ace:	46c0      	nop			@ (mov r8, r8)
10000ad0:	46c0      	nop			@ (mov r8, r8)
10000ad2:	46c0      	nop			@ (mov r8, r8)
10000ad4:	46c0      	nop			@ (mov r8, r8)
10000ad6:	46c0      	nop			@ (mov r8, r8)
10000ad8:	46c0      	nop			@ (mov r8, r8)
10000ada:	46c0      	nop			@ (mov r8, r8)
10000adc:	46c0      	nop			@ (mov r8, r8)
10000ade:	46c0      	nop			@ (mov r8, r8)
10000ae0:	46c0      	nop			@ (mov r8, r8)
10000ae2:	61ac      	str	r4, [r5, #24]
10000ae4:	46c0      	nop			@ (mov r8, r8)
10000ae6:	46c0      	nop			@ (mov r8, r8)
10000ae8:	46c0      	nop			@ (mov r8, r8)
10000aea:	46c0      	nop			@ (mov r8, r8)
10000aec:	3b01      	subs	r3, #1
10000aee:	616c      	str	r4, [r5, #20]
10000af0:	46c0      	nop			@ (mov r8, r8)
10000af2:	46c0      	nop			@ (mov r8, r8)
10000af4:	46c0      	nop			@ (mov r8, r8)
10000af6:	46c0      	nop			@ (mov r8, r8)
10000af8:	61ac      	str	r4, [r5, #24]
10000afa:	46c0      	nop			@ (mov r8, r8)
10000afc:	46c0      	nop			@ (mov r8, r8)
10000afe:	46c0      	nop			@ (mov r8, r8)
10000b00:	46c0      	nop			@ (mov r8, r8)
10000b02:	46c0      	nop			@ (mov r8, r8)
10000b04:	46c0      	nop			@ (mov r8, r8)
10000b06:	46c0      	nop			@ (mov r8, r8)
10000b08:	46c0      	nop			@ (mov r8, r8)
10000b0a:	46c0      	nop			@ (mov r8, r8)
10000b0c:	46c0      	nop			@ (mov r8, r8)
10000b0e:	3b01      	subs	r3, #1
10000b10:	d2d0      	bcs.n	10000ab4 <on_trade_complete+0x62c>
10000b12:	616c      	str	r4, [r5, #20]
10000b14:	46c0      	nop			@ (mov r8, r8)
10000b16:	46c0      	nop			@ (mov r8, r8)
10000b18:	46c0      	nop			@ (mov r8, r8)
10000b1a:	46c0      	nop			@ (mov r8, r8)
10000b1c:	61ac      	str	r4, [r5, #24]
10000b1e:	46c0      	nop			@ (mov r8, r8)
10000b20:	46c0      	nop			@ (mov r8, r8)
10000b22:	46c0      	nop			@ (mov r8, r8)
10000b24:	46c0      	nop			@ (mov r8, r8)
10000b26:	46c0      	nop			@ (mov r8, r8)
10000b28:	46c0      	nop			@ (mov r8, r8)
10000b2a:	46c0      	nop			@ (mov r8, r8)
10000b2c:	46c0      	nop			@ (mov r8, r8)
10000b2e:	46c0      	nop			@ (mov r8, r8)
10000b30:	46c0      	nop			@ (mov r8, r8)
10000b32:	616c      	str	r4, [r5, #20]
10000b34:	46c0      	nop			@ (mov r8, r8)
10000b36:	46c0      	nop			@ (mov r8, r8)
10000b38:	46c0      	nop			@ (mov r8, r8)
10000b3a:	46c0      	nop			@ (mov r8, r8)
10000b3c:	61ac      	str	r4, [r5, #24]
10000b3e:	46c0      	nop			@ (mov r8, r8)
10000b40:	46c0      	nop			@ (mov r8, r8)
10000b42:	46c0      	nop			@ (mov r8, r8)
10000b44:	46c0      	nop			@ (mov r8, r8)
10000b46:	46c0      	nop			@ (mov r8, r8)
10000b48:	46c0      	nop			@ (mov r8, r8)
10000b4a:	46c0      	nop			@ (mov r8, r8)
10000b4c:	46c0      	nop			@ (mov r8, r8)
10000b4e:	46c0      	nop			@ (mov r8, r8)
10000b50:	46c0      	nop			@ (mov r8, r8)
10000b52:	616c      	str	r4, [r5, #20]
10000b54:	46c0      	nop			@ (mov r8, r8)
10000b56:	46c0      	nop			@ (mov r8, r8)
10000b58:	46c0      	nop			@ (mov r8, r8)
10000b5a:	46c0      	nop			@ (mov r8, r8)
10000b5c:	61ac      	str	r4, [r5, #24]
10000b5e:	46c0      	nop			@ (mov r8, r8)
10000b60:	46c0      	nop			@ (mov r8, r8)
10000b62:	46c0      	nop			@ (mov r8, r8)
10000b64:	46c0      	nop			@ (mov r8, r8)
10000b66:	46c0      	nop			@ (mov r8, r8)
10000b68:	46c0      	nop			@ (mov r8, r8)
10000b6a:	46c0      	nop			@ (mov r8, r8)
10000b6c:	46c0      	nop			@ (mov r8, r8)
10000b6e:	46c0      	nop			@ (mov r8, r8)
10000b70:	46c0      	nop			@ (mov r8, r8)
10000b72:	616c      	str	r4, [r5, #20]
10000b74:	46c0      	nop			@ (mov r8, r8)
10000b76:	46c0      	nop			@ (mov r8, r8)
10000b78:	46c0      	nop			@ (mov r8, r8)
10000b7a:	46c0      	nop			@ (mov r8, r8)
10000b7c:	61ac      	str	r4, [r5, #24]
10000b7e:	46c0      	nop			@ (mov r8, r8)
10000b80:	46c0      	nop			@ (mov r8, r8)
10000b82:	46c0      	nop			@ (mov r8, r8)
10000b84:	46c0      	nop			@ (mov r8, r8)
10000b86:	46c0      	nop			@ (mov r8, r8)
10000b88:	46c0      	nop			@ (mov r8, r8)
10000b8a:	46c0      	nop			@ (mov r8, r8)
10000b8c:	46c0      	nop			@ (mov r8, r8)
10000b8e:	46c0      	nop			@ (mov r8, r8)
10000b90:	46c0      	nop			@ (mov r8, r8)
10000b92:	616c      	str	r4, [r5, #20]
10000b94:	46c0      	nop			@ (mov r8, r8)
10000b96:	46c0      	nop			@ (mov r8, r8)
10000b98:	46c0      	nop			@ (mov r8, r8)
10000b9a:	46c0      	nop			@ (mov r8, r8)
10000b9c:	61ac      	str	r4, [r5, #24]
10000b9e:	46c0      	nop			@ (mov r8, r8)
10000ba0:	46c0      	nop			@ (mov r8, r8)
10000ba2:	46c0      	nop			@ (mov r8, r8)
10000ba4:	46c0      	nop			@ (mov r8, r8)
10000ba6:	46c0      	nop			@ (mov r8, r8)
10000ba8:	46c0      	nop			@ (mov r8, r8)
10000baa:	46c0      	nop			@ (mov r8, r8)
10000bac:	46c0      	nop			@ (mov r8, r8)
10000bae:	46c0      	nop			@ (mov r8, r8)
10000bb0:	46c0      	nop			@ (mov r8, r8)
10000bb2:	616c      	str	r4, [r5, #20]
10000bb4:	46c0      	nop			@ (mov r8, r8)
10000bb6:	46c0      	nop			@ (mov r8, r8)
10000bb8:	46c0      	nop			@ (mov r8, r8)
10000bba:	46c0      	nop			@ (mov r8, r8)
10000bbc:	61ac      	str	r4, [r5, #24]
10000bbe:	46c0      	nop			@ (mov r8, r8)
10000bc0:	46c0      	nop			@ (mov r8, r8)
10000bc2:	46c0      	nop			@ (mov r8, r8)
10000bc4:	46c0      	nop			@ (mov r8, r8)
10000bc6:	46c0      	nop			@ (mov r8, r8)
10000bc8:	46c0      	nop			@ (mov r8, r8)
10000bca:	46c0      	nop			@ (mov r8, r8)
10000bcc:	46c0      	nop			@ (mov r8, r8)
10000bce:	46c0      	nop			@ (mov r8, r8)
10000bd0:	46c0      	nop			@ (mov r8, r8)
10000bd2:	616c      	str	r4, [r5, #20]
10000bd4:	46c0      	nop			@ (mov r8, r8)
10000bd6:	46c0      	nop			@ (mov r8, r8)
10000bd8:	46c0      	nop			@ (mov r8, r8)
10000bda:	46c0      	nop			@ (mov r8, r8)
10000bdc:	61ac      	str	r4, [r5, #24]
10000bde:	46c0      	nop			@ (mov r8, r8)
10000be0:	46c0      	nop			@ (mov r8, r8)
10000be2:	46c0      	nop			@ (mov r8, r8)
10000be4:	46c0      	nop			@ (mov r8, r8)
10000be6:	46c0      	nop			@ (mov r8, r8)
10000be8:	46c0      	nop			@ (mov r8, r8)
10000bea:	46c0      	nop			@ (mov r8, r8)
10000bec:	46c0      	nop			@ (mov r8, r8)
10000bee:	46c0      	nop			@ (mov r8, r8)
10000bf0:	46c0      	nop			@ (mov r8, r8)
10000bf2:	616c      	str	r4, [r5, #20]
10000bf4:	46c0      	nop			@ (mov r8, r8)
10000bf6:	46c0      	nop			@ (mov r8, r8)
10000bf8:	46c0      	nop			@ (mov r8, r8)
10000bfa:	46c0      	nop			@ (mov r8, r8)
10000bfc:	61ac      	str	r4, [r5, #24]
10000bfe:	46c0      	nop			@ (mov r8, r8)
10000c00:	46c0      	nop			@ (mov r8, r8)
10000c02:	46c0      	nop			@ (mov r8, r8)
10000c04:	46c0      	nop			@ (mov r8, r8)
10000c06:	46c0      	nop			@ (mov r8, r8)
10000c08:	46c0      	nop			@ (mov r8, r8)
10000c0a:	46c0      	nop			@ (mov r8, r8)
10000c0c:	46c0      	nop			@ (mov r8, r8)
10000c0e:	46c0      	nop			@ (mov r8, r8)
10000c10:	46c0      	nop			@ (mov r8, r8)
10000c12:	2307      	movs	r3, #7
10000c14:	2b05      	cmp	r3, #5
10000c16:	d11d      	bne.n	10000c54 <on_trade_complete+0x7cc>
10000c18:	616c      	str	r4, [r5, #20]
10000c1a:	46c0      	nop			@ (mov r8, r8)
10000c1c:	46c0      	nop			@ (mov r8, r8)
10000c1e:	46c0      	nop			@ (mov r8, r8)
10000c20:	46c0      	nop			@ (mov r8, r8)
10000c22:	46c0      	nop			@ (mov r8, r8)
10000c24:	46c0      	nop			@ (mov r8, r8)
10000c26:	46c0      	nop			@ (mov r8, r8)
10000c28:	46c0      	nop			@ (mov r8, r8)
10000c2a:	46c0      	nop			@ (mov r8, r8)
10000c2c:	46c0      	nop			@ (mov r8, r8)
10000c2e:	46c0      	nop			@ (mov r8, r8)
10000c30:	46c0      	nop			@ (mov r8, r8)
10000c32:	46c0      	nop			@ (mov r8, r8)
10000c34:	46c0      	nop			@ (mov r8, r8)
10000c36:	46c0      	nop			@ (mov r8, r8)
10000c38:	46c0      	nop			@ (mov r8, r8)
10000c3a:	46c0      	nop			@ (mov r8, r8)
10000c3c:	46c0      	nop			@ (mov r8, r8)
10000c3e:	46c0      	nop			@ (mov r8, r8)
10000c40:	46c0      	nop			@ (mov r8, r8)
10000c42:	61ac      	str	r4, [r5, #24]
10000c44:	46c0      	nop			@ (mov r8, r8)
10000c46:	46c0      	nop			@ (mov r8, r8)
10000c48:	46c0      	nop			@ (mov r8, r8)
10000c4a:	46c0      	nop			@ (mov r8, r8)
10000c4c:	3b01      	subs	r3, #1
10000c4e:	e001      	b.n	10000c54 <on_trade_complete+0x7cc>
10000c50:	1000b098 	.word	0x1000b098
10000c54:	616c      	str	r4, [r5, #20]
10000c56:	46c0      	nop			@ (mov r8, r8)
10000c58:	46c0      	nop			@ (mov r8, r8)
10000c5a:	46c0      	nop			@ (mov r8, r8)
10000c5c:	46c0      	nop			@ (mov r8, r8)
10000c5e:	61ac      	str	r4, [r5, #24]
10000c60:	46c0      	nop			@ (mov r8, r8)
10000c62:	46c0      	nop			@ (mov r8, r8)
10000c64:	46c0      	nop			@ (mov r8, r8)
10000c66:	46c0      	nop			@ (mov r8, r8)
10000c68:	46c0      	nop			@ (mov r8, r8)
10000c6a:	46c0      	nop			@ (mov r8, r8)
10000c6c:	46c0      	nop			@ (mov r8, r8)
10000c6e:	46c0      	nop			@ (mov r8, r8)
10000c70:	46c0      	nop			@ (mov r8, r8)
10000c72:	46c0      	nop			@ (mov r8, r8)
10000c74:	3b01      	subs	r3, #1
10000c76:	d2cd      	bcs.n	10000c14 <on_trade_complete+0x78c>
10000c78:	f382 8810 	msr	PRIMASK, r2
10000c7c:	2100      	movs	r1, #0
10000c7e:	203c      	movs	r0, #60	@ 0x3c
10000c80:	f004 fa70 	bl	10005164 <sleep_us>
10000c84:	20c8      	movs	r0, #200	@ 0xc8
10000c86:	f004 fae3 	bl	10005250 <sleep_ms>
10000c8a:	f3ef 8310 	mrs	r3, PRIMASK
10000c8e:	b672      	cpsid	i
10000c90:	616c      	str	r4, [r5, #20]
10000c92:	46c0      	nop			@ (mov r8, r8)
10000c94:	46c0      	nop			@ (mov r8, r8)
10000c96:	46c0      	nop			@ (mov r8, r8)
10000c98:	46c0      	nop			@ (mov r8, r8)
10000c9a:	61ac      	str	r4, [r5, #24]
10000c9c:	46c0      	nop			@ (mov r8, r8)
10000c9e:	46c0      	nop			@ (mov r8, r8)
10000ca0:	46c0      	nop			@ (mov r8, r8)
10000ca2:	46c0      	nop			@ (mov r8, r8)
10000ca4:	46c0      	nop			@ (mov r8, r8)
10000ca6:	46c0      	nop			@ (mov r8, r8)
10000ca8:	46c0      	nop			@ (mov r8, r8)
10000caa:	46c0      	nop			@ (mov r8, r8)
10000cac:	46c0      	nop			@ (mov r8, r8)
10000cae:	46c0      	nop			@ (mov r8, r8)
10000cb0:	616c      	str	r4, [r5, #20]
10000cb2:	46c0      	nop			@ (mov r8, r8)
10000cb4:	46c0      	nop			@ (mov r8, r8)
10000cb6:	46c0      	nop			@ (mov r8, r8)
10000cb8:	46c0      	nop			@ (mov r8, r8)
10000cba:	61ac      	str	r4, [r5, #24]
10000cbc:	46c0      	nop			@ (mov r8, r8)
10000cbe:	46c0      	nop			@ (mov r8, r8)
10000cc0:	46c0      	nop			@ (mov r8, r8)
10000cc2:	46c0      	nop			@ (mov r8, r8)
10000cc4:	46c0      	nop			@ (mov r8, r8)
10000cc6:	46c0      	nop			@ (mov r8, r8)
10000cc8:	46c0      	nop			@ (mov r8, r8)
10000cca:	46c0      	nop			@ (mov r8, r8)
10000ccc:	46c0      	nop			@ (mov r8, r8)
10000cce:	46c0      	nop			@ (mov r8, r8)
10000cd0:	616c      	str	r4, [r5, #20]
10000cd2:	46c0      	nop			@ (mov r8, r8)
10000cd4:	46c0      	nop			@ (mov r8, r8)
10000cd6:	46c0      	nop			@ (mov r8, r8)
10000cd8:	46c0      	nop			@ (mov r8, r8)
10000cda:	61ac      	str	r4, [r5, #24]
10000cdc:	46c0      	nop			@ (mov r8, r8)
10000cde:	46c0      	nop			@ (mov r8, r8)
10000ce0:	46c0      	nop			@ (mov r8, r8)
10000ce2:	46c0      	nop			@ (mov r8, r8)
10000ce4:	46c0      	nop			@ (mov r8, r8)
10000ce6:	46c0      	nop			@ (mov r8, r8)
10000ce8:	46c0      	nop			@ (mov r8, r8)
10000cea:	46c0      	nop			@ (mov r8, r8)
10000cec:	46c0      	nop			@ (mov r8, r8)
10000cee:	46c0      	nop			@ (mov r8, r8)
10000cf0:	616c      	str	r4, [r5, #20]
10000cf2:	46c0      	nop			@ (mov r8, r8)
10000cf4:	46c0      	nop			@ (mov r8, r8)
10000cf6:	46c0      	nop			@ (mov r8, r8)
10000cf8:	46c0      	nop			@ (mov r8, r8)
10000cfa:	61ac      	str	r4, [r5, #24]
10000cfc:	46c0      	nop			@ (mov r8, r8)
10000cfe:	46c0      	nop			@ (mov r8, r8)
10000d00:	46c0      	nop			@ (mov r8, r8)
10000d02:	46c0      	nop			@ (mov r8, r8)
10000d04:	46c0      	nop			@ (mov r8, r8)
10000d06:	46c0      	nop			@ (mov r8, r8)
10000d08:	46c0      	nop			@ (mov r8, r8)
10000d0a:	46c0      	nop			@ (mov r8, r8)
10000d0c:	46c0      	nop			@ (mov r8, r8)
10000d0e:	46c0      	nop			@ (mov r8, r8)
10000d10:	616c      	str	r4, [r5, #20]
10000d12:	46c0      	nop			@ (mov r8, r8)
10000d14:	46c0      	nop			@ (mov r8, r8)
10000d16:	46c0      	nop			@ (mov r8, r8)
10000d18:	46c0      	nop			@ (mov r8, r8)
10000d1a:	61ac      	str	r4, [r5, #24]
10000d1c:	46c0      	nop			@ (mov r8, r8)
10000d1e:	46c0      	nop			@ (mov r8, r8)
10000d20:	46c0      	nop			@ (mov r8, r8)
10000d22:	46c0      	nop			@ (mov r8, r8)
10000d24:	46c0      	nop			@ (mov r8, r8)
10000d26:	46c0      	nop			@ (mov r8, r8)
10000d28:	46c0      	nop			@ (mov r8, r8)
10000d2a:	46c0      	nop			@ (mov r8, r8)
10000d2c:	46c0      	nop			@ (mov r8, r8)
10000d2e:	46c0      	nop			@ (mov r8, r8)
10000d30:	616c      	str	r4, [r5, #20]
10000d32:	46c0      	nop			@ (mov r8, r8)
10000d34:	46c0      	nop			@ (mov r8, r8)
10000d36:	46c0      	nop			@ (mov r8, r8)
10000d38:	46c0      	nop			@ (mov r8, r8)
10000d3a:	61ac      	str	r4, [r5, #24]
10000d3c:	46c0      	nop			@ (mov r8, r8)
10000d3e:	46c0      	nop			@ (mov r8, r8)
10000d40:	46c0      	nop			@ (mov r8, r8)
10000d42:	46c0      	nop			@ (mov r8, r8)
10000d44:	46c0      	nop			@ (mov r8, r8)
10000d46:	46c0      	nop			@ (mov r8, r8)
10000d48:	46c0      	nop			@ (mov r8, r8)
10000d4a:	46c0      	nop			@ (mov r8, r8)
10000d4c:	46c0      	nop			@ (mov r8, r8)
10000d4e:	46c0      	nop			@ (mov r8, r8)
10000d50:	616c      	str	r4, [r5, #20]
10000d52:	46c0      	nop			@ (mov r8, r8)
10000d54:	46c0      	nop			@ (mov r8, r8)
10000d56:	46c0      	nop			@ (mov r8, r8)
10000d58:	46c0      	nop			@ (mov r8, r8)
10000d5a:	61ac      	str	r4, [r5, #24]
10000d5c:	46c0      	nop			@ (mov r8, r8)
10000d5e:	46c0      	nop			@ (mov r8, r8)
10000d60:	46c0      	nop			@ (mov r8, r8)
10000d62:	46c0      	nop			@ (mov r8, r8)
10000d64:	46c0      	nop			@ (mov r8, r8)
10000d66:	46c0      	nop			@ (mov r8, r8)
10000d68:	46c0      	nop			@ (mov r8, r8)
10000d6a:	46c0      	nop			@ (mov r8, r8)
10000d6c:	46c0      	nop			@ (mov r8, r8)
10000d6e:	46c0      	nop			@ (mov r8, r8)
10000d70:	616c      	str	r4, [r5, #20]
10000d72:	46c0      	nop			@ (mov r8, r8)
10000d74:	46c0      	nop			@ (mov r8, r8)
10000d76:	46c0      	nop			@ (mov r8, r8)
10000d78:	46c0      	nop			@ (mov r8, r8)
10000d7a:	61ac      	str	r4, [r5, #24]
10000d7c:	46c0      	nop			@ (mov r8, r8)
10000d7e:	46c0      	nop			@ (mov r8, r8)
10000d80:	46c0      	nop			@ (mov r8, r8)
10000d82:	46c0      	nop			@ (mov r8, r8)
10000d84:	46c0      	nop			@ (mov r8, r8)
10000d86:	46c0      	nop			@ (mov r8, r8)
10000d88:	46c0      	nop			@ (mov r8, r8)
10000d8a:	46c0      	nop			@ (mov r8, r8)
10000d8c:	46c0      	nop			@ (mov r8, r8)
10000d8e:	46c0      	nop			@ (mov r8, r8)
10000d90:	616c      	str	r4, [r5, #20]
10000d92:	46c0      	nop			@ (mov r8, r8)
10000d94:	46c0      	nop			@ (mov r8, r8)
10000d96:	46c0      	nop			@ (mov r8, r8)
10000d98:	46c0      	nop			@ (mov r8, r8)
10000d9a:	61ac      	str	r4, [r5, #24]
10000d9c:	46c0      	nop			@ (mov r8, r8)
10000d9e:	46c0      	nop			@ (mov r8, r8)
10000da0:	46c0      	nop			@ (mov r8, r8)
10000da2:	46c0      	nop			@ (mov r8, r8)
10000da4:	46c0      	nop			@ (mov r8, r8)
10000da6:	46c0      	nop			@ (mov r8, r8)
10000da8:	46c0      	nop			@ (mov r8, r8)
10000daa:	46c0      	nop			@ (mov r8, r8)
10000dac:	46c0      	nop			@ (mov r8, r8)
10000dae:	46c0      	nop			@ (mov r8, r8)
10000db0:	616c      	str	r4, [r5, #20]
10000db2:	46c0      	nop			@ (mov r8, r8)
10000db4:	46c0      	nop			@ (mov r8, r8)
10000db6:	46c0      	nop			@ (mov r8, r8)
10000db8:	46c0      	nop			@ (mov r8, r8)
10000dba:	61ac      	str	r4, [r5, #24]
10000dbc:	46c0      	nop			@ (mov r8, r8)
10000dbe:	46c0      	nop			@ (mov r8, r8)
10000dc0:	46c0      	nop			@ (mov r8, r8)
10000dc2:	46c0      	nop			@ (mov r8, r8)
10000dc4:	46c0      	nop			@ (mov r8, r8)
10000dc6:	46c0      	nop			@ (mov r8, r8)
10000dc8:	46c0      	nop			@ (mov r8, r8)
10000dca:	46c0      	nop			@ (mov r8, r8)
10000dcc:	46c0      	nop			@ (mov r8, r8)
10000dce:	46c0      	nop			@ (mov r8, r8)
10000dd0:	616c      	str	r4, [r5, #20]
10000dd2:	46c0      	nop			@ (mov r8, r8)
10000dd4:	46c0      	nop			@ (mov r8, r8)
10000dd6:	46c0      	nop			@ (mov r8, r8)
10000dd8:	46c0      	nop			@ (mov r8, r8)
10000dda:	61ac      	str	r4, [r5, #24]
10000ddc:	46c0      	nop			@ (mov r8, r8)
10000dde:	46c0      	nop			@ (mov r8, r8)
10000de0:	46c0      	nop			@ (mov r8, r8)
10000de2:	46c0      	nop			@ (mov r8, r8)
10000de4:	46c0      	nop			@ (mov r8, r8)
10000de6:	46c0      	nop			@ (mov r8, r8)
10000de8:	46c0      	nop			@ (mov r8, r8)
10000dea:	46c0      	nop			@ (mov r8, r8)
10000dec:	46c0      	nop			@ (mov r8, r8)
10000dee:	46c0      	nop			@ (mov r8, r8)
10000df0:	616c      	str	r4, [r5, #20]
10000df2:	46c0      	nop			@ (mov r8, r8)
10000df4:	46c0      	nop			@ (mov r8, r8)
10000df6:	46c0      	nop			@ (mov r8, r8)
10000df8:	46c0      	nop			@ (mov r8, r8)
10000dfa:	61ac      	str	r4, [r5, #24]
10000dfc:	46c0      	nop			@ (mov r8, r8)
10000dfe:	46c0      	nop			@ (mov r8, r8)
10000e00:	46c0      	nop			@ (mov r8, r8)
10000e02:	46c0      	nop			@ (mov r8, r8)
10000e04:	46c0      	nop			@ (mov r8, r8)
10000e06:	46c0      	nop			@ (mov r8, r8)
10000e08:	46c0      	nop			@ (mov r8, r8)
10000e0a:	46c0      	nop			@ (mov r8, r8)
10000e0c:	46c0      	nop			@ (mov r8, r8)
10000e0e:	46c0      	nop			@ (mov r8, r8)
10000e10:	616c      	str	r4, [r5, #20]
10000e12:	46c0      	nop			@ (mov r8, r8)
10000e14:	46c0      	nop			@ (mov r8, r8)
10000e16:	46c0      	nop			@ (mov r8, r8)
10000e18:	46c0      	nop			@ (mov r8, r8)
10000e1a:	61ac      	str	r4, [r5, #24]
10000e1c:	46c0      	nop			@ (mov r8, r8)
10000e1e:	46c0      	nop			@ (mov r8, r8)
10000e20:	46c0      	nop			@ (mov r8, r8)
10000e22:	46c0      	nop			@ (mov r8, r8)
10000e24:	46c0      	nop			@ (mov r8, r8)
10000e26:	46c0      	nop			@ (mov r8, r8)
10000e28:	46c0      	nop			@ (mov r8, r8)
10000e2a:	46c0      	nop			@ (mov r8, r8)
10000e2c:	46c0      	nop			@ (mov r8, r8)
10000e2e:	46c0      	nop			@ (mov r8, r8)
10000e30:	616c      	str	r4, [r5, #20]
10000e32:	46c0      	nop			@ (mov r8, r8)
10000e34:	46c0      	nop			@ (mov r8, r8)
10000e36:	46c0      	nop			@ (mov r8, r8)
10000e38:	46c0      	nop			@ (mov r8, r8)
10000e3a:	61ac      	str	r4, [r5, #24]
10000e3c:	46c0      	nop			@ (mov r8, r8)
10000e3e:	46c0      	nop			@ (mov r8, r8)
10000e40:	46c0      	nop			@ (mov r8, r8)
10000e42:	46c0      	nop			@ (mov r8, r8)
10000e44:	46c0      	nop			@ (mov r8, r8)
10000e46:	46c0      	nop			@ (mov r8, r8)
10000e48:	46c0      	nop			@ (mov r8, r8)
10000e4a:	46c0      	nop			@ (mov r8, r8)
10000e4c:	46c0      	nop			@ (mov r8, r8)
10000e4e:	46c0      	nop			@ (mov r8, r8)
10000e50:	616c      	str	r4, [r5, #20]
10000e52:	46c0      	nop			@ (mov r8, r8)
10000e54:	46c0      	nop			@ (mov r8, r8)
10000e56:	46c0      	nop			@ (mov r8, r8)
10000e58:	46c0      	nop			@ (mov r8, r8)
10000e5a:	61ac      	str	r4, [r5, #24]
10000e5c:	46c0      	nop			@ (mov r8, r8)
10000e5e:	46c0      	nop			@ (mov r8, r8)
10000e60:	46c0      	nop			@ (mov r8, r8)
10000e62:	46c0      	nop			@ (mov r8, r8)
10000e64:	46c0      	nop			@ (mov r8, r8)
10000e66:	46c0      	nop			@ (mov r8, r8)
10000e68:	46c0      	nop			@ (mov r8, r8)
10000e6a:	46c0      	nop			@ (mov r8, r8)
10000e6c:	46c0      	nop			@ (mov r8, r8)
10000e6e:	46c0      	nop			@ (mov r8, r8)
10000e70:	616c      	str	r4, [r5, #20]
10000e72:	46c0      	nop			@ (mov r8, r8)
10000e74:	46c0      	nop			@ (mov r8, r8)
10000e76:	46c0      	nop			@ (mov r8, r8)
10000e78:	46c0      	nop			@ (mov r8, r8)
10000e7a:	61ac      	str	r4, [r5, #24]
10000e7c:	46c0      	nop			@ (mov r8, r8)
10000e7e:	46c0      	nop			@ (mov r8, r8)
10000e80:	46c0      	nop			@ (mov r8, r8)
10000e82:	46c0      	nop			@ (mov r8, r8)
10000e84:	46c0      	nop			@ (mov r8, r8)
10000e86:	46c0      	nop			@ (mov r8, r8)
10000e88:	46c0      	nop			@ (mov r8, r8)
10000e8a:	46c0      	nop			@ (mov r8, r8)
10000e8c:	46c0      	nop			@ (mov r8, r8)
10000e8e:	46c0      	nop			@ (mov r8, r8)
10000e90:	616c      	str	r4, [r5, #20]
10000e92:	46c0      	nop			@ (mov r8, r8)
10000e94:	46c0      	nop			@ (mov r8, r8)
10000e96:	46c0      	nop			@ (mov r8, r8)
10000e98:	46c0      	nop			@ (mov r8, r8)
10000e9a:	61ac      	str	r4, [r5, #24]
10000e9c:	46c0      	nop			@ (mov r8, r8)
10000e9e:	46c0      	nop			@ (mov r8, r8)
10000ea0:	46c0      	nop			@ (mov r8, r8)
10000ea2:	46c0      	nop			@ (mov r8, r8)
10000ea4:	46c0      	nop			@ (mov r8, r8)
10000ea6:	46c0      	nop			@ (mov r8, r8)
10000ea8:	46c0      	nop			@ (mov r8, r8)
10000eaa:	46c0      	nop			@ (mov r8, r8)
10000eac:	46c0      	nop			@ (mov r8, r8)
10000eae:	46c0      	nop			@ (mov r8, r8)
10000eb0:	616c      	str	r4, [r5, #20]
10000eb2:	46c0      	nop			@ (mov r8, r8)
10000eb4:	46c0      	nop			@ (mov r8, r8)
10000eb6:	46c0      	nop			@ (mov r8, r8)
10000eb8:	46c0      	nop			@ (mov r8, r8)
10000eba:	61ac      	str	r4, [r5, #24]
10000ebc:	46c0      	nop			@ (mov r8, r8)
10000ebe:	46c0      	nop			@ (mov r8, r8)
10000ec0:	46c0      	nop			@ (mov r8, r8)
10000ec2:	46c0      	nop			@ (mov r8, r8)
10000ec4:	46c0      	nop			@ (mov r8, r8)
10000ec6:	46c0      	nop			@ (mov r8, r8)
10000ec8:	46c0      	nop			@ (mov r8, r8)
10000eca:	46c0      	nop			@ (mov r8, r8)
10000ecc:	46c0      	nop			@ (mov r8, r8)
10000ece:	46c0      	nop			@ (mov r8, r8)
10000ed0:	616c      	str	r4, [r5, #20]
10000ed2:	46c0      	nop			@ (mov r8, r8)
10000ed4:	46c0      	nop			@ (mov r8, r8)
10000ed6:	46c0      	nop			@ (mov r8, r8)
10000ed8:	46c0      	nop			@ (mov r8, r8)
10000eda:	61ac      	str	r4, [r5, #24]
10000edc:	46c0      	nop			@ (mov r8, r8)
10000ede:	46c0      	nop			@ (mov r8, r8)
10000ee0:	46c0      	nop			@ (mov r8, r8)
10000ee2:	46c0      	nop			@ (mov r8, r8)
10000ee4:	46c0      	nop			@ (mov r8, r8)
10000ee6:	46c0      	nop			@ (mov r8, r8)
10000ee8:	46c0      	nop			@ (mov r8, r8)
10000eea:	46c0      	nop			@ (mov r8, r8)
10000eec:	46c0      	nop			@ (mov r8, r8)
10000eee:	46c0      	nop			@ (mov r8, r8)
10000ef0:	616c      	str	r4, [r5, #20]
10000ef2:	46c0      	nop			@ (mov r8, r8)
10000ef4:	46c0      	nop			@ (mov r8, r8)
10000ef6:	46c0      	nop			@ (mov r8, r8)
10000ef8:	46c0      	nop			@ (mov r8, r8)
10000efa:	61ac      	str	r4, [r5, #24]
10000efc:	46c0      	nop			@ (mov r8, r8)
10000efe:	46c0      	nop			@ (mov r8, r8)
10000f00:	46c0      	nop			@ (mov r8, r8)
10000f02:	46c0      	nop			@ (mov r8, r8)
10000f04:	46c0      	nop			@ (mov r8, r8)
10000f06:	46c0      	nop			@ (mov r8, r8)
10000f08:	46c0      	nop			@ (mov r8, r8)
10000f0a:	46c0      	nop			@ (mov r8, r8)
10000f0c:	46c0      	nop			@ (mov r8, r8)
10000f0e:	46c0      	nop			@ (mov r8, r8)
10000f10:	616c      	str	r4, [r5, #20]
10000f12:	46c0      	nop			@ (mov r8, r8)
10000f14:	46c0      	nop			@ (mov r8, r8)
10000f16:	46c0      	nop			@ (mov r8, r8)
10000f18:	46c0      	nop			@ (mov r8, r8)
10000f1a:	61ac      	str	r4, [r5, #24]
10000f1c:	46c0      	nop			@ (mov r8, r8)
10000f1e:	46c0      	nop			@ (mov r8, r8)
10000f20:	46c0      	nop			@ (mov r8, r8)
10000f22:	46c0      	nop			@ (mov r8, r8)
10000f24:	46c0      	nop			@ (mov r8, r8)
10000f26:	46c0      	nop			@ (mov r8, r8)
10000f28:	46c0      	nop			@ (mov r8, r8)
10000f2a:	46c0      	nop			@ (mov r8, r8)
10000f2c:	46c0      	nop			@ (mov r8, r8)
10000f2e:	46c0      	nop			@ (mov r8, r8)
10000f30:	616c      	str	r4, [r5, #20]
10000f32:	46c0      	nop			@ (mov r8, r8)
10000f34:	46c0      	nop			@ (mov r8, r8)
10000f36:	46c0      	nop			@ (mov r8, r8)
10000f38:	46c0      	nop			@ (mov r8, r8)
10000f3a:	61ac      	str	r4, [r5, #24]
10000f3c:	46c0      	nop			@ (mov r8, r8)
10000f3e:	46c0      	nop			@ (mov r8, r8)
10000f40:	46c0      	nop			@ (mov r8, r8)
10000f42:	46c0      	nop			@ (mov r8, r8)
10000f44:	46c0      	nop			@ (mov r8, r8)
10000f46:	46c0      	nop			@ (mov r8, r8)
10000f48:	46c0      	nop			@ (mov r8, r8)
10000f4a:	46c0      	nop			@ (mov r8, r8)
10000f4c:	46c0      	nop			@ (mov r8, r8)
10000f4e:	46c0      	nop			@ (mov r8, r8)
10000f50:	616c      	str	r4, [r5, #20]
10000f52:	46c0      	nop			@ (mov r8, r8)
10000f54:	46c0      	nop			@ (mov r8, r8)
10000f56:	46c0      	nop			@ (mov r8, r8)
10000f58:	46c0      	nop			@ (mov r8, r8)
10000f5a:	61ac      	str	r4, [r5, #24]
10000f5c:	46c0      	nop			@ (mov r8, r8)
10000f5e:	46c0      	nop			@ (mov r8, r8)
10000f60:	46c0      	nop			@ (mov r8, r8)
10000f62:	46c0      	nop			@ (mov r8, r8)
10000f64:	46c0      	nop			@ (mov r8, r8)
10000f66:	46c0      	nop			@ (mov r8, r8)
10000f68:	46c0      	nop			@ (mov r8, r8)
10000f6a:	46c0      	nop			@ (mov r8, r8)
10000f6c:	46c0      	nop			@ (mov r8, r8)
10000f6e:	46c0      	nop			@ (mov r8, r8)
10000f70:	616c      	str	r4, [r5, #20]
10000f72:	46c0      	nop			@ (mov r8, r8)
10000f74:	46c0      	nop			@ (mov r8, r8)
10000f76:	46c0      	nop			@ (mov r8, r8)
10000f78:	46c0      	nop			@ (mov r8, r8)
10000f7a:	61ac      	str	r4, [r5, #24]
10000f7c:	46c0      	nop			@ (mov r8, r8)
10000f7e:	46c0      	nop			@ (mov r8, r8)
10000f80:	46c0      	nop			@ (mov r8, r8)
10000f82:	46c0      	nop			@ (mov r8, r8)
10000f84:	46c0      	nop			@ (mov r8, r8)
10000f86:	46c0      	nop			@ (mov r8, r8)
10000f88:	46c0      	nop			@ (mov r8, r8)
10000f8a:	46c0      	nop			@ (mov r8, r8)
10000f8c:	46c0      	nop			@ (mov r8, r8)
10000f8e:	46c0      	nop			@ (mov r8, r8)
10000f90:	f383 8810 	msr	PRIMASK, r3
10000f94:	203c      	movs	r0, #60	@ 0x3c
10000f96:	2100      	movs	r1, #0
10000f98:	f004 f8e4 	bl	10005164 <sleep_us>
10000f9c:	3e01      	subs	r6, #1
10000f9e:	20c8      	movs	r0, #200	@ 0xc8
10000fa0:	f004 f956 	bl	10005250 <sleep_ms>
10000fa4:	2e00      	cmp	r6, #0
10000fa6:	d001      	beq.n	10000fac <on_trade_complete+0xb24>
10000fa8:	f7ff fd80 	bl	10000aac <on_trade_complete+0x624>
10000fac:	f7ff fd62 	bl	10000a74 <on_trade_complete+0x5ec>
10000fb0:	f002 feae 	bl	10003d10 <pokemon_storage_status_name>
10000fb4:	4b55      	ldr	r3, [pc, #340]	@ (1000110c <on_trade_complete+0xc84>)
10000fb6:	0001      	movs	r1, r0
10000fb8:	0018      	movs	r0, r3
10000fba:	f007 fac7 	bl	1000854c <__wrap_printf>
10000fbe:	f3ef 8010 	mrs	r0, PRIMASK
10000fc2:	b672      	cpsid	i
10000fc4:	23d0      	movs	r3, #208	@ 0xd0
10000fc6:	2280      	movs	r2, #128	@ 0x80
10000fc8:	061b      	lsls	r3, r3, #24
10000fca:	0252      	lsls	r2, r2, #9
10000fcc:	615a      	str	r2, [r3, #20]
10000fce:	46c0      	nop			@ (mov r8, r8)
10000fd0:	46c0      	nop			@ (mov r8, r8)
10000fd2:	46c0      	nop			@ (mov r8, r8)
10000fd4:	46c0      	nop			@ (mov r8, r8)
10000fd6:	619a      	str	r2, [r3, #24]
10000fd8:	46c0      	nop			@ (mov r8, r8)
10000fda:	46c0      	nop			@ (mov r8, r8)
10000fdc:	46c0      	nop			@ (mov r8, r8)
10000fde:	46c0      	nop			@ (mov r8, r8)
10000fe0:	46c0      	nop			@ (mov r8, r8)
10000fe2:	46c0      	nop			@ (mov r8, r8)
10000fe4:	46c0      	nop			@ (mov r8, r8)
10000fe6:	46c0      	nop			@ (mov r8, r8)
10000fe8:	46c0      	nop			@ (mov r8, r8)
10000fea:	46c0      	nop			@ (mov r8, r8)
10000fec:	615a      	str	r2, [r3, #20]
10000fee:	46c0      	nop			@ (mov r8, r8)
10000ff0:	46c0      	nop			@ (mov r8, r8)
10000ff2:	46c0      	nop			@ (mov r8, r8)
10000ff4:	46c0      	nop			@ (mov r8, r8)
10000ff6:	619a      	str	r2, [r3, #24]
10000ff8:	46c0      	nop			@ (mov r8, r8)
10000ffa:	46c0      	nop			@ (mov r8, r8)
10000ffc:	46c0      	nop			@ (mov r8, r8)
10000ffe:	46c0      	nop			@ (mov r8, r8)
10001000:	46c0      	nop			@ (mov r8, r8)
10001002:	46c0      	nop			@ (mov r8, r8)
10001004:	46c0      	nop			@ (mov r8, r8)
10001006:	46c0      	nop			@ (mov r8, r8)
10001008:	46c0      	nop			@ (mov r8, r8)
1000100a:	46c0      	nop			@ (mov r8, r8)
1000100c:	615a      	str	r2, [r3, #20]
1000100e:	46c0      	nop			@ (mov r8, r8)
10001010:	46c0      	nop			@ (mov r8, r8)
10001012:	46c0      	nop			@ (mov r8, r8)
10001014:	46c0      	nop			@ (mov r8, r8)
10001016:	619a      	str	r2, [r3, #24]
10001018:	46c0      	nop			@ (mov r8, r8)
1000101a:	46c0      	nop			@ (mov r8, r8)
1000101c:	46c0      	nop			@ (mov r8, r8)
1000101e:	46c0      	nop			@ (mov r8, r8)
10001020:	46c0      	nop			@ (mov r8, r8)
10001022:	46c0      	nop			@ (mov r8, r8)
10001024:	46c0      	nop			@ (mov r8, r8)
10001026:	46c0      	nop			@ (mov r8, r8)
10001028:	46c0      	nop			@ (mov r8, r8)
1000102a:	46c0      	nop			@ (mov r8, r8)
1000102c:	615a      	str	r2, [r3, #20]
1000102e:	46c0      	nop			@ (mov r8, r8)
10001030:	46c0      	nop			@ (mov r8, r8)
10001032:	46c0      	nop			@ (mov r8, r8)
10001034:	46c0      	nop			@ (mov r8, r8)
10001036:	619a      	str	r2, [r3, #24]
10001038:	46c0      	nop			@ (mov r8, r8)
1000103a:	46c0      	nop			@ (mov r8, r8)
1000103c:	46c0      	nop			@ (mov r8, r8)
1000103e:	46c0      	nop			@ (mov r8, r8)
10001040:	46c0      	nop			@ (mov r8, r8)
10001042:	46c0      	nop			@ (mov r8, r8)
10001044:	46c0      	nop			@ (mov r8, r8)
10001046:	46c0      	nop			@ (mov r8, r8)
10001048:	46c0      	nop			@ (mov r8, r8)
1000104a:	46c0      	nop			@ (mov r8, r8)
1000104c:	615a      	str	r2, [r3, #20]
1000104e:	46c0      	nop			@ (mov r8, r8)
10001050:	46c0      	nop			@ (mov r8, r8)
10001052:	46c0      	nop			@ (mov r8, r8)
10001054:	46c0      	nop			@ (mov r8, r8)
10001056:	619a      	str	r2, [r3, #24]
10001058:	46c0      	nop			@ (mov r8, r8)
1000105a:	46c0      	nop			@ (mov r8, r8)
1000105c:	46c0      	nop			@ (mov r8, r8)
1000105e:	46c0      	nop			@ (mov r8, r8)
10001060:	46c0      	nop			@ (mov r8, r8)
10001062:	46c0      	nop			@ (mov r8, r8)
10001064:	46c0      	nop			@ (mov r8, r8)
10001066:	46c0      	nop			@ (mov r8, r8)
10001068:	46c0      	nop			@ (mov r8, r8)
1000106a:	46c0      	nop			@ (mov r8, r8)
1000106c:	615a      	str	r2, [r3, #20]
1000106e:	46c0      	nop			@ (mov r8, r8)
10001070:	46c0      	nop			@ (mov r8, r8)
10001072:	46c0      	nop			@ (mov r8, r8)
10001074:	46c0      	nop			@ (mov r8, r8)
10001076:	619a      	str	r2, [r3, #24]
10001078:	46c0      	nop			@ (mov r8, r8)
1000107a:	46c0      	nop			@ (mov r8, r8)
1000107c:	46c0      	nop			@ (mov r8, r8)
1000107e:	46c0      	nop			@ (mov r8, r8)
10001080:	46c0      	nop			@ (mov r8, r8)
10001082:	46c0      	nop			@ (mov r8, r8)
10001084:	46c0      	nop			@ (mov r8, r8)
10001086:	46c0      	nop			@ (mov r8, r8)
10001088:	46c0      	nop			@ (mov r8, r8)
1000108a:	46c0      	nop			@ (mov r8, r8)
1000108c:	615a      	str	r2, [r3, #20]
1000108e:	46c0      	nop			@ (mov r8, r8)
10001090:	46c0      	nop			@ (mov r8, r8)
10001092:	46c0      	nop			@ (mov r8, r8)
10001094:	46c0      	nop			@ (mov r8, r8)
10001096:	619a      	str	r2, [r3, #24]
10001098:	46c0      	nop			@ (mov r8, r8)
1000109a:	46c0      	nop			@ (mov r8, r8)
1000109c:	46c0      	nop			@ (mov r8, r8)
1000109e:	46c0      	nop			@ (mov r8, r8)
100010a0:	46c0      	nop			@ (mov r8, r8)
100010a2:	46c0      	nop			@ (mov r8, r8)
100010a4:	46c0      	nop			@ (mov r8, r8)
100010a6:	46c0      	nop			@ (mov r8, r8)
100010a8:	46c0      	nop			@ (mov r8, r8)
100010aa:	46c0      	nop			@ (mov r8, r8)
100010ac:	615a      	str	r2, [r3, #20]
100010ae:	46c0      	nop			@ (mov r8, r8)
100010b0:	46c0      	nop			@ (mov r8, r8)
100010b2:	46c0      	nop			@ (mov r8, r8)
100010b4:	46c0      	nop			@ (mov r8, r8)
100010b6:	619a      	str	r2, [r3, #24]
100010b8:	46c0      	nop			@ (mov r8, r8)
100010ba:	46c0      	nop			@ (mov r8, r8)
100010bc:	46c0      	nop			@ (mov r8, r8)
100010be:	46c0      	nop			@ (mov r8, r8)
100010c0:	46c0      	nop			@ (mov r8, r8)
100010c2:	46c0      	nop			@ (mov r8, r8)
100010c4:	46c0      	nop			@ (mov r8, r8)
100010c6:	46c0      	nop			@ (mov r8, r8)
100010c8:	46c0      	nop			@ (mov r8, r8)
100010ca:	46c0      	nop			@ (mov r8, r8)
100010cc:	2107      	movs	r1, #7
100010ce:	2906      	cmp	r1, #6
100010d0:	d11e      	bne.n	10001110 <on_trade_complete+0xc88>
100010d2:	615a      	str	r2, [r3, #20]
100010d4:	46c0      	nop			@ (mov r8, r8)
100010d6:	46c0      	nop			@ (mov r8, r8)
100010d8:	46c0      	nop			@ (mov r8, r8)
100010da:	46c0      	nop			@ (mov r8, r8)
100010dc:	46c0      	nop			@ (mov r8, r8)
100010de:	46c0      	nop			@ (mov r8, r8)
100010e0:	46c0      	nop			@ (mov r8, r8)
100010e2:	46c0      	nop			@ (mov r8, r8)
100010e4:	46c0      	nop			@ (mov r8, r8)
100010e6:	46c0      	nop			@ (mov r8, r8)
100010e8:	46c0      	nop			@ (mov r8, r8)
100010ea:	46c0      	nop			@ (mov r8, r8)
100010ec:	46c0      	nop			@ (mov r8, r8)
100010ee:	46c0      	nop			@ (mov r8, r8)
100010f0:	46c0      	nop			@ (mov r8, r8)
100010f2:	46c0      	nop			@ (mov r8, r8)
100010f4:	46c0      	nop			@ (mov r8, r8)
100010f6:	46c0      	nop			@ (mov r8, r8)
100010f8:	46c0      	nop			@ (mov r8, r8)
100010fa:	46c0      	nop			@ (mov r8, r8)
100010fc:	619a      	str	r2, [r3, #24]
100010fe:	46c0      	nop			@ (mov r8, r8)
10001100:	46c0      	nop			@ (mov r8, r8)
10001102:	46c0      	nop			@ (mov r8, r8)
10001104:	46c0      	nop			@ (mov r8, r8)
10001106:	3901      	subs	r1, #1
10001108:	e002      	b.n	10001110 <on_trade_complete+0xc88>
1000110a:	46c0      	nop			@ (mov r8, r8)
1000110c:	1000b0c8 	.word	0x1000b0c8
10001110:	615a      	str	r2, [r3, #20]
10001112:	46c0      	nop			@ (mov r8, r8)
10001114:	46c0      	nop			@ (mov r8, r8)
10001116:	46c0      	nop			@ (mov r8, r8)
10001118:	46c0      	nop			@ (mov r8, r8)
1000111a:	619a      	str	r2, [r3, #24]
1000111c:	46c0      	nop			@ (mov r8, r8)
1000111e:	46c0      	nop			@ (mov r8, r8)
10001120:	46c0      	nop			@ (mov r8, r8)
10001122:	46c0      	nop			@ (mov r8, r8)
10001124:	46c0      	nop			@ (mov r8, r8)
10001126:	46c0      	nop			@ (mov r8, r8)
10001128:	46c0      	nop			@ (mov r8, r8)
1000112a:	46c0      	nop			@ (mov r8, r8)
1000112c:	46c0      	nop			@ (mov r8, r8)
1000112e:	46c0      	nop			@ (mov r8, r8)
10001130:	3901      	subs	r1, #1
10001132:	d2cc      	bcs.n	100010ce <on_trade_complete+0xc46>
10001134:	615a      	str	r2, [r3, #20]
10001136:	46c0      	nop			@ (mov r8, r8)
10001138:	46c0      	nop			@ (mov r8, r8)
1000113a:	46c0      	nop			@ (mov r8, r8)
1000113c:	46c0      	nop			@ (mov r8, r8)
1000113e:	619a      	str	r2, [r3, #24]
10001140:	46c0      	nop			@ (mov r8, r8)
10001142:	46c0      	nop			@ (mov r8, r8)
10001144:	46c0      	nop			@ (mov r8, r8)
10001146:	46c0      	nop			@ (mov r8, r8)
10001148:	46c0      	nop			@ (mov r8, r8)
1000114a:	46c0      	nop			@ (mov r8, r8)
1000114c:	46c0      	nop			@ (mov r8, r8)
1000114e:	46c0      	nop			@ (mov r8, r8)
10001150:	46c0      	nop			@ (mov r8, r8)
10001152:	46c0      	nop			@ (mov r8, r8)
10001154:	615a      	str	r2, [r3, #20]
10001156:	46c0      	nop			@ (mov r8, r8)
10001158:	46c0      	nop			@ (mov r8, r8)
1000115a:	46c0      	nop			@ (mov r8, r8)
1000115c:	46c0      	nop			@ (mov r8, r8)
1000115e:	619a      	str	r2, [r3, #24]
10001160:	46c0      	nop			@ (mov r8, r8)
10001162:	46c0      	nop			@ (mov r8, r8)
10001164:	46c0      	nop			@ (mov r8, r8)
10001166:	46c0      	nop			@ (mov r8, r8)
10001168:	46c0      	nop			@ (mov r8, r8)
1000116a:	46c0      	nop			@ (mov r8, r8)
1000116c:	46c0      	nop			@ (mov r8, r8)
1000116e:	46c0      	nop			@ (mov r8, r8)
10001170:	46c0      	nop			@ (mov r8, r8)
10001172:	46c0      	nop			@ (mov r8, r8)
10001174:	615a      	str	r2, [r3, #20]
10001176:	46c0      	nop			@ (mov r8, r8)
10001178:	46c0      	nop			@ (mov r8, r8)
1000117a:	46c0      	nop			@ (mov r8, r8)
1000117c:	46c0      	nop			@ (mov r8, r8)
1000117e:	619a      	str	r2, [r3, #24]
10001180:	46c0      	nop			@ (mov r8, r8)
10001182:	46c0      	nop			@ (mov r8, r8)
10001184:	46c0      	nop			@ (mov r8, r8)
10001186:	46c0      	nop			@ (mov r8, r8)
10001188:	46c0      	nop			@ (mov r8, r8)
1000118a:	46c0      	nop			@ (mov r8, r8)
1000118c:	46c0      	nop			@ (mov r8, r8)
1000118e:	46c0      	nop			@ (mov r8, r8)
10001190:	46c0      	nop			@ (mov r8, r8)
10001192:	46c0      	nop			@ (mov r8, r8)
10001194:	615a      	str	r2, [r3, #20]
10001196:	46c0      	nop			@ (mov r8, r8)
10001198:	46c0      	nop			@ (mov r8, r8)
1000119a:	46c0      	nop			@ (mov r8, r8)
1000119c:	46c0      	nop			@ (mov r8, r8)
1000119e:	619a      	str	r2, [r3, #24]
100011a0:	46c0      	nop			@ (mov r8, r8)
100011a2:	46c0      	nop			@ (mov r8, r8)
100011a4:	46c0      	nop			@ (mov r8, r8)
100011a6:	46c0      	nop			@ (mov r8, r8)
100011a8:	46c0      	nop			@ (mov r8, r8)
100011aa:	46c0      	nop			@ (mov r8, r8)
100011ac:	46c0      	nop			@ (mov r8, r8)
100011ae:	46c0      	nop			@ (mov r8, r8)
100011b0:	46c0      	nop			@ (mov r8, r8)
100011b2:	46c0      	nop			@ (mov r8, r8)
100011b4:	615a      	str	r2, [r3, #20]
100011b6:	46c0      	nop			@ (mov r8, r8)
100011b8:	46c0      	nop			@ (mov r8, r8)
100011ba:	46c0      	nop			@ (mov r8, r8)
100011bc:	46c0      	nop			@ (mov r8, r8)
100011be:	619a      	str	r2, [r3, #24]
100011c0:	46c0      	nop			@ (mov r8, r8)
100011c2:	46c0      	nop			@ (mov r8, r8)
100011c4:	46c0      	nop			@ (mov r8, r8)
100011c6:	46c0      	nop			@ (mov r8, r8)
100011c8:	46c0      	nop			@ (mov r8, r8)
100011ca:	46c0      	nop			@ (mov r8, r8)
100011cc:	46c0      	nop			@ (mov r8, r8)
100011ce:	46c0      	nop			@ (mov r8, r8)
100011d0:	46c0      	nop			@ (mov r8, r8)
100011d2:	46c0      	nop			@ (mov r8, r8)
100011d4:	615a      	str	r2, [r3, #20]
100011d6:	46c0      	nop			@ (mov r8, r8)
100011d8:	46c0      	nop			@ (mov r8, r8)
100011da:	46c0      	nop			@ (mov r8, r8)
100011dc:	46c0      	nop			@ (mov r8, r8)
100011de:	619a      	str	r2, [r3, #24]
100011e0:	46c0      	nop			@ (mov r8, r8)
100011e2:	46c0      	nop			@ (mov r8, r8)
100011e4:	46c0      	nop			@ (mov r8, r8)
100011e6:	46c0      	nop			@ (mov r8, r8)
100011e8:	46c0      	nop			@ (mov r8, r8)
100011ea:	46c0      	nop			@ (mov r8, r8)
100011ec:	46c0      	nop			@ (mov r8, r8)
100011ee:	46c0      	nop			@ (mov r8, r8)
100011f0:	46c0      	nop			@ (mov r8, r8)
100011f2:	46c0      	nop			@ (mov r8, r8)
100011f4:	615a      	str	r2, [r3, #20]
100011f6:	46c0      	nop			@ (mov r8, r8)
100011f8:	46c0      	nop			@ (mov r8, r8)
100011fa:	46c0      	nop			@ (mov r8, r8)
100011fc:	46c0      	nop			@ (mov r8, r8)
100011fe:	619a      	str	r2, [r3, #24]
10001200:	46c0      	nop			@ (mov r8, r8)
10001202:	46c0      	nop			@ (mov r8, r8)
10001204:	46c0      	nop			@ (mov r8, r8)
10001206:	46c0      	nop			@ (mov r8, r8)
10001208:	46c0      	nop			@ (mov r8, r8)
1000120a:	46c0      	nop			@ (mov r8, r8)
1000120c:	46c0      	nop			@ (mov r8, r8)
1000120e:	46c0      	nop			@ (mov r8, r8)
10001210:	46c0      	nop			@ (mov r8, r8)
10001212:	46c0      	nop			@ (mov r8, r8)
10001214:	615a      	str	r2, [r3, #20]
10001216:	46c0      	nop			@ (mov r8, r8)
10001218:	46c0      	nop			@ (mov r8, r8)
1000121a:	46c0      	nop			@ (mov r8, r8)
1000121c:	46c0      	nop			@ (mov r8, r8)
1000121e:	619a      	str	r2, [r3, #24]
10001220:	46c0      	nop			@ (mov r8, r8)
10001222:	46c0      	nop			@ (mov r8, r8)
10001224:	46c0      	nop			@ (mov r8, r8)
10001226:	46c0      	nop			@ (mov r8, r8)
10001228:	46c0      	nop			@ (mov r8, r8)
1000122a:	46c0      	nop			@ (mov r8, r8)
1000122c:	46c0      	nop			@ (mov r8, r8)
1000122e:	46c0      	nop			@ (mov r8, r8)
10001230:	46c0      	nop			@ (mov r8, r8)
10001232:	46c0      	nop			@ (mov r8, r8)
10001234:	f380 8810 	msr	PRIMASK, r0
10001238:	203c      	movs	r0, #60	@ 0x3c
1000123a:	2100      	movs	r1, #0
1000123c:	f003 ff92 	bl	10005164 <sleep_us>
10001240:	20fa      	movs	r0, #250	@ 0xfa
10001242:	0040      	lsls	r0, r0, #1
10001244:	f004 f804 	bl	10005250 <sleep_ms>
10001248:	f7ff fc14 	bl	10000a74 <on_trade_complete+0x5ec>

1000124c <update_led_for_state>:
1000124c:	b510      	push	{r4, lr}
1000124e:	2807      	cmp	r0, #7
10001250:	d809      	bhi.n	10001266 <update_led_for_state+0x1a>
10001252:	4b0b      	ldr	r3, [pc, #44]	@ (10001280 <update_led_for_state+0x34>)
10001254:	0080      	lsls	r0, r0, #2
10001256:	581b      	ldr	r3, [r3, r0]
10001258:	469f      	mov	pc, r3
1000125a:	2220      	movs	r2, #32
1000125c:	2120      	movs	r1, #32
1000125e:	2000      	movs	r0, #0
10001260:	f7ff f85e 	bl	10000320 <set_led>
10001264:	bd10      	pop	{r4, pc}
10001266:	2220      	movs	r2, #32
10001268:	2100      	movs	r1, #0
1000126a:	2000      	movs	r0, #0
1000126c:	f7ff f858 	bl	10000320 <set_led>
10001270:	e7f8      	b.n	10001264 <update_led_for_state+0x18>
10001272:	2200      	movs	r2, #0
10001274:	2140      	movs	r1, #64	@ 0x40
10001276:	2000      	movs	r0, #0
10001278:	f7ff f852 	bl	10000320 <set_led>
1000127c:	e7f2      	b.n	10001264 <update_led_for_state+0x18>
1000127e:	46c0      	nop			@ (mov r8, r8)
10001280:	1000c71c 	.word	0x1000c71c
10001284:	f3ef 8010 	mrs	r0, PRIMASK
10001288:	b672      	cpsid	i
1000128a:	21d0      	movs	r1, #208	@ 0xd0
1000128c:	2280      	movs	r2, #128	@ 0x80
1000128e:	2307      	movs	r3, #7
10001290:	0609      	lsls	r1, r1, #24
10001292:	0252      	lsls	r2, r2, #9
10001294:	2b05      	cmp	r3, #5
10001296:	d11a      	bne.n	100012ce <update_led_for_state+0x82>
10001298:	614a      	str	r2, [r1, #20]
1000129a:	46c0      	nop			@ (mov r8, r8)
1000129c:	46c0      	nop			@ (mov r8, r8)
1000129e:	46c0      	nop			@ (mov r8, r8)
100012a0:	46c0      	nop			@ (mov r8, r8)
100012a2:	46c0      	nop			@ (mov r8, r8)
100012a4:	46c0      	nop			@ (mov r8, r8)
100012a6:	46c0      	nop			@ (mov r8, r8)
100012a8:	46c0      	nop			@ (mov r8, r8)
100012aa:	46c0      	nop			@ (mov r8, r8)
100012ac:	46c0      	nop			@ (mov r8, r8)
100012ae:	46c0      	nop			@ (mov r8, r8)
100012b0:	46c0      	nop			@ (mov r8, r8)
100012b2:	46c0      	nop			@ (mov r8, r8)
100012b4:	46c0      	nop			@ (mov r8, r8)
100012b6:	46c0      	nop			@ (mov r8, r8)
100012b8:	46c0      	nop			@ (mov r8, r8)
100012ba:	46c0      	nop			@ (mov r8, r8)
100012bc:	46c0      	nop			@ (mov r8, r8)
100012be:	46c0      	nop			@ (mov r8, r8)
100012c0:	46c0      	nop			@ (mov r8, r8)
100012c2:	618a      	str	r2, [r1, #24]
100012c4:	46c0      	nop			@ (mov r8, r8)
100012c6:	46c0      	nop			@ (mov r8, r8)
100012c8:	46c0      	nop			@ (mov r8, r8)
100012ca:	46c0      	nop			@ (mov r8, r8)
100012cc:	3b01      	subs	r3, #1
100012ce:	614a      	str	r2, [r1, #20]
100012d0:	46c0      	nop			@ (mov r8, r8)
100012d2:	46c0      	nop			@ (mov r8, r8)
100012d4:	46c0      	nop			@ (mov r8, r8)
100012d6:	46c0      	nop			@ (mov r8, r8)
100012d8:	618a      	str	r2, [r1, #24]
100012da:	46c0      	nop			@ (mov r8, r8)
100012dc:	46c0      	nop			@ (mov r8, r8)
100012de:	46c0      	nop			@ (mov r8, r8)
100012e0:	46c0      	nop			@ (mov r8, r8)
100012e2:	46c0      	nop			@ (mov r8, r8)
100012e4:	46c0      	nop			@ (mov r8, r8)
100012e6:	46c0      	nop			@ (mov r8, r8)
100012e8:	46c0      	nop			@ (mov r8, r8)
100012ea:	46c0      	nop			@ (mov r8, r8)
100012ec:	46c0      	nop			@ (mov r8, r8)
100012ee:	3b01      	subs	r3, #1
100012f0:	d2d0      	bcs.n	10001294 <update_led_for_state+0x48>
100012f2:	23d0      	movs	r3, #208	@ 0xd0
100012f4:	2280      	movs	r2, #128	@ 0x80
100012f6:	2107      	movs	r1, #7
100012f8:	061b      	lsls	r3, r3, #24
100012fa:	0252      	lsls	r2, r2, #9
100012fc:	2906      	cmp	r1, #6
100012fe:	d11a      	bne.n	10001336 <update_led_for_state+0xea>
10001300:	615a      	str	r2, [r3, #20]
10001302:	46c0      	nop			@ (mov r8, r8)
10001304:	46c0      	nop			@ (mov r8, r8)
10001306:	46c0      	nop			@ (mov r8, r8)
10001308:	46c0      	nop			@ (mov r8, r8)
1000130a:	46c0      	nop			@ (mov r8, r8)
1000130c:	46c0      	nop			@ (mov r8, r8)
1000130e:	46c0      	nop			@ (mov r8, r8)
10001310:	46c0      	nop			@ (mov r8, r8)
10001312:	46c0      	nop			@ (mov r8, r8)
10001314:	46c0      	nop			@ (mov r8, r8)
10001316:	46c0      	nop			@ (mov r8, r8)
10001318:	46c0      	nop			@ (mov r8, r8)
1000131a:	46c0      	nop			@ (mov r8, r8)
1000131c:	46c0      	nop			@ (mov r8, r8)
1000131e:	46c0      	nop			@ (mov r8, r8)
10001320:	46c0      	nop			@ (mov r8, r8)
10001322:	46c0      	nop			@ (mov r8, r8)
10001324:	46c0      	nop			@ (mov r8, r8)
10001326:	46c0      	nop			@ (mov r8, r8)
10001328:	46c0      	nop			@ (mov r8, r8)
1000132a:	619a      	str	r2, [r3, #24]
1000132c:	46c0      	nop			@ (mov r8, r8)
1000132e:	46c0      	nop			@ (mov r8, r8)
10001330:	46c0      	nop			@ (mov r8, r8)
10001332:	46c0      	nop			@ (mov r8, r8)
10001334:	3901      	subs	r1, #1
10001336:	615a      	str	r2, [r3, #20]
10001338:	46c0      	nop			@ (mov r8, r8)
1000133a:	46c0      	nop			@ (mov r8, r8)
1000133c:	46c0      	nop			@ (mov r8, r8)
1000133e:	46c0      	nop			@ (mov r8, r8)
10001340:	619a      	str	r2, [r3, #24]
10001342:	46c0      	nop			@ (mov r8, r8)
10001344:	46c0      	nop			@ (mov r8, r8)
10001346:	46c0      	nop			@ (mov r8, r8)
10001348:	46c0      	nop			@ (mov r8, r8)
1000134a:	46c0      	nop			@ (mov r8, r8)
1000134c:	46c0      	nop			@ (mov r8, r8)
1000134e:	46c0      	nop			@ (mov r8, r8)
10001350:	46c0      	nop			@ (mov r8, r8)
10001352:	46c0      	nop			@ (mov r8, r8)
10001354:	46c0      	nop			@ (mov r8, r8)
10001356:	3901      	subs	r1, #1
10001358:	d2d0      	bcs.n	100012fc <update_led_for_state+0xb0>
1000135a:	615a      	str	r2, [r3, #20]
1000135c:	46c0      	nop			@ (mov r8, r8)
1000135e:	46c0      	nop			@ (mov r8, r8)
10001360:	46c0      	nop			@ (mov r8, r8)
10001362:	46c0      	nop			@ (mov r8, r8)
10001364:	619a      	str	r2, [r3, #24]
10001366:	46c0      	nop			@ (mov r8, r8)
10001368:	46c0      	nop			@ (mov r8, r8)
1000136a:	46c0      	nop			@ (mov r8, r8)
1000136c:	46c0      	nop			@ (mov r8, r8)
1000136e:	46c0      	nop			@ (mov r8, r8)
10001370:	46c0      	nop			@ (mov r8, r8)
10001372:	46c0      	nop			@ (mov r8, r8)
10001374:	46c0      	nop			@ (mov r8, r8)
10001376:	46c0      	nop			@ (mov r8, r8)
10001378:	46c0      	nop			@ (mov r8, r8)
1000137a:	615a      	str	r2, [r3, #20]
1000137c:	46c0      	nop			@ (mov r8, r8)
1000137e:	46c0      	nop			@ (mov r8, r8)
10001380:	46c0      	nop			@ (mov r8, r8)
10001382:	46c0      	nop			@ (mov r8, r8)
10001384:	619a      	str	r2, [r3, #24]
10001386:	46c0      	nop			@ (mov r8, r8)
10001388:	46c0      	nop			@ (mov r8, r8)
1000138a:	46c0      	nop			@ (mov r8, r8)
1000138c:	46c0      	nop			@ (mov r8, r8)
1000138e:	46c0      	nop			@ (mov r8, r8)
10001390:	46c0      	nop			@ (mov r8, r8)
10001392:	46c0      	nop			@ (mov r8, r8)
10001394:	46c0      	nop			@ (mov r8, r8)
10001396:	46c0      	nop			@ (mov r8, r8)
10001398:	46c0      	nop			@ (mov r8, r8)
1000139a:	615a      	str	r2, [r3, #20]
1000139c:	46c0      	nop			@ (mov r8, r8)
1000139e:	46c0      	nop			@ (mov r8, r8)
100013a0:	46c0      	nop			@ (mov r8, r8)
100013a2:	46c0      	nop			@ (mov r8, r8)
100013a4:	619a      	str	r2, [r3, #24]
100013a6:	46c0      	nop			@ (mov r8, r8)
100013a8:	46c0      	nop			@ (mov r8, r8)
100013aa:	46c0      	nop			@ (mov r8, r8)
100013ac:	46c0      	nop			@ (mov r8, r8)
100013ae:	46c0      	nop			@ (mov r8, r8)
100013b0:	46c0      	nop			@ (mov r8, r8)
100013b2:	46c0      	nop			@ (mov r8, r8)
100013b4:	46c0      	nop			@ (mov r8, r8)
100013b6:	46c0      	nop			@ (mov r8, r8)
100013b8:	46c0      	nop			@ (mov r8, r8)
100013ba:	615a      	str	r2, [r3, #20]
100013bc:	46c0      	nop			@ (mov r8, r8)
100013be:	46c0      	nop			@ (mov r8, r8)
100013c0:	46c0      	nop			@ (mov r8, r8)
100013c2:	46c0      	nop			@ (mov r8, r8)
100013c4:	619a      	str	r2, [r3, #24]
100013c6:	46c0      	nop			@ (mov r8, r8)
100013c8:	46c0      	nop			@ (mov r8, r8)
100013ca:	46c0      	nop			@ (mov r8, r8)
100013cc:	46c0      	nop			@ (mov r8, r8)
100013ce:	46c0      	nop			@ (mov r8, r8)
100013d0:	46c0      	nop			@ (mov r8, r8)
100013d2:	46c0      	nop			@ (mov r8, r8)
100013d4:	46c0      	nop			@ (mov r8, r8)
100013d6:	46c0      	nop			@ (mov r8, r8)
100013d8:	46c0      	nop			@ (mov r8, r8)
100013da:	615a      	str	r2, [r3, #20]
100013dc:	46c0      	nop			@ (mov r8, r8)
100013de:	46c0      	nop			@ (mov r8, r8)
100013e0:	46c0      	nop			@ (mov r8, r8)
100013e2:	46c0      	nop			@ (mov r8, r8)
100013e4:	619a      	str	r2, [r3, #24]
100013e6:	46c0      	nop			@ (mov r8, r8)
100013e8:	46c0      	nop			@ (mov r8, r8)
100013ea:	46c0      	nop			@ (mov r8, r8)
100013ec:	46c0      	nop			@ (mov r8, r8)
100013ee:	46c0      	nop			@ (mov r8, r8)
100013f0:	46c0      	nop			@ (mov r8, r8)
100013f2:	46c0      	nop			@ (mov r8, r8)
100013f4:	46c0      	nop			@ (mov r8, r8)
100013f6:	46c0      	nop			@ (mov r8, r8)
100013f8:	46c0      	nop			@ (mov r8, r8)
100013fa:	615a      	str	r2, [r3, #20]
100013fc:	46c0      	nop			@ (mov r8, r8)
100013fe:	46c0      	nop			@ (mov r8, r8)
10001400:	46c0      	nop			@ (mov r8, r8)
10001402:	46c0      	nop			@ (mov r8, r8)
10001404:	619a      	str	r2, [r3, #24]
10001406:	46c0      	nop			@ (mov r8, r8)
10001408:	46c0      	nop			@ (mov r8, r8)
1000140a:	46c0      	nop			@ (mov r8, r8)
1000140c:	46c0      	nop			@ (mov r8, r8)
1000140e:	46c0      	nop			@ (mov r8, r8)
10001410:	46c0      	nop			@ (mov r8, r8)
10001412:	46c0      	nop			@ (mov r8, r8)
10001414:	46c0      	nop			@ (mov r8, r8)
10001416:	46c0      	nop			@ (mov r8, r8)
10001418:	46c0      	nop			@ (mov r8, r8)
1000141a:	615a      	str	r2, [r3, #20]
1000141c:	46c0      	nop			@ (mov r8, r8)
1000141e:	46c0      	nop			@ (mov r8, r8)
10001420:	46c0      	nop			@ (mov r8, r8)
10001422:	46c0      	nop			@ (mov r8, r8)
10001424:	619a      	str	r2, [r3, #24]
10001426:	46c0      	nop			@ (mov r8, r8)
10001428:	46c0      	nop			@ (mov r8, r8)
1000142a:	46c0      	nop			@ (mov r8, r8)
1000142c:	46c0      	nop			@ (mov r8, r8)
1000142e:	46c0      	nop			@ (mov r8, r8)
10001430:	46c0      	nop			@ (mov r8, r8)
10001432:	46c0      	nop			@ (mov r8, r8)
10001434:	46c0      	nop			@ (mov r8, r8)
10001436:	46c0      	nop			@ (mov r8, r8)
10001438:	46c0      	nop			@ (mov r8, r8)
1000143a:	615a      	str	r2, [r3, #20]
1000143c:	46c0      	nop			@ (mov r8, r8)
1000143e:	46c0      	nop			@ (mov r8, r8)
10001440:	46c0      	nop			@ (mov r8, r8)
10001442:	46c0      	nop			@ (mov r8, r8)
10001444:	619a      	str	r2, [r3, #24]
10001446:	46c0      	nop			@ (mov r8, r8)
10001448:	46c0      	nop			@ (mov r8, r8)
1000144a:	46c0      	nop			@ (mov r8, r8)
1000144c:	46c0      	nop			@ (mov r8, r8)
1000144e:	46c0      	nop			@ (mov r8, r8)
10001450:	46c0      	nop			@ (mov r8, r8)
10001452:	46c0      	nop			@ (mov r8, r8)
10001454:	46c0      	nop			@ (mov r8, r8)
10001456:	46c0      	nop			@ (mov r8, r8)
10001458:	46c0      	nop			@ (mov r8, r8)
1000145a:	f380 8810 	msr	PRIMASK, r0
1000145e:	203c      	movs	r0, #60	@ 0x3c
10001460:	2100      	movs	r1, #0
10001462:	f003 fe7f 	bl	10005164 <sleep_us>
10001466:	e6fd      	b.n	10001264 <update_led_for_state+0x18>
10001468:	f3ef 8010 	mrs	r0, PRIMASK
1000146c:	b672      	cpsid	i
1000146e:	23d0      	movs	r3, #208	@ 0xd0
10001470:	2280      	movs	r2, #128	@ 0x80
10001472:	061b      	lsls	r3, r3, #24
10001474:	0252      	lsls	r2, r2, #9
10001476:	615a      	str	r2, [r3, #20]
10001478:	46c0      	nop			@ (mov r8, r8)
1000147a:	46c0      	nop			@ (mov r8, r8)
1000147c:	46c0      	nop			@ (mov r8, r8)
1000147e:	46c0      	nop			@ (mov r8, r8)
10001480:	619a      	str	r2, [r3, #24]
10001482:	46c0      	nop			@ (mov r8, r8)
10001484:	46c0      	nop			@ (mov r8, r8)
10001486:	46c0      	nop			@ (mov r8, r8)
10001488:	46c0      	nop			@ (mov r8, r8)
1000148a:	46c0      	nop			@ (mov r8, r8)
1000148c:	46c0      	nop			@ (mov r8, r8)
1000148e:	46c0      	nop			@ (mov r8, r8)
10001490:	46c0      	nop			@ (mov r8, r8)
10001492:	46c0      	nop			@ (mov r8, r8)
10001494:	46c0      	nop			@ (mov r8, r8)
10001496:	615a      	str	r2, [r3, #20]
10001498:	46c0      	nop			@ (mov r8, r8)
1000149a:	46c0      	nop			@ (mov r8, r8)
1000149c:	46c0      	nop			@ (mov r8, r8)
1000149e:	46c0      	nop			@ (mov r8, r8)
100014a0:	619a      	str	r2, [r3, #24]
100014a2:	46c0      	nop			@ (mov r8, r8)
100014a4:	46c0      	nop			@ (mov r8, r8)
100014a6:	46c0      	nop			@ (mov r8, r8)
100014a8:	46c0      	nop			@ (mov r8, r8)
100014aa:	46c0      	nop			@ (mov r8, r8)
100014ac:	46c0      	nop			@ (mov r8, r8)
100014ae:	46c0      	nop			@ (mov r8, r8)
100014b0:	46c0      	nop			@ (mov r8, r8)
100014b2:	46c0      	nop			@ (mov r8, r8)
100014b4:	46c0      	nop			@ (mov r8, r8)
100014b6:	615a      	str	r2, [r3, #20]
100014b8:	46c0      	nop			@ (mov r8, r8)
100014ba:	46c0      	nop			@ (mov r8, r8)
100014bc:	46c0      	nop			@ (mov r8, r8)
100014be:	46c0      	nop			@ (mov r8, r8)
100014c0:	619a      	str	r2, [r3, #24]
100014c2:	46c0      	nop			@ (mov r8, r8)
100014c4:	46c0      	nop			@ (mov r8, r8)
100014c6:	46c0      	nop			@ (mov r8, r8)
100014c8:	46c0      	nop			@ (mov r8, r8)
100014ca:	46c0      	nop			@ (mov r8, r8)
100014cc:	46c0      	nop			@ (mov r8, r8)
100014ce:	46c0      	nop			@ (mov r8, r8)
100014d0:	46c0      	nop			@ (mov r8, r8)
100014d2:	46c0      	nop			@ (mov r8, r8)
100014d4:	46c0      	nop			@ (mov r8, r8)
100014d6:	615a      	str	r2, [r3, #20]
100014d8:	46c0      	nop			@ (mov r8, r8)
100014da:	46c0      	nop			@ (mov r8, r8)
100014dc:	46c0      	nop			@ (mov r8, r8)
100014de:	46c0      	nop			@ (mov r8, r8)
100014e0:	619a      	str	r2, [r3, #24]
100014e2:	46c0      	nop			@ (mov r8, r8)
100014e4:	46c0      	nop			@ (mov r8, r8)
100014e6:	46c0      	nop			@ (mov r8, r8)
100014e8:	46c0      	nop			@ (mov r8, r8)
100014ea:	46c0      	nop			@ (mov r8, r8)
100014ec:	46c0      	nop			@ (mov r8, r8)
100014ee:	46c0      	nop			@ (mov r8, r8)
100014f0:	46c0      	nop			@ (mov r8, r8)
100014f2:	46c0      	nop			@ (mov r8, r8)
100014f4:	46c0      	nop			@ (mov r8, r8)
100014f6:	615a      	str	r2, [r3, #20]
100014f8:	46c0      	nop			@ (mov r8, r8)
100014fa:	46c0      	nop			@ (mov r8, r8)
100014fc:	46c0      	nop			@ (mov r8, r8)
100014fe:	46c0      	nop			@ (mov r8, r8)
10001500:	619a      	str	r2, [r3, #24]
10001502:	46c0      	nop			@ (mov r8, r8)
10001504:	46c0      	nop			@ (mov r8, r8)
10001506:	46c0      	nop			@ (mov r8, r8)
10001508:	46c0      	nop			@ (mov r8, r8)
1000150a:	46c0      	nop			@ (mov r8, r8)
1000150c:	46c0      	nop			@ (mov r8, r8)
1000150e:	46c0      	nop			@ (mov r8, r8)
10001510:	46c0      	nop			@ (mov r8, r8)
10001512:	46c0      	nop			@ (mov r8, r8)
10001514:	46c0      	nop			@ (mov r8, r8)
10001516:	615a      	str	r2, [r3, #20]
10001518:	46c0      	nop			@ (mov r8, r8)
1000151a:	46c0      	nop			@ (mov r8, r8)
1000151c:	46c0      	nop			@ (mov r8, r8)
1000151e:	46c0      	nop			@ (mov r8, r8)
10001520:	619a      	str	r2, [r3, #24]
10001522:	46c0      	nop			@ (mov r8, r8)
10001524:	46c0      	nop			@ (mov r8, r8)
10001526:	46c0      	nop			@ (mov r8, r8)
10001528:	46c0      	nop			@ (mov r8, r8)
1000152a:	46c0      	nop			@ (mov r8, r8)
1000152c:	46c0      	nop			@ (mov r8, r8)
1000152e:	46c0      	nop			@ (mov r8, r8)
10001530:	46c0      	nop			@ (mov r8, r8)
10001532:	46c0      	nop			@ (mov r8, r8)
10001534:	46c0      	nop			@ (mov r8, r8)
10001536:	615a      	str	r2, [r3, #20]
10001538:	46c0      	nop			@ (mov r8, r8)
1000153a:	46c0      	nop			@ (mov r8, r8)
1000153c:	46c0      	nop			@ (mov r8, r8)
1000153e:	46c0      	nop			@ (mov r8, r8)
10001540:	619a      	str	r2, [r3, #24]
10001542:	46c0      	nop			@ (mov r8, r8)
10001544:	46c0      	nop			@ (mov r8, r8)
10001546:	46c0      	nop			@ (mov r8, r8)
10001548:	46c0      	nop			@ (mov r8, r8)
1000154a:	46c0      	nop			@ (mov r8, r8)
1000154c:	46c0      	nop			@ (mov r8, r8)
1000154e:	46c0      	nop			@ (mov r8, r8)
10001550:	46c0      	nop			@ (mov r8, r8)
10001552:	46c0      	nop			@ (mov r8, r8)
10001554:	46c0      	nop			@ (mov r8, r8)
10001556:	615a      	str	r2, [r3, #20]
10001558:	46c0      	nop			@ (mov r8, r8)
1000155a:	46c0      	nop			@ (mov r8, r8)
1000155c:	46c0      	nop			@ (mov r8, r8)
1000155e:	46c0      	nop			@ (mov r8, r8)
10001560:	619a      	str	r2, [r3, #24]
10001562:	46c0      	nop			@ (mov r8, r8)
10001564:	46c0      	nop			@ (mov r8, r8)
10001566:	46c0      	nop			@ (mov r8, r8)
10001568:	46c0      	nop			@ (mov r8, r8)
1000156a:	46c0      	nop			@ (mov r8, r8)
1000156c:	46c0      	nop			@ (mov r8, r8)
1000156e:	46c0      	nop			@ (mov r8, r8)
10001570:	46c0      	nop			@ (mov r8, r8)
10001572:	46c0      	nop			@ (mov r8, r8)
10001574:	46c0      	nop			@ (mov r8, r8)
10001576:	2107      	movs	r1, #7
10001578:	2906      	cmp	r1, #6
1000157a:	d11a      	bne.n	100015b2 <update_led_for_state+0x366>
1000157c:	615a      	str	r2, [r3, #20]
1000157e:	46c0      	nop			@ (mov r8, r8)
10001580:	46c0      	nop			@ (mov r8, r8)
10001582:	46c0      	nop			@ (mov r8, r8)
10001584:	46c0      	nop			@ (mov r8, r8)
10001586:	46c0      	nop			@ (mov r8, r8)
10001588:	46c0      	nop			@ (mov r8, r8)
1000158a:	46c0      	nop			@ (mov r8, r8)
1000158c:	46c0      	nop			@ (mov r8, r8)
1000158e:	46c0      	nop			@ (mov r8, r8)
10001590:	46c0      	nop			@ (mov r8, r8)
10001592:	46c0      	nop			@ (mov r8, r8)
10001594:	46c0      	nop			@ (mov r8, r8)
10001596:	46c0      	nop			@ (mov r8, r8)
10001598:	46c0      	nop			@ (mov r8, r8)
1000159a:	46c0      	nop			@ (mov r8, r8)
1000159c:	46c0      	nop			@ (mov r8, r8)
1000159e:	46c0      	nop			@ (mov r8, r8)
100015a0:	46c0      	nop			@ (mov r8, r8)
100015a2:	46c0      	nop			@ (mov r8, r8)
100015a4:	46c0      	nop			@ (mov r8, r8)
100015a6:	619a      	str	r2, [r3, #24]
100015a8:	46c0      	nop			@ (mov r8, r8)
100015aa:	46c0      	nop			@ (mov r8, r8)
100015ac:	46c0      	nop			@ (mov r8, r8)
100015ae:	46c0      	nop			@ (mov r8, r8)
100015b0:	3901      	subs	r1, #1
100015b2:	615a      	str	r2, [r3, #20]
100015b4:	46c0      	nop			@ (mov r8, r8)
100015b6:	46c0      	nop			@ (mov r8, r8)
100015b8:	46c0      	nop			@ (mov r8, r8)
100015ba:	46c0      	nop			@ (mov r8, r8)
100015bc:	619a      	str	r2, [r3, #24]
100015be:	46c0      	nop			@ (mov r8, r8)
100015c0:	46c0      	nop			@ (mov r8, r8)
100015c2:	46c0      	nop			@ (mov r8, r8)
100015c4:	46c0      	nop			@ (mov r8, r8)
100015c6:	46c0      	nop			@ (mov r8, r8)
100015c8:	46c0      	nop			@ (mov r8, r8)
100015ca:	46c0      	nop			@ (mov r8, r8)
100015cc:	46c0      	nop			@ (mov r8, r8)
100015ce:	46c0      	nop			@ (mov r8, r8)
100015d0:	46c0      	nop			@ (mov r8, r8)
100015d2:	3901      	subs	r1, #1
100015d4:	d2d0      	bcs.n	10001578 <update_led_for_state+0x32c>
100015d6:	21d0      	movs	r1, #208	@ 0xd0
100015d8:	2280      	movs	r2, #128	@ 0x80
100015da:	2307      	movs	r3, #7
100015dc:	0609      	lsls	r1, r1, #24
100015de:	0252      	lsls	r2, r2, #9
100015e0:	2b06      	cmp	r3, #6
100015e2:	d11a      	bne.n	1000161a <update_led_for_state+0x3ce>
100015e4:	614a      	str	r2, [r1, #20]
100015e6:	46c0      	nop			@ (mov r8, r8)
100015e8:	46c0      	nop			@ (mov r8, r8)
100015ea:	46c0      	nop			@ (mov r8, r8)
100015ec:	46c0      	nop			@ (mov r8, r8)
100015ee:	46c0      	nop			@ (mov r8, r8)
100015f0:	46c0      	nop			@ (mov r8, r8)
100015f2:	46c0      	nop			@ (mov r8, r8)
100015f4:	46c0      	nop			@ (mov r8, r8)
100015f6:	46c0      	nop			@ (mov r8, r8)
100015f8:	46c0      	nop			@ (mov r8, r8)
100015fa:	46c0      	nop			@ (mov r8, r8)
100015fc:	46c0      	nop			@ (mov r8, r8)
100015fe:	46c0      	nop			@ (mov r8, r8)
10001600:	46c0      	nop			@ (mov r8, r8)
10001602:	46c0      	nop			@ (mov r8, r8)
10001604:	46c0      	nop			@ (mov r8, r8)
10001606:	46c0      	nop			@ (mov r8, r8)
10001608:	46c0      	nop			@ (mov r8, r8)
1000160a:	46c0      	nop			@ (mov r8, r8)
1000160c:	46c0      	nop			@ (mov r8, r8)
1000160e:	618a      	str	r2, [r1, #24]
10001610:	46c0      	nop			@ (mov r8, r8)
10001612:	46c0      	nop			@ (mov r8, r8)
10001614:	46c0      	nop			@ (mov r8, r8)
10001616:	46c0      	nop			@ (mov r8, r8)
10001618:	3b01      	subs	r3, #1
1000161a:	614a      	str	r2, [r1, #20]
1000161c:	46c0      	nop			@ (mov r8, r8)
1000161e:	46c0      	nop			@ (mov r8, r8)
10001620:	46c0      	nop			@ (mov r8, r8)
10001622:	46c0      	nop			@ (mov r8, r8)
10001624:	618a      	str	r2, [r1, #24]
10001626:	46c0      	nop			@ (mov r8, r8)
10001628:	46c0      	nop			@ (mov r8, r8)
1000162a:	46c0      	nop			@ (mov r8, r8)
1000162c:	46c0      	nop			@ (mov r8, r8)
1000162e:	46c0      	nop			@ (mov r8, r8)
10001630:	46c0      	nop			@ (mov r8, r8)
10001632:	46c0      	nop			@ (mov r8, r8)
10001634:	46c0      	nop			@ (mov r8, r8)
10001636:	46c0      	nop			@ (mov r8, r8)
10001638:	46c0      	nop			@ (mov r8, r8)
1000163a:	3b01      	subs	r3, #1
1000163c:	d2d0      	bcs.n	100015e0 <update_led_for_state+0x394>
1000163e:	e70c      	b.n	1000145a <update_led_for_state+0x20e>
10001640:	2220      	movs	r2, #32
10001642:	2140      	movs	r1, #64	@ 0x40
10001644:	2000      	movs	r0, #0
10001646:	f7fe fe6b 	bl	10000320 <set_led>
1000164a:	e60b      	b.n	10001264 <update_led_for_state+0x18>
1000164c:	f3ef 8010 	mrs	r0, PRIMASK
10001650:	b672      	cpsid	i
10001652:	23d0      	movs	r3, #208	@ 0xd0
10001654:	2280      	movs	r2, #128	@ 0x80
10001656:	061b      	lsls	r3, r3, #24
10001658:	0252      	lsls	r2, r2, #9
1000165a:	615a      	str	r2, [r3, #20]
1000165c:	46c0      	nop			@ (mov r8, r8)
1000165e:	46c0      	nop			@ (mov r8, r8)
10001660:	46c0      	nop			@ (mov r8, r8)
10001662:	46c0      	nop			@ (mov r8, r8)
10001664:	619a      	str	r2, [r3, #24]
10001666:	46c0      	nop			@ (mov r8, r8)
10001668:	46c0      	nop			@ (mov r8, r8)
1000166a:	46c0      	nop			@ (mov r8, r8)
1000166c:	46c0      	nop			@ (mov r8, r8)
1000166e:	46c0      	nop			@ (mov r8, r8)
10001670:	46c0      	nop			@ (mov r8, r8)
10001672:	46c0      	nop			@ (mov r8, r8)
10001674:	46c0      	nop			@ (mov r8, r8)
10001676:	46c0      	nop			@ (mov r8, r8)
10001678:	46c0      	nop			@ (mov r8, r8)
1000167a:	615a      	str	r2, [r3, #20]
1000167c:	46c0      	nop			@ (mov r8, r8)
1000167e:	46c0      	nop			@ (mov r8, r8)
10001680:	46c0      	nop			@ (mov r8, r8)
10001682:	46c0      	nop			@ (mov r8, r8)
10001684:	619a      	str	r2, [r3, #24]
10001686:	46c0      	nop			@ (mov r8, r8)
10001688:	46c0      	nop			@ (mov r8, r8)
1000168a:	46c0      	nop			@ (mov r8, r8)
1000168c:	46c0      	nop			@ (mov r8, r8)
1000168e:	46c0      	nop			@ (mov r8, r8)
10001690:	46c0      	nop			@ (mov r8, r8)
10001692:	46c0      	nop			@ (mov r8, r8)
10001694:	46c0      	nop			@ (mov r8, r8)
10001696:	46c0      	nop			@ (mov r8, r8)
10001698:	46c0      	nop			@ (mov r8, r8)
1000169a:	615a      	str	r2, [r3, #20]
1000169c:	46c0      	nop			@ (mov r8, r8)
1000169e:	46c0      	nop			@ (mov r8, r8)
100016a0:	46c0      	nop			@ (mov r8, r8)
100016a2:	46c0      	nop			@ (mov r8, r8)
100016a4:	619a      	str	r2, [r3, #24]
100016a6:	46c0      	nop			@ (mov r8, r8)
100016a8:	46c0      	nop			@ (mov r8, r8)
100016aa:	46c0      	nop			@ (mov r8, r8)
100016ac:	46c0      	nop			@ (mov r8, r8)
100016ae:	46c0      	nop			@ (mov r8, r8)
100016b0:	46c0      	nop			@ (mov r8, r8)
100016b2:	46c0      	nop			@ (mov r8, r8)
100016b4:	46c0      	nop			@ (mov r8, r8)
100016b6:	46c0      	nop			@ (mov r8, r8)
100016b8:	46c0      	nop			@ (mov r8, r8)
100016ba:	615a      	str	r2, [r3, #20]
100016bc:	46c0      	nop			@ (mov r8, r8)
100016be:	46c0      	nop			@ (mov r8, r8)
100016c0:	46c0      	nop			@ (mov r8, r8)
100016c2:	46c0      	nop			@ (mov r8, r8)
100016c4:	619a      	str	r2, [r3, #24]
100016c6:	46c0      	nop			@ (mov r8, r8)
100016c8:	46c0      	nop			@ (mov r8, r8)
100016ca:	46c0      	nop			@ (mov r8, r8)
100016cc:	46c0      	nop			@ (mov r8, r8)
100016ce:	46c0      	nop			@ (mov r8, r8)
100016d0:	46c0      	nop			@ (mov r8, r8)
100016d2:	46c0      	nop			@ (mov r8, r8)
100016d4:	46c0      	nop			@ (mov r8, r8)
100016d6:	46c0      	nop			@ (mov r8, r8)
100016d8:	46c0      	nop			@ (mov r8, r8)
100016da:	615a      	str	r2, [r3, #20]
100016dc:	46c0      	nop			@ (mov r8, r8)
100016de:	46c0      	nop			@ (mov r8, r8)
100016e0:	46c0      	nop			@ (mov r8, r8)
100016e2:	46c0      	nop			@ (mov r8, r8)
100016e4:	619a      	str	r2, [r3, #24]
100016e6:	46c0      	nop			@ (mov r8, r8)
100016e8:	46c0      	nop			@ (mov r8, r8)
100016ea:	46c0      	nop			@ (mov r8, r8)
100016ec:	46c0      	nop			@ (mov r8, r8)
100016ee:	46c0      	nop			@ (mov r8, r8)
100016f0:	46c0      	nop			@ (mov r8, r8)
100016f2:	46c0      	nop			@ (mov r8, r8)
100016f4:	46c0      	nop			@ (mov r8, r8)
100016f6:	46c0      	nop			@ (mov r8, r8)
100016f8:	46c0      	nop			@ (mov r8, r8)
100016fa:	615a      	str	r2, [r3, #20]
100016fc:	46c0      	nop			@ (mov r8, r8)
100016fe:	46c0      	nop			@ (mov r8, r8)
10001700:	46c0      	nop			@ (mov r8, r8)
10001702:	46c0      	nop			@ (mov r8, r8)
10001704:	619a      	str	r2, [r3, #24]
10001706:	46c0      	nop			@ (mov r8, r8)
10001708:	46c0      	nop			@ (mov r8, r8)
1000170a:	46c0      	nop			@ (mov r8, r8)
1000170c:	46c0      	nop			@ (mov r8, r8)
1000170e:	46c0      	nop			@ (mov r8, r8)
10001710:	46c0      	nop			@ (mov r8, r8)
10001712:	46c0      	nop			@ (mov r8, r8)
10001714:	46c0      	nop			@ (mov r8, r8)
10001716:	46c0      	nop			@ (mov r8, r8)
10001718:	46c0      	nop			@ (mov r8, r8)
1000171a:	615a      	str	r2, [r3, #20]
1000171c:	46c0      	nop			@ (mov r8, r8)
1000171e:	46c0      	nop			@ (mov r8, r8)
10001720:	46c0      	nop			@ (mov r8, r8)
10001722:	46c0      	nop			@ (mov r8, r8)
10001724:	619a      	str	r2, [r3, #24]
10001726:	46c0      	nop			@ (mov r8, r8)
10001728:	46c0      	nop			@ (mov r8, r8)
1000172a:	46c0      	nop			@ (mov r8, r8)
1000172c:	46c0      	nop			@ (mov r8, r8)
1000172e:	46c0      	nop			@ (mov r8, r8)
10001730:	46c0      	nop			@ (mov r8, r8)
10001732:	46c0      	nop			@ (mov r8, r8)
10001734:	46c0      	nop			@ (mov r8, r8)
10001736:	46c0      	nop			@ (mov r8, r8)
10001738:	46c0      	nop			@ (mov r8, r8)
1000173a:	615a      	str	r2, [r3, #20]
1000173c:	46c0      	nop			@ (mov r8, r8)
1000173e:	46c0      	nop			@ (mov r8, r8)
10001740:	46c0      	nop			@ (mov r8, r8)
10001742:	46c0      	nop			@ (mov r8, r8)
10001744:	619a      	str	r2, [r3, #24]
10001746:	46c0      	nop			@ (mov r8, r8)
10001748:	46c0      	nop			@ (mov r8, r8)
1000174a:	46c0      	nop			@ (mov r8, r8)
1000174c:	46c0      	nop			@ (mov r8, r8)
1000174e:	46c0      	nop			@ (mov r8, r8)
10001750:	46c0      	nop			@ (mov r8, r8)
10001752:	46c0      	nop			@ (mov r8, r8)
10001754:	46c0      	nop			@ (mov r8, r8)
10001756:	46c0      	nop			@ (mov r8, r8)
10001758:	46c0      	nop			@ (mov r8, r8)
1000175a:	2107      	movs	r1, #7
1000175c:	2906      	cmp	r1, #6
1000175e:	d11a      	bne.n	10001796 <update_led_for_state+0x54a>
10001760:	615a      	str	r2, [r3, #20]
10001762:	46c0      	nop			@ (mov r8, r8)
10001764:	46c0      	nop			@ (mov r8, r8)
10001766:	46c0      	nop			@ (mov r8, r8)
10001768:	46c0      	nop			@ (mov r8, r8)
1000176a:	46c0      	nop			@ (mov r8, r8)
1000176c:	46c0      	nop			@ (mov r8, r8)
1000176e:	46c0      	nop			@ (mov r8, r8)
10001770:	46c0      	nop			@ (mov r8, r8)
10001772:	46c0      	nop			@ (mov r8, r8)
10001774:	46c0      	nop			@ (mov r8, r8)
10001776:	46c0      	nop			@ (mov r8, r8)
10001778:	46c0      	nop			@ (mov r8, r8)
1000177a:	46c0      	nop			@ (mov r8, r8)
1000177c:	46c0      	nop			@ (mov r8, r8)
1000177e:	46c0      	nop			@ (mov r8, r8)
10001780:	46c0      	nop			@ (mov r8, r8)
10001782:	46c0      	nop			@ (mov r8, r8)
10001784:	46c0      	nop			@ (mov r8, r8)
10001786:	46c0      	nop			@ (mov r8, r8)
10001788:	46c0      	nop			@ (mov r8, r8)
1000178a:	619a      	str	r2, [r3, #24]
1000178c:	46c0      	nop			@ (mov r8, r8)
1000178e:	46c0      	nop			@ (mov r8, r8)
10001790:	46c0      	nop			@ (mov r8, r8)
10001792:	46c0      	nop			@ (mov r8, r8)
10001794:	3901      	subs	r1, #1
10001796:	615a      	str	r2, [r3, #20]
10001798:	46c0      	nop			@ (mov r8, r8)
1000179a:	46c0      	nop			@ (mov r8, r8)
1000179c:	46c0      	nop			@ (mov r8, r8)
1000179e:	46c0      	nop			@ (mov r8, r8)
100017a0:	619a      	str	r2, [r3, #24]
100017a2:	46c0      	nop			@ (mov r8, r8)
100017a4:	46c0      	nop			@ (mov r8, r8)
100017a6:	46c0      	nop			@ (mov r8, r8)
100017a8:	46c0      	nop			@ (mov r8, r8)
100017aa:	46c0      	nop			@ (mov r8, r8)
100017ac:	46c0      	nop			@ (mov r8, r8)
100017ae:	46c0      	nop			@ (mov r8, r8)
100017b0:	46c0      	nop			@ (mov r8, r8)
100017b2:	46c0      	nop			@ (mov r8, r8)
100017b4:	46c0      	nop			@ (mov r8, r8)
100017b6:	3901      	subs	r1, #1
100017b8:	d2d0      	bcs.n	1000175c <update_led_for_state+0x510>
100017ba:	f7ff fdce 	bl	1000135a <update_led_for_state+0x10e>
100017be:	46c0      	nop			@ (mov r8, r8)

100017c0 <link_callback>:
100017c0:	b5f8      	push	{r3, r4, r5, r6, r7, lr}
100017c2:	4c10      	ldr	r4, [pc, #64]	@ (10001804 <link_callback+0x44>)
100017c4:	0001      	movs	r1, r0
100017c6:	0020      	movs	r0, r4
100017c8:	f001 fc88 	bl	100030dc <pokemon_trade_process>
100017cc:	0005      	movs	r5, r0
100017ce:	0020      	movs	r0, r4
100017d0:	f001 fe7c 	bl	100034cc <pokemon_trade_get_state>
100017d4:	4e0c      	ldr	r6, [pc, #48]	@ (10001808 <link_callback+0x48>)
100017d6:	0004      	movs	r4, r0
100017d8:	7830      	ldrb	r0, [r6, #0]
100017da:	42a0      	cmp	r0, r4
100017dc:	d00f      	beq.n	100017fe <link_callback+0x3e>
100017de:	f001 fc45 	bl	1000306c <pokemon_trade_state_name>
100017e2:	0007      	movs	r7, r0
100017e4:	0020      	movs	r0, r4
100017e6:	f001 fc41 	bl	1000306c <pokemon_trade_state_name>
100017ea:	4b08      	ldr	r3, [pc, #32]	@ (1000180c <link_callback+0x4c>)
100017ec:	0002      	movs	r2, r0
100017ee:	0039      	movs	r1, r7
100017f0:	0018      	movs	r0, r3
100017f2:	f006 feab 	bl	1000854c <__wrap_printf>
100017f6:	0020      	movs	r0, r4
100017f8:	7034      	strb	r4, [r6, #0]
100017fa:	f7ff fd27 	bl	1000124c <update_led_for_state>
100017fe:	0028      	movs	r0, r5
10001800:	bdf8      	pop	{r3, r4, r5, r6, r7, pc}
10001802:	46c0      	nop			@ (mov r8, r8)
10001804:	2000380c 	.word	0x2000380c
10001808:	20003c3a 	.word	0x20003c3a
1000180c:	1000b0ec 	.word	0x1000b0ec

10001810 <main>:
10001810:	b5f0      	push	{r4, r5, r6, r7, lr}
10001812:	46de      	mov	lr, fp
10001814:	4657      	mov	r7, sl
10001816:	464e      	mov	r6, r9
10001818:	4645      	mov	r5, r8
1000181a:	b5e0      	push	{r5, r6, r7, lr}
1000181c:	b09f      	sub	sp, #124	@ 0x7c
1000181e:	f006 fdc3 	bl	100083a8 <stdio_init_all>
10001822:	f008 fe73 	bl	1000a50c <board_init>
10001826:	2100      	movs	r1, #0
10001828:	2000      	movs	r0, #0
1000182a:	f008 fa57 	bl	10009cdc <tusb_rhport_init>
1000182e:	2010      	movs	r0, #16
10001830:	f002 ff2a 	bl	10004688 <gpio_init>
10001834:	23d0      	movs	r3, #208	@ 0xd0
10001836:	2280      	movs	r2, #128	@ 0x80
10001838:	061b      	lsls	r3, r3, #24
1000183a:	0252      	lsls	r2, r2, #9
1000183c:	625a      	str	r2, [r3, #36]	@ 0x24
1000183e:	2100      	movs	r1, #0
10001840:	2220      	movs	r2, #32
10001842:	2000      	movs	r0, #0
10001844:	f7fe fd6c 	bl	10000320 <set_led>
10001848:	20fa      	movs	r0, #250	@ 0xfa
1000184a:	0080      	lsls	r0, r0, #2
1000184c:	f003 fd00 	bl	10005250 <sleep_ms>
10001850:	4871      	ldr	r0, [pc, #452]	@ (10001a18 <main+0x208>)
10001852:	f006 fdf7 	bl	10008444 <__wrap_puts>
10001856:	4871      	ldr	r0, [pc, #452]	@ (10001a1c <main+0x20c>)
10001858:	f006 fdf4 	bl	10008444 <__wrap_puts>
1000185c:	4870      	ldr	r0, [pc, #448]	@ (10001a20 <main+0x210>)
1000185e:	f006 fdf1 	bl	10008444 <__wrap_puts>
10001862:	4870      	ldr	r0, [pc, #448]	@ (10001a24 <main+0x214>)
10001864:	f006 fdee 	bl	10008444 <__wrap_puts>
10001868:	486f      	ldr	r0, [pc, #444]	@ (10001a28 <main+0x218>)
1000186a:	f006 fdeb 	bl	10008444 <__wrap_puts>
1000186e:	f001 febb 	bl	100035e8 <pokemon_storage_init>
10001872:	2800      	cmp	r0, #0
10001874:	d101      	bne.n	1000187a <main+0x6a>
10001876:	f000 fdc5 	bl	10002404 <main+0xbf4>
1000187a:	f002 fa49 	bl	10003d10 <pokemon_storage_status_name>
1000187e:	4b6b      	ldr	r3, [pc, #428]	@ (10001a2c <main+0x21c>)
10001880:	0001      	movs	r1, r0
10001882:	0018      	movs	r0, r3
10001884:	f006 fe62 	bl	1000854c <__wrap_printf>
10001888:	4b69      	ldr	r3, [pc, #420]	@ (10001a30 <main+0x220>)
1000188a:	4c6a      	ldr	r4, [pc, #424]	@ (10001a34 <main+0x224>)
1000188c:	469b      	mov	fp, r3
1000188e:	0018      	movs	r0, r3
10001890:	0021      	movs	r1, r4
10001892:	4a69      	ldr	r2, [pc, #420]	@ (10001a38 <main+0x228>)
10001894:	f001 fbf6 	bl	10003084 <pokemon_trade_init>
10001898:	2200      	movs	r2, #0
1000189a:	4658      	mov	r0, fp
1000189c:	4967      	ldr	r1, [pc, #412]	@ (10001a3c <main+0x22c>)
1000189e:	f001 fe1d 	bl	100034dc <pokemon_trade_set_callback>
100018a2:	0021      	movs	r1, r4
100018a4:	4a64      	ldr	r2, [pc, #400]	@ (10001a38 <main+0x228>)
100018a6:	4866      	ldr	r0, [pc, #408]	@ (10001a40 <main+0x230>)
100018a8:	f006 fe50 	bl	1000854c <__wrap_printf>
100018ac:	4865      	ldr	r0, [pc, #404]	@ (10001a44 <main+0x234>)
100018ae:	f006 fdc9 	bl	10008444 <__wrap_puts>
100018b2:	4b65      	ldr	r3, [pc, #404]	@ (10001a48 <main+0x238>)
100018b4:	4965      	ldr	r1, [pc, #404]	@ (10001a4c <main+0x23c>)
100018b6:	0018      	movs	r0, r3
100018b8:	9300      	str	r3, [sp, #0]
100018ba:	f000 fe13 	bl	100024e4 <gb_link_init>
100018be:	2800      	cmp	r0, #0
100018c0:	d000      	beq.n	100018c4 <main+0xb4>
100018c2:	e161      	b.n	10001b88 <main+0x378>
100018c4:	4862      	ldr	r0, [pc, #392]	@ (10001a50 <main+0x240>)
100018c6:	f006 fdbd 	bl	10008444 <__wrap_puts>
100018ca:	f3ef 8010 	mrs	r0, PRIMASK
100018ce:	b672      	cpsid	i
100018d0:	23d0      	movs	r3, #208	@ 0xd0
100018d2:	2280      	movs	r2, #128	@ 0x80
100018d4:	061b      	lsls	r3, r3, #24
100018d6:	0252      	lsls	r2, r2, #9
100018d8:	615a      	str	r2, [r3, #20]
100018da:	46c0      	nop			@ (mov r8, r8)
100018dc:	46c0      	nop			@ (mov r8, r8)
100018de:	46c0      	nop			@ (mov r8, r8)
100018e0:	46c0      	nop			@ (mov r8, r8)
100018e2:	619a      	str	r2, [r3, #24]
100018e4:	46c0      	nop			@ (mov r8, r8)
100018e6:	46c0      	nop			@ (mov r8, r8)
100018e8:	46c0      	nop			@ (mov r8, r8)
100018ea:	46c0      	nop			@ (mov r8, r8)
100018ec:	46c0      	nop			@ (mov r8, r8)
100018ee:	46c0      	nop			@ (mov r8, r8)
100018f0:	46c0      	nop			@ (mov r8, r8)
100018f2:	46c0      	nop			@ (mov r8, r8)
100018f4:	46c0      	nop			@ (mov r8, r8)
100018f6:	46c0      	nop			@ (mov r8, r8)
100018f8:	615a      	str	r2, [r3, #20]
100018fa:	46c0      	nop			@ (mov r8, r8)
100018fc:	46c0      	nop			@ (mov r8, r8)
100018fe:	46c0      	nop			@ (mov r8, r8)
10001900:	46c0      	nop			@ (mov r8, r8)
10001902:	619a      	str	r2, [r3, #24]
10001904:	46c0      	nop			@ (mov r8, r8)
10001906:	46c0      	nop			@ (mov r8, r8)
10001908:	46c0      	nop			@ (mov r8, r8)
1000190a:	46c0      	nop			@ (mov r8, r8)
1000190c:	46c0      	nop			@ (mov r8, r8)
1000190e:	46c0      	nop			@ (mov r8, r8)
10001910:	46c0      	nop			@ (mov r8, r8)
10001912:	46c0      	nop			@ (mov r8, r8)
10001914:	46c0      	nop			@ (mov r8, r8)
10001916:	46c0      	nop			@ (mov r8, r8)
10001918:	615a      	str	r2, [r3, #20]
1000191a:	46c0      	nop			@ (mov r8, r8)
1000191c:	46c0      	nop			@ (mov r8, r8)
1000191e:	46c0      	nop			@ (mov r8, r8)
10001920:	46c0      	nop			@ (mov r8, r8)
10001922:	619a      	str	r2, [r3, #24]
10001924:	46c0      	nop			@ (mov r8, r8)
10001926:	46c0      	nop			@ (mov r8, r8)
10001928:	46c0      	nop			@ (mov r8, r8)
1000192a:	46c0      	nop			@ (mov r8, r8)
1000192c:	46c0      	nop			@ (mov r8, r8)
1000192e:	46c0      	nop			@ (mov r8, r8)
10001930:	46c0      	nop			@ (mov r8, r8)
10001932:	46c0      	nop			@ (mov r8, r8)
10001934:	46c0      	nop			@ (mov r8, r8)
10001936:	46c0      	nop			@ (mov r8, r8)
10001938:	615a      	str	r2, [r3, #20]
1000193a:	46c0      	nop			@ (mov r8, r8)
1000193c:	46c0      	nop			@ (mov r8, r8)
1000193e:	46c0      	nop			@ (mov r8, r8)
10001940:	46c0      	nop			@ (mov r8, r8)
10001942:	619a      	str	r2, [r3, #24]
10001944:	46c0      	nop			@ (mov r8, r8)
10001946:	46c0      	nop			@ (mov r8, r8)
10001948:	46c0      	nop			@ (mov r8, r8)
1000194a:	46c0      	nop			@ (mov r8, r8)
1000194c:	46c0      	nop			@ (mov r8, r8)
1000194e:	46c0      	nop			@ (mov r8, r8)
10001950:	46c0      	nop			@ (mov r8, r8)
10001952:	46c0      	nop			@ (mov r8, r8)
10001954:	46c0      	nop			@ (mov r8, r8)
10001956:	46c0      	nop			@ (mov r8, r8)
10001958:	615a      	str	r2, [r3, #20]
1000195a:	46c0      	nop			@ (mov r8, r8)
1000195c:	46c0      	nop			@ (mov r8, r8)
1000195e:	46c0      	nop			@ (mov r8, r8)
10001960:	46c0      	nop			@ (mov r8, r8)
10001962:	619a      	str	r2, [r3, #24]
10001964:	46c0      	nop			@ (mov r8, r8)
10001966:	46c0      	nop			@ (mov r8, r8)
10001968:	46c0      	nop			@ (mov r8, r8)
1000196a:	46c0      	nop			@ (mov r8, r8)
1000196c:	46c0      	nop			@ (mov r8, r8)
1000196e:	46c0      	nop			@ (mov r8, r8)
10001970:	46c0      	nop			@ (mov r8, r8)
10001972:	46c0      	nop			@ (mov r8, r8)
10001974:	46c0      	nop			@ (mov r8, r8)
10001976:	46c0      	nop			@ (mov r8, r8)
10001978:	615a      	str	r2, [r3, #20]
1000197a:	46c0      	nop			@ (mov r8, r8)
1000197c:	46c0      	nop			@ (mov r8, r8)
1000197e:	46c0      	nop			@ (mov r8, r8)
10001980:	46c0      	nop			@ (mov r8, r8)
10001982:	619a      	str	r2, [r3, #24]
10001984:	46c0      	nop			@ (mov r8, r8)
10001986:	46c0      	nop			@ (mov r8, r8)
10001988:	46c0      	nop			@ (mov r8, r8)
1000198a:	46c0      	nop			@ (mov r8, r8)
1000198c:	46c0      	nop			@ (mov r8, r8)
1000198e:	46c0      	nop			@ (mov r8, r8)
10001990:	46c0      	nop			@ (mov r8, r8)
10001992:	46c0      	nop			@ (mov r8, r8)
10001994:	46c0      	nop			@ (mov r8, r8)
10001996:	46c0      	nop			@ (mov r8, r8)
10001998:	615a      	str	r2, [r3, #20]
1000199a:	46c0      	nop			@ (mov r8, r8)
1000199c:	46c0      	nop			@ (mov r8, r8)
1000199e:	46c0      	nop			@ (mov r8, r8)
100019a0:	46c0      	nop			@ (mov r8, r8)
100019a2:	619a      	str	r2, [r3, #24]
100019a4:	46c0      	nop			@ (mov r8, r8)
100019a6:	46c0      	nop			@ (mov r8, r8)
100019a8:	46c0      	nop			@ (mov r8, r8)
100019aa:	46c0      	nop			@ (mov r8, r8)
100019ac:	46c0      	nop			@ (mov r8, r8)
100019ae:	46c0      	nop			@ (mov r8, r8)
100019b0:	46c0      	nop			@ (mov r8, r8)
100019b2:	46c0      	nop			@ (mov r8, r8)
100019b4:	46c0      	nop			@ (mov r8, r8)
100019b6:	46c0      	nop			@ (mov r8, r8)
100019b8:	615a      	str	r2, [r3, #20]
100019ba:	46c0      	nop			@ (mov r8, r8)
100019bc:	46c0      	nop			@ (mov r8, r8)
100019be:	46c0      	nop			@ (mov r8, r8)
100019c0:	46c0      	nop			@ (mov r8, r8)
100019c2:	619a      	str	r2, [r3, #24]
100019c4:	46c0      	nop			@ (mov r8, r8)
100019c6:	46c0      	nop			@ (mov r8, r8)
100019c8:	46c0      	nop			@ (mov r8, r8)
100019ca:	46c0      	nop			@ (mov r8, r8)
100019cc:	46c0      	nop			@ (mov r8, r8)
100019ce:	46c0      	nop			@ (mov r8, r8)
100019d0:	46c0      	nop			@ (mov r8, r8)
100019d2:	46c0      	nop			@ (mov r8, r8)
100019d4:	46c0      	nop			@ (mov r8, r8)
100019d6:	46c0      	nop			@ (mov r8, r8)
100019d8:	2107      	movs	r1, #7
100019da:	2906      	cmp	r1, #6
100019dc:	d13a      	bne.n	10001a54 <main+0x244>
100019de:	615a      	str	r2, [r3, #20]
100019e0:	46c0      	nop			@ (mov r8, r8)
100019e2:	46c0      	nop			@ (mov r8, r8)
100019e4:	46c0      	nop			@ (mov r8, r8)
100019e6:	46c0      	nop			@ (mov r8, r8)
100019e8:	46c0      	nop			@ (mov r8, r8)
100019ea:	46c0      	nop			@ (mov r8, r8)
100019ec:	46c0      	nop			@ (mov r8, r8)
100019ee:	46c0      	nop			@ (mov r8, r8)
100019f0:	46c0      	nop			@ (mov r8, r8)
100019f2:	46c0      	nop			@ (mov r8, r8)
100019f4:	46c0      	nop			@ (mov r8, r8)
100019f6:	46c0      	nop			@ (mov r8, r8)
100019f8:	46c0      	nop			@ (mov r8, r8)
100019fa:	46c0      	nop			@ (mov r8, r8)
100019fc:	46c0      	nop			@ (mov r8, r8)
100019fe:	46c0      	nop			@ (mov r8, r8)
10001a00:	46c0      	nop			@ (mov r8, r8)
10001a02:	46c0      	nop			@ (mov r8, r8)
10001a04:	46c0      	nop			@ (mov r8, r8)
10001a06:	46c0      	nop			@ (mov r8, r8)
10001a08:	619a      	str	r2, [r3, #24]
10001a0a:	46c0      	nop			@ (mov r8, r8)
10001a0c:	46c0      	nop			@ (mov r8, r8)
10001a0e:	46c0      	nop			@ (mov r8, r8)
10001a10:	46c0      	nop			@ (mov r8, r8)
10001a12:	3901      	subs	r1, #1
10001a14:	e01e      	b.n	10001a54 <main+0x244>
10001a16:	46c0      	nop			@ (mov r8, r8)
10001a18:	1000bc1c 	.word	0x1000bc1c
10001a1c:	1000b12c 	.word	0x1000b12c
10001a20:	1000b154 	.word	0x1000b154
10001a24:	1000b16c 	.word	0x1000b16c
10001a28:	1000b188 	.word	0x1000b188
10001a2c:	1000b1b0 	.word	0x1000b1b0
10001a30:	2000380c 	.word	0x2000380c
10001a34:	1000b200 	.word	0x1000b200
10001a38:	00003039 	.word	0x00003039
10001a3c:	10000489 	.word	0x10000489
10001a40:	1000b208 	.word	0x1000b208
10001a44:	1000b220 	.word	0x1000b220
10001a48:	20002398 	.word	0x20002398
10001a4c:	50200000 	.word	0x50200000
10001a50:	1000b23c 	.word	0x1000b23c
10001a54:	615a      	str	r2, [r3, #20]
10001a56:	46c0      	nop			@ (mov r8, r8)
10001a58:	46c0      	nop			@ (mov r8, r8)
10001a5a:	46c0      	nop			@ (mov r8, r8)
10001a5c:	46c0      	nop			@ (mov r8, r8)
10001a5e:	619a      	str	r2, [r3, #24]
10001a60:	46c0      	nop			@ (mov r8, r8)
10001a62:	46c0      	nop			@ (mov r8, r8)
10001a64:	46c0      	nop			@ (mov r8, r8)
10001a66:	46c0      	nop			@ (mov r8, r8)
10001a68:	46c0      	nop			@ (mov r8, r8)
10001a6a:	46c0      	nop			@ (mov r8, r8)
10001a6c:	46c0      	nop			@ (mov r8, r8)
10001a6e:	46c0      	nop			@ (mov r8, r8)
10001a70:	46c0      	nop			@ (mov r8, r8)
10001a72:	46c0      	nop			@ (mov r8, r8)
10001a74:	3901      	subs	r1, #1
10001a76:	d300      	bcc.n	10001a7a <main+0x26a>
10001a78:	e7af      	b.n	100019da <main+0x1ca>
10001a7a:	615a      	str	r2, [r3, #20]
10001a7c:	46c0      	nop			@ (mov r8, r8)
10001a7e:	46c0      	nop			@ (mov r8, r8)
10001a80:	46c0      	nop			@ (mov r8, r8)
10001a82:	46c0      	nop			@ (mov r8, r8)
10001a84:	619a      	str	r2, [r3, #24]
10001a86:	46c0      	nop			@ (mov r8, r8)
10001a88:	46c0      	nop			@ (mov r8, r8)
10001a8a:	46c0      	nop			@ (mov r8, r8)
10001a8c:	46c0      	nop			@ (mov r8, r8)
10001a8e:	46c0      	nop			@ (mov r8, r8)
10001a90:	46c0      	nop			@ (mov r8, r8)
10001a92:	46c0      	nop			@ (mov r8, r8)
10001a94:	46c0      	nop			@ (mov r8, r8)
10001a96:	46c0      	nop			@ (mov r8, r8)
10001a98:	46c0      	nop			@ (mov r8, r8)
10001a9a:	615a      	str	r2, [r3, #20]
10001a9c:	46c0      	nop			@ (mov r8, r8)
10001a9e:	46c0      	nop			@ (mov r8, r8)
10001aa0:	46c0      	nop			@ (mov r8, r8)
10001aa2:	46c0      	nop			@ (mov r8, r8)
10001aa4:	619a      	str	r2, [r3, #24]
10001aa6:	46c0      	nop			@ (mov r8, r8)
10001aa8:	46c0      	nop			@ (mov r8, r8)
10001aaa:	46c0      	nop			@ (mov r8, r8)
10001aac:	46c0      	nop			@ (mov r8, r8)
10001aae:	46c0      	nop			@ (mov r8, r8)
10001ab0:	46c0      	nop			@ (mov r8, r8)
10001ab2:	46c0      	nop			@ (mov r8, r8)
10001ab4:	46c0      	nop			@ (mov r8, r8)
10001ab6:	46c0      	nop			@ (mov r8, r8)
10001ab8:	46c0      	nop			@ (mov r8, r8)
10001aba:	615a      	str	r2, [r3, #20]
10001abc:	46c0      	nop			@ (mov r8, r8)
10001abe:	46c0      	nop			@ (mov r8, r8)
10001ac0:	46c0      	nop			@ (mov r8, r8)
10001ac2:	46c0      	nop			@ (mov r8, r8)
10001ac4:	619a      	str	r2, [r3, #24]
10001ac6:	46c0      	nop			@ (mov r8, r8)
10001ac8:	46c0      	nop			@ (mov r8, r8)
10001aca:	46c0      	nop			@ (mov r8, r8)
10001acc:	46c0      	nop			@ (mov r8, r8)
10001ace:	46c0      	nop			@ (mov r8, r8)
10001ad0:	46c0      	nop			@ (mov r8, r8)
10001ad2:	46c0      	nop			@ (mov r8, r8)
10001ad4:	46c0      	nop			@ (mov r8, r8)
10001ad6:	46c0      	nop			@ (mov r8, r8)
10001ad8:	46c0      	nop			@ (mov r8, r8)
10001ada:	615a      	str	r2, [r3, #20]
10001adc:	46c0      	nop			@ (mov r8, r8)
10001ade:	46c0      	nop			@ (mov r8, r8)
10001ae0:	46c0      	nop			@ (mov r8, r8)
10001ae2:	46c0      	nop			@ (mov r8, r8)
10001ae4:	619a      	str	r2, [r3, #24]
10001ae6:	46c0      	nop			@ (mov r8, r8)
10001ae8:	46c0      	nop			@ (mov r8, r8)
10001aea:	46c0      	nop			@ (mov r8, r8)
10001aec:	46c0      	nop			@ (mov r8, r8)
10001aee:	46c0      	nop			@ (mov r8, r8)
10001af0:	46c0      	nop			@ (mov r8, r8)
10001af2:	46c0      	nop			@ (mov r8, r8)
10001af4:	46c0      	nop			@ (mov r8, r8)
10001af6:	46c0      	nop			@ (mov r8, r8)
10001af8:	46c0      	nop			@ (mov r8, r8)
10001afa:	615a      	str	r2, [r3, #20]
10001afc:	46c0      	nop			@ (mov r8, r8)
10001afe:	46c0      	nop			@ (mov r8, r8)
10001b00:	46c0      	nop			@ (mov r8, r8)
10001b02:	46c0      	nop			@ (mov r8, r8)
10001b04:	619a      	str	r2, [r3, #24]
10001b06:	46c0      	nop			@ (mov r8, r8)
10001b08:	46c0      	nop			@ (mov r8, r8)
10001b0a:	46c0      	nop			@ (mov r8, r8)
10001b0c:	46c0      	nop			@ (mov r8, r8)
10001b0e:	46c0      	nop			@ (mov r8, r8)
10001b10:	46c0      	nop			@ (mov r8, r8)
10001b12:	46c0      	nop			@ (mov r8, r8)
10001b14:	46c0      	nop			@ (mov r8, r8)
10001b16:	46c0      	nop			@ (mov r8, r8)
10001b18:	46c0      	nop			@ (mov r8, r8)
10001b1a:	615a      	str	r2, [r3, #20]
10001b1c:	46c0      	nop			@ (mov r8, r8)
10001b1e:	46c0      	nop			@ (mov r8, r8)
10001b20:	46c0      	nop			@ (mov r8, r8)
10001b22:	46c0      	nop			@ (mov r8, r8)
10001b24:	619a      	str	r2, [r3, #24]
10001b26:	46c0      	nop			@ (mov r8, r8)
10001b28:	46c0      	nop			@ (mov r8, r8)
10001b2a:	46c0      	nop			@ (mov r8, r8)
10001b2c:	46c0      	nop			@ (mov r8, r8)
10001b2e:	46c0      	nop			@ (mov r8, r8)
10001b30:	46c0      	nop			@ (mov r8, r8)
10001b32:	46c0      	nop			@ (mov r8, r8)
10001b34:	46c0      	nop			@ (mov r8, r8)
10001b36:	46c0      	nop			@ (mov r8, r8)
10001b38:	46c0      	nop			@ (mov r8, r8)
10001b3a:	615a      	str	r2, [r3, #20]
10001b3c:	46c0      	nop			@ (mov r8, r8)
10001b3e:	46c0      	nop			@ (mov r8, r8)
10001b40:	46c0      	nop			@ (mov r8, r8)
10001b42:	46c0      	nop			@ (mov r8, r8)
10001b44:	619a      	str	r2, [r3, #24]
10001b46:	46c0      	nop			@ (mov r8, r8)
10001b48:	46c0      	nop			@ (mov r8, r8)
10001b4a:	46c0      	nop			@ (mov r8, r8)
10001b4c:	46c0      	nop			@ (mov r8, r8)
10001b4e:	46c0      	nop			@ (mov r8, r8)
10001b50:	46c0      	nop			@ (mov r8, r8)
10001b52:	46c0      	nop			@ (mov r8, r8)
10001b54:	46c0      	nop			@ (mov r8, r8)
10001b56:	46c0      	nop			@ (mov r8, r8)
10001b58:	46c0      	nop			@ (mov r8, r8)
10001b5a:	615a      	str	r2, [r3, #20]
10001b5c:	46c0      	nop			@ (mov r8, r8)
10001b5e:	46c0      	nop			@ (mov r8, r8)
10001b60:	46c0      	nop			@ (mov r8, r8)
10001b62:	46c0      	nop			@ (mov r8, r8)
10001b64:	619a      	str	r2, [r3, #24]
10001b66:	46c0      	nop			@ (mov r8, r8)
10001b68:	46c0      	nop			@ (mov r8, r8)
10001b6a:	46c0      	nop			@ (mov r8, r8)
10001b6c:	46c0      	nop			@ (mov r8, r8)
10001b6e:	46c0      	nop			@ (mov r8, r8)
10001b70:	46c0      	nop			@ (mov r8, r8)
10001b72:	46c0      	nop			@ (mov r8, r8)
10001b74:	46c0      	nop			@ (mov r8, r8)
10001b76:	46c0      	nop			@ (mov r8, r8)
10001b78:	46c0      	nop			@ (mov r8, r8)
10001b7a:	f380 8810 	msr	PRIMASK, r0
10001b7e:	203c      	movs	r0, #60	@ 0x3c
10001b80:	2100      	movs	r1, #0
10001b82:	f003 faef 	bl	10005164 <sleep_us>
10001b86:	e7fe      	b.n	10001b86 <main+0x376>
10001b88:	9c00      	ldr	r4, [sp, #0]
10001b8a:	2200      	movs	r2, #0
10001b8c:	492b      	ldr	r1, [pc, #172]	@ (10001c3c <main+0x42c>)
10001b8e:	0020      	movs	r0, r4
10001b90:	f000 fda2 	bl	100026d8 <gb_link_set_callback>
10001b94:	0020      	movs	r0, r4
10001b96:	f000 fd57 	bl	10002648 <gb_link_start>
10001b9a:	4829      	ldr	r0, [pc, #164]	@ (10001c40 <main+0x430>)
10001b9c:	f006 fc52 	bl	10008444 <__wrap_puts>
10001ba0:	4828      	ldr	r0, [pc, #160]	@ (10001c44 <main+0x434>)
10001ba2:	f006 fc4f 	bl	10008444 <__wrap_puts>
10001ba6:	4828      	ldr	r0, [pc, #160]	@ (10001c48 <main+0x438>)
10001ba8:	f006 fc4c 	bl	10008444 <__wrap_puts>
10001bac:	4827      	ldr	r0, [pc, #156]	@ (10001c4c <main+0x43c>)
10001bae:	f006 fc49 	bl	10008444 <__wrap_puts>
10001bb2:	4827      	ldr	r0, [pc, #156]	@ (10001c50 <main+0x440>)
10001bb4:	f006 fc46 	bl	10008444 <__wrap_puts>
10001bb8:	4826      	ldr	r0, [pc, #152]	@ (10001c54 <main+0x444>)
10001bba:	f006 fc43 	bl	10008444 <__wrap_puts>
10001bbe:	4826      	ldr	r0, [pc, #152]	@ (10001c58 <main+0x448>)
10001bc0:	f006 fc40 	bl	10008444 <__wrap_puts>
10001bc4:	4825      	ldr	r0, [pc, #148]	@ (10001c5c <main+0x44c>)
10001bc6:	f006 fc3d 	bl	10008444 <__wrap_puts>
10001bca:	4825      	ldr	r0, [pc, #148]	@ (10001c60 <main+0x450>)
10001bcc:	f006 fc3a 	bl	10008444 <__wrap_puts>
10001bd0:	4824      	ldr	r0, [pc, #144]	@ (10001c64 <main+0x454>)
10001bd2:	f006 fc37 	bl	10008444 <__wrap_puts>
10001bd6:	23d0      	movs	r3, #208	@ 0xd0
10001bd8:	2001      	movs	r0, #1
10001bda:	061b      	lsls	r3, r3, #24
10001bdc:	6859      	ldr	r1, [r3, #4]
10001bde:	685a      	ldr	r2, [r3, #4]
10001be0:	685b      	ldr	r3, [r3, #4]
10001be2:	0792      	lsls	r2, r2, #30
10001be4:	075b      	lsls	r3, r3, #29
10001be6:	0fdb      	lsrs	r3, r3, #31
10001be8:	4001      	ands	r1, r0
10001bea:	0fd2      	lsrs	r2, r2, #31
10001bec:	481e      	ldr	r0, [pc, #120]	@ (10001c68 <main+0x458>)
10001bee:	f006 fcad 	bl	1000854c <__wrap_printf>
10001bf2:	2300      	movs	r3, #0
10001bf4:	4698      	mov	r8, r3
10001bf6:	4644      	mov	r4, r8
10001bf8:	001d      	movs	r5, r3
10001bfa:	4b1c      	ldr	r3, [pc, #112]	@ (10001c6c <main+0x45c>)
10001bfc:	4f1c      	ldr	r7, [pc, #112]	@ (10001c70 <main+0x460>)
10001bfe:	9306      	str	r3, [sp, #24]
10001c00:	4b1c      	ldr	r3, [pc, #112]	@ (10001c74 <main+0x464>)
10001c02:	9302      	str	r3, [sp, #8]
10001c04:	4b1c      	ldr	r3, [pc, #112]	@ (10001c78 <main+0x468>)
10001c06:	9305      	str	r3, [sp, #20]
10001c08:	4b1c      	ldr	r3, [pc, #112]	@ (10001c7c <main+0x46c>)
10001c0a:	9301      	str	r3, [sp, #4]
10001c0c:	2001      	movs	r0, #1
10001c0e:	2100      	movs	r1, #0
10001c10:	4240      	negs	r0, r0
10001c12:	f007 f81b 	bl	10008c4c <tud_task_ext>
10001c16:	2000      	movs	r0, #0
10001c18:	f007 fde0 	bl	100097dc <tud_cdc_n_connected>
10001c1c:	2800      	cmp	r0, #0
10001c1e:	d005      	beq.n	10001c2c <main+0x41c>
10001c20:	2000      	movs	r0, #0
10001c22:	f007 fdf5 	bl	10009810 <tud_cdc_n_available>
10001c26:	2800      	cmp	r0, #0
10001c28:	d000      	beq.n	10001c2c <main+0x41c>
10001c2a:	e16d      	b.n	10001f08 <main+0x6f8>
10001c2c:	9800      	ldr	r0, [sp, #0]
10001c2e:	f000 fd59 	bl	100026e4 <gb_link_process>
10001c32:	1e06      	subs	r6, r0, #0
10001c34:	d000      	beq.n	10001c38 <main+0x428>
10001c36:	e14e      	b.n	10001ed6 <main+0x6c6>
10001c38:	e022      	b.n	10001c80 <main+0x470>
10001c3a:	46c0      	nop			@ (mov r8, r8)
10001c3c:	100017c1 	.word	0x100017c1
10001c40:	1000b264 	.word	0x1000b264
10001c44:	1000b280 	.word	0x1000b280
10001c48:	1000b2b4 	.word	0x1000b2b4
10001c4c:	1000b2c0 	.word	0x1000b2c0
10001c50:	1000b2e4 	.word	0x1000b2e4
10001c54:	1000b308 	.word	0x1000b308
10001c58:	1000b324 	.word	0x1000b324
10001c5c:	1000b340 	.word	0x1000b340
10001c60:	1000b360 	.word	0x1000b360
10001c64:	1000b384 	.word	0x1000b384
10001c68:	1000b398 	.word	0x1000b398
10001c6c:	1000c73c 	.word	0x1000c73c
10001c70:	20002fc0 	.word	0x20002fc0
10001c74:	20002fe0 	.word	0x20002fe0
10001c78:	20003c39 	.word	0x20003c39
10001c7c:	1000b3c0 	.word	0x1000b3c0
10001c80:	f003 fbfc 	bl	1000547c <time_us_64>
10001c84:	2900      	cmp	r1, #0
10001c86:	d100      	bne.n	10001c8a <main+0x47a>
10001c88:	e11f      	b.n	10001eca <main+0x6ba>
10001c8a:	22fa      	movs	r2, #250	@ 0xfa
10001c8c:	2300      	movs	r3, #0
10001c8e:	0092      	lsls	r2, r2, #2
10001c90:	f003 ff42 	bl	10005b18 <__wrap___aeabi_uldivmod>
10001c94:	0006      	movs	r6, r0
10001c96:	1b73      	subs	r3, r6, r5
10001c98:	2b64      	cmp	r3, #100	@ 0x64
10001c9a:	d800      	bhi.n	10001c9e <main+0x48e>
10001c9c:	e0f5      	b.n	10001e8a <main+0x67a>
10001c9e:	2c00      	cmp	r4, #0
10001ca0:	d100      	bne.n	10001ca4 <main+0x494>
10001ca2:	e124      	b.n	10001eee <main+0x6de>
10001ca4:	f3ef 8010 	mrs	r0, PRIMASK
10001ca8:	b672      	cpsid	i
10001caa:	21d0      	movs	r1, #208	@ 0xd0
10001cac:	2280      	movs	r2, #128	@ 0x80
10001cae:	2307      	movs	r3, #7
10001cb0:	0609      	lsls	r1, r1, #24
10001cb2:	0252      	lsls	r2, r2, #9
10001cb4:	2b06      	cmp	r3, #6
10001cb6:	d11a      	bne.n	10001cee <main+0x4de>
10001cb8:	614a      	str	r2, [r1, #20]
10001cba:	46c0      	nop			@ (mov r8, r8)
10001cbc:	46c0      	nop			@ (mov r8, r8)
10001cbe:	46c0      	nop			@ (mov r8, r8)
10001cc0:	46c0      	nop			@ (mov r8, r8)
10001cc2:	46c0      	nop			@ (mov r8, r8)
10001cc4:	46c0      	nop			@ (mov r8, r8)
10001cc6:	46c0      	nop			@ (mov r8, r8)
10001cc8:	46c0      	nop			@ (mov r8, r8)
10001cca:	46c0      	nop			@ (mov r8, r8)
10001ccc:	46c0      	nop			@ (mov r8, r8)
10001cce:	46c0      	nop			@ (mov r8, r8)
10001cd0:	46c0      	nop			@ (mov r8, r8)
10001cd2:	46c0      	nop			@ (mov r8, r8)
10001cd4:	46c0      	nop			@ (mov r8, r8)
10001cd6:	46c0      	nop			@ (mov r8, r8)
10001cd8:	46c0      	nop			@ (mov r8, r8)
10001cda:	46c0      	nop			@ (mov r8, r8)
10001cdc:	46c0      	nop			@ (mov r8, r8)
10001cde:	46c0      	nop			@ (mov r8, r8)
10001ce0:	46c0      	nop			@ (mov r8, r8)
10001ce2:	618a      	str	r2, [r1, #24]
10001ce4:	46c0      	nop			@ (mov r8, r8)
10001ce6:	46c0      	nop			@ (mov r8, r8)
10001ce8:	46c0      	nop			@ (mov r8, r8)
10001cea:	46c0      	nop			@ (mov r8, r8)
10001cec:	3b01      	subs	r3, #1
10001cee:	614a      	str	r2, [r1, #20]
10001cf0:	46c0      	nop			@ (mov r8, r8)
10001cf2:	46c0      	nop			@ (mov r8, r8)
10001cf4:	46c0      	nop			@ (mov r8, r8)
10001cf6:	46c0      	nop			@ (mov r8, r8)
10001cf8:	618a      	str	r2, [r1, #24]
10001cfa:	46c0      	nop			@ (mov r8, r8)
10001cfc:	46c0      	nop			@ (mov r8, r8)
10001cfe:	46c0      	nop			@ (mov r8, r8)
10001d00:	46c0      	nop			@ (mov r8, r8)
10001d02:	46c0      	nop			@ (mov r8, r8)
10001d04:	46c0      	nop			@ (mov r8, r8)
10001d06:	46c0      	nop			@ (mov r8, r8)
10001d08:	46c0      	nop			@ (mov r8, r8)
10001d0a:	46c0      	nop			@ (mov r8, r8)
10001d0c:	46c0      	nop			@ (mov r8, r8)
10001d0e:	3b01      	subs	r3, #1
10001d10:	d2d0      	bcs.n	10001cb4 <main+0x4a4>
10001d12:	23d0      	movs	r3, #208	@ 0xd0
10001d14:	2280      	movs	r2, #128	@ 0x80
10001d16:	2107      	movs	r1, #7
10001d18:	061b      	lsls	r3, r3, #24
10001d1a:	0252      	lsls	r2, r2, #9
10001d1c:	2906      	cmp	r1, #6
10001d1e:	d11a      	bne.n	10001d56 <main+0x546>
10001d20:	615a      	str	r2, [r3, #20]
10001d22:	46c0      	nop			@ (mov r8, r8)
10001d24:	46c0      	nop			@ (mov r8, r8)
10001d26:	46c0      	nop			@ (mov r8, r8)
10001d28:	46c0      	nop			@ (mov r8, r8)
10001d2a:	46c0      	nop			@ (mov r8, r8)
10001d2c:	46c0      	nop			@ (mov r8, r8)
10001d2e:	46c0      	nop			@ (mov r8, r8)
10001d30:	46c0      	nop			@ (mov r8, r8)
10001d32:	46c0      	nop			@ (mov r8, r8)
10001d34:	46c0      	nop			@ (mov r8, r8)
10001d36:	46c0      	nop			@ (mov r8, r8)
10001d38:	46c0      	nop			@ (mov r8, r8)
10001d3a:	46c0      	nop			@ (mov r8, r8)
10001d3c:	46c0      	nop			@ (mov r8, r8)
10001d3e:	46c0      	nop			@ (mov r8, r8)
10001d40:	46c0      	nop			@ (mov r8, r8)
10001d42:	46c0      	nop			@ (mov r8, r8)
10001d44:	46c0      	nop			@ (mov r8, r8)
10001d46:	46c0      	nop			@ (mov r8, r8)
10001d48:	46c0      	nop			@ (mov r8, r8)
10001d4a:	619a      	str	r2, [r3, #24]
10001d4c:	46c0      	nop			@ (mov r8, r8)
10001d4e:	46c0      	nop			@ (mov r8, r8)
10001d50:	46c0      	nop			@ (mov r8, r8)
10001d52:	46c0      	nop			@ (mov r8, r8)
10001d54:	3901      	subs	r1, #1
10001d56:	615a      	str	r2, [r3, #20]
10001d58:	46c0      	nop			@ (mov r8, r8)
10001d5a:	46c0      	nop			@ (mov r8, r8)
10001d5c:	46c0      	nop			@ (mov r8, r8)
10001d5e:	46c0      	nop			@ (mov r8, r8)
10001d60:	619a      	str	r2, [r3, #24]
10001d62:	46c0      	nop			@ (mov r8, r8)
10001d64:	46c0      	nop			@ (mov r8, r8)
10001d66:	46c0      	nop			@ (mov r8, r8)
10001d68:	46c0      	nop			@ (mov r8, r8)
10001d6a:	46c0      	nop			@ (mov r8, r8)
10001d6c:	46c0      	nop			@ (mov r8, r8)
10001d6e:	46c0      	nop			@ (mov r8, r8)
10001d70:	46c0      	nop			@ (mov r8, r8)
10001d72:	46c0      	nop			@ (mov r8, r8)
10001d74:	46c0      	nop			@ (mov r8, r8)
10001d76:	3901      	subs	r1, #1
10001d78:	d2d0      	bcs.n	10001d1c <main+0x50c>
10001d7a:	615a      	str	r2, [r3, #20]
10001d7c:	46c0      	nop			@ (mov r8, r8)
10001d7e:	46c0      	nop			@ (mov r8, r8)
10001d80:	46c0      	nop			@ (mov r8, r8)
10001d82:	46c0      	nop			@ (mov r8, r8)
10001d84:	619a      	str	r2, [r3, #24]
10001d86:	46c0      	nop			@ (mov r8, r8)
10001d88:	46c0      	nop			@ (mov r8, r8)
10001d8a:	46c0      	nop			@ (mov r8, r8)
10001d8c:	46c0      	nop			@ (mov r8, r8)
10001d8e:	46c0      	nop			@ (mov r8, r8)
10001d90:	46c0      	nop			@ (mov r8, r8)
10001d92:	46c0      	nop			@ (mov r8, r8)
10001d94:	46c0      	nop			@ (mov r8, r8)
10001d96:	46c0      	nop			@ (mov r8, r8)
10001d98:	46c0      	nop			@ (mov r8, r8)
10001d9a:	615a      	str	r2, [r3, #20]
10001d9c:	46c0      	nop			@ (mov r8, r8)
10001d9e:	46c0      	nop			@ (mov r8, r8)
10001da0:	46c0      	nop			@ (mov r8, r8)
10001da2:	46c0      	nop			@ (mov r8, r8)
10001da4:	619a      	str	r2, [r3, #24]
10001da6:	46c0      	nop			@ (mov r8, r8)
10001da8:	46c0      	nop			@ (mov r8, r8)
10001daa:	46c0      	nop			@ (mov r8, r8)
10001dac:	46c0      	nop			@ (mov r8, r8)
10001dae:	46c0      	nop			@ (mov r8, r8)
10001db0:	46c0      	nop			@ (mov r8, r8)
10001db2:	46c0      	nop			@ (mov r8, r8)
10001db4:	46c0      	nop			@ (mov r8, r8)
10001db6:	46c0      	nop			@ (mov r8, r8)
10001db8:	46c0      	nop			@ (mov r8, r8)
10001dba:	615a      	str	r2, [r3, #20]
10001dbc:	46c0      	nop			@ (mov r8, r8)
10001dbe:	46c0      	nop			@ (mov r8, r8)
10001dc0:	46c0      	nop			@ (mov r8, r8)
10001dc2:	46c0      	nop			@ (mov r8, r8)
10001dc4:	619a      	str	r2, [r3, #24]
10001dc6:	46c0      	nop			@ (mov r8, r8)
10001dc8:	46c0      	nop			@ (mov r8, r8)
10001dca:	46c0      	nop			@ (mov r8, r8)
10001dcc:	46c0      	nop			@ (mov r8, r8)
10001dce:	46c0      	nop			@ (mov r8, r8)
10001dd0:	46c0      	nop			@ (mov r8, r8)
10001dd2:	46c0      	nop			@ (mov r8, r8)
10001dd4:	46c0      	nop			@ (mov r8, r8)
10001dd6:	46c0      	nop			@ (mov r8, r8)
10001dd8:	46c0      	nop			@ (mov r8, r8)
10001dda:	615a      	str	r2, [r3, #20]
10001ddc:	46c0      	nop			@ (mov r8, r8)
10001dde:	46c0      	nop			@ (mov r8, r8)
10001de0:	46c0      	nop			@ (mov r8, r8)
10001de2:	46c0      	nop			@ (mov r8, r8)
10001de4:	619a      	str	r2, [r3, #24]
10001de6:	46c0      	nop			@ (mov r8, r8)
10001de8:	46c0      	nop			@ (mov r8, r8)
10001dea:	46c0      	nop			@ (mov r8, r8)
10001dec:	46c0      	nop			@ (mov r8, r8)
10001dee:	46c0      	nop			@ (mov r8, r8)
10001df0:	46c0      	nop			@ (mov r8, r8)
10001df2:	46c0      	nop			@ (mov r8, r8)
10001df4:	46c0      	nop			@ (mov r8, r8)
10001df6:	46c0      	nop			@ (mov r8, r8)
10001df8:	46c0      	nop			@ (mov r8, r8)
10001dfa:	615a      	str	r2, [r3, #20]
10001dfc:	46c0      	nop			@ (mov r8, r8)
10001dfe:	46c0      	nop			@ (mov r8, r8)
10001e00:	46c0      	nop			@ (mov r8, r8)
10001e02:	46c0      	nop			@ (mov r8, r8)
10001e04:	619a      	str	r2, [r3, #24]
10001e06:	46c0      	nop			@ (mov r8, r8)
10001e08:	46c0      	nop			@ (mov r8, r8)
10001e0a:	46c0      	nop			@ (mov r8, r8)
10001e0c:	46c0      	nop			@ (mov r8, r8)
10001e0e:	46c0      	nop			@ (mov r8, r8)
10001e10:	46c0      	nop			@ (mov r8, r8)
10001e12:	46c0      	nop			@ (mov r8, r8)
10001e14:	46c0      	nop			@ (mov r8, r8)
10001e16:	46c0      	nop			@ (mov r8, r8)
10001e18:	46c0      	nop			@ (mov r8, r8)
10001e1a:	615a      	str	r2, [r3, #20]
10001e1c:	46c0      	nop			@ (mov r8, r8)
10001e1e:	46c0      	nop			@ (mov r8, r8)
10001e20:	46c0      	nop			@ (mov r8, r8)
10001e22:	46c0      	nop			@ (mov r8, r8)
10001e24:	619a      	str	r2, [r3, #24]
10001e26:	46c0      	nop			@ (mov r8, r8)
10001e28:	46c0      	nop			@ (mov r8, r8)
10001e2a:	46c0      	nop			@ (mov r8, r8)
10001e2c:	46c0      	nop			@ (mov r8, r8)
10001e2e:	46c0      	nop			@ (mov r8, r8)
10001e30:	46c0      	nop			@ (mov r8, r8)
10001e32:	46c0      	nop			@ (mov r8, r8)
10001e34:	46c0      	nop			@ (mov r8, r8)
10001e36:	46c0      	nop			@ (mov r8, r8)
10001e38:	46c0      	nop			@ (mov r8, r8)
10001e3a:	615a      	str	r2, [r3, #20]
10001e3c:	46c0      	nop			@ (mov r8, r8)
10001e3e:	46c0      	nop			@ (mov r8, r8)
10001e40:	46c0      	nop			@ (mov r8, r8)
10001e42:	46c0      	nop			@ (mov r8, r8)
10001e44:	619a      	str	r2, [r3, #24]
10001e46:	46c0      	nop			@ (mov r8, r8)
10001e48:	46c0      	nop			@ (mov r8, r8)
10001e4a:	46c0      	nop			@ (mov r8, r8)
10001e4c:	46c0      	nop			@ (mov r8, r8)
10001e4e:	46c0      	nop			@ (mov r8, r8)
10001e50:	46c0      	nop			@ (mov r8, r8)
10001e52:	46c0      	nop			@ (mov r8, r8)
10001e54:	46c0      	nop			@ (mov r8, r8)
10001e56:	46c0      	nop			@ (mov r8, r8)
10001e58:	46c0      	nop			@ (mov r8, r8)
10001e5a:	615a      	str	r2, [r3, #20]
10001e5c:	46c0      	nop			@ (mov r8, r8)
10001e5e:	46c0      	nop			@ (mov r8, r8)
10001e60:	46c0      	nop			@ (mov r8, r8)
10001e62:	46c0      	nop			@ (mov r8, r8)
10001e64:	619a      	str	r2, [r3, #24]
10001e66:	46c0      	nop			@ (mov r8, r8)
10001e68:	46c0      	nop			@ (mov r8, r8)
10001e6a:	46c0      	nop			@ (mov r8, r8)
10001e6c:	46c0      	nop			@ (mov r8, r8)
10001e6e:	46c0      	nop			@ (mov r8, r8)
10001e70:	46c0      	nop			@ (mov r8, r8)
10001e72:	46c0      	nop			@ (mov r8, r8)
10001e74:	46c0      	nop			@ (mov r8, r8)
10001e76:	46c0      	nop			@ (mov r8, r8)
10001e78:	46c0      	nop			@ (mov r8, r8)
10001e7a:	f380 8810 	msr	PRIMASK, r0
10001e7e:	203c      	movs	r0, #60	@ 0x3c
10001e80:	2100      	movs	r1, #0
10001e82:	f003 f96f 	bl	10005164 <sleep_us>
10001e86:	0035      	movs	r5, r6
10001e88:	2400      	movs	r4, #0
10001e8a:	4658      	mov	r0, fp
10001e8c:	f001 fb20 	bl	100034d0 <pokemon_trade_is_connected>
10001e90:	2800      	cmp	r0, #0
10001e92:	d100      	bne.n	10001e96 <main+0x686>
10001e94:	e6ba      	b.n	10001c0c <main+0x3fc>
10001e96:	4ad7      	ldr	r2, [pc, #860]	@ (100021f4 <main+0x9e4>)
10001e98:	49d7      	ldr	r1, [pc, #860]	@ (100021f8 <main+0x9e8>)
10001e9a:	6813      	ldr	r3, [r2, #0]
10001e9c:	1af3      	subs	r3, r6, r3
10001e9e:	428b      	cmp	r3, r1
10001ea0:	d800      	bhi.n	10001ea4 <main+0x694>
10001ea2:	e6b3      	b.n	10001c0c <main+0x3fc>
10001ea4:	4658      	mov	r0, fp
10001ea6:	6016      	str	r6, [r2, #0]
10001ea8:	f001 fb10 	bl	100034cc <pokemon_trade_get_state>
10001eac:	f001 f8de 	bl	1000306c <pokemon_trade_state_name>
10001eb0:	465a      	mov	r2, fp
10001eb2:	4bd2      	ldr	r3, [pc, #840]	@ (100021fc <main+0x9ec>)
10001eb4:	0001      	movs	r1, r0
10001eb6:	58d3      	ldr	r3, [r2, r3]
10001eb8:	2283      	movs	r2, #131	@ 0x83
10001eba:	4658      	mov	r0, fp
10001ebc:	4ed0      	ldr	r6, [pc, #832]	@ (10002200 <main+0x9f0>)
10001ebe:	00d2      	lsls	r2, r2, #3
10001ec0:	5882      	ldr	r2, [r0, r2]
10001ec2:	0030      	movs	r0, r6
10001ec4:	f006 fb42 	bl	1000854c <__wrap_printf>
10001ec8:	e6a0      	b.n	10001c0c <main+0x3fc>
10001eca:	21fa      	movs	r1, #250	@ 0xfa
10001ecc:	0089      	lsls	r1, r1, #2
10001ece:	f003 fde5 	bl	10005a9c <__wrap___aeabi_uidiv>
10001ed2:	0006      	movs	r6, r0
10001ed4:	e6df      	b.n	10001c96 <main+0x486>
10001ed6:	f003 fad1 	bl	1000547c <time_us_64>
10001eda:	2900      	cmp	r1, #0
10001edc:	d00d      	beq.n	10001efa <main+0x6ea>
10001ede:	22fa      	movs	r2, #250	@ 0xfa
10001ee0:	2300      	movs	r3, #0
10001ee2:	0092      	lsls	r2, r2, #2
10001ee4:	f003 fe18 	bl	10005b18 <__wrap___aeabi_uldivmod>
10001ee8:	0034      	movs	r4, r6
10001eea:	0005      	movs	r5, r0
10001eec:	e6c8      	b.n	10001c80 <main+0x470>
10001eee:	4658      	mov	r0, fp
10001ef0:	f001 faec 	bl	100034cc <pokemon_trade_get_state>
10001ef4:	f7ff f9aa 	bl	1000124c <update_led_for_state>
10001ef8:	e7c5      	b.n	10001e86 <main+0x676>
10001efa:	21fa      	movs	r1, #250	@ 0xfa
10001efc:	0089      	lsls	r1, r1, #2
10001efe:	f003 fdcd 	bl	10005a9c <__wrap___aeabi_uidiv>
10001f02:	0034      	movs	r4, r6
10001f04:	0005      	movs	r5, r0
10001f06:	e6bb      	b.n	10001c80 <main+0x470>
10001f08:	2240      	movs	r2, #64	@ 0x40
10001f0a:	2000      	movs	r0, #0
10001f0c:	a90e      	add	r1, sp, #56	@ 0x38
10001f0e:	ae0e      	add	r6, sp, #56	@ 0x38
10001f10:	f007 fc8c 	bl	1000982c <tud_cdc_n_read>
10001f14:	46b2      	mov	sl, r6
10001f16:	4482      	add	sl, r0
10001f18:	2800      	cmp	r0, #0
10001f1a:	d100      	bne.n	10001f1e <main+0x70e>
10001f1c:	e686      	b.n	10001c2c <main+0x41c>
10001f1e:	9503      	str	r5, [sp, #12]
10001f20:	9404      	str	r4, [sp, #16]
10001f22:	4655      	mov	r5, sl
10001f24:	e013      	b.n	10001f4e <main+0x73e>
10001f26:	297b      	cmp	r1, #123	@ 0x7b
10001f28:	d14f      	bne.n	10001fca <main+0x7ba>
10001f2a:	2301      	movs	r3, #1
10001f2c:	603b      	str	r3, [r7, #0]
10001f2e:	4bb5      	ldr	r3, [pc, #724]	@ (10002204 <main+0x9f4>)
10001f30:	48b5      	ldr	r0, [pc, #724]	@ (10002208 <main+0x9f8>)
10001f32:	781b      	ldrb	r3, [r3, #0]
10001f34:	7001      	strb	r1, [r0, #0]
10001f36:	2b00      	cmp	r3, #0
10001f38:	d100      	bne.n	10001f3c <main+0x72c>
10001f3a:	e22e      	b.n	1000239a <main+0xb8a>
10001f3c:	2201      	movs	r2, #1
10001f3e:	4bb3      	ldr	r3, [pc, #716]	@ (1000220c <main+0x9fc>)
10001f40:	4698      	mov	r8, r3
10001f42:	681b      	ldr	r3, [r3, #0]
10001f44:	2b00      	cmp	r3, #0
10001f46:	d021      	beq.n	10001f8c <main+0x77c>
10001f48:	3601      	adds	r6, #1
10001f4a:	42b5      	cmp	r5, r6
10001f4c:	d030      	beq.n	10001fb0 <main+0x7a0>
10001f4e:	683c      	ldr	r4, [r7, #0]
10001f50:	7831      	ldrb	r1, [r6, #0]
10001f52:	2c00      	cmp	r4, #0
10001f54:	d0e7      	beq.n	10001f26 <main+0x716>
10001f56:	4bae      	ldr	r3, [pc, #696]	@ (10002210 <main+0xa00>)
10001f58:	429c      	cmp	r4, r3
10001f5a:	d82c      	bhi.n	10001fb6 <main+0x7a6>
10001f5c:	4bab      	ldr	r3, [pc, #684]	@ (1000220c <main+0x9fc>)
10001f5e:	48aa      	ldr	r0, [pc, #680]	@ (10002208 <main+0x9f8>)
10001f60:	1c62      	adds	r2, r4, #1
10001f62:	4698      	mov	r8, r3
10001f64:	603a      	str	r2, [r7, #0]
10001f66:	681b      	ldr	r3, [r3, #0]
10001f68:	5501      	strb	r1, [r0, r4]
10001f6a:	2922      	cmp	r1, #34	@ 0x22
10001f6c:	d100      	bne.n	10001f70 <main+0x760>
10001f6e:	e21d      	b.n	100023ac <main+0xb9c>
10001f70:	4ca4      	ldr	r4, [pc, #656]	@ (10002204 <main+0x9f4>)
10001f72:	7824      	ldrb	r4, [r4, #0]
10001f74:	2c00      	cmp	r4, #0
10001f76:	d1e5      	bne.n	10001f44 <main+0x734>
10001f78:	297b      	cmp	r1, #123	@ 0x7b
10001f7a:	d100      	bne.n	10001f7e <main+0x76e>
10001f7c:	e210      	b.n	100023a0 <main+0xb90>
10001f7e:	297d      	cmp	r1, #125	@ 0x7d
10001f80:	d1e0      	bne.n	10001f44 <main+0x734>
10001f82:	4641      	mov	r1, r8
10001f84:	3b01      	subs	r3, #1
10001f86:	600b      	str	r3, [r1, #0]
10001f88:	2b00      	cmp	r3, #0
10001f8a:	d1dd      	bne.n	10001f48 <main+0x738>
10001f8c:	5483      	strb	r3, [r0, r2]
10001f8e:	2280      	movs	r2, #128	@ 0x80
10001f90:	9902      	ldr	r1, [sp, #8]
10001f92:	0112      	lsls	r2, r2, #4
10001f94:	f001 ff16 	bl	10003dc4 <webui_process_command>
10001f98:	2800      	cmp	r0, #0
10001f9a:	d000      	beq.n	10001f9e <main+0x78e>
10001f9c:	e219      	b.n	100023d2 <main+0xbc2>
10001f9e:	2300      	movs	r3, #0
10001fa0:	4642      	mov	r2, r8
10001fa2:	6013      	str	r3, [r2, #0]
10001fa4:	9a05      	ldr	r2, [sp, #20]
10001fa6:	3601      	adds	r6, #1
10001fa8:	603b      	str	r3, [r7, #0]
10001faa:	7013      	strb	r3, [r2, #0]
10001fac:	42b5      	cmp	r5, r6
10001fae:	d1ce      	bne.n	10001f4e <main+0x73e>
10001fb0:	9d03      	ldr	r5, [sp, #12]
10001fb2:	9c04      	ldr	r4, [sp, #16]
10001fb4:	e63a      	b.n	10001c2c <main+0x41c>
10001fb6:	9801      	ldr	r0, [sp, #4]
10001fb8:	f006 fa44 	bl	10008444 <__wrap_puts>
10001fbc:	2300      	movs	r3, #0
10001fbe:	4a93      	ldr	r2, [pc, #588]	@ (1000220c <main+0x9fc>)
10001fc0:	603b      	str	r3, [r7, #0]
10001fc2:	6013      	str	r3, [r2, #0]
10001fc4:	4a8f      	ldr	r2, [pc, #572]	@ (10002204 <main+0x9f4>)
10001fc6:	7013      	strb	r3, [r2, #0]
10001fc8:	e7be      	b.n	10001f48 <main+0x738>
10001fca:	000b      	movs	r3, r1
10001fcc:	3b0a      	subs	r3, #10
10001fce:	b2db      	uxtb	r3, r3
10001fd0:	2b6e      	cmp	r3, #110	@ 0x6e
10001fd2:	d900      	bls.n	10001fd6 <main+0x7c6>
10001fd4:	e220      	b.n	10002418 <main+0xc08>
10001fd6:	9a06      	ldr	r2, [sp, #24]
10001fd8:	009b      	lsls	r3, r3, #2
10001fda:	58d3      	ldr	r3, [r2, r3]
10001fdc:	469f      	mov	pc, r3
10001fde:	3930      	subs	r1, #48	@ 0x30
10001fe0:	b2cc      	uxtb	r4, r1
10001fe2:	f001 fbd1 	bl	10003788 <pokemon_storage_count>
10001fe6:	4284      	cmp	r4, r0
10001fe8:	d300      	bcc.n	10001fec <main+0x7dc>
10001fea:	e1fe      	b.n	100023ea <main+0xbda>
10001fec:	0020      	movs	r0, r4
10001fee:	f001 fe7b 	bl	10003ce8 <pokemon_storage_get_slot>
10001ff2:	4680      	mov	r8, r0
10001ff4:	2800      	cmp	r0, #0
10001ff6:	d0a7      	beq.n	10001f48 <main+0x738>
10001ff8:	0021      	movs	r1, r4
10001ffa:	4886      	ldr	r0, [pc, #536]	@ (10002214 <main+0xa04>)
10001ffc:	f006 faa6 	bl	1000854c <__wrap_printf>
10002000:	4641      	mov	r1, r8
10002002:	a80b      	add	r0, sp, #44	@ 0x2c
10002004:	220a      	movs	r2, #10
10002006:	312c      	adds	r1, #44	@ 0x2c
10002008:	f000 fc00 	bl	1000280c <pokemon_string_decode>
1000200c:	4640      	mov	r0, r8
1000200e:	a90b      	add	r1, sp, #44	@ 0x2c
10002010:	f000 ff5e 	bl	10002ed0 <pokemon_print_info>
10002014:	e798      	b.n	10001f48 <main+0x738>
10002016:	4880      	ldr	r0, [pc, #512]	@ (10002218 <main+0xa08>)
10002018:	f006 fa14 	bl	10008444 <__wrap_puts>
1000201c:	487f      	ldr	r0, [pc, #508]	@ (1000221c <main+0xa0c>)
1000201e:	f006 fa11 	bl	10008444 <__wrap_puts>
10002022:	487f      	ldr	r0, [pc, #508]	@ (10002220 <main+0xa10>)
10002024:	f006 fa0e 	bl	10008444 <__wrap_puts>
10002028:	487e      	ldr	r0, [pc, #504]	@ (10002224 <main+0xa14>)
1000202a:	f006 fa0b 	bl	10008444 <__wrap_puts>
1000202e:	487e      	ldr	r0, [pc, #504]	@ (10002228 <main+0xa18>)
10002030:	f006 fa08 	bl	10008444 <__wrap_puts>
10002034:	487d      	ldr	r0, [pc, #500]	@ (1000222c <main+0xa1c>)
10002036:	f006 fa05 	bl	10008444 <__wrap_puts>
1000203a:	487d      	ldr	r0, [pc, #500]	@ (10002230 <main+0xa20>)
1000203c:	f006 fa02 	bl	10008444 <__wrap_puts>
10002040:	487c      	ldr	r0, [pc, #496]	@ (10002234 <main+0xa24>)
10002042:	f006 f9ff 	bl	10008444 <__wrap_puts>
10002046:	487c      	ldr	r0, [pc, #496]	@ (10002238 <main+0xa28>)
10002048:	f006 f9fc 	bl	10008444 <__wrap_puts>
1000204c:	487b      	ldr	r0, [pc, #492]	@ (1000223c <main+0xa2c>)
1000204e:	f006 f9f9 	bl	10008444 <__wrap_puts>
10002052:	487b      	ldr	r0, [pc, #492]	@ (10002240 <main+0xa30>)
10002054:	f006 f9f6 	bl	10008444 <__wrap_puts>
10002058:	487a      	ldr	r0, [pc, #488]	@ (10002244 <main+0xa34>)
1000205a:	f006 f9f3 	bl	10008444 <__wrap_puts>
1000205e:	487a      	ldr	r0, [pc, #488]	@ (10002248 <main+0xa38>)
10002060:	f006 f9f0 	bl	10008444 <__wrap_puts>
10002064:	4879      	ldr	r0, [pc, #484]	@ (1000224c <main+0xa3c>)
10002066:	f006 f9ed 	bl	10008444 <__wrap_puts>
1000206a:	e76d      	b.n	10001f48 <main+0x738>
1000206c:	4878      	ldr	r0, [pc, #480]	@ (10002250 <main+0xa40>)
1000206e:	f006 fa6d 	bl	1000854c <__wrap_printf>
10002072:	e004      	b.n	1000207e <main+0x86e>
10002074:	2001      	movs	r0, #1
10002076:	2100      	movs	r1, #0
10002078:	4240      	negs	r0, r0
1000207a:	f006 fde7 	bl	10008c4c <tud_task_ext>
1000207e:	2000      	movs	r0, #0
10002080:	f007 fbc6 	bl	10009810 <tud_cdc_n_available>
10002084:	2800      	cmp	r0, #0
10002086:	d0f5      	beq.n	10002074 <main+0x864>
10002088:	ac0b      	add	r4, sp, #44	@ 0x2c
1000208a:	0021      	movs	r1, r4
1000208c:	2201      	movs	r2, #1
1000208e:	2000      	movs	r0, #0
10002090:	f007 fbcc 	bl	1000982c <tud_cdc_n_read>
10002094:	7821      	ldrb	r1, [r4, #0]
10002096:	486f      	ldr	r0, [pc, #444]	@ (10002254 <main+0xa44>)
10002098:	f006 fa58 	bl	1000854c <__wrap_printf>
1000209c:	7824      	ldrb	r4, [r4, #0]
1000209e:	3c30      	subs	r4, #48	@ 0x30
100020a0:	b2e4      	uxtb	r4, r4
100020a2:	2c09      	cmp	r4, #9
100020a4:	d900      	bls.n	100020a8 <main+0x898>
100020a6:	e1a9      	b.n	100023fc <main+0xbec>
100020a8:	f001 fb6e 	bl	10003788 <pokemon_storage_count>
100020ac:	4284      	cmp	r4, r0
100020ae:	d300      	bcc.n	100020b2 <main+0x8a2>
100020b0:	e1bf      	b.n	10002432 <main+0xc22>
100020b2:	0020      	movs	r0, r4
100020b4:	f001 fc06 	bl	100038c4 <pokemon_storage_remove>
100020b8:	2800      	cmp	r0, #0
100020ba:	d000      	beq.n	100020be <main+0x8ae>
100020bc:	e1c4      	b.n	10002448 <main+0xc38>
100020be:	0021      	movs	r1, r4
100020c0:	4865      	ldr	r0, [pc, #404]	@ (10002258 <main+0xa48>)
100020c2:	f006 fa43 	bl	1000854c <__wrap_printf>
100020c6:	e73f      	b.n	10001f48 <main+0x738>
100020c8:	4864      	ldr	r0, [pc, #400]	@ (1000225c <main+0xa4c>)
100020ca:	f006 f9bb 	bl	10008444 <__wrap_puts>
100020ce:	4864      	ldr	r0, [pc, #400]	@ (10002260 <main+0xa50>)
100020d0:	f006 f9b8 	bl	10008444 <__wrap_puts>
100020d4:	2301      	movs	r3, #1
100020d6:	425b      	negs	r3, r3
100020d8:	469a      	mov	sl, r3
100020da:	23d0      	movs	r3, #208	@ 0xd0
100020dc:	061b      	lsls	r3, r3, #24
100020de:	4698      	mov	r8, r3
100020e0:	4b60      	ldr	r3, [pc, #384]	@ (10002264 <main+0xa54>)
100020e2:	9508      	str	r5, [sp, #32]
100020e4:	9307      	str	r3, [sp, #28]
100020e6:	003b      	movs	r3, r7
100020e8:	9609      	str	r6, [sp, #36]	@ 0x24
100020ea:	4657      	mov	r7, sl
100020ec:	4699      	mov	r9, r3
100020ee:	e01e      	b.n	1000212e <main+0x91e>
100020f0:	2001      	movs	r0, #1
100020f2:	2100      	movs	r1, #0
100020f4:	4240      	negs	r0, r0
100020f6:	f006 fda9 	bl	10008c4c <tud_task_ext>
100020fa:	4643      	mov	r3, r8
100020fc:	2601      	movs	r6, #1
100020fe:	685b      	ldr	r3, [r3, #4]
10002100:	401e      	ands	r6, r3
10002102:	4643      	mov	r3, r8
10002104:	685d      	ldr	r5, [r3, #4]
10002106:	076d      	lsls	r5, r5, #29
10002108:	0fed      	lsrs	r5, r5, #31
1000210a:	42be      	cmp	r6, r7
1000210c:	d101      	bne.n	10002112 <main+0x902>
1000210e:	4555      	cmp	r5, sl
10002110:	d007      	beq.n	10002122 <main+0x912>
10002112:	0021      	movs	r1, r4
10002114:	002b      	movs	r3, r5
10002116:	0032      	movs	r2, r6
10002118:	9807      	ldr	r0, [sp, #28]
1000211a:	1c67      	adds	r7, r4, #1
1000211c:	f006 fa16 	bl	1000854c <__wrap_printf>
10002120:	003c      	movs	r4, r7
10002122:	200a      	movs	r0, #10
10002124:	2100      	movs	r1, #0
10002126:	f003 f81d 	bl	10005164 <sleep_us>
1000212a:	46aa      	mov	sl, r5
1000212c:	0037      	movs	r7, r6
1000212e:	2000      	movs	r0, #0
10002130:	f007 fb6e 	bl	10009810 <tud_cdc_n_available>
10002134:	2800      	cmp	r0, #0
10002136:	d0db      	beq.n	100020f0 <main+0x8e0>
10002138:	2201      	movs	r2, #1
1000213a:	a90b      	add	r1, sp, #44	@ 0x2c
1000213c:	2000      	movs	r0, #0
1000213e:	9d08      	ldr	r5, [sp, #32]
10002140:	9e09      	ldr	r6, [sp, #36]	@ 0x24
10002142:	f007 fb73 	bl	1000982c <tud_cdc_n_read>
10002146:	4848      	ldr	r0, [pc, #288]	@ (10002268 <main+0xa58>)
10002148:	464f      	mov	r7, r9
1000214a:	f006 f97b 	bl	10008444 <__wrap_puts>
1000214e:	e6fb      	b.n	10001f48 <main+0x738>
10002150:	4846      	ldr	r0, [pc, #280]	@ (1000226c <main+0xa5c>)
10002152:	f006 f977 	bl	10008444 <__wrap_puts>
10002156:	4658      	mov	r0, fp
10002158:	f001 f9b8 	bl	100034cc <pokemon_trade_get_state>
1000215c:	f000 ff86 	bl	1000306c <pokemon_trade_state_name>
10002160:	4b43      	ldr	r3, [pc, #268]	@ (10002270 <main+0xa60>)
10002162:	0001      	movs	r1, r0
10002164:	0018      	movs	r0, r3
10002166:	f006 f9f1 	bl	1000854c <__wrap_printf>
1000216a:	9b00      	ldr	r3, [sp, #0]
1000216c:	4941      	ldr	r1, [pc, #260]	@ (10002274 <main+0xa64>)
1000216e:	7b1b      	ldrb	r3, [r3, #12]
10002170:	2b00      	cmp	r3, #0
10002172:	d006      	beq.n	10002182 <main+0x972>
10002174:	2b01      	cmp	r3, #1
10002176:	d100      	bne.n	1000217a <main+0x96a>
10002178:	e164      	b.n	10002444 <main+0xc34>
1000217a:	493f      	ldr	r1, [pc, #252]	@ (10002278 <main+0xa68>)
1000217c:	2b02      	cmp	r3, #2
1000217e:	d100      	bne.n	10002182 <main+0x972>
10002180:	e16a      	b.n	10002458 <main+0xc48>
10002182:	483e      	ldr	r0, [pc, #248]	@ (1000227c <main+0xa6c>)
10002184:	f006 f9e2 	bl	1000854c <__wrap_printf>
10002188:	9b00      	ldr	r3, [sp, #0]
1000218a:	483d      	ldr	r0, [pc, #244]	@ (10002280 <main+0xa70>)
1000218c:	69d9      	ldr	r1, [r3, #28]
1000218e:	f006 f9dd 	bl	1000854c <__wrap_printf>
10002192:	2383      	movs	r3, #131	@ 0x83
10002194:	465a      	mov	r2, fp
10002196:	00db      	lsls	r3, r3, #3
10002198:	58d1      	ldr	r1, [r2, r3]
1000219a:	483a      	ldr	r0, [pc, #232]	@ (10002284 <main+0xa74>)
1000219c:	f006 f9d6 	bl	1000854c <__wrap_printf>
100021a0:	465a      	mov	r2, fp
100021a2:	4b16      	ldr	r3, [pc, #88]	@ (100021fc <main+0x9ec>)
100021a4:	24d0      	movs	r4, #208	@ 0xd0
100021a6:	58d1      	ldr	r1, [r2, r3]
100021a8:	4837      	ldr	r0, [pc, #220]	@ (10002288 <main+0xa78>)
100021aa:	f006 f9cf 	bl	1000854c <__wrap_printf>
100021ae:	2101      	movs	r1, #1
100021b0:	0624      	lsls	r4, r4, #24
100021b2:	6863      	ldr	r3, [r4, #4]
100021b4:	4835      	ldr	r0, [pc, #212]	@ (1000228c <main+0xa7c>)
100021b6:	4019      	ands	r1, r3
100021b8:	f006 f9c8 	bl	1000854c <__wrap_printf>
100021bc:	6861      	ldr	r1, [r4, #4]
100021be:	4834      	ldr	r0, [pc, #208]	@ (10002290 <main+0xa80>)
100021c0:	0749      	lsls	r1, r1, #29
100021c2:	0fc9      	lsrs	r1, r1, #31
100021c4:	f006 f9c2 	bl	1000854c <__wrap_printf>
100021c8:	f001 fade 	bl	10003788 <pokemon_storage_count>
100021cc:	4b31      	ldr	r3, [pc, #196]	@ (10002294 <main+0xa84>)
100021ce:	0001      	movs	r1, r0
100021d0:	2214      	movs	r2, #20
100021d2:	0018      	movs	r0, r3
100021d4:	f006 f9ba 	bl	1000854c <__wrap_printf>
100021d8:	e6b6      	b.n	10001f48 <main+0x738>
100021da:	482f      	ldr	r0, [pc, #188]	@ (10002298 <main+0xa88>)
100021dc:	f006 f932 	bl	10008444 <__wrap_puts>
100021e0:	4658      	mov	r0, fp
100021e2:	f000 ff71 	bl	100030c8 <pokemon_trade_reset>
100021e6:	9800      	ldr	r0, [sp, #0]
100021e8:	f000 fa44 	bl	10002674 <gb_link_reset>
100021ec:	2200      	movs	r2, #0
100021ee:	4b2b      	ldr	r3, [pc, #172]	@ (1000229c <main+0xa8c>)
100021f0:	701a      	strb	r2, [r3, #0]
100021f2:	e6a9      	b.n	10001f48 <main+0x738>
100021f4:	20002fc4 	.word	0x20002fc4
100021f8:	00002710 	.word	0x00002710
100021fc:	0000041c 	.word	0x0000041c
10002200:	1000ba20 	.word	0x1000ba20
10002204:	20003c39 	.word	0x20003c39
10002208:	200027c0 	.word	0x200027c0
1000220c:	200027bc 	.word	0x200027bc
10002210:	000007fe 	.word	0x000007fe
10002214:	1000b5cc 	.word	0x1000b5cc
10002218:	1000b7d8 	.word	0x1000b7d8
1000221c:	1000b7f8 	.word	0x1000b7f8
10002220:	1000b804 	.word	0x1000b804
10002224:	1000b824 	.word	0x1000b824
10002228:	1000b848 	.word	0x1000b848
1000222c:	1000b860 	.word	0x1000b860
10002230:	1000b87c 	.word	0x1000b87c
10002234:	1000b89c 	.word	0x1000b89c
10002238:	1000b8bc 	.word	0x1000b8bc
1000223c:	1000b8d8 	.word	0x1000b8d8
10002240:	1000b8f0 	.word	0x1000b8f0
10002244:	1000b920 	.word	0x1000b920
10002248:	1000b938 	.word	0x1000b938
1000224c:	1000b948 	.word	0x1000b948
10002250:	1000b604 	.word	0x1000b604
10002254:	1000b628 	.word	0x1000b628
10002258:	1000b62c 	.word	0x1000b62c
1000225c:	1000b974 	.word	0x1000b974
10002260:	1000b9a0 	.word	0x1000b9a0
10002264:	1000b9c8 	.word	0x1000b9c8
10002268:	1000b9dc 	.word	0x1000b9dc
1000226c:	1000b3f8 	.word	0x1000b3f8
10002270:	1000b418 	.word	0x1000b418
10002274:	1000b108 	.word	0x1000b108
10002278:	1000c300 	.word	0x1000c300
1000227c:	1000b42c 	.word	0x1000b42c
10002280:	1000b43c 	.word	0x1000b43c
10002284:	1000b45c 	.word	0x1000b45c
10002288:	1000b478 	.word	0x1000b478
1000228c:	1000b490 	.word	0x1000b490
10002290:	1000b4a4 	.word	0x1000b4a4
10002294:	1000b4bc 	.word	0x1000b4bc
10002298:	1000b3dc 	.word	0x1000b3dc
1000229c:	20003c3a 	.word	0x20003c3a
100022a0:	4873      	ldr	r0, [pc, #460]	@ (10002470 <main+0xc60>)
100022a2:	f006 f8cf 	bl	10008444 <__wrap_puts>
100022a6:	4c73      	ldr	r4, [pc, #460]	@ (10002474 <main+0xc64>)
100022a8:	a80b      	add	r0, sp, #44	@ 0x2c
100022aa:	0021      	movs	r1, r4
100022ac:	220a      	movs	r2, #10
100022ae:	f000 faad 	bl	1000280c <pokemon_string_decode>
100022b2:	0020      	movs	r0, r4
100022b4:	384b      	subs	r0, #75	@ 0x4b
100022b6:	38ff      	subs	r0, #255	@ 0xff
100022b8:	a90b      	add	r1, sp, #44	@ 0x2c
100022ba:	f000 fe09 	bl	10002ed0 <pokemon_print_info>
100022be:	e643      	b.n	10001f48 <main+0x738>
100022c0:	f001 fc5a 	bl	10003b78 <pokemon_storage_print>
100022c4:	e640      	b.n	10001f48 <main+0x738>
100022c6:	24d0      	movs	r4, #208	@ 0xd0
100022c8:	486b      	ldr	r0, [pc, #428]	@ (10002478 <main+0xc68>)
100022ca:	f006 f8bb 	bl	10008444 <__wrap_puts>
100022ce:	2101      	movs	r1, #1
100022d0:	0624      	lsls	r4, r4, #24
100022d2:	6863      	ldr	r3, [r4, #4]
100022d4:	4869      	ldr	r0, [pc, #420]	@ (1000247c <main+0xc6c>)
100022d6:	4019      	ands	r1, r3
100022d8:	f006 f938 	bl	1000854c <__wrap_printf>
100022dc:	6861      	ldr	r1, [r4, #4]
100022de:	4868      	ldr	r0, [pc, #416]	@ (10002480 <main+0xc70>)
100022e0:	0789      	lsls	r1, r1, #30
100022e2:	0fc9      	lsrs	r1, r1, #31
100022e4:	f006 f932 	bl	1000854c <__wrap_printf>
100022e8:	6861      	ldr	r1, [r4, #4]
100022ea:	4866      	ldr	r0, [pc, #408]	@ (10002484 <main+0xc74>)
100022ec:	0749      	lsls	r1, r1, #29
100022ee:	0fc9      	lsrs	r1, r1, #31
100022f0:	f006 f92c 	bl	1000854c <__wrap_printf>
100022f4:	4864      	ldr	r0, [pc, #400]	@ (10002488 <main+0xc78>)
100022f6:	f006 f8a5 	bl	10008444 <__wrap_puts>
100022fa:	4864      	ldr	r0, [pc, #400]	@ (1000248c <main+0xc7c>)
100022fc:	f006 f8a2 	bl	10008444 <__wrap_puts>
10002300:	4863      	ldr	r0, [pc, #396]	@ (10002490 <main+0xc80>)
10002302:	f006 f89f 	bl	10008444 <__wrap_puts>
10002306:	4863      	ldr	r0, [pc, #396]	@ (10002494 <main+0xc84>)
10002308:	f006 f89c 	bl	10008444 <__wrap_puts>
1000230c:	e61c      	b.n	10001f48 <main+0x738>
1000230e:	4862      	ldr	r0, [pc, #392]	@ (10002498 <main+0xc88>)
10002310:	f006 f898 	bl	10008444 <__wrap_puts>
10002314:	4b61      	ldr	r3, [pc, #388]	@ (1000249c <main+0xc8c>)
10002316:	2400      	movs	r4, #0
10002318:	469a      	mov	sl, r3
1000231a:	4b61      	ldr	r3, [pc, #388]	@ (100024a0 <main+0xc90>)
1000231c:	4652      	mov	r2, sl
1000231e:	4699      	mov	r9, r3
10002320:	230f      	movs	r3, #15
10002322:	4698      	mov	r8, r3
10002324:	464b      	mov	r3, r9
10002326:	46b2      	mov	sl, r6
10002328:	46a9      	mov	r9, r5
1000232a:	0016      	movs	r6, r2
1000232c:	001d      	movs	r5, r3
1000232e:	e001      	b.n	10002334 <main+0xb24>
10002330:	2c40      	cmp	r4, #64	@ 0x40
10002332:	d00c      	beq.n	1000234e <main+0xb3e>
10002334:	5d31      	ldrb	r1, [r6, r4]
10002336:	0028      	movs	r0, r5
10002338:	f006 f908 	bl	1000854c <__wrap_printf>
1000233c:	4643      	mov	r3, r8
1000233e:	3401      	adds	r4, #1
10002340:	4223      	tst	r3, r4
10002342:	d1f5      	bne.n	10002330 <main+0xb20>
10002344:	200a      	movs	r0, #10
10002346:	f006 f833 	bl	100083b0 <__wrap_putchar>
1000234a:	2c40      	cmp	r4, #64	@ 0x40
1000234c:	d1f2      	bne.n	10002334 <main+0xb24>
1000234e:	200a      	movs	r0, #10
10002350:	464d      	mov	r5, r9
10002352:	4656      	mov	r6, sl
10002354:	f006 f82c 	bl	100083b0 <__wrap_putchar>
10002358:	e5f6      	b.n	10001f48 <main+0x738>
1000235a:	4852      	ldr	r0, [pc, #328]	@ (100024a4 <main+0xc94>)
1000235c:	f006 f872 	bl	10008444 <__wrap_puts>
10002360:	4851      	ldr	r0, [pc, #324]	@ (100024a8 <main+0xc98>)
10002362:	f006 f86f 	bl	10008444 <__wrap_puts>
10002366:	e004      	b.n	10002372 <main+0xb62>
10002368:	2001      	movs	r0, #1
1000236a:	2100      	movs	r1, #0
1000236c:	4240      	negs	r0, r0
1000236e:	f006 fc6d 	bl	10008c4c <tud_task_ext>
10002372:	2000      	movs	r0, #0
10002374:	f007 fa4c 	bl	10009810 <tud_cdc_n_available>
10002378:	2800      	cmp	r0, #0
1000237a:	d0f5      	beq.n	10002368 <main+0xb58>
1000237c:	ac0b      	add	r4, sp, #44	@ 0x2c
1000237e:	2201      	movs	r2, #1
10002380:	0021      	movs	r1, r4
10002382:	2000      	movs	r0, #0
10002384:	f007 fa52 	bl	1000982c <tud_cdc_n_read>
10002388:	2220      	movs	r2, #32
1000238a:	7823      	ldrb	r3, [r4, #0]
1000238c:	4393      	bics	r3, r2
1000238e:	2b59      	cmp	r3, #89	@ 0x59
10002390:	d023      	beq.n	100023da <main+0xbca>
10002392:	4846      	ldr	r0, [pc, #280]	@ (100024ac <main+0xc9c>)
10002394:	f006 f856 	bl	10008444 <__wrap_puts>
10002398:	e5d6      	b.n	10001f48 <main+0x738>
1000239a:	4b45      	ldr	r3, [pc, #276]	@ (100024b0 <main+0xca0>)
1000239c:	2201      	movs	r2, #1
1000239e:	4698      	mov	r8, r3
100023a0:	4643      	mov	r3, r8
100023a2:	4641      	mov	r1, r8
100023a4:	681b      	ldr	r3, [r3, #0]
100023a6:	3301      	adds	r3, #1
100023a8:	600b      	str	r3, [r1, #0]
100023aa:	e5cb      	b.n	10001f44 <main+0x734>
100023ac:	1904      	adds	r4, r0, r4
100023ae:	3c01      	subs	r4, #1
100023b0:	7821      	ldrb	r1, [r4, #0]
100023b2:	295c      	cmp	r1, #92	@ 0x5c
100023b4:	d100      	bne.n	100023b8 <main+0xba8>
100023b6:	e5c5      	b.n	10001f44 <main+0x734>
100023b8:	493e      	ldr	r1, [pc, #248]	@ (100024b4 <main+0xca4>)
100023ba:	468a      	mov	sl, r1
100023bc:	7809      	ldrb	r1, [r1, #0]
100023be:	4689      	mov	r9, r1
100023c0:	2101      	movs	r1, #1
100023c2:	468c      	mov	ip, r1
100023c4:	464c      	mov	r4, r9
100023c6:	4661      	mov	r1, ip
100023c8:	404c      	eors	r4, r1
100023ca:	0021      	movs	r1, r4
100023cc:	4654      	mov	r4, sl
100023ce:	7021      	strb	r1, [r4, #0]
100023d0:	e5b8      	b.n	10001f44 <main+0x734>
100023d2:	9802      	ldr	r0, [sp, #8]
100023d4:	f006 f836 	bl	10008444 <__wrap_puts>
100023d8:	e5e1      	b.n	10001f9e <main+0x78e>
100023da:	f001 fb07 	bl	100039ec <pokemon_storage_clear>
100023de:	2800      	cmp	r0, #0
100023e0:	d11f      	bne.n	10002422 <main+0xc12>
100023e2:	4835      	ldr	r0, [pc, #212]	@ (100024b8 <main+0xca8>)
100023e4:	f006 f82e 	bl	10008444 <__wrap_puts>
100023e8:	e5ae      	b.n	10001f48 <main+0x738>
100023ea:	f001 f9cd 	bl	10003788 <pokemon_storage_count>
100023ee:	4b33      	ldr	r3, [pc, #204]	@ (100024bc <main+0xcac>)
100023f0:	0002      	movs	r2, r0
100023f2:	0021      	movs	r1, r4
100023f4:	0018      	movs	r0, r3
100023f6:	f006 f8a9 	bl	1000854c <__wrap_printf>
100023fa:	e5a5      	b.n	10001f48 <main+0x738>
100023fc:	4830      	ldr	r0, [pc, #192]	@ (100024c0 <main+0xcb0>)
100023fe:	f006 f821 	bl	10008444 <__wrap_puts>
10002402:	e5a1      	b.n	10001f48 <main+0x738>
10002404:	f001 f9c0 	bl	10003788 <pokemon_storage_count>
10002408:	4b2e      	ldr	r3, [pc, #184]	@ (100024c4 <main+0xcb4>)
1000240a:	0001      	movs	r1, r0
1000240c:	2214      	movs	r2, #20
1000240e:	0018      	movs	r0, r3
10002410:	f006 f89c 	bl	1000854c <__wrap_printf>
10002414:	f7ff fa38 	bl	10001888 <main+0x78>
10002418:	000a      	movs	r2, r1
1000241a:	482b      	ldr	r0, [pc, #172]	@ (100024c8 <main+0xcb8>)
1000241c:	f006 f896 	bl	1000854c <__wrap_printf>
10002420:	e592      	b.n	10001f48 <main+0x738>
10002422:	f001 fc75 	bl	10003d10 <pokemon_storage_status_name>
10002426:	4b29      	ldr	r3, [pc, #164]	@ (100024cc <main+0xcbc>)
10002428:	0001      	movs	r1, r0
1000242a:	0018      	movs	r0, r3
1000242c:	f006 f88e 	bl	1000854c <__wrap_printf>
10002430:	e58a      	b.n	10001f48 <main+0x738>
10002432:	f001 f9a9 	bl	10003788 <pokemon_storage_count>
10002436:	4b26      	ldr	r3, [pc, #152]	@ (100024d0 <main+0xcc0>)
10002438:	0002      	movs	r2, r0
1000243a:	0021      	movs	r1, r4
1000243c:	0018      	movs	r0, r3
1000243e:	f006 f885 	bl	1000854c <__wrap_printf>
10002442:	e581      	b.n	10001f48 <main+0x738>
10002444:	4923      	ldr	r1, [pc, #140]	@ (100024d4 <main+0xcc4>)
10002446:	e69c      	b.n	10002182 <main+0x972>
10002448:	f001 fc62 	bl	10003d10 <pokemon_storage_status_name>
1000244c:	4b22      	ldr	r3, [pc, #136]	@ (100024d8 <main+0xcc8>)
1000244e:	0001      	movs	r1, r0
10002450:	0018      	movs	r0, r3
10002452:	f006 f87b 	bl	1000854c <__wrap_printf>
10002456:	e577      	b.n	10001f48 <main+0x738>
10002458:	4920      	ldr	r1, [pc, #128]	@ (100024dc <main+0xccc>)
1000245a:	e692      	b.n	10002182 <main+0x972>
1000245c:	4820      	ldr	r0, [pc, #128]	@ (100024e0 <main+0xcd0>)
1000245e:	f005 fff1 	bl	10008444 <__wrap_puts>
10002462:	2064      	movs	r0, #100	@ 0x64
10002464:	f002 fef4 	bl	10005250 <sleep_ms>
10002468:	2100      	movs	r1, #0
1000246a:	0008      	movs	r0, r1
1000246c:	f003 f9a0 	bl	100057b0 <rom_reset_usb_boot>
10002470:	1000b4d4 	.word	0x1000b4d4
10002474:	2000396b 	.word	0x2000396b
10002478:	1000b6b4 	.word	0x1000b6b4
1000247c:	1000b6d0 	.word	0x1000b6d0
10002480:	1000b6fc 	.word	0x1000b6fc
10002484:	1000b720 	.word	0x1000b720
10002488:	1000b750 	.word	0x1000b750
1000248c:	1000b784 	.word	0x1000b784
10002490:	1000b7a8 	.word	0x1000b7a8
10002494:	1000b7c4 	.word	0x1000b7c4
10002498:	1000b4f8 	.word	0x1000b4f8
1000249c:	2000380e 	.word	0x2000380e
100024a0:	1000bd00 	.word	0x1000bd00
100024a4:	1000b520 	.word	0x1000b520
100024a8:	1000b558 	.word	0x1000b558
100024ac:	1000b5b8 	.word	0x1000b5b8
100024b0:	200027bc 	.word	0x200027bc
100024b4:	20003c39 	.word	0x20003c39
100024b8:	1000b588 	.word	0x1000b588
100024bc:	1000b5e0 	.word	0x1000b5e0
100024c0:	1000b67c 	.word	0x1000b67c
100024c4:	1000b1d4 	.word	0x1000b1d4
100024c8:	1000b9e8 	.word	0x1000b9e8
100024cc:	1000b59c 	.word	0x1000b59c
100024d0:	1000b658 	.word	0x1000b658
100024d4:	1000b118 	.word	0x1000b118
100024d8:	1000b64c 	.word	0x1000b64c
100024dc:	1000b124 	.word	0x1000b124
100024e0:	1000b698 	.word	0x1000b698

100024e4 <gb_link_init>:
100024e4:	b5f0      	push	{r4, r5, r6, r7, lr}
100024e6:	46d6      	mov	lr, sl
100024e8:	464f      	mov	r7, r9
100024ea:	4646      	mov	r6, r8
100024ec:	b5c0      	push	{r6, r7, lr}
100024ee:	0005      	movs	r5, r0
100024f0:	000c      	movs	r4, r1
100024f2:	b086      	sub	sp, #24
100024f4:	2800      	cmp	r0, #0
100024f6:	d100      	bne.n	100024fa <gb_link_init+0x16>
100024f8:	e082      	b.n	10002600 <gb_link_init+0x11c>
100024fa:	2900      	cmp	r1, #0
100024fc:	d100      	bne.n	10002500 <gb_link_init+0x1c>
100024fe:	e07f      	b.n	10002600 <gb_link_init+0x11c>
10002500:	2100      	movs	r1, #0
10002502:	0020      	movs	r0, r4
10002504:	f007 fe84 	bl	1000a210 <pio_claim_unused_sm>
10002508:	1e06      	subs	r6, r0, #0
1000250a:	db76      	blt.n	100025fa <gb_link_init+0x116>
1000250c:	4b44      	ldr	r3, [pc, #272]	@ (10002620 <gb_link_init+0x13c>)
1000250e:	0020      	movs	r0, r4
10002510:	0019      	movs	r1, r3
10002512:	4698      	mov	r8, r3
10002514:	f007 fe98 	bl	1000a248 <pio_can_add_program>
10002518:	1e07      	subs	r7, r0, #0
1000251a:	d100      	bne.n	1000251e <gb_link_init+0x3a>
1000251c:	e078      	b.n	10002610 <gb_link_init+0x12c>
1000251e:	4641      	mov	r1, r8
10002520:	0020      	movs	r0, r4
10002522:	f007 fecf 	bl	1000a2c4 <pio_add_program>
10002526:	2300      	movs	r3, #0
10002528:	4698      	mov	r8, r3
1000252a:	732b      	strb	r3, [r5, #12]
1000252c:	612b      	str	r3, [r5, #16]
1000252e:	616b      	str	r3, [r5, #20]
10002530:	762b      	strb	r3, [r5, #24]
10002532:	61eb      	str	r3, [r5, #28]
10002534:	622b      	str	r3, [r5, #32]
10002536:	2380      	movs	r3, #128	@ 0x80
10002538:	025b      	lsls	r3, r3, #9
1000253a:	9302      	str	r3, [sp, #8]
1000253c:	4b39      	ldr	r3, [pc, #228]	@ (10002624 <gb_link_init+0x140>)
1000253e:	01c2      	lsls	r2, r0, #7
10002540:	9305      	str	r3, [sp, #20]
10002542:	0003      	movs	r3, r0
10002544:	3304      	adds	r3, #4
10002546:	031b      	lsls	r3, r3, #12
10002548:	4313      	orrs	r3, r2
1000254a:	4a37      	ldr	r2, [pc, #220]	@ (10002628 <gb_link_init+0x144>)
1000254c:	602c      	str	r4, [r5, #0]
1000254e:	4013      	ands	r3, r2
10002550:	2284      	movs	r2, #132	@ 0x84
10002552:	05d2      	lsls	r2, r2, #23
10002554:	4313      	orrs	r3, r2
10002556:	9303      	str	r3, [sp, #12]
10002558:	4b34      	ldr	r3, [pc, #208]	@ (1000262c <gb_link_init+0x148>)
1000255a:	606e      	str	r6, [r5, #4]
1000255c:	9304      	str	r3, [sp, #16]
1000255e:	4b34      	ldr	r3, [pc, #208]	@ (10002630 <gb_link_init+0x14c>)
10002560:	60a8      	str	r0, [r5, #8]
10002562:	469a      	mov	sl, r3
10002564:	44a2      	add	sl, r4
10002566:	4653      	mov	r3, sl
10002568:	0d1d      	lsrs	r5, r3, #20
1000256a:	3506      	adds	r5, #6
1000256c:	b2ed      	uxtb	r5, r5
1000256e:	4681      	mov	r9, r0
10002570:	0029      	movs	r1, r5
10002572:	2002      	movs	r0, #2
10002574:	f002 f85a 	bl	1000462c <gpio_set_function>
10002578:	2200      	movs	r2, #0
1000257a:	2101      	movs	r1, #1
1000257c:	2002      	movs	r0, #2
1000257e:	f002 f86f 	bl	10004660 <gpio_set_pulls>
10002582:	4643      	mov	r3, r8
10002584:	2202      	movs	r2, #2
10002586:	0031      	movs	r1, r6
10002588:	9300      	str	r3, [sp, #0]
1000258a:	0020      	movs	r0, r4
1000258c:	3301      	adds	r3, #1
1000258e:	f007 ff15 	bl	1000a3bc <pio_sm_set_consecutive_pindirs>
10002592:	0029      	movs	r1, r5
10002594:	2000      	movs	r0, #0
10002596:	f002 f849 	bl	1000462c <gpio_set_function>
1000259a:	2301      	movs	r3, #1
1000259c:	2200      	movs	r2, #0
1000259e:	9300      	str	r3, [sp, #0]
100025a0:	0031      	movs	r1, r6
100025a2:	0020      	movs	r0, r4
100025a4:	f007 ff0a 	bl	1000a3bc <pio_sm_set_consecutive_pindirs>
100025a8:	0029      	movs	r1, r5
100025aa:	2001      	movs	r0, #1
100025ac:	f002 f83e 	bl	1000462c <gpio_set_function>
100025b0:	2200      	movs	r2, #0
100025b2:	2101      	movs	r1, #1
100025b4:	2001      	movs	r0, #1
100025b6:	f002 f853 	bl	10004660 <gpio_set_pulls>
100025ba:	4643      	mov	r3, r8
100025bc:	0031      	movs	r1, r6
100025be:	9300      	str	r3, [sp, #0]
100025c0:	2201      	movs	r2, #1
100025c2:	0020      	movs	r0, r4
100025c4:	3301      	adds	r3, #1
100025c6:	f007 fef9 	bl	1000a3bc <pio_sm_set_consecutive_pindirs>
100025ca:	2206      	movs	r2, #6
100025cc:	4b19      	ldr	r3, [pc, #100]	@ (10002634 <gb_link_init+0x150>)
100025ce:	0031      	movs	r1, r6
100025d0:	18e3      	adds	r3, r4, r3
100025d2:	601a      	str	r2, [r3, #0]
100025d4:	0020      	movs	r0, r4
100025d6:	ab02      	add	r3, sp, #8
100025d8:	464a      	mov	r2, r9
100025da:	f007 ff49 	bl	1000a470 <pio_sm_init>
100025de:	4651      	mov	r1, sl
100025e0:	0032      	movs	r2, r6
100025e2:	1e4b      	subs	r3, r1, #1
100025e4:	4199      	sbcs	r1, r3
100025e6:	4814      	ldr	r0, [pc, #80]	@ (10002638 <gb_link_init+0x154>)
100025e8:	f005 ffb0 	bl	1000854c <__wrap_printf>
100025ec:	2301      	movs	r3, #1
100025ee:	2200      	movs	r2, #0
100025f0:	2102      	movs	r1, #2
100025f2:	4812      	ldr	r0, [pc, #72]	@ (1000263c <gb_link_init+0x158>)
100025f4:	f005 ffaa 	bl	1000854c <__wrap_printf>
100025f8:	e003      	b.n	10002602 <gb_link_init+0x11e>
100025fa:	4811      	ldr	r0, [pc, #68]	@ (10002640 <gb_link_init+0x15c>)
100025fc:	f005 ff22 	bl	10008444 <__wrap_puts>
10002600:	2700      	movs	r7, #0
10002602:	0038      	movs	r0, r7
10002604:	b006      	add	sp, #24
10002606:	bce0      	pop	{r5, r6, r7}
10002608:	46ba      	mov	sl, r7
1000260a:	46b1      	mov	r9, r6
1000260c:	46a8      	mov	r8, r5
1000260e:	bdf0      	pop	{r4, r5, r6, r7, pc}
10002610:	480c      	ldr	r0, [pc, #48]	@ (10002644 <gb_link_init+0x160>)
10002612:	f005 ff17 	bl	10008444 <__wrap_puts>
10002616:	0031      	movs	r1, r6
10002618:	0020      	movs	r0, r4
1000261a:	f007 fde9 	bl	1000a1f0 <pio_sm_unclaim>
1000261e:	e7ef      	b.n	10002600 <gb_link_init+0x11c>
10002620:	1000c8f8 	.word	0x1000c8f8
10002624:	40108000 	.word	0x40108000
10002628:	80ffffff 	.word	0x80ffffff
1000262c:	10830000 	.word	0x10830000
10002630:	afe00000 	.word	0xafe00000
10002634:	00002038 	.word	0x00002038
10002638:	1000ba90 	.word	0x1000ba90
1000263c:	1000bab8 	.word	0x1000bab8
10002640:	1000ba44 	.word	0x1000ba44
10002644:	1000ba6c 	.word	0x1000ba6c

10002648 <gb_link_start>:
10002648:	b510      	push	{r4, lr}
1000264a:	2800      	cmp	r0, #0
1000264c:	d00f      	beq.n	1000266e <gb_link_start+0x26>
1000264e:	6841      	ldr	r1, [r0, #4]
10002650:	6802      	ldr	r2, [r0, #0]
10002652:	7e04      	ldrb	r4, [r0, #24]
10002654:	1d0b      	adds	r3, r1, #4
10002656:	009b      	lsls	r3, r3, #2
10002658:	509c      	str	r4, [r3, r2]
1000265a:	2301      	movs	r3, #1
1000265c:	408b      	lsls	r3, r1
1000265e:	6814      	ldr	r4, [r2, #0]
10002660:	4323      	orrs	r3, r4
10002662:	6013      	str	r3, [r2, #0]
10002664:	2300      	movs	r3, #0
10002666:	7303      	strb	r3, [r0, #12]
10002668:	4801      	ldr	r0, [pc, #4]	@ (10002670 <gb_link_start+0x28>)
1000266a:	f005 feeb 	bl	10008444 <__wrap_puts>
1000266e:	bd10      	pop	{r4, pc}
10002670:	1000bae4 	.word	0x1000bae4

10002674 <gb_link_reset>:
10002674:	b5f8      	push	{r3, r4, r5, r6, r7, lr}
10002676:	2800      	cmp	r0, #0
10002678:	d029      	beq.n	100026ce <gb_link_reset+0x5a>
1000267a:	2201      	movs	r2, #1
1000267c:	0016      	movs	r6, r2
1000267e:	6841      	ldr	r1, [r0, #4]
10002680:	4f13      	ldr	r7, [pc, #76]	@ (100026d0 <gb_link_reset+0x5c>)
10002682:	408e      	lsls	r6, r1
10002684:	46bc      	mov	ip, r7
10002686:	2780      	movs	r7, #128	@ 0x80
10002688:	6804      	ldr	r4, [r0, #0]
1000268a:	063f      	lsls	r7, r7, #24
1000268c:	6823      	ldr	r3, [r4, #0]
1000268e:	43b3      	bics	r3, r6
10002690:	6023      	str	r3, [r4, #0]
10002692:	004b      	lsls	r3, r1, #1
10002694:	185b      	adds	r3, r3, r1
10002696:	00db      	lsls	r3, r3, #3
10002698:	18e5      	adds	r5, r4, r3
1000269a:	4465      	add	r5, ip
1000269c:	602f      	str	r7, [r5, #0]
1000269e:	602f      	str	r7, [r5, #0]
100026a0:	2580      	movs	r5, #128	@ 0x80
100026a2:	3104      	adds	r1, #4
100026a4:	408a      	lsls	r2, r1
100026a6:	01ad      	lsls	r5, r5, #6
100026a8:	1965      	adds	r5, r4, r5
100026aa:	602a      	str	r2, [r5, #0]
100026ac:	251f      	movs	r5, #31
100026ae:	6882      	ldr	r2, [r0, #8]
100026b0:	18e3      	adds	r3, r4, r3
100026b2:	402a      	ands	r2, r5
100026b4:	33d8      	adds	r3, #216	@ 0xd8
100026b6:	601a      	str	r2, [r3, #0]
100026b8:	6822      	ldr	r2, [r4, #0]
100026ba:	0089      	lsls	r1, r1, #2
100026bc:	4332      	orrs	r2, r6
100026be:	6022      	str	r2, [r4, #0]
100026c0:	2200      	movs	r2, #0
100026c2:	7602      	strb	r2, [r0, #24]
100026c4:	510a      	str	r2, [r1, r4]
100026c6:	7302      	strb	r2, [r0, #12]
100026c8:	4802      	ldr	r0, [pc, #8]	@ (100026d4 <gb_link_reset+0x60>)
100026ca:	f005 febb 	bl	10008444 <__wrap_puts>
100026ce:	bdf8      	pop	{r3, r4, r5, r6, r7, pc}
100026d0:	000010d0 	.word	0x000010d0
100026d4:	1000bb10 	.word	0x1000bb10

100026d8 <gb_link_set_callback>:
100026d8:	2800      	cmp	r0, #0
100026da:	d001      	beq.n	100026e0 <gb_link_set_callback+0x8>
100026dc:	6101      	str	r1, [r0, #16]
100026de:	6142      	str	r2, [r0, #20]
100026e0:	4770      	bx	lr
100026e2:	46c0      	nop			@ (mov r8, r8)

100026e4 <gb_link_process>:
100026e4:	b570      	push	{r4, r5, r6, lr}
100026e6:	1e04      	subs	r4, r0, #0
100026e8:	d04c      	beq.n	10002784 <gb_link_process+0xa0>
100026ea:	2201      	movs	r2, #1
100026ec:	6843      	ldr	r3, [r0, #4]
100026ee:	6801      	ldr	r1, [r0, #0]
100026f0:	3308      	adds	r3, #8
100026f2:	409a      	lsls	r2, r3
100026f4:	6848      	ldr	r0, [r1, #4]
100026f6:	4210      	tst	r0, r2
100026f8:	d130      	bne.n	1000275c <gb_link_process+0x78>
100026fa:	009b      	lsls	r3, r3, #2
100026fc:	585d      	ldr	r5, [r3, r1]
100026fe:	69e3      	ldr	r3, [r4, #28]
10002700:	3301      	adds	r3, #1
10002702:	61e3      	str	r3, [r4, #28]
10002704:	f002 feba 	bl	1000547c <time_us_64>
10002708:	2900      	cmp	r1, #0
1000270a:	d015      	beq.n	10002738 <gb_link_process+0x54>
1000270c:	22fa      	movs	r2, #250	@ 0xfa
1000270e:	2300      	movs	r3, #0
10002710:	0092      	lsls	r2, r2, #2
10002712:	f003 fa01 	bl	10005b18 <__wrap___aeabi_uldivmod>
10002716:	7b23      	ldrb	r3, [r4, #12]
10002718:	6220      	str	r0, [r4, #32]
1000271a:	2b00      	cmp	r3, #0
1000271c:	d014      	beq.n	10002748 <gb_link_process+0x64>
1000271e:	6923      	ldr	r3, [r4, #16]
10002720:	2b00      	cmp	r3, #0
10002722:	d019      	beq.n	10002758 <gb_link_process+0x74>
10002724:	6961      	ldr	r1, [r4, #20]
10002726:	b2e8      	uxtb	r0, r5
10002728:	4798      	blx	r3
1000272a:	7620      	strb	r0, [r4, #24]
1000272c:	cc0c      	ldmia	r4!, {r2, r3}
1000272e:	3304      	adds	r3, #4
10002730:	009b      	lsls	r3, r3, #2
10002732:	5098      	str	r0, [r3, r2]
10002734:	2001      	movs	r0, #1
10002736:	bd70      	pop	{r4, r5, r6, pc}
10002738:	21fa      	movs	r1, #250	@ 0xfa
1000273a:	0089      	lsls	r1, r1, #2
1000273c:	f003 f9ae 	bl	10005a9c <__wrap___aeabi_uidiv>
10002740:	7b23      	ldrb	r3, [r4, #12]
10002742:	6220      	str	r0, [r4, #32]
10002744:	2b00      	cmp	r3, #0
10002746:	d1ea      	bne.n	1000271e <gb_link_process+0x3a>
10002748:	3301      	adds	r3, #1
1000274a:	7323      	strb	r3, [r4, #12]
1000274c:	4814      	ldr	r0, [pc, #80]	@ (100027a0 <gb_link_process+0xbc>)
1000274e:	f005 fe79 	bl	10008444 <__wrap_puts>
10002752:	6923      	ldr	r3, [r4, #16]
10002754:	2b00      	cmp	r3, #0
10002756:	d1e5      	bne.n	10002724 <gb_link_process+0x40>
10002758:	7e20      	ldrb	r0, [r4, #24]
1000275a:	e7e6      	b.n	1000272a <gb_link_process+0x46>
1000275c:	f002 fe8e 	bl	1000547c <time_us_64>
10002760:	2900      	cmp	r1, #0
10002762:	d011      	beq.n	10002788 <gb_link_process+0xa4>
10002764:	22fa      	movs	r2, #250	@ 0xfa
10002766:	2300      	movs	r3, #0
10002768:	0092      	lsls	r2, r2, #2
1000276a:	f003 f9d5 	bl	10005b18 <__wrap___aeabi_uldivmod>
1000276e:	7b23      	ldrb	r3, [r4, #12]
10002770:	2b00      	cmp	r3, #0
10002772:	d007      	beq.n	10002784 <gb_link_process+0xa0>
10002774:	6a23      	ldr	r3, [r4, #32]
10002776:	2b00      	cmp	r3, #0
10002778:	d004      	beq.n	10002784 <gb_link_process+0xa0>
1000277a:	1ac0      	subs	r0, r0, r3
1000277c:	23fa      	movs	r3, #250	@ 0xfa
1000277e:	00db      	lsls	r3, r3, #3
10002780:	4298      	cmp	r0, r3
10002782:	d806      	bhi.n	10002792 <gb_link_process+0xae>
10002784:	2000      	movs	r0, #0
10002786:	e7d6      	b.n	10002736 <gb_link_process+0x52>
10002788:	21fa      	movs	r1, #250	@ 0xfa
1000278a:	0089      	lsls	r1, r1, #2
1000278c:	f003 f986 	bl	10005a9c <__wrap___aeabi_uidiv>
10002790:	e7ed      	b.n	1000276e <gb_link_process+0x8a>
10002792:	2300      	movs	r3, #0
10002794:	4803      	ldr	r0, [pc, #12]	@ (100027a4 <gb_link_process+0xc0>)
10002796:	7323      	strb	r3, [r4, #12]
10002798:	f005 fe54 	bl	10008444 <__wrap_puts>
1000279c:	2000      	movs	r0, #0
1000279e:	e7ca      	b.n	10002736 <gb_link_process+0x52>
100027a0:	1000bb40 	.word	0x1000bb40
100027a4:	1000bb20 	.word	0x1000bb20

100027a8 <pokemon_string_encode>:
100027a8:	b570      	push	{r4, r5, r6, lr}
100027aa:	2400      	movs	r4, #0
100027ac:	252f      	movs	r5, #47	@ 0x2f
100027ae:	2a00      	cmp	r2, #0
100027b0:	d112      	bne.n	100027d8 <pokemon_string_encode+0x30>
100027b2:	e020      	b.n	100027f6 <pokemon_string_encode+0x4e>
100027b4:	001e      	movs	r6, r3
100027b6:	3e61      	subs	r6, #97	@ 0x61
100027b8:	2e19      	cmp	r6, #25
100027ba:	d914      	bls.n	100027e6 <pokemon_string_encode+0x3e>
100027bc:	001e      	movs	r6, r3
100027be:	3e30      	subs	r6, #48	@ 0x30
100027c0:	2e09      	cmp	r6, #9
100027c2:	d91f      	bls.n	10002804 <pokemon_string_encode+0x5c>
100027c4:	3b20      	subs	r3, #32
100027c6:	425e      	negs	r6, r3
100027c8:	4173      	adcs	r3, r6
100027ca:	425b      	negs	r3, r3
100027cc:	402b      	ands	r3, r5
100027ce:	3350      	adds	r3, #80	@ 0x50
100027d0:	5503      	strb	r3, [r0, r4]
100027d2:	3401      	adds	r4, #1
100027d4:	42a2      	cmp	r2, r4
100027d6:	d00c      	beq.n	100027f2 <pokemon_string_encode+0x4a>
100027d8:	5d0b      	ldrb	r3, [r1, r4]
100027da:	2b00      	cmp	r3, #0
100027dc:	d009      	beq.n	100027f2 <pokemon_string_encode+0x4a>
100027de:	001e      	movs	r6, r3
100027e0:	3e41      	subs	r6, #65	@ 0x41
100027e2:	2e19      	cmp	r6, #25
100027e4:	d8e6      	bhi.n	100027b4 <pokemon_string_encode+0xc>
100027e6:	333f      	adds	r3, #63	@ 0x3f
100027e8:	b2db      	uxtb	r3, r3
100027ea:	5503      	strb	r3, [r0, r4]
100027ec:	3401      	adds	r4, #1
100027ee:	42a2      	cmp	r2, r4
100027f0:	d1f2      	bne.n	100027d8 <pokemon_string_encode+0x30>
100027f2:	2c0a      	cmp	r4, #10
100027f4:	d805      	bhi.n	10002802 <pokemon_string_encode+0x5a>
100027f6:	220b      	movs	r2, #11
100027f8:	2150      	movs	r1, #80	@ 0x50
100027fa:	1b12      	subs	r2, r2, r4
100027fc:	1900      	adds	r0, r0, r4
100027fe:	f003 ffdb 	bl	100067b8 <__wrap_memset>
10002802:	bd70      	pop	{r4, r5, r6, pc}
10002804:	3b3a      	subs	r3, #58	@ 0x3a
10002806:	b2db      	uxtb	r3, r3
10002808:	e7e2      	b.n	100027d0 <pokemon_string_encode+0x28>
1000280a:	46c0      	nop			@ (mov r8, r8)

1000280c <pokemon_string_decode>:
1000280c:	b570      	push	{r4, r5, r6, lr}
1000280e:	2a00      	cmp	r2, #0
10002810:	d022      	beq.n	10002858 <pokemon_string_decode+0x4c>
10002812:	2400      	movs	r4, #0
10002814:	251f      	movs	r5, #31
10002816:	e010      	b.n	1000283a <pokemon_string_decode+0x2e>
10002818:	001e      	movs	r6, r3
1000281a:	3660      	adds	r6, #96	@ 0x60
1000281c:	b2f6      	uxtb	r6, r6
1000281e:	2e19      	cmp	r6, #25
10002820:	d913      	bls.n	1000284a <pokemon_string_decode+0x3e>
10002822:	2bf5      	cmp	r3, #245	@ 0xf5
10002824:	d81b      	bhi.n	1000285e <pokemon_string_decode+0x52>
10002826:	3b7f      	subs	r3, #127	@ 0x7f
10002828:	1e5e      	subs	r6, r3, #1
1000282a:	41b3      	sbcs	r3, r6
1000282c:	425b      	negs	r3, r3
1000282e:	402b      	ands	r3, r5
10002830:	3320      	adds	r3, #32
10002832:	5503      	strb	r3, [r0, r4]
10002834:	3401      	adds	r4, #1
10002836:	42a2      	cmp	r2, r4
10002838:	d00d      	beq.n	10002856 <pokemon_string_decode+0x4a>
1000283a:	5d0b      	ldrb	r3, [r1, r4]
1000283c:	2b50      	cmp	r3, #80	@ 0x50
1000283e:	d011      	beq.n	10002864 <pokemon_string_decode+0x58>
10002840:	001e      	movs	r6, r3
10002842:	3e80      	subs	r6, #128	@ 0x80
10002844:	b2f6      	uxtb	r6, r6
10002846:	2e19      	cmp	r6, #25
10002848:	d8e6      	bhi.n	10002818 <pokemon_string_decode+0xc>
1000284a:	3b3f      	subs	r3, #63	@ 0x3f
1000284c:	b2db      	uxtb	r3, r3
1000284e:	5503      	strb	r3, [r0, r4]
10002850:	3401      	adds	r4, #1
10002852:	42a2      	cmp	r2, r4
10002854:	d1f1      	bne.n	1000283a <pokemon_string_decode+0x2e>
10002856:	1880      	adds	r0, r0, r2
10002858:	2300      	movs	r3, #0
1000285a:	7003      	strb	r3, [r0, #0]
1000285c:	bd70      	pop	{r4, r5, r6, pc}
1000285e:	333a      	adds	r3, #58	@ 0x3a
10002860:	b2db      	uxtb	r3, r3
10002862:	e7e6      	b.n	10002832 <pokemon_string_decode+0x26>
10002864:	1900      	adds	r0, r0, r4
10002866:	e7f7      	b.n	10002858 <pokemon_string_decode+0x4c>

10002868 <pokemon_create_bulbasaur>:
10002868:	b5f8      	push	{r3, r4, r5, r6, r7, lr}
1000286a:	46de      	mov	lr, fp
1000286c:	464e      	mov	r6, r9
1000286e:	4645      	mov	r5, r8
10002870:	4657      	mov	r7, sl
10002872:	4690      	mov	r8, r2
10002874:	22a0      	movs	r2, #160	@ 0xa0
10002876:	b5e0      	push	{r5, r6, r7, lr}
10002878:	0005      	movs	r5, r0
1000287a:	32ff      	adds	r2, #255	@ 0xff
1000287c:	000f      	movs	r7, r1
1000287e:	2100      	movs	r1, #0
10002880:	f003 ff9a 	bl	100067b8 <__wrap_memset>
10002884:	0028      	movs	r0, r5
10002886:	2207      	movs	r2, #7
10002888:	21ff      	movs	r1, #255	@ 0xff
1000288a:	300c      	adds	r0, #12
1000288c:	f003 ff94 	bl	100067b8 <__wrap_memset>
10002890:	220b      	movs	r2, #11
10002892:	2150      	movs	r1, #80	@ 0x50
10002894:	0028      	movs	r0, r5
10002896:	f003 ff8f 	bl	100067b8 <__wrap_memset>
1000289a:	231c      	movs	r3, #28
1000289c:	33ff      	adds	r3, #255	@ 0xff
1000289e:	4699      	mov	r9, r3
100028a0:	002c      	movs	r4, r5
100028a2:	44a9      	add	r9, r5
100028a4:	464e      	mov	r6, r9
100028a6:	345e      	adds	r4, #94	@ 0x5e
100028a8:	34ff      	adds	r4, #255	@ 0xff
100028aa:	220b      	movs	r2, #11
100028ac:	2150      	movs	r1, #80	@ 0x50
100028ae:	0030      	movs	r0, r6
100028b0:	f003 ff82 	bl	100067b8 <__wrap_memset>
100028b4:	0030      	movs	r0, r6
100028b6:	220b      	movs	r2, #11
100028b8:	2150      	movs	r1, #80	@ 0x50
100028ba:	3042      	adds	r0, #66	@ 0x42
100028bc:	360b      	adds	r6, #11
100028be:	f003 ff7b 	bl	100067b8 <__wrap_memset>
100028c2:	42b4      	cmp	r4, r6
100028c4:	d1f1      	bne.n	100028aa <pokemon_create_bulbasaur+0x42>
100028c6:	783b      	ldrb	r3, [r7, #0]
100028c8:	2b00      	cmp	r3, #0
100028ca:	d100      	bne.n	100028ce <pokemon_create_bulbasaur+0x66>
100028cc:	e247      	b.n	10002d5e <pokemon_create_bulbasaur+0x4f6>
100028ce:	001a      	movs	r2, r3
100028d0:	3a41      	subs	r2, #65	@ 0x41
100028d2:	2a19      	cmp	r2, #25
100028d4:	d90e      	bls.n	100028f4 <pokemon_create_bulbasaur+0x8c>
100028d6:	3a20      	subs	r2, #32
100028d8:	2a19      	cmp	r2, #25
100028da:	d90b      	bls.n	100028f4 <pokemon_create_bulbasaur+0x8c>
100028dc:	3231      	adds	r2, #49	@ 0x31
100028de:	2a09      	cmp	r2, #9
100028e0:	d800      	bhi.n	100028e4 <pokemon_create_bulbasaur+0x7c>
100028e2:	e219      	b.n	10002d18 <pokemon_create_bulbasaur+0x4b0>
100028e4:	3b20      	subs	r3, #32
100028e6:	425a      	negs	r2, r3
100028e8:	4153      	adcs	r3, r2
100028ea:	425a      	negs	r2, r3
100028ec:	232f      	movs	r3, #47	@ 0x2f
100028ee:	4013      	ands	r3, r2
100028f0:	3350      	adds	r3, #80	@ 0x50
100028f2:	e001      	b.n	100028f8 <pokemon_create_bulbasaur+0x90>
100028f4:	333f      	adds	r3, #63	@ 0x3f
100028f6:	b2db      	uxtb	r3, r3
100028f8:	702b      	strb	r3, [r5, #0]
100028fa:	787b      	ldrb	r3, [r7, #1]
100028fc:	2b00      	cmp	r3, #0
100028fe:	d100      	bne.n	10002902 <pokemon_create_bulbasaur+0x9a>
10002900:	e22f      	b.n	10002d62 <pokemon_create_bulbasaur+0x4fa>
10002902:	001a      	movs	r2, r3
10002904:	3a41      	subs	r2, #65	@ 0x41
10002906:	2a19      	cmp	r2, #25
10002908:	d90e      	bls.n	10002928 <pokemon_create_bulbasaur+0xc0>
1000290a:	3a20      	subs	r2, #32
1000290c:	2a19      	cmp	r2, #25
1000290e:	d90b      	bls.n	10002928 <pokemon_create_bulbasaur+0xc0>
10002910:	3231      	adds	r2, #49	@ 0x31
10002912:	2a09      	cmp	r2, #9
10002914:	d800      	bhi.n	10002918 <pokemon_create_bulbasaur+0xb0>
10002916:	e205      	b.n	10002d24 <pokemon_create_bulbasaur+0x4bc>
10002918:	3b20      	subs	r3, #32
1000291a:	425a      	negs	r2, r3
1000291c:	4153      	adcs	r3, r2
1000291e:	425a      	negs	r2, r3
10002920:	232f      	movs	r3, #47	@ 0x2f
10002922:	4013      	ands	r3, r2
10002924:	3350      	adds	r3, #80	@ 0x50
10002926:	e001      	b.n	1000292c <pokemon_create_bulbasaur+0xc4>
10002928:	333f      	adds	r3, #63	@ 0x3f
1000292a:	b2db      	uxtb	r3, r3
1000292c:	706b      	strb	r3, [r5, #1]
1000292e:	78bb      	ldrb	r3, [r7, #2]
10002930:	2b00      	cmp	r3, #0
10002932:	d100      	bne.n	10002936 <pokemon_create_bulbasaur+0xce>
10002934:	e219      	b.n	10002d6a <pokemon_create_bulbasaur+0x502>
10002936:	001a      	movs	r2, r3
10002938:	3a41      	subs	r2, #65	@ 0x41
1000293a:	2a19      	cmp	r2, #25
1000293c:	d96c      	bls.n	10002a18 <pokemon_create_bulbasaur+0x1b0>
1000293e:	3a20      	subs	r2, #32
10002940:	2a19      	cmp	r2, #25
10002942:	d969      	bls.n	10002a18 <pokemon_create_bulbasaur+0x1b0>
10002944:	3231      	adds	r2, #49	@ 0x31
10002946:	2a09      	cmp	r2, #9
10002948:	d800      	bhi.n	1000294c <pokemon_create_bulbasaur+0xe4>
1000294a:	e1f1      	b.n	10002d30 <pokemon_create_bulbasaur+0x4c8>
1000294c:	3b20      	subs	r3, #32
1000294e:	425a      	negs	r2, r3
10002950:	4153      	adcs	r3, r2
10002952:	425a      	negs	r2, r3
10002954:	232f      	movs	r3, #47	@ 0x2f
10002956:	4013      	ands	r3, r2
10002958:	3350      	adds	r3, #80	@ 0x50
1000295a:	70ab      	strb	r3, [r5, #2]
1000295c:	78fb      	ldrb	r3, [r7, #3]
1000295e:	2b00      	cmp	r3, #0
10002960:	d100      	bne.n	10002964 <pokemon_create_bulbasaur+0xfc>
10002962:	e208      	b.n	10002d76 <pokemon_create_bulbasaur+0x50e>
10002964:	001a      	movs	r2, r3
10002966:	3a41      	subs	r2, #65	@ 0x41
10002968:	2a19      	cmp	r2, #25
1000296a:	d958      	bls.n	10002a1e <pokemon_create_bulbasaur+0x1b6>
1000296c:	3a20      	subs	r2, #32
1000296e:	2a19      	cmp	r2, #25
10002970:	d955      	bls.n	10002a1e <pokemon_create_bulbasaur+0x1b6>
10002972:	3231      	adds	r2, #49	@ 0x31
10002974:	2a09      	cmp	r2, #9
10002976:	d800      	bhi.n	1000297a <pokemon_create_bulbasaur+0x112>
10002978:	e1e0      	b.n	10002d3c <pokemon_create_bulbasaur+0x4d4>
1000297a:	3b20      	subs	r3, #32
1000297c:	425a      	negs	r2, r3
1000297e:	4153      	adcs	r3, r2
10002980:	425a      	negs	r2, r3
10002982:	232f      	movs	r3, #47	@ 0x2f
10002984:	4013      	ands	r3, r2
10002986:	3350      	adds	r3, #80	@ 0x50
10002988:	70eb      	strb	r3, [r5, #3]
1000298a:	793b      	ldrb	r3, [r7, #4]
1000298c:	2b00      	cmp	r3, #0
1000298e:	d100      	bne.n	10002992 <pokemon_create_bulbasaur+0x12a>
10002990:	e1f5      	b.n	10002d7e <pokemon_create_bulbasaur+0x516>
10002992:	001a      	movs	r2, r3
10002994:	3a41      	subs	r2, #65	@ 0x41
10002996:	2a19      	cmp	r2, #25
10002998:	d944      	bls.n	10002a24 <pokemon_create_bulbasaur+0x1bc>
1000299a:	3a20      	subs	r2, #32
1000299c:	2a19      	cmp	r2, #25
1000299e:	d941      	bls.n	10002a24 <pokemon_create_bulbasaur+0x1bc>
100029a0:	3231      	adds	r2, #49	@ 0x31
100029a2:	2a09      	cmp	r2, #9
100029a4:	d800      	bhi.n	100029a8 <pokemon_create_bulbasaur+0x140>
100029a6:	e1cf      	b.n	10002d48 <pokemon_create_bulbasaur+0x4e0>
100029a8:	3b20      	subs	r3, #32
100029aa:	425a      	negs	r2, r3
100029ac:	4153      	adcs	r3, r2
100029ae:	425a      	negs	r2, r3
100029b0:	232f      	movs	r3, #47	@ 0x2f
100029b2:	4013      	ands	r3, r2
100029b4:	3350      	adds	r3, #80	@ 0x50
100029b6:	712b      	strb	r3, [r5, #4]
100029b8:	797b      	ldrb	r3, [r7, #5]
100029ba:	2b00      	cmp	r3, #0
100029bc:	d100      	bne.n	100029c0 <pokemon_create_bulbasaur+0x158>
100029be:	e1e2      	b.n	10002d86 <pokemon_create_bulbasaur+0x51e>
100029c0:	001a      	movs	r2, r3
100029c2:	3a41      	subs	r2, #65	@ 0x41
100029c4:	2a19      	cmp	r2, #25
100029c6:	d930      	bls.n	10002a2a <pokemon_create_bulbasaur+0x1c2>
100029c8:	3a20      	subs	r2, #32
100029ca:	2a19      	cmp	r2, #25
100029cc:	d92d      	bls.n	10002a2a <pokemon_create_bulbasaur+0x1c2>
100029ce:	3231      	adds	r2, #49	@ 0x31
100029d0:	2a09      	cmp	r2, #9
100029d2:	d800      	bhi.n	100029d6 <pokemon_create_bulbasaur+0x16e>
100029d4:	e1bb      	b.n	10002d4e <pokemon_create_bulbasaur+0x4e6>
100029d6:	3b20      	subs	r3, #32
100029d8:	425a      	negs	r2, r3
100029da:	4153      	adcs	r3, r2
100029dc:	425a      	negs	r2, r3
100029de:	232f      	movs	r3, #47	@ 0x2f
100029e0:	4013      	ands	r3, r2
100029e2:	3350      	adds	r3, #80	@ 0x50
100029e4:	716b      	strb	r3, [r5, #5]
100029e6:	79bb      	ldrb	r3, [r7, #6]
100029e8:	2b00      	cmp	r3, #0
100029ea:	d100      	bne.n	100029ee <pokemon_create_bulbasaur+0x186>
100029ec:	e1cf      	b.n	10002d8e <pokemon_create_bulbasaur+0x526>
100029ee:	001a      	movs	r2, r3
100029f0:	3a41      	subs	r2, #65	@ 0x41
100029f2:	2a19      	cmp	r2, #25
100029f4:	d91c      	bls.n	10002a30 <pokemon_create_bulbasaur+0x1c8>
100029f6:	001a      	movs	r2, r3
100029f8:	3a61      	subs	r2, #97	@ 0x61
100029fa:	2a19      	cmp	r2, #25
100029fc:	d918      	bls.n	10002a30 <pokemon_create_bulbasaur+0x1c8>
100029fe:	001a      	movs	r2, r3
10002a00:	3a30      	subs	r2, #48	@ 0x30
10002a02:	2a09      	cmp	r2, #9
10002a04:	d800      	bhi.n	10002a08 <pokemon_create_bulbasaur+0x1a0>
10002a06:	e181      	b.n	10002d0c <pokemon_create_bulbasaur+0x4a4>
10002a08:	3b20      	subs	r3, #32
10002a0a:	425a      	negs	r2, r3
10002a0c:	4153      	adcs	r3, r2
10002a0e:	425a      	negs	r2, r3
10002a10:	232f      	movs	r3, #47	@ 0x2f
10002a12:	4013      	ands	r3, r2
10002a14:	3350      	adds	r3, #80	@ 0x50
10002a16:	e00d      	b.n	10002a34 <pokemon_create_bulbasaur+0x1cc>
10002a18:	333f      	adds	r3, #63	@ 0x3f
10002a1a:	b2db      	uxtb	r3, r3
10002a1c:	e79d      	b.n	1000295a <pokemon_create_bulbasaur+0xf2>
10002a1e:	333f      	adds	r3, #63	@ 0x3f
10002a20:	b2db      	uxtb	r3, r3
10002a22:	e7b1      	b.n	10002988 <pokemon_create_bulbasaur+0x120>
10002a24:	333f      	adds	r3, #63	@ 0x3f
10002a26:	b2db      	uxtb	r3, r3
10002a28:	e7c5      	b.n	100029b6 <pokemon_create_bulbasaur+0x14e>
10002a2a:	333f      	adds	r3, #63	@ 0x3f
10002a2c:	b2db      	uxtb	r3, r3
10002a2e:	e7d9      	b.n	100029e4 <pokemon_create_bulbasaur+0x17c>
10002a30:	333f      	adds	r3, #63	@ 0x3f
10002a32:	b2db      	uxtb	r3, r3
10002a34:	2007      	movs	r0, #7
10002a36:	71ab      	strb	r3, [r5, #6]
10002a38:	230b      	movs	r3, #11
10002a3a:	2150      	movs	r1, #80	@ 0x50
10002a3c:	1a1a      	subs	r2, r3, r0
10002a3e:	1828      	adds	r0, r5, r0
10002a40:	469a      	mov	sl, r3
10002a42:	f003 feb9 	bl	100067b8 <__wrap_memset>
10002a46:	2301      	movs	r3, #1
10002a48:	72eb      	strb	r3, [r5, #11]
10002a4a:	3398      	adds	r3, #152	@ 0x98
10002a4c:	732b      	strb	r3, [r5, #12]
10002a4e:	74eb      	strb	r3, [r5, #19]
10002a50:	22ff      	movs	r2, #255	@ 0xff
10002a52:	002b      	movs	r3, r5
10002a54:	0029      	movs	r1, r5
10002a56:	736a      	strb	r2, [r5, #13]
10002a58:	3313      	adds	r3, #19
10002a5a:	4694      	mov	ip, r2
10002a5c:	3134      	adds	r1, #52	@ 0x34
10002a5e:	3afa      	subs	r2, #250	@ 0xfa
10002a60:	70da      	strb	r2, [r3, #3]
10002a62:	700a      	strb	r2, [r1, #0]
10002a64:	3211      	adds	r2, #17
10002a66:	715a      	strb	r2, [r3, #5]
10002a68:	3a13      	subs	r2, #19
10002a6a:	719a      	strb	r2, [r3, #6]
10002a6c:	322a      	adds	r2, #42	@ 0x2a
10002a6e:	71da      	strb	r2, [r3, #7]
10002a70:	725a      	strb	r2, [r3, #9]
10002a72:	3a05      	subs	r2, #5
10002a74:	779a      	strb	r2, [r3, #30]
10002a76:	4693      	mov	fp, r2
10002a78:	002a      	movs	r2, r5
10002a7a:	2600      	movs	r6, #0
10002a7c:	2121      	movs	r1, #33	@ 0x21
10002a7e:	2023      	movs	r0, #35	@ 0x23
10002a80:	3233      	adds	r2, #51	@ 0x33
10002a82:	7219      	strb	r1, [r3, #8]
10002a84:	711e      	strb	r6, [r3, #4]
10002a86:	729e      	strb	r6, [r3, #10]
10002a88:	72de      	strb	r6, [r3, #11]
10002a8a:	7758      	strb	r0, [r3, #29]
10002a8c:	77de      	strb	r6, [r3, #31]
10002a8e:	7016      	strb	r6, [r2, #0]
10002a90:	4642      	mov	r2, r8
10002a92:	ba52      	rev16	r2, r2
10002a94:	b291      	uxth	r1, r2
10002a96:	4688      	mov	r8, r1
10002a98:	4661      	mov	r1, ip
10002a9a:	400a      	ands	r2, r1
10002a9c:	731a      	strb	r2, [r3, #12]
10002a9e:	4642      	mov	r2, r8
10002aa0:	0a12      	lsrs	r2, r2, #8
10002aa2:	735a      	strb	r2, [r3, #13]
10002aa4:	2287      	movs	r2, #135	@ 0x87
10002aa6:	741a      	strb	r2, [r3, #16]
10002aa8:	002a      	movs	r2, r5
10002aaa:	322e      	adds	r2, #46	@ 0x2e
10002aac:	739e      	strb	r6, [r3, #14]
10002aae:	73de      	strb	r6, [r3, #15]
10002ab0:	3a0a      	subs	r2, #10
10002ab2:	7291      	strb	r1, [r2, #10]
10002ab4:	72d1      	strb	r1, [r2, #11]
10002ab6:	7016      	strb	r6, [r2, #0]
10002ab8:	7056      	strb	r6, [r2, #1]
10002aba:	7096      	strb	r6, [r2, #2]
10002abc:	70d6      	strb	r6, [r2, #3]
10002abe:	7116      	strb	r6, [r2, #4]
10002ac0:	7156      	strb	r6, [r2, #5]
10002ac2:	7196      	strb	r6, [r2, #6]
10002ac4:	71d6      	strb	r6, [r2, #7]
10002ac6:	7216      	strb	r6, [r2, #8]
10002ac8:	7256      	strb	r6, [r2, #9]
10002aca:	2215      	movs	r2, #21
10002acc:	4694      	mov	ip, r2
10002ace:	756a      	strb	r2, [r5, #21]
10002ad0:	320d      	adds	r2, #13
10002ad2:	752e      	strb	r6, [r5, #20]
10002ad4:	549e      	strb	r6, [r3, r2]
10002ad6:	4662      	mov	r2, ip
10002ad8:	4651      	mov	r1, sl
10002ada:	541a      	strb	r2, [r3, r0]
10002adc:	320f      	adds	r2, #15
10002ade:	549e      	strb	r6, [r3, r2]
10002ae0:	3201      	adds	r2, #1
10002ae2:	5499      	strb	r1, [r3, r2]
10002ae4:	3201      	adds	r2, #1
10002ae6:	549e      	strb	r6, [r3, r2]
10002ae8:	3201      	adds	r2, #1
10002aea:	5499      	strb	r1, [r3, r2]
10002aec:	465a      	mov	r2, fp
10002aee:	549e      	strb	r6, [r3, r2]
10002af0:	3201      	adds	r2, #1
10002af2:	5499      	strb	r1, [r3, r2]
10002af4:	3201      	adds	r2, #1
10002af6:	549e      	strb	r6, [r3, r2]
10002af8:	3102      	adds	r1, #2
10002afa:	3201      	adds	r2, #1
10002afc:	5499      	strb	r1, [r3, r2]
10002afe:	783b      	ldrb	r3, [r7, #0]
10002b00:	2b00      	cmp	r3, #0
10002b02:	d100      	bne.n	10002b06 <pokemon_create_bulbasaur+0x29e>
10002b04:	e129      	b.n	10002d5a <pokemon_create_bulbasaur+0x4f2>
10002b06:	001a      	movs	r2, r3
10002b08:	3a41      	subs	r2, #65	@ 0x41
10002b0a:	2a19      	cmp	r2, #25
10002b0c:	d800      	bhi.n	10002b10 <pokemon_create_bulbasaur+0x2a8>
10002b0e:	e0a8      	b.n	10002c62 <pokemon_create_bulbasaur+0x3fa>
10002b10:	3a20      	subs	r2, #32
10002b12:	2a19      	cmp	r2, #25
10002b14:	d800      	bhi.n	10002b18 <pokemon_create_bulbasaur+0x2b0>
10002b16:	e0a4      	b.n	10002c62 <pokemon_create_bulbasaur+0x3fa>
10002b18:	3231      	adds	r2, #49	@ 0x31
10002b1a:	2a09      	cmp	r2, #9
10002b1c:	d800      	bhi.n	10002b20 <pokemon_create_bulbasaur+0x2b8>
10002b1e:	e0f8      	b.n	10002d12 <pokemon_create_bulbasaur+0x4aa>
10002b20:	3b20      	subs	r3, #32
10002b22:	425a      	negs	r2, r3
10002b24:	4153      	adcs	r3, r2
10002b26:	425a      	negs	r2, r3
10002b28:	232f      	movs	r3, #47	@ 0x2f
10002b2a:	4013      	ands	r3, r2
10002b2c:	3350      	adds	r3, #80	@ 0x50
10002b2e:	221c      	movs	r2, #28
10002b30:	32ff      	adds	r2, #255	@ 0xff
10002b32:	54ab      	strb	r3, [r5, r2]
10002b34:	787b      	ldrb	r3, [r7, #1]
10002b36:	2b00      	cmp	r3, #0
10002b38:	d100      	bne.n	10002b3c <pokemon_create_bulbasaur+0x2d4>
10002b3a:	e114      	b.n	10002d66 <pokemon_create_bulbasaur+0x4fe>
10002b3c:	001a      	movs	r2, r3
10002b3e:	3a41      	subs	r2, #65	@ 0x41
10002b40:	2a19      	cmp	r2, #25
10002b42:	d800      	bhi.n	10002b46 <pokemon_create_bulbasaur+0x2de>
10002b44:	e090      	b.n	10002c68 <pokemon_create_bulbasaur+0x400>
10002b46:	3a20      	subs	r2, #32
10002b48:	2a19      	cmp	r2, #25
10002b4a:	d800      	bhi.n	10002b4e <pokemon_create_bulbasaur+0x2e6>
10002b4c:	e08c      	b.n	10002c68 <pokemon_create_bulbasaur+0x400>
10002b4e:	3231      	adds	r2, #49	@ 0x31
10002b50:	2a09      	cmp	r2, #9
10002b52:	d800      	bhi.n	10002b56 <pokemon_create_bulbasaur+0x2ee>
10002b54:	e0e3      	b.n	10002d1e <pokemon_create_bulbasaur+0x4b6>
10002b56:	3b20      	subs	r3, #32
10002b58:	425a      	negs	r2, r3
10002b5a:	4153      	adcs	r3, r2
10002b5c:	425a      	negs	r2, r3
10002b5e:	232f      	movs	r3, #47	@ 0x2f
10002b60:	4013      	ands	r3, r2
10002b62:	3350      	adds	r3, #80	@ 0x50
10002b64:	228e      	movs	r2, #142	@ 0x8e
10002b66:	0052      	lsls	r2, r2, #1
10002b68:	54ab      	strb	r3, [r5, r2]
10002b6a:	78bb      	ldrb	r3, [r7, #2]
10002b6c:	2b00      	cmp	r3, #0
10002b6e:	d100      	bne.n	10002b72 <pokemon_create_bulbasaur+0x30a>
10002b70:	e0fd      	b.n	10002d6e <pokemon_create_bulbasaur+0x506>
10002b72:	001a      	movs	r2, r3
10002b74:	3a41      	subs	r2, #65	@ 0x41
10002b76:	2a19      	cmp	r2, #25
10002b78:	d979      	bls.n	10002c6e <pokemon_create_bulbasaur+0x406>
10002b7a:	3a20      	subs	r2, #32
10002b7c:	2a19      	cmp	r2, #25
10002b7e:	d976      	bls.n	10002c6e <pokemon_create_bulbasaur+0x406>
10002b80:	3231      	adds	r2, #49	@ 0x31
10002b82:	2a09      	cmp	r2, #9
10002b84:	d800      	bhi.n	10002b88 <pokemon_create_bulbasaur+0x320>
10002b86:	e0d0      	b.n	10002d2a <pokemon_create_bulbasaur+0x4c2>
10002b88:	3b20      	subs	r3, #32
10002b8a:	425a      	negs	r2, r3
10002b8c:	4153      	adcs	r3, r2
10002b8e:	425a      	negs	r2, r3
10002b90:	232f      	movs	r3, #47	@ 0x2f
10002b92:	4013      	ands	r3, r2
10002b94:	3350      	adds	r3, #80	@ 0x50
10002b96:	221e      	movs	r2, #30
10002b98:	32ff      	adds	r2, #255	@ 0xff
10002b9a:	54ab      	strb	r3, [r5, r2]
10002b9c:	78fb      	ldrb	r3, [r7, #3]
10002b9e:	2b00      	cmp	r3, #0
10002ba0:	d100      	bne.n	10002ba4 <pokemon_create_bulbasaur+0x33c>
10002ba2:	e0e6      	b.n	10002d72 <pokemon_create_bulbasaur+0x50a>
10002ba4:	001a      	movs	r2, r3
10002ba6:	3a41      	subs	r2, #65	@ 0x41
10002ba8:	2a19      	cmp	r2, #25
10002baa:	d963      	bls.n	10002c74 <pokemon_create_bulbasaur+0x40c>
10002bac:	3a20      	subs	r2, #32
10002bae:	2a19      	cmp	r2, #25
10002bb0:	d960      	bls.n	10002c74 <pokemon_create_bulbasaur+0x40c>
10002bb2:	3231      	adds	r2, #49	@ 0x31
10002bb4:	2a09      	cmp	r2, #9
10002bb6:	d800      	bhi.n	10002bba <pokemon_create_bulbasaur+0x352>
10002bb8:	e0bd      	b.n	10002d36 <pokemon_create_bulbasaur+0x4ce>
10002bba:	3b20      	subs	r3, #32
10002bbc:	425a      	negs	r2, r3
10002bbe:	4153      	adcs	r3, r2
10002bc0:	425a      	negs	r2, r3
10002bc2:	232f      	movs	r3, #47	@ 0x2f
10002bc4:	4013      	ands	r3, r2
10002bc6:	3350      	adds	r3, #80	@ 0x50
10002bc8:	228f      	movs	r2, #143	@ 0x8f
10002bca:	0052      	lsls	r2, r2, #1
10002bcc:	54ab      	strb	r3, [r5, r2]
10002bce:	793b      	ldrb	r3, [r7, #4]
10002bd0:	2b00      	cmp	r3, #0
10002bd2:	d100      	bne.n	10002bd6 <pokemon_create_bulbasaur+0x36e>
10002bd4:	e0d1      	b.n	10002d7a <pokemon_create_bulbasaur+0x512>
10002bd6:	001a      	movs	r2, r3
10002bd8:	3a41      	subs	r2, #65	@ 0x41
10002bda:	2a19      	cmp	r2, #25
10002bdc:	d94d      	bls.n	10002c7a <pokemon_create_bulbasaur+0x412>
10002bde:	3a20      	subs	r2, #32
10002be0:	2a19      	cmp	r2, #25
10002be2:	d94a      	bls.n	10002c7a <pokemon_create_bulbasaur+0x412>
10002be4:	3231      	adds	r2, #49	@ 0x31
10002be6:	2a09      	cmp	r2, #9
10002be8:	d800      	bhi.n	10002bec <pokemon_create_bulbasaur+0x384>
10002bea:	e0aa      	b.n	10002d42 <pokemon_create_bulbasaur+0x4da>
10002bec:	3b20      	subs	r3, #32
10002bee:	425a      	negs	r2, r3
10002bf0:	4153      	adcs	r3, r2
10002bf2:	425a      	negs	r2, r3
10002bf4:	232f      	movs	r3, #47	@ 0x2f
10002bf6:	4013      	ands	r3, r2
10002bf8:	3350      	adds	r3, #80	@ 0x50
10002bfa:	2220      	movs	r2, #32
10002bfc:	32ff      	adds	r2, #255	@ 0xff
10002bfe:	54ab      	strb	r3, [r5, r2]
10002c00:	797b      	ldrb	r3, [r7, #5]
10002c02:	2b00      	cmp	r3, #0
10002c04:	d100      	bne.n	10002c08 <pokemon_create_bulbasaur+0x3a0>
10002c06:	e0bc      	b.n	10002d82 <pokemon_create_bulbasaur+0x51a>
10002c08:	001a      	movs	r2, r3
10002c0a:	3a41      	subs	r2, #65	@ 0x41
10002c0c:	2a19      	cmp	r2, #25
10002c0e:	d937      	bls.n	10002c80 <pokemon_create_bulbasaur+0x418>
10002c10:	3a20      	subs	r2, #32
10002c12:	2a19      	cmp	r2, #25
10002c14:	d934      	bls.n	10002c80 <pokemon_create_bulbasaur+0x418>
10002c16:	3231      	adds	r2, #49	@ 0x31
10002c18:	2a09      	cmp	r2, #9
10002c1a:	d800      	bhi.n	10002c1e <pokemon_create_bulbasaur+0x3b6>
10002c1c:	e09a      	b.n	10002d54 <pokemon_create_bulbasaur+0x4ec>
10002c1e:	3b20      	subs	r3, #32
10002c20:	425a      	negs	r2, r3
10002c22:	4153      	adcs	r3, r2
10002c24:	425a      	negs	r2, r3
10002c26:	232f      	movs	r3, #47	@ 0x2f
10002c28:	4013      	ands	r3, r2
10002c2a:	3350      	adds	r3, #80	@ 0x50
10002c2c:	2290      	movs	r2, #144	@ 0x90
10002c2e:	0052      	lsls	r2, r2, #1
10002c30:	54ab      	strb	r3, [r5, r2]
10002c32:	79bb      	ldrb	r3, [r7, #6]
10002c34:	2b00      	cmp	r3, #0
10002c36:	d100      	bne.n	10002c3a <pokemon_create_bulbasaur+0x3d2>
10002c38:	e0a7      	b.n	10002d8a <pokemon_create_bulbasaur+0x522>
10002c3a:	001a      	movs	r2, r3
10002c3c:	3a41      	subs	r2, #65	@ 0x41
10002c3e:	2a19      	cmp	r2, #25
10002c40:	d921      	bls.n	10002c86 <pokemon_create_bulbasaur+0x41e>
10002c42:	001a      	movs	r2, r3
10002c44:	3a61      	subs	r2, #97	@ 0x61
10002c46:	2a19      	cmp	r2, #25
10002c48:	d91d      	bls.n	10002c86 <pokemon_create_bulbasaur+0x41e>
10002c4a:	001a      	movs	r2, r3
10002c4c:	3a30      	subs	r2, #48	@ 0x30
10002c4e:	2a09      	cmp	r2, #9
10002c50:	d959      	bls.n	10002d06 <pokemon_create_bulbasaur+0x49e>
10002c52:	3b20      	subs	r3, #32
10002c54:	425a      	negs	r2, r3
10002c56:	4153      	adcs	r3, r2
10002c58:	425a      	negs	r2, r3
10002c5a:	232f      	movs	r3, #47	@ 0x2f
10002c5c:	4013      	ands	r3, r2
10002c5e:	3350      	adds	r3, #80	@ 0x50
10002c60:	e013      	b.n	10002c8a <pokemon_create_bulbasaur+0x422>
10002c62:	333f      	adds	r3, #63	@ 0x3f
10002c64:	b2db      	uxtb	r3, r3
10002c66:	e762      	b.n	10002b2e <pokemon_create_bulbasaur+0x2c6>
10002c68:	333f      	adds	r3, #63	@ 0x3f
10002c6a:	b2db      	uxtb	r3, r3
10002c6c:	e77a      	b.n	10002b64 <pokemon_create_bulbasaur+0x2fc>
10002c6e:	333f      	adds	r3, #63	@ 0x3f
10002c70:	b2db      	uxtb	r3, r3
10002c72:	e790      	b.n	10002b96 <pokemon_create_bulbasaur+0x32e>
10002c74:	333f      	adds	r3, #63	@ 0x3f
10002c76:	b2db      	uxtb	r3, r3
10002c78:	e7a6      	b.n	10002bc8 <pokemon_create_bulbasaur+0x360>
10002c7a:	333f      	adds	r3, #63	@ 0x3f
10002c7c:	b2db      	uxtb	r3, r3
10002c7e:	e7bc      	b.n	10002bfa <pokemon_create_bulbasaur+0x392>
10002c80:	333f      	adds	r3, #63	@ 0x3f
10002c82:	b2db      	uxtb	r3, r3
10002c84:	e7d2      	b.n	10002c2c <pokemon_create_bulbasaur+0x3c4>
10002c86:	333f      	adds	r3, #63	@ 0x3f
10002c88:	b2db      	uxtb	r3, r3
10002c8a:	2222      	movs	r2, #34	@ 0x22
10002c8c:	2007      	movs	r0, #7
10002c8e:	32ff      	adds	r2, #255	@ 0xff
10002c90:	54ab      	strb	r3, [r5, r2]
10002c92:	220b      	movs	r2, #11
10002c94:	2150      	movs	r1, #80	@ 0x50
10002c96:	1a12      	subs	r2, r2, r0
10002c98:	4448      	add	r0, r9
10002c9a:	f003 fd8d 	bl	100067b8 <__wrap_memset>
10002c9e:	252f      	movs	r5, #47	@ 0x2f
10002ca0:	2000      	movs	r0, #0
10002ca2:	4a3c      	ldr	r2, [pc, #240]	@ (10002d94 <pokemon_create_bulbasaur+0x52c>)
10002ca4:	e012      	b.n	10002ccc <pokemon_create_bulbasaur+0x464>
10002ca6:	0019      	movs	r1, r3
10002ca8:	3961      	subs	r1, #97	@ 0x61
10002caa:	2919      	cmp	r1, #25
10002cac:	d915      	bls.n	10002cda <pokemon_create_bulbasaur+0x472>
10002cae:	0019      	movs	r1, r3
10002cb0:	3930      	subs	r1, #48	@ 0x30
10002cb2:	2909      	cmp	r1, #9
10002cb4:	d924      	bls.n	10002d00 <pokemon_create_bulbasaur+0x498>
10002cb6:	3b20      	subs	r3, #32
10002cb8:	4259      	negs	r1, r3
10002cba:	414b      	adcs	r3, r1
10002cbc:	425b      	negs	r3, r3
10002cbe:	402b      	ands	r3, r5
10002cc0:	3350      	adds	r3, #80	@ 0x50
10002cc2:	5423      	strb	r3, [r4, r0]
10002cc4:	3001      	adds	r0, #1
10002cc6:	3201      	adds	r2, #1
10002cc8:	280a      	cmp	r0, #10
10002cca:	d00d      	beq.n	10002ce8 <pokemon_create_bulbasaur+0x480>
10002ccc:	7813      	ldrb	r3, [r2, #0]
10002cce:	2b00      	cmp	r3, #0
10002cd0:	d00a      	beq.n	10002ce8 <pokemon_create_bulbasaur+0x480>
10002cd2:	0019      	movs	r1, r3
10002cd4:	3941      	subs	r1, #65	@ 0x41
10002cd6:	2919      	cmp	r1, #25
10002cd8:	d8e5      	bhi.n	10002ca6 <pokemon_create_bulbasaur+0x43e>
10002cda:	333f      	adds	r3, #63	@ 0x3f
10002cdc:	b2db      	uxtb	r3, r3
10002cde:	5423      	strb	r3, [r4, r0]
10002ce0:	3001      	adds	r0, #1
10002ce2:	3201      	adds	r2, #1
10002ce4:	280a      	cmp	r0, #10
10002ce6:	d1f1      	bne.n	10002ccc <pokemon_create_bulbasaur+0x464>
10002ce8:	220b      	movs	r2, #11
10002cea:	1a12      	subs	r2, r2, r0
10002cec:	2150      	movs	r1, #80	@ 0x50
10002cee:	1820      	adds	r0, r4, r0
10002cf0:	f003 fd62 	bl	100067b8 <__wrap_memset>
10002cf4:	bcf0      	pop	{r4, r5, r6, r7}
10002cf6:	46bb      	mov	fp, r7
10002cf8:	46b2      	mov	sl, r6
10002cfa:	46a9      	mov	r9, r5
10002cfc:	46a0      	mov	r8, r4
10002cfe:	bdf8      	pop	{r3, r4, r5, r6, r7, pc}
10002d00:	3b3a      	subs	r3, #58	@ 0x3a
10002d02:	b2db      	uxtb	r3, r3
10002d04:	e7dd      	b.n	10002cc2 <pokemon_create_bulbasaur+0x45a>
10002d06:	3b3a      	subs	r3, #58	@ 0x3a
10002d08:	b2db      	uxtb	r3, r3
10002d0a:	e7be      	b.n	10002c8a <pokemon_create_bulbasaur+0x422>
10002d0c:	3b3a      	subs	r3, #58	@ 0x3a
10002d0e:	b2db      	uxtb	r3, r3
10002d10:	e690      	b.n	10002a34 <pokemon_create_bulbasaur+0x1cc>
10002d12:	3b3a      	subs	r3, #58	@ 0x3a
10002d14:	b2db      	uxtb	r3, r3
10002d16:	e70a      	b.n	10002b2e <pokemon_create_bulbasaur+0x2c6>
10002d18:	3b3a      	subs	r3, #58	@ 0x3a
10002d1a:	b2db      	uxtb	r3, r3
10002d1c:	e5ec      	b.n	100028f8 <pokemon_create_bulbasaur+0x90>
10002d1e:	3b3a      	subs	r3, #58	@ 0x3a
10002d20:	b2db      	uxtb	r3, r3
10002d22:	e71f      	b.n	10002b64 <pokemon_create_bulbasaur+0x2fc>
10002d24:	3b3a      	subs	r3, #58	@ 0x3a
10002d26:	b2db      	uxtb	r3, r3
10002d28:	e600      	b.n	1000292c <pokemon_create_bulbasaur+0xc4>
10002d2a:	3b3a      	subs	r3, #58	@ 0x3a
10002d2c:	b2db      	uxtb	r3, r3
10002d2e:	e732      	b.n	10002b96 <pokemon_create_bulbasaur+0x32e>
10002d30:	3b3a      	subs	r3, #58	@ 0x3a
10002d32:	b2db      	uxtb	r3, r3
10002d34:	e611      	b.n	1000295a <pokemon_create_bulbasaur+0xf2>
10002d36:	3b3a      	subs	r3, #58	@ 0x3a
10002d38:	b2db      	uxtb	r3, r3
10002d3a:	e745      	b.n	10002bc8 <pokemon_create_bulbasaur+0x360>
10002d3c:	3b3a      	subs	r3, #58	@ 0x3a
10002d3e:	b2db      	uxtb	r3, r3
10002d40:	e622      	b.n	10002988 <pokemon_create_bulbasaur+0x120>
10002d42:	3b3a      	subs	r3, #58	@ 0x3a
10002d44:	b2db      	uxtb	r3, r3
10002d46:	e758      	b.n	10002bfa <pokemon_create_bulbasaur+0x392>
10002d48:	3b3a      	subs	r3, #58	@ 0x3a
10002d4a:	b2db      	uxtb	r3, r3
10002d4c:	e633      	b.n	100029b6 <pokemon_create_bulbasaur+0x14e>
10002d4e:	3b3a      	subs	r3, #58	@ 0x3a
10002d50:	b2db      	uxtb	r3, r3
10002d52:	e647      	b.n	100029e4 <pokemon_create_bulbasaur+0x17c>
10002d54:	3b3a      	subs	r3, #58	@ 0x3a
10002d56:	b2db      	uxtb	r3, r3
10002d58:	e768      	b.n	10002c2c <pokemon_create_bulbasaur+0x3c4>
10002d5a:	2000      	movs	r0, #0
10002d5c:	e799      	b.n	10002c92 <pokemon_create_bulbasaur+0x42a>
10002d5e:	2000      	movs	r0, #0
10002d60:	e66a      	b.n	10002a38 <pokemon_create_bulbasaur+0x1d0>
10002d62:	2001      	movs	r0, #1
10002d64:	e668      	b.n	10002a38 <pokemon_create_bulbasaur+0x1d0>
10002d66:	2001      	movs	r0, #1
10002d68:	e793      	b.n	10002c92 <pokemon_create_bulbasaur+0x42a>
10002d6a:	2002      	movs	r0, #2
10002d6c:	e664      	b.n	10002a38 <pokemon_create_bulbasaur+0x1d0>
10002d6e:	2002      	movs	r0, #2
10002d70:	e78f      	b.n	10002c92 <pokemon_create_bulbasaur+0x42a>
10002d72:	2003      	movs	r0, #3
10002d74:	e78d      	b.n	10002c92 <pokemon_create_bulbasaur+0x42a>
10002d76:	2003      	movs	r0, #3
10002d78:	e65e      	b.n	10002a38 <pokemon_create_bulbasaur+0x1d0>
10002d7a:	2004      	movs	r0, #4
10002d7c:	e789      	b.n	10002c92 <pokemon_create_bulbasaur+0x42a>
10002d7e:	2004      	movs	r0, #4
10002d80:	e65a      	b.n	10002a38 <pokemon_create_bulbasaur+0x1d0>
10002d82:	2005      	movs	r0, #5
10002d84:	e785      	b.n	10002c92 <pokemon_create_bulbasaur+0x42a>
10002d86:	2005      	movs	r0, #5
10002d88:	e656      	b.n	10002a38 <pokemon_create_bulbasaur+0x1d0>
10002d8a:	2006      	movs	r0, #6
10002d8c:	e781      	b.n	10002c92 <pokemon_create_bulbasaur+0x42a>
10002d8e:	2006      	movs	r0, #6
10002d90:	e652      	b.n	10002a38 <pokemon_create_bulbasaur+0x1d0>
10002d92:	46c0      	nop			@ (mov r8, r8)
10002d94:	1000bb58 	.word	0x1000bb58

10002d98 <pokemon_build_patch_list>:
10002d98:	b5f0      	push	{r4, r5, r6, r7, lr}
10002d9a:	23c8      	movs	r3, #200	@ 0xc8
10002d9c:	464f      	mov	r7, r9
10002d9e:	4646      	mov	r6, r8
10002da0:	46d6      	mov	lr, sl
10002da2:	2200      	movs	r2, #0
10002da4:	b5c0      	push	{r6, r7, lr}
10002da6:	50c2      	str	r2, [r0, r3]
10002da8:	3340      	adds	r3, #64	@ 0x40
10002daa:	4699      	mov	r9, r3
10002dac:	3b40      	subs	r3, #64	@ 0x40
10002dae:	4698      	mov	r8, r3
10002db0:	3113      	adds	r1, #19
10002db2:	3337      	adds	r3, #55	@ 0x37
10002db4:	0006      	movs	r6, r0
10002db6:	2500      	movs	r5, #0
10002db8:	2400      	movs	r4, #0
10002dba:	000f      	movs	r7, r1
10002dbc:	469a      	mov	sl, r3
10002dbe:	e002      	b.n	10002dc6 <pokemon_build_patch_list+0x2e>
10002dc0:	3401      	adds	r4, #1
10002dc2:	454c      	cmp	r4, r9
10002dc4:	d014      	beq.n	10002df0 <pokemon_build_patch_list+0x58>
10002dc6:	2cfc      	cmp	r4, #252	@ 0xfc
10002dc8:	d025      	beq.n	10002e16 <pokemon_build_patch_list+0x7e>
10002dca:	5d3b      	ldrb	r3, [r7, r4]
10002dcc:	2bfe      	cmp	r3, #254	@ 0xfe
10002dce:	d1f7      	bne.n	10002dc0 <pokemon_build_patch_list+0x28>
10002dd0:	4642      	mov	r2, r8
10002dd2:	1c6b      	adds	r3, r5, #1
10002dd4:	0020      	movs	r0, r4
10002dd6:	50b3      	str	r3, [r6, r2]
10002dd8:	21fc      	movs	r1, #252	@ 0xfc
10002dda:	f002 fe5f 	bl	10005a9c <__wrap___aeabi_uidiv>
10002dde:	4653      	mov	r3, sl
10002de0:	3101      	adds	r1, #1
10002de2:	5571      	strb	r1, [r6, r5]
10002de4:	553b      	strb	r3, [r7, r4]
10002de6:	4643      	mov	r3, r8
10002de8:	3401      	adds	r4, #1
10002dea:	58f5      	ldr	r5, [r6, r3]
10002dec:	454c      	cmp	r4, r9
10002dee:	d1ea      	bne.n	10002dc6 <pokemon_build_patch_list+0x2e>
10002df0:	24c8      	movs	r4, #200	@ 0xc8
10002df2:	23ff      	movs	r3, #255	@ 0xff
10002df4:	1c68      	adds	r0, r5, #1
10002df6:	5130      	str	r0, [r6, r4]
10002df8:	5573      	strb	r3, [r6, r5]
10002dfa:	28c7      	cmp	r0, #199	@ 0xc7
10002dfc:	d806      	bhi.n	10002e0c <pokemon_build_patch_list+0x74>
10002dfe:	22c7      	movs	r2, #199	@ 0xc7
10002e00:	2100      	movs	r1, #0
10002e02:	1b52      	subs	r2, r2, r5
10002e04:	1830      	adds	r0, r6, r0
10002e06:	f003 fcd7 	bl	100067b8 <__wrap_memset>
10002e0a:	5134      	str	r4, [r6, r4]
10002e0c:	bce0      	pop	{r5, r6, r7}
10002e0e:	46ba      	mov	sl, r7
10002e10:	46b1      	mov	r9, r6
10002e12:	46a8      	mov	r8, r5
10002e14:	bdf0      	pop	{r4, r5, r6, r7, pc}
10002e16:	4642      	mov	r2, r8
10002e18:	1c6b      	adds	r3, r5, #1
10002e1a:	50b3      	str	r3, [r6, r2]
10002e1c:	4652      	mov	r2, sl
10002e1e:	5572      	strb	r2, [r6, r5]
10002e20:	5d3a      	ldrb	r2, [r7, r4]
10002e22:	001d      	movs	r5, r3
10002e24:	2afe      	cmp	r2, #254	@ 0xfe
10002e26:	d0d3      	beq.n	10002dd0 <pokemon_build_patch_list+0x38>
10002e28:	3401      	adds	r4, #1
10002e2a:	e7ce      	b.n	10002dca <pokemon_build_patch_list+0x32>

10002e2c <pokemon_get_species_name>:
10002e2c:	28b4      	cmp	r0, #180	@ 0xb4
10002e2e:	d809      	bhi.n	10002e44 <pokemon_get_species_name+0x18>
10002e30:	2882      	cmp	r0, #130	@ 0x82
10002e32:	d909      	bls.n	10002e48 <pokemon_get_species_name+0x1c>
10002e34:	307d      	adds	r0, #125	@ 0x7d
10002e36:	b2c0      	uxtb	r0, r0
10002e38:	2831      	cmp	r0, #49	@ 0x31
10002e3a:	d803      	bhi.n	10002e44 <pokemon_get_species_name+0x18>
10002e3c:	4b15      	ldr	r3, [pc, #84]	@ (10002e94 <pokemon_get_species_name+0x68>)
10002e3e:	0080      	lsls	r0, r0, #2
10002e40:	581b      	ldr	r3, [r3, r0]
10002e42:	469f      	mov	pc, r3
10002e44:	4814      	ldr	r0, [pc, #80]	@ (10002e98 <pokemon_get_species_name+0x6c>)
10002e46:	4770      	bx	lr
10002e48:	281c      	cmp	r0, #28
10002e4a:	d01a      	beq.n	10002e82 <pokemon_get_species_name+0x56>
10002e4c:	d905      	bls.n	10002e5a <pokemon_get_species_name+0x2e>
10002e4e:	2854      	cmp	r0, #84	@ 0x54
10002e50:	d019      	beq.n	10002e86 <pokemon_get_species_name+0x5a>
10002e52:	2855      	cmp	r0, #85	@ 0x55
10002e54:	d1f6      	bne.n	10002e44 <pokemon_get_species_name+0x18>
10002e56:	4811      	ldr	r0, [pc, #68]	@ (10002e9c <pokemon_get_species_name+0x70>)
10002e58:	e7f5      	b.n	10002e46 <pokemon_get_species_name+0x1a>
10002e5a:	2809      	cmp	r0, #9
10002e5c:	d00f      	beq.n	10002e7e <pokemon_get_species_name+0x52>
10002e5e:	2815      	cmp	r0, #21
10002e60:	d1f0      	bne.n	10002e44 <pokemon_get_species_name+0x18>
10002e62:	480f      	ldr	r0, [pc, #60]	@ (10002ea0 <pokemon_get_species_name+0x74>)
10002e64:	e7ef      	b.n	10002e46 <pokemon_get_species_name+0x1a>
10002e66:	480f      	ldr	r0, [pc, #60]	@ (10002ea4 <pokemon_get_species_name+0x78>)
10002e68:	e7ed      	b.n	10002e46 <pokemon_get_species_name+0x1a>
10002e6a:	480f      	ldr	r0, [pc, #60]	@ (10002ea8 <pokemon_get_species_name+0x7c>)
10002e6c:	e7eb      	b.n	10002e46 <pokemon_get_species_name+0x1a>
10002e6e:	480f      	ldr	r0, [pc, #60]	@ (10002eac <pokemon_get_species_name+0x80>)
10002e70:	e7e9      	b.n	10002e46 <pokemon_get_species_name+0x1a>
10002e72:	480f      	ldr	r0, [pc, #60]	@ (10002eb0 <pokemon_get_species_name+0x84>)
10002e74:	e7e7      	b.n	10002e46 <pokemon_get_species_name+0x1a>
10002e76:	480f      	ldr	r0, [pc, #60]	@ (10002eb4 <pokemon_get_species_name+0x88>)
10002e78:	e7e5      	b.n	10002e46 <pokemon_get_species_name+0x1a>
10002e7a:	480f      	ldr	r0, [pc, #60]	@ (10002eb8 <pokemon_get_species_name+0x8c>)
10002e7c:	e7e3      	b.n	10002e46 <pokemon_get_species_name+0x1a>
10002e7e:	480f      	ldr	r0, [pc, #60]	@ (10002ebc <pokemon_get_species_name+0x90>)
10002e80:	e7e1      	b.n	10002e46 <pokemon_get_species_name+0x1a>
10002e82:	480f      	ldr	r0, [pc, #60]	@ (10002ec0 <pokemon_get_species_name+0x94>)
10002e84:	e7df      	b.n	10002e46 <pokemon_get_species_name+0x1a>
10002e86:	480f      	ldr	r0, [pc, #60]	@ (10002ec4 <pokemon_get_species_name+0x98>)
10002e88:	e7dd      	b.n	10002e46 <pokemon_get_species_name+0x1a>
10002e8a:	480f      	ldr	r0, [pc, #60]	@ (10002ec8 <pokemon_get_species_name+0x9c>)
10002e8c:	e7db      	b.n	10002e46 <pokemon_get_species_name+0x1a>
10002e8e:	480f      	ldr	r0, [pc, #60]	@ (10002ecc <pokemon_get_species_name+0xa0>)
10002e90:	e7d9      	b.n	10002e46 <pokemon_get_species_name+0x1a>
10002e92:	46c0      	nop			@ (mov r8, r8)
10002e94:	1000c90c 	.word	0x1000c90c
10002e98:	1000bbe8 	.word	0x1000bbe8
10002e9c:	1000bbd4 	.word	0x1000bbd4
10002ea0:	1000bbdc 	.word	0x1000bbdc
10002ea4:	1000bb9c 	.word	0x1000bb9c
10002ea8:	1000bb84 	.word	0x1000bb84
10002eac:	1000bbe0 	.word	0x1000bbe0
10002eb0:	1000bb90 	.word	0x1000bb90
10002eb4:	1000bba8 	.word	0x1000bba8
10002eb8:	1000bbb4 	.word	0x1000bbb4
10002ebc:	1000bb70 	.word	0x1000bb70
10002ec0:	1000bbc0 	.word	0x1000bbc0
10002ec4:	1000bbcc 	.word	0x1000bbcc
10002ec8:	1000bb64 	.word	0x1000bb64
10002ecc:	1000bb78 	.word	0x1000bb78

10002ed0 <pokemon_print_info>:
10002ed0:	b570      	push	{r4, r5, r6, lr}
10002ed2:	0004      	movs	r4, r0
10002ed4:	b082      	sub	sp, #8
10002ed6:	484c      	ldr	r0, [pc, #304]	@ (10003008 <pokemon_print_info+0x138>)
10002ed8:	000d      	movs	r5, r1
10002eda:	f005 fab3 	bl	10008444 <__wrap_puts>
10002ede:	7822      	ldrb	r2, [r4, #0]
10002ee0:	2ab4      	cmp	r2, #180	@ 0xb4
10002ee2:	d80a      	bhi.n	10002efa <pokemon_print_info+0x2a>
10002ee4:	2a82      	cmp	r2, #130	@ 0x82
10002ee6:	d968      	bls.n	10002fba <pokemon_print_info+0xea>
10002ee8:	0013      	movs	r3, r2
10002eea:	337d      	adds	r3, #125	@ 0x7d
10002eec:	b2db      	uxtb	r3, r3
10002eee:	2b31      	cmp	r3, #49	@ 0x31
10002ef0:	d803      	bhi.n	10002efa <pokemon_print_info+0x2a>
10002ef2:	4946      	ldr	r1, [pc, #280]	@ (1000300c <pokemon_print_info+0x13c>)
10002ef4:	009b      	lsls	r3, r3, #2
10002ef6:	58cb      	ldr	r3, [r1, r3]
10002ef8:	469f      	mov	pc, r3
10002efa:	4945      	ldr	r1, [pc, #276]	@ (10003010 <pokemon_print_info+0x140>)
10002efc:	4845      	ldr	r0, [pc, #276]	@ (10003014 <pokemon_print_info+0x144>)
10002efe:	f005 fb25 	bl	1000854c <__wrap_printf>
10002f02:	2d00      	cmp	r5, #0
10002f04:	d003      	beq.n	10002f0e <pokemon_print_info+0x3e>
10002f06:	0029      	movs	r1, r5
10002f08:	4843      	ldr	r0, [pc, #268]	@ (10003018 <pokemon_print_info+0x148>)
10002f0a:	f005 fb1f 	bl	1000854c <__wrap_printf>
10002f0e:	78e1      	ldrb	r1, [r4, #3]
10002f10:	4842      	ldr	r0, [pc, #264]	@ (1000301c <pokemon_print_info+0x14c>)
10002f12:	f005 fb1b 	bl	1000854c <__wrap_printf>
10002f16:	2223      	movs	r2, #35	@ 0x23
10002f18:	2322      	movs	r3, #34	@ 0x22
10002f1a:	5ca2      	ldrb	r2, [r4, r2]
10002f1c:	5ce3      	ldrb	r3, [r4, r3]
10002f1e:	78a1      	ldrb	r1, [r4, #2]
10002f20:	0212      	lsls	r2, r2, #8
10002f22:	431a      	orrs	r2, r3
10002f24:	7863      	ldrb	r3, [r4, #1]
10002f26:	0209      	lsls	r1, r1, #8
10002f28:	4319      	orrs	r1, r3
10002f2a:	ba52      	rev16	r2, r2
10002f2c:	ba49      	rev16	r1, r1
10002f2e:	b292      	uxth	r2, r2
10002f30:	b289      	uxth	r1, r1
10002f32:	483b      	ldr	r0, [pc, #236]	@ (10003020 <pokemon_print_info+0x150>)
10002f34:	f005 fb0a 	bl	1000854c <__wrap_printf>
10002f38:	2328      	movs	r3, #40	@ 0x28
10002f3a:	5ce2      	ldrb	r2, [r4, r3]
10002f3c:	3301      	adds	r3, #1
10002f3e:	5ce3      	ldrb	r3, [r4, r3]
10002f40:	252a      	movs	r5, #42	@ 0x2a
10002f42:	021b      	lsls	r3, r3, #8
10002f44:	4313      	orrs	r3, r2
10002f46:	2226      	movs	r2, #38	@ 0x26
10002f48:	5ca1      	ldrb	r1, [r4, r2]
10002f4a:	3201      	adds	r2, #1
10002f4c:	5ca2      	ldrb	r2, [r4, r2]
10002f4e:	5d66      	ldrb	r6, [r4, r5]
10002f50:	0212      	lsls	r2, r2, #8
10002f52:	430a      	orrs	r2, r1
10002f54:	2124      	movs	r1, #36	@ 0x24
10002f56:	3501      	adds	r5, #1
10002f58:	5c60      	ldrb	r0, [r4, r1]
10002f5a:	5d65      	ldrb	r5, [r4, r5]
10002f5c:	3101      	adds	r1, #1
10002f5e:	5c61      	ldrb	r1, [r4, r1]
10002f60:	022d      	lsls	r5, r5, #8
10002f62:	4335      	orrs	r5, r6
10002f64:	0209      	lsls	r1, r1, #8
10002f66:	4301      	orrs	r1, r0
10002f68:	ba6d      	rev16	r5, r5
10002f6a:	b2ad      	uxth	r5, r5
10002f6c:	ba5b      	rev16	r3, r3
10002f6e:	ba52      	rev16	r2, r2
10002f70:	ba49      	rev16	r1, r1
10002f72:	9500      	str	r5, [sp, #0]
10002f74:	b29b      	uxth	r3, r3
10002f76:	b292      	uxth	r2, r2
10002f78:	b289      	uxth	r1, r1
10002f7a:	482a      	ldr	r0, [pc, #168]	@ (10003024 <pokemon_print_info+0x154>)
10002f7c:	f005 fae6 	bl	1000854c <__wrap_printf>
10002f80:	7ae5      	ldrb	r5, [r4, #11]
10002f82:	7a62      	ldrb	r2, [r4, #9]
10002f84:	7aa3      	ldrb	r3, [r4, #10]
10002f86:	7a21      	ldrb	r1, [r4, #8]
10002f88:	4827      	ldr	r0, [pc, #156]	@ (10003028 <pokemon_print_info+0x158>)
10002f8a:	9500      	str	r5, [sp, #0]
10002f8c:	f005 fade 	bl	1000854c <__wrap_printf>
10002f90:	7b61      	ldrb	r1, [r4, #13]
10002f92:	7b23      	ldrb	r3, [r4, #12]
10002f94:	0209      	lsls	r1, r1, #8
10002f96:	4319      	orrs	r1, r3
10002f98:	ba49      	rev16	r1, r1
10002f9a:	b289      	uxth	r1, r1
10002f9c:	4823      	ldr	r0, [pc, #140]	@ (1000302c <pokemon_print_info+0x15c>)
10002f9e:	f005 fad5 	bl	1000854c <__wrap_printf>
10002fa2:	7f21      	ldrb	r1, [r4, #28]
10002fa4:	7ee3      	ldrb	r3, [r4, #27]
10002fa6:	0209      	lsls	r1, r1, #8
10002fa8:	4319      	orrs	r1, r3
10002faa:	4821      	ldr	r0, [pc, #132]	@ (10003030 <pokemon_print_info+0x160>)
10002fac:	f005 face 	bl	1000854c <__wrap_printf>
10002fb0:	4820      	ldr	r0, [pc, #128]	@ (10003034 <pokemon_print_info+0x164>)
10002fb2:	f005 fa47 	bl	10008444 <__wrap_puts>
10002fb6:	b002      	add	sp, #8
10002fb8:	bd70      	pop	{r4, r5, r6, pc}
10002fba:	2a1c      	cmp	r2, #28
10002fbc:	d01b      	beq.n	10002ff6 <pokemon_print_info+0x126>
10002fbe:	d905      	bls.n	10002fcc <pokemon_print_info+0xfc>
10002fc0:	2a54      	cmp	r2, #84	@ 0x54
10002fc2:	d01a      	beq.n	10002ffa <pokemon_print_info+0x12a>
10002fc4:	2a55      	cmp	r2, #85	@ 0x55
10002fc6:	d198      	bne.n	10002efa <pokemon_print_info+0x2a>
10002fc8:	491b      	ldr	r1, [pc, #108]	@ (10003038 <pokemon_print_info+0x168>)
10002fca:	e797      	b.n	10002efc <pokemon_print_info+0x2c>
10002fcc:	2a09      	cmp	r2, #9
10002fce:	d010      	beq.n	10002ff2 <pokemon_print_info+0x122>
10002fd0:	2a15      	cmp	r2, #21
10002fd2:	d000      	beq.n	10002fd6 <pokemon_print_info+0x106>
10002fd4:	e791      	b.n	10002efa <pokemon_print_info+0x2a>
10002fd6:	4919      	ldr	r1, [pc, #100]	@ (1000303c <pokemon_print_info+0x16c>)
10002fd8:	e790      	b.n	10002efc <pokemon_print_info+0x2c>
10002fda:	4919      	ldr	r1, [pc, #100]	@ (10003040 <pokemon_print_info+0x170>)
10002fdc:	e78e      	b.n	10002efc <pokemon_print_info+0x2c>
10002fde:	4919      	ldr	r1, [pc, #100]	@ (10003044 <pokemon_print_info+0x174>)
10002fe0:	e78c      	b.n	10002efc <pokemon_print_info+0x2c>
10002fe2:	4919      	ldr	r1, [pc, #100]	@ (10003048 <pokemon_print_info+0x178>)
10002fe4:	e78a      	b.n	10002efc <pokemon_print_info+0x2c>
10002fe6:	4919      	ldr	r1, [pc, #100]	@ (1000304c <pokemon_print_info+0x17c>)
10002fe8:	e788      	b.n	10002efc <pokemon_print_info+0x2c>
10002fea:	4919      	ldr	r1, [pc, #100]	@ (10003050 <pokemon_print_info+0x180>)
10002fec:	e786      	b.n	10002efc <pokemon_print_info+0x2c>
10002fee:	4919      	ldr	r1, [pc, #100]	@ (10003054 <pokemon_print_info+0x184>)
10002ff0:	e784      	b.n	10002efc <pokemon_print_info+0x2c>
10002ff2:	4919      	ldr	r1, [pc, #100]	@ (10003058 <pokemon_print_info+0x188>)
10002ff4:	e782      	b.n	10002efc <pokemon_print_info+0x2c>
10002ff6:	4919      	ldr	r1, [pc, #100]	@ (1000305c <pokemon_print_info+0x18c>)
10002ff8:	e780      	b.n	10002efc <pokemon_print_info+0x2c>
10002ffa:	4919      	ldr	r1, [pc, #100]	@ (10003060 <pokemon_print_info+0x190>)
10002ffc:	e77e      	b.n	10002efc <pokemon_print_info+0x2c>
10002ffe:	4919      	ldr	r1, [pc, #100]	@ (10003064 <pokemon_print_info+0x194>)
10003000:	e77c      	b.n	10002efc <pokemon_print_info+0x2c>
10003002:	4919      	ldr	r1, [pc, #100]	@ (10003068 <pokemon_print_info+0x198>)
10003004:	e77a      	b.n	10002efc <pokemon_print_info+0x2c>
10003006:	46c0      	nop			@ (mov r8, r8)
10003008:	1000bbf0 	.word	0x1000bbf0
1000300c:	1000c9d4 	.word	0x1000c9d4
10003010:	1000bbe8 	.word	0x1000bbe8
10003014:	1000bc08 	.word	0x1000bc08
10003018:	1000bc20 	.word	0x1000bc20
1000301c:	1000bc30 	.word	0x1000bc30
10003020:	1000bc3c 	.word	0x1000bc3c
10003024:	1000bc4c 	.word	0x1000bc4c
10003028:	1000bc70 	.word	0x1000bc70
1000302c:	1000bc8c 	.word	0x1000bc8c
10003030:	1000bc98 	.word	0x1000bc98
10003034:	1000bca4 	.word	0x1000bca4
10003038:	1000bbd4 	.word	0x1000bbd4
1000303c:	1000bbdc 	.word	0x1000bbdc
10003040:	1000bb9c 	.word	0x1000bb9c
10003044:	1000bb84 	.word	0x1000bb84
10003048:	1000bbe0 	.word	0x1000bbe0
1000304c:	1000bb90 	.word	0x1000bb90
10003050:	1000bba8 	.word	0x1000bba8
10003054:	1000bbb4 	.word	0x1000bbb4
10003058:	1000bb70 	.word	0x1000bb70
1000305c:	1000bbc0 	.word	0x1000bbc0
10003060:	1000bbcc 	.word	0x1000bbcc
10003064:	1000bb64 	.word	0x1000bb64
10003068:	1000bb78 	.word	0x1000bb78

1000306c <pokemon_trade_state_name>:
1000306c:	2807      	cmp	r0, #7
1000306e:	d803      	bhi.n	10003078 <pokemon_trade_state_name+0xc>
10003070:	4b02      	ldr	r3, [pc, #8]	@ (1000307c <pokemon_trade_state_name+0x10>)
10003072:	0080      	lsls	r0, r0, #2
10003074:	58c0      	ldr	r0, [r0, r3]
10003076:	4770      	bx	lr
10003078:	4801      	ldr	r0, [pc, #4]	@ (10003080 <pokemon_trade_state_name+0x14>)
1000307a:	e7fc      	b.n	10003076 <pokemon_trade_state_name+0xa>
1000307c:	1000cac8 	.word	0x1000cac8
10003080:	1000bcbc 	.word	0x1000bcbc

10003084 <pokemon_trade_init>:
10003084:	b5f8      	push	{r3, r4, r5, r6, r7, lr}
10003086:	0004      	movs	r4, r0
10003088:	0016      	movs	r6, r2
1000308a:	2285      	movs	r2, #133	@ 0x85
1000308c:	000d      	movs	r5, r1
1000308e:	1ca7      	adds	r7, r4, #2
10003090:	2100      	movs	r1, #0
10003092:	00d2      	lsls	r2, r2, #3
10003094:	f003 fb90 	bl	100067b8 <__wrap_memset>
10003098:	0032      	movs	r2, r6
1000309a:	0029      	movs	r1, r5
1000309c:	0038      	movs	r0, r7
1000309e:	f7ff fbe3 	bl	10002868 <pokemon_create_bulbasaur>
100030a2:	0020      	movs	r0, r4
100030a4:	30a5      	adds	r0, #165	@ 0xa5
100030a6:	0039      	movs	r1, r7
100030a8:	30ff      	adds	r0, #255	@ 0xff
100030aa:	f7ff fe75 	bl	10002d98 <pokemon_build_patch_list>
100030ae:	0032      	movs	r2, r6
100030b0:	0029      	movs	r1, r5
100030b2:	4804      	ldr	r0, [pc, #16]	@ (100030c4 <pokemon_trade_init+0x40>)
100030b4:	f005 fa4a 	bl	1000854c <__wrap_printf>
100030b8:	0020      	movs	r0, r4
100030ba:	2100      	movs	r1, #0
100030bc:	3015      	adds	r0, #21
100030be:	f7ff ff07 	bl	10002ed0 <pokemon_print_info>
100030c2:	bdf8      	pop	{r3, r4, r5, r6, r7, pc}
100030c4:	1000bcc4 	.word	0x1000bcc4

100030c8 <pokemon_trade_reset>:
100030c8:	2282      	movs	r2, #130	@ 0x82
100030ca:	2300      	movs	r3, #0
100030cc:	00d2      	lsls	r2, r2, #3
100030ce:	8003      	strh	r3, [r0, #0]
100030d0:	5083      	str	r3, [r0, r2]
100030d2:	4a01      	ldr	r2, [pc, #4]	@ (100030d8 <pokemon_trade_reset+0x10>)
100030d4:	5283      	strh	r3, [r0, r2]
100030d6:	4770      	bx	lr
100030d8:	00000414 	.word	0x00000414

100030dc <pokemon_trade_process>:
100030dc:	b5f0      	push	{r4, r5, r6, r7, lr}
100030de:	46d6      	mov	lr, sl
100030e0:	464f      	mov	r7, r9
100030e2:	4646      	mov	r6, r8
100030e4:	b5c0      	push	{r6, r7, lr}
100030e6:	7803      	ldrb	r3, [r0, #0]
100030e8:	0004      	movs	r4, r0
100030ea:	000d      	movs	r5, r1
100030ec:	b084      	sub	sp, #16
100030ee:	2b01      	cmp	r3, #1
100030f0:	d020      	beq.n	10003134 <pokemon_trade_process+0x58>
100030f2:	d90a      	bls.n	1000310a <pokemon_trade_process+0x2e>
100030f4:	3b02      	subs	r3, #2
100030f6:	2b03      	cmp	r3, #3
100030f8:	d814      	bhi.n	10003124 <pokemon_trade_process+0x48>
100030fa:	7843      	ldrb	r3, [r0, #1]
100030fc:	1c86      	adds	r6, r0, #2
100030fe:	2b0a      	cmp	r3, #10
10003100:	d84f      	bhi.n	100031a2 <pokemon_trade_process+0xc6>
10003102:	4acf      	ldr	r2, [pc, #828]	@ (10003440 <pokemon_trade_process+0x364>)
10003104:	009b      	lsls	r3, r3, #2
10003106:	58d3      	ldr	r3, [r2, r3]
10003108:	469f      	mov	pc, r3
1000310a:	48ce      	ldr	r0, [pc, #824]	@ (10003444 <pokemon_trade_process+0x368>)
1000310c:	f005 fa1e 	bl	1000854c <__wrap_printf>
10003110:	2d01      	cmp	r5, #1
10003112:	d024      	beq.n	1000315e <pokemon_trade_process+0x82>
10003114:	2d60      	cmp	r5, #96	@ 0x60
10003116:	d031      	beq.n	1000317c <pokemon_trade_process+0xa0>
10003118:	2d00      	cmp	r5, #0
1000311a:	d029      	beq.n	10003170 <pokemon_trade_process+0x94>
1000311c:	0029      	movs	r1, r5
1000311e:	48ca      	ldr	r0, [pc, #808]	@ (10003448 <pokemon_trade_process+0x36c>)
10003120:	f005 fa14 	bl	1000854c <__wrap_printf>
10003124:	002e      	movs	r6, r5
10003126:	0030      	movs	r0, r6
10003128:	b004      	add	sp, #16
1000312a:	bce0      	pop	{r5, r6, r7}
1000312c:	46ba      	mov	sl, r7
1000312e:	46b1      	mov	r9, r6
10003130:	46a8      	mov	r8, r5
10003132:	bdf0      	pop	{r4, r5, r6, r7, pc}
10003134:	29d4      	cmp	r1, #212	@ 0xd4
10003136:	d100      	bne.n	1000313a <pokemon_trade_process+0x5e>
10003138:	e141      	b.n	100033be <pokemon_trade_process+0x2e2>
1000313a:	d90a      	bls.n	10003152 <pokemon_trade_process+0x76>
1000313c:	29d5      	cmp	r1, #213	@ 0xd5
1000313e:	d100      	bne.n	10003142 <pokemon_trade_process+0x66>
10003140:	e138      	b.n	100033b4 <pokemon_trade_process+0x2d8>
10003142:	29d6      	cmp	r1, #214	@ 0xd6
10003144:	d1ee      	bne.n	10003124 <pokemon_trade_process+0x48>
10003146:	2300      	movs	r3, #0
10003148:	7003      	strb	r3, [r0, #0]
1000314a:	48c0      	ldr	r0, [pc, #768]	@ (1000344c <pokemon_trade_process+0x370>)
1000314c:	f005 f97a 	bl	10008444 <__wrap_puts>
10003150:	e7e8      	b.n	10003124 <pokemon_trade_process+0x48>
10003152:	2901      	cmp	r1, #1
10003154:	d1e6      	bne.n	10003124 <pokemon_trade_process+0x48>
10003156:	2300      	movs	r3, #0
10003158:	2602      	movs	r6, #2
1000315a:	7003      	strb	r3, [r0, #0]
1000315c:	e7e3      	b.n	10003126 <pokemon_trade_process+0x4a>
1000315e:	2100      	movs	r1, #0
10003160:	48bb      	ldr	r0, [pc, #748]	@ (10003450 <pokemon_trade_process+0x374>)
10003162:	f005 f9f3 	bl	1000854c <__wrap_printf>
10003166:	48bb      	ldr	r0, [pc, #748]	@ (10003454 <pokemon_trade_process+0x378>)
10003168:	f005 f96c 	bl	10008444 <__wrap_puts>
1000316c:	2600      	movs	r6, #0
1000316e:	e7da      	b.n	10003126 <pokemon_trade_process+0x4a>
10003170:	2100      	movs	r1, #0
10003172:	48b9      	ldr	r0, [pc, #740]	@ (10003458 <pokemon_trade_process+0x37c>)
10003174:	f005 f9ea 	bl	1000854c <__wrap_printf>
10003178:	2600      	movs	r6, #0
1000317a:	e7d4      	b.n	10003126 <pokemon_trade_process+0x4a>
1000317c:	2301      	movs	r3, #1
1000317e:	2160      	movs	r1, #96	@ 0x60
10003180:	7023      	strb	r3, [r4, #0]
10003182:	48b6      	ldr	r0, [pc, #728]	@ (1000345c <pokemon_trade_process+0x380>)
10003184:	f005 f9e2 	bl	1000854c <__wrap_printf>
10003188:	48b5      	ldr	r0, [pc, #724]	@ (10003460 <pokemon_trade_process+0x384>)
1000318a:	f005 f95b 	bl	10008444 <__wrap_puts>
1000318e:	2660      	movs	r6, #96	@ 0x60
10003190:	e7c9      	b.n	10003126 <pokemon_trade_process+0x4a>
10003192:	2282      	movs	r2, #130	@ 0x82
10003194:	00d2      	lsls	r2, r2, #3
10003196:	5883      	ldr	r3, [r0, r2]
10003198:	3301      	adds	r3, #1
1000319a:	5083      	str	r3, [r0, r2]
1000319c:	2b13      	cmp	r3, #19
1000319e:	d100      	bne.n	100031a2 <pokemon_trade_process+0xc6>
100031a0:	e0ff      	b.n	100033a2 <pokemon_trade_process+0x2c6>
100031a2:	002e      	movs	r6, r5
100031a4:	e011      	b.n	100031ca <pokemon_trade_process+0xee>
100031a6:	219c      	movs	r1, #156	@ 0x9c
100031a8:	2282      	movs	r2, #130	@ 0x82
100031aa:	0089      	lsls	r1, r1, #2
100031ac:	468c      	mov	ip, r1
100031ae:	21a0      	movs	r1, #160	@ 0xa0
100031b0:	00d2      	lsls	r2, r2, #3
100031b2:	5883      	ldr	r3, [r0, r2]
100031b4:	31ff      	adds	r1, #255	@ 0xff
100031b6:	18c3      	adds	r3, r0, r3
100031b8:	4463      	add	r3, ip
100031ba:	701d      	strb	r5, [r3, #0]
100031bc:	5883      	ldr	r3, [r0, r2]
100031be:	5cf6      	ldrb	r6, [r6, r3]
100031c0:	3301      	adds	r3, #1
100031c2:	5083      	str	r3, [r0, r2]
100031c4:	428b      	cmp	r3, r1
100031c6:	d100      	bne.n	100031ca <pokemon_trade_process+0xee>
100031c8:	e117      	b.n	100033fa <pokemon_trade_process+0x31e>
100031ca:	2283      	movs	r2, #131	@ 0x83
100031cc:	00d2      	lsls	r2, r2, #3
100031ce:	58a3      	ldr	r3, [r4, r2]
100031d0:	3301      	adds	r3, #1
100031d2:	50a3      	str	r3, [r4, r2]
100031d4:	e7a7      	b.n	10003126 <pokemon_trade_process+0x4a>
100031d6:	2282      	movs	r2, #130	@ 0x82
100031d8:	00d2      	lsls	r2, r2, #3
100031da:	5883      	ldr	r3, [r0, r2]
100031dc:	29fd      	cmp	r1, #253	@ 0xfd
100031de:	d101      	bne.n	100031e4 <pokemon_trade_process+0x108>
100031e0:	3301      	adds	r3, #1
100031e2:	5083      	str	r3, [r0, r2]
100031e4:	2b06      	cmp	r3, #6
100031e6:	d1dc      	bne.n	100031a2 <pokemon_trade_process+0xc6>
100031e8:	3b01      	subs	r3, #1
100031ea:	2282      	movs	r2, #130	@ 0x82
100031ec:	7063      	strb	r3, [r4, #1]
100031ee:	2300      	movs	r3, #0
100031f0:	00d2      	lsls	r2, r2, #3
100031f2:	50a3      	str	r3, [r4, r2]
100031f4:	4a9b      	ldr	r2, [pc, #620]	@ (10003464 <pokemon_trade_process+0x388>)
100031f6:	489c      	ldr	r0, [pc, #624]	@ (10003468 <pokemon_trade_process+0x38c>)
100031f8:	54a3      	strb	r3, [r4, r2]
100031fa:	f005 f923 	bl	10008444 <__wrap_puts>
100031fe:	002e      	movs	r6, r5
10003200:	e7e3      	b.n	100031ca <pokemon_trade_process+0xee>
10003202:	2182      	movs	r1, #130	@ 0x82
10003204:	4b99      	ldr	r3, [pc, #612]	@ (1000346c <pokemon_trade_process+0x390>)
10003206:	00c9      	lsls	r1, r1, #3
10003208:	18c7      	adds	r7, r0, r3
1000320a:	5843      	ldr	r3, [r0, r1]
1000320c:	1c5a      	adds	r2, r3, #1
1000320e:	5042      	str	r2, [r0, r1]
10003210:	2a08      	cmp	r2, #8
10003212:	d800      	bhi.n	10003216 <pokemon_trade_process+0x13a>
10003214:	e0da      	b.n	100033cc <pokemon_trade_process+0x2f0>
10003216:	18c3      	adds	r3, r0, r3
10003218:	339d      	adds	r3, #157	@ 0x9d
1000321a:	33ff      	adds	r3, #255	@ 0xff
1000321c:	781e      	ldrb	r6, [r3, #0]
1000321e:	2d00      	cmp	r5, #0
10003220:	d005      	beq.n	1000322e <pokemon_trade_process+0x152>
10003222:	2dff      	cmp	r5, #255	@ 0xff
10003224:	d000      	beq.n	10003228 <pokemon_trade_process+0x14c>
10003226:	e0dc      	b.n	100033e2 <pokemon_trade_process+0x306>
10003228:	2101      	movs	r1, #1
1000322a:	4b8e      	ldr	r3, [pc, #568]	@ (10003464 <pokemon_trade_process+0x388>)
1000322c:	54c1      	strb	r1, [r0, r3]
1000322e:	2ac4      	cmp	r2, #196	@ 0xc4
10003230:	d1cb      	bne.n	100031ca <pokemon_trade_process+0xee>
10003232:	2306      	movs	r3, #6
10003234:	7063      	strb	r3, [r4, #1]
10003236:	2382      	movs	r3, #130	@ 0x82
10003238:	2200      	movs	r2, #0
1000323a:	00db      	lsls	r3, r3, #3
1000323c:	50e2      	str	r2, [r4, r3]
1000323e:	488c      	ldr	r0, [pc, #560]	@ (10003470 <pokemon_trade_process+0x394>)
10003240:	f005 f900 	bl	10008444 <__wrap_puts>
10003244:	4b8b      	ldr	r3, [pc, #556]	@ (10003474 <pokemon_trade_process+0x398>)
10003246:	a801      	add	r0, sp, #4
10003248:	18e1      	adds	r1, r4, r3
1000324a:	220a      	movs	r2, #10
1000324c:	f7ff fade 	bl	1000280c <pokemon_string_decode>
10003250:	0038      	movs	r0, r7
10003252:	a901      	add	r1, sp, #4
10003254:	f7ff fe3c 	bl	10002ed0 <pokemon_print_info>
10003258:	e7b7      	b.n	100031ca <pokemon_trade_process+0xee>
1000325a:	2900      	cmp	r1, #0
1000325c:	d1a1      	bne.n	100031a2 <pokemon_trade_process+0xc6>
1000325e:	2305      	movs	r3, #5
10003260:	8003      	strh	r3, [r0, #0]
10003262:	4b85      	ldr	r3, [pc, #532]	@ (10003478 <pokemon_trade_process+0x39c>)
10003264:	212c      	movs	r1, #44	@ 0x2c
10003266:	4698      	mov	r8, r3
10003268:	4642      	mov	r2, r8
1000326a:	58c3      	ldr	r3, [r0, r3]
1000326c:	3301      	adds	r3, #1
1000326e:	5083      	str	r3, [r0, r2]
10003270:	4b82      	ldr	r3, [pc, #520]	@ (1000347c <pokemon_trade_process+0x3a0>)
10003272:	222c      	movs	r2, #44	@ 0x2c
10003274:	5cc7      	ldrb	r7, [r0, r3]
10003276:	4b7d      	ldr	r3, [pc, #500]	@ (1000346c <pokemon_trade_process+0x390>)
10003278:	4379      	muls	r1, r7
1000327a:	469c      	mov	ip, r3
1000327c:	2315      	movs	r3, #21
1000327e:	469a      	mov	sl, r3
10003280:	4461      	add	r1, ip
10003282:	4482      	add	sl, r0
10003284:	1841      	adds	r1, r0, r1
10003286:	4650      	mov	r0, sl
10003288:	f003 fa9c 	bl	100067c4 <__wrap___aeabi_memcpy>
1000328c:	229f      	movs	r2, #159	@ 0x9f
1000328e:	0092      	lsls	r2, r2, #2
10003290:	4694      	mov	ip, r2
10003292:	19e3      	adds	r3, r4, r7
10003294:	4463      	add	r3, ip
10003296:	781b      	ldrb	r3, [r3, #0]
10003298:	00bd      	lsls	r5, r7, #2
1000329a:	19ed      	adds	r5, r5, r7
1000329c:	73a3      	strb	r3, [r4, #14]
1000329e:	006d      	lsls	r5, r5, #1
100032a0:	4b74      	ldr	r3, [pc, #464]	@ (10003474 <pokemon_trade_process+0x398>)
100032a2:	19ed      	adds	r5, r5, r7
100032a4:	18e9      	adds	r1, r5, r3
100032a6:	2360      	movs	r3, #96	@ 0x60
100032a8:	33ff      	adds	r3, #255	@ 0xff
100032aa:	4699      	mov	r9, r3
100032ac:	44a1      	add	r9, r4
100032ae:	220b      	movs	r2, #11
100032b0:	1861      	adds	r1, r4, r1
100032b2:	4648      	mov	r0, r9
100032b4:	f003 fa86 	bl	100067c4 <__wrap___aeabi_memcpy>
100032b8:	0020      	movs	r0, r4
100032ba:	4b71      	ldr	r3, [pc, #452]	@ (10003480 <pokemon_trade_process+0x3a4>)
100032bc:	301e      	adds	r0, #30
100032be:	18e9      	adds	r1, r5, r3
100032c0:	220b      	movs	r2, #11
100032c2:	1861      	adds	r1, r4, r1
100032c4:	30ff      	adds	r0, #255	@ 0xff
100032c6:	f003 fa7d 	bl	100067c4 <__wrap___aeabi_memcpy>
100032ca:	0020      	movs	r0, r4
100032cc:	30a5      	adds	r0, #165	@ 0xa5
100032ce:	0031      	movs	r1, r6
100032d0:	30ff      	adds	r0, #255	@ 0xff
100032d2:	f7ff fd61 	bl	10002d98 <pokemon_build_patch_list>
100032d6:	486b      	ldr	r0, [pc, #428]	@ (10003484 <pokemon_trade_process+0x3a8>)
100032d8:	f005 f8b4 	bl	10008444 <__wrap_puts>
100032dc:	4643      	mov	r3, r8
100032de:	486a      	ldr	r0, [pc, #424]	@ (10003488 <pokemon_trade_process+0x3ac>)
100032e0:	58e1      	ldr	r1, [r4, r3]
100032e2:	f005 f933 	bl	1000854c <__wrap_printf>
100032e6:	220a      	movs	r2, #10
100032e8:	4649      	mov	r1, r9
100032ea:	a801      	add	r0, sp, #4
100032ec:	f7ff fa8e 	bl	1000280c <pokemon_string_decode>
100032f0:	4650      	mov	r0, sl
100032f2:	a901      	add	r1, sp, #4
100032f4:	f7ff fdec 	bl	10002ed0 <pokemon_print_info>
100032f8:	2384      	movs	r3, #132	@ 0x84
100032fa:	00db      	lsls	r3, r3, #3
100032fc:	58e3      	ldr	r3, [r4, r3]
100032fe:	2b00      	cmp	r3, #0
10003300:	d001      	beq.n	10003306 <pokemon_trade_process+0x22a>
10003302:	0020      	movs	r0, r4
10003304:	4798      	blx	r3
10003306:	2600      	movs	r6, #0
10003308:	e75f      	b.n	100031ca <pokemon_trade_process+0xee>
1000330a:	296f      	cmp	r1, #111	@ 0x6f
1000330c:	d045      	beq.n	1000339a <pokemon_trade_process+0x2be>
1000330e:	266f      	movs	r6, #111	@ 0x6f
10003310:	e75b      	b.n	100031ca <pokemon_trade_process+0xee>
10003312:	296f      	cmp	r1, #111	@ 0x6f
10003314:	d100      	bne.n	10003318 <pokemon_trade_process+0x23c>
10003316:	e081      	b.n	1000341c <pokemon_trade_process+0x340>
10003318:	2660      	movs	r6, #96	@ 0x60
1000331a:	400e      	ands	r6, r1
1000331c:	2e60      	cmp	r6, #96	@ 0x60
1000331e:	d100      	bne.n	10003322 <pokemon_trade_process+0x246>
10003320:	e083      	b.n	1000342a <pokemon_trade_process+0x34e>
10003322:	2900      	cmp	r1, #0
10003324:	d000      	beq.n	10003328 <pokemon_trade_process+0x24c>
10003326:	e73c      	b.n	100031a2 <pokemon_trade_process+0xc6>
10003328:	4b54      	ldr	r3, [pc, #336]	@ (1000347c <pokemon_trade_process+0x3a0>)
1000332a:	5cc3      	ldrb	r3, [r0, r3]
1000332c:	2b00      	cmp	r3, #0
1000332e:	d0ea      	beq.n	10003306 <pokemon_trade_process+0x22a>
10003330:	2308      	movs	r3, #8
10003332:	2600      	movs	r6, #0
10003334:	7043      	strb	r3, [r0, #1]
10003336:	e748      	b.n	100031ca <pokemon_trade_process+0xee>
10003338:	2961      	cmp	r1, #97	@ 0x61
1000333a:	d068      	beq.n	1000340e <pokemon_trade_process+0x332>
1000333c:	2962      	cmp	r1, #98	@ 0x62
1000333e:	d000      	beq.n	10003342 <pokemon_trade_process+0x266>
10003340:	e72f      	b.n	100031a2 <pokemon_trade_process+0xc6>
10003342:	2309      	movs	r3, #9
10003344:	7043      	strb	r3, [r0, #1]
10003346:	4851      	ldr	r0, [pc, #324]	@ (1000348c <pokemon_trade_process+0x3b0>)
10003348:	f005 f87c 	bl	10008444 <__wrap_puts>
1000334c:	2662      	movs	r6, #98	@ 0x62
1000334e:	e73c      	b.n	100031ca <pokemon_trade_process+0xee>
10003350:	2282      	movs	r2, #130	@ 0x82
10003352:	2300      	movs	r3, #0
10003354:	4943      	ldr	r1, [pc, #268]	@ (10003464 <pokemon_trade_process+0x388>)
10003356:	00d2      	lsls	r2, r2, #3
10003358:	5083      	str	r3, [r0, r2]
1000335a:	5443      	strb	r3, [r0, r1]
1000335c:	3301      	adds	r3, #1
1000335e:	7043      	strb	r3, [r0, #1]
10003360:	2dfd      	cmp	r5, #253	@ 0xfd
10003362:	d000      	beq.n	10003366 <pokemon_trade_process+0x28a>
10003364:	e71d      	b.n	100031a2 <pokemon_trade_process+0xc6>
10003366:	26fd      	movs	r6, #253	@ 0xfd
10003368:	5083      	str	r3, [r0, r2]
1000336a:	e72e      	b.n	100031ca <pokemon_trade_process+0xee>
1000336c:	29fd      	cmp	r1, #253	@ 0xfd
1000336e:	d000      	beq.n	10003372 <pokemon_trade_process+0x296>
10003370:	e717      	b.n	100031a2 <pokemon_trade_process+0xc6>
10003372:	2282      	movs	r2, #130	@ 0x82
10003374:	00d2      	lsls	r2, r2, #3
10003376:	5883      	ldr	r3, [r0, r2]
10003378:	1c59      	adds	r1, r3, #1
1000337a:	2b09      	cmp	r3, #9
1000337c:	d100      	bne.n	10003380 <pokemon_trade_process+0x2a4>
1000337e:	e097      	b.n	100034b0 <pokemon_trade_process+0x3d4>
10003380:	26fd      	movs	r6, #253	@ 0xfd
10003382:	5081      	str	r1, [r0, r2]
10003384:	e721      	b.n	100031ca <pokemon_trade_process+0xee>
10003386:	2200      	movs	r2, #0
10003388:	4b3c      	ldr	r3, [pc, #240]	@ (1000347c <pokemon_trade_process+0x3a0>)
1000338a:	54c2      	strb	r2, [r0, r3]
1000338c:	2900      	cmp	r1, #0
1000338e:	d000      	beq.n	10003392 <pokemon_trade_process+0x2b6>
10003390:	e707      	b.n	100031a2 <pokemon_trade_process+0xc6>
10003392:	2307      	movs	r3, #7
10003394:	2600      	movs	r6, #0
10003396:	7043      	strb	r3, [r0, #1]
10003398:	e717      	b.n	100031ca <pokemon_trade_process+0xee>
1000339a:	2302      	movs	r3, #2
1000339c:	266f      	movs	r6, #111	@ 0x6f
1000339e:	8003      	strh	r3, [r0, #0]
100033a0:	e713      	b.n	100031ca <pokemon_trade_process+0xee>
100033a2:	3b10      	subs	r3, #16
100033a4:	7043      	strb	r3, [r0, #1]
100033a6:	2300      	movs	r3, #0
100033a8:	5083      	str	r3, [r0, r2]
100033aa:	4839      	ldr	r0, [pc, #228]	@ (10003490 <pokemon_trade_process+0x3b4>)
100033ac:	f005 f84a 	bl	10008444 <__wrap_puts>
100033b0:	002e      	movs	r6, r5
100033b2:	e70a      	b.n	100031ca <pokemon_trade_process+0xee>
100033b4:	4837      	ldr	r0, [pc, #220]	@ (10003494 <pokemon_trade_process+0x3b8>)
100033b6:	f005 f845 	bl	10008444 <__wrap_puts>
100033ba:	26d5      	movs	r6, #213	@ 0xd5
100033bc:	e6b3      	b.n	10003126 <pokemon_trade_process+0x4a>
100033be:	2302      	movs	r3, #2
100033c0:	8003      	strh	r3, [r0, #0]
100033c2:	4835      	ldr	r0, [pc, #212]	@ (10003498 <pokemon_trade_process+0x3bc>)
100033c4:	f005 f83e 	bl	10008444 <__wrap_puts>
100033c8:	2600      	movs	r6, #0
100033ca:	e6ac      	b.n	10003126 <pokemon_trade_process+0x4a>
100033cc:	2d00      	cmp	r5, #0
100033ce:	d100      	bne.n	100033d2 <pokemon_trade_process+0x2f6>
100033d0:	e6e7      	b.n	100031a2 <pokemon_trade_process+0xc6>
100033d2:	2dff      	cmp	r5, #255	@ 0xff
100033d4:	d104      	bne.n	100033e0 <pokemon_trade_process+0x304>
100033d6:	2201      	movs	r2, #1
100033d8:	4b22      	ldr	r3, [pc, #136]	@ (10003464 <pokemon_trade_process+0x388>)
100033da:	26ff      	movs	r6, #255	@ 0xff
100033dc:	54c2      	strb	r2, [r0, r3]
100033de:	e6f4      	b.n	100031ca <pokemon_trade_process+0xee>
100033e0:	002e      	movs	r6, r5
100033e2:	4b20      	ldr	r3, [pc, #128]	@ (10003464 <pokemon_trade_process+0x388>)
100033e4:	197d      	adds	r5, r7, r5
100033e6:	5ce3      	ldrb	r3, [r4, r3]
100033e8:	2b00      	cmp	r3, #0
100033ea:	d10e      	bne.n	1000340a <pokemon_trade_process+0x32e>
100033ec:	3d01      	subs	r5, #1
100033ee:	23fe      	movs	r3, #254	@ 0xfe
100033f0:	702b      	strb	r3, [r5, #0]
100033f2:	2382      	movs	r3, #130	@ 0x82
100033f4:	00db      	lsls	r3, r3, #3
100033f6:	58e2      	ldr	r2, [r4, r3]
100033f8:	e719      	b.n	1000322e <pokemon_trade_process+0x152>
100033fa:	2304      	movs	r3, #4
100033fc:	7043      	strb	r3, [r0, #1]
100033fe:	2300      	movs	r3, #0
10003400:	5083      	str	r3, [r0, r2]
10003402:	4826      	ldr	r0, [pc, #152]	@ (1000349c <pokemon_trade_process+0x3c0>)
10003404:	f005 f81e 	bl	10008444 <__wrap_puts>
10003408:	e6df      	b.n	100031ca <pokemon_trade_process+0xee>
1000340a:	35fb      	adds	r5, #251	@ 0xfb
1000340c:	e7ef      	b.n	100033ee <pokemon_trade_process+0x312>
1000340e:	4b24      	ldr	r3, [pc, #144]	@ (100034a0 <pokemon_trade_process+0x3c4>)
10003410:	2661      	movs	r6, #97	@ 0x61
10003412:	8003      	strh	r3, [r0, #0]
10003414:	4823      	ldr	r0, [pc, #140]	@ (100034a4 <pokemon_trade_process+0x3c8>)
10003416:	f005 f815 	bl	10008444 <__wrap_puts>
1000341a:	e6d6      	b.n	100031ca <pokemon_trade_process+0xee>
1000341c:	2302      	movs	r3, #2
1000341e:	8003      	strh	r3, [r0, #0]
10003420:	4821      	ldr	r0, [pc, #132]	@ (100034a8 <pokemon_trade_process+0x3cc>)
10003422:	f005 f80f 	bl	10008444 <__wrap_puts>
10003426:	266f      	movs	r6, #111	@ 0x6f
10003428:	e6cf      	b.n	100031ca <pokemon_trade_process+0xee>
1000342a:	210f      	movs	r1, #15
1000342c:	4b13      	ldr	r3, [pc, #76]	@ (1000347c <pokemon_trade_process+0x3a0>)
1000342e:	4029      	ands	r1, r5
10003430:	54c1      	strb	r1, [r0, r3]
10003432:	2304      	movs	r3, #4
10003434:	7003      	strb	r3, [r0, #0]
10003436:	481d      	ldr	r0, [pc, #116]	@ (100034ac <pokemon_trade_process+0x3d0>)
10003438:	f005 f888 	bl	1000854c <__wrap_printf>
1000343c:	e6c5      	b.n	100031ca <pokemon_trade_process+0xee>
1000343e:	46c0      	nop			@ (mov r8, r8)
10003440:	1000ca9c 	.word	0x1000ca9c
10003444:	1000bcf4 	.word	0x1000bcf4
10003448:	1000bdb8 	.word	0x1000bdb8
1000344c:	1000be2c 	.word	0x1000be2c
10003450:	1000bd08 	.word	0x1000bd08
10003454:	1000bd38 	.word	0x1000bd38
10003458:	1000bd9c 	.word	0x1000bd9c
1000345c:	1000bd68 	.word	0x1000bd68
10003460:	1000bd88 	.word	0x1000bd88
10003464:	00000414 	.word	0x00000414
10003468:	1000bedc 	.word	0x1000bedc
1000346c:	00000283 	.word	0x00000283
10003470:	1000befc 	.word	0x1000befc
10003474:	000003cd 	.word	0x000003cd
10003478:	0000041c 	.word	0x0000041c
1000347c:	00000415 	.word	0x00000415
10003480:	0000038b 	.word	0x0000038b
10003484:	1000bfbc 	.word	0x1000bfbc
10003488:	1000b478 	.word	0x1000b478
1000348c:	1000bfa4 	.word	0x1000bfa4
10003490:	1000be78 	.word	0x1000be78
10003494:	1000be00 	.word	0x1000be00
10003498:	1000bdcc 	.word	0x1000bdcc
1000349c:	1000beb4 	.word	0x1000beb4
100034a0:	00000603 	.word	0x00000603
100034a4:	1000bf8c 	.word	0x1000bf8c
100034a8:	1000bf34 	.word	0x1000bf34
100034ac:	1000bf54 	.word	0x1000bf54
100034b0:	2300      	movs	r3, #0
100034b2:	5083      	str	r3, [r0, r2]
100034b4:	4b03      	ldr	r3, [pc, #12]	@ (100034c4 <pokemon_trade_process+0x3e8>)
100034b6:	26fd      	movs	r6, #253	@ 0xfd
100034b8:	8003      	strh	r3, [r0, #0]
100034ba:	4803      	ldr	r0, [pc, #12]	@ (100034c8 <pokemon_trade_process+0x3ec>)
100034bc:	f004 ffc2 	bl	10008444 <__wrap_puts>
100034c0:	e683      	b.n	100031ca <pokemon_trade_process+0xee>
100034c2:	46c0      	nop			@ (mov r8, r8)
100034c4:	00000203 	.word	0x00000203
100034c8:	1000be44 	.word	0x1000be44

100034cc <pokemon_trade_get_state>:
100034cc:	7800      	ldrb	r0, [r0, #0]
100034ce:	4770      	bx	lr

100034d0 <pokemon_trade_is_connected>:
100034d0:	7800      	ldrb	r0, [r0, #0]
100034d2:	1e43      	subs	r3, r0, #1
100034d4:	4198      	sbcs	r0, r3
100034d6:	b2c0      	uxtb	r0, r0
100034d8:	4770      	bx	lr
100034da:	46c0      	nop			@ (mov r8, r8)

100034dc <pokemon_trade_set_callback>:
100034dc:	2384      	movs	r3, #132	@ 0x84
100034de:	00db      	lsls	r3, r3, #3
100034e0:	50c1      	str	r1, [r0, r3]
100034e2:	4b01      	ldr	r3, [pc, #4]	@ (100034e8 <pokemon_trade_set_callback+0xc>)
100034e4:	50c2      	str	r2, [r0, r3]
100034e6:	4770      	bx	lr
100034e8:	00000424 	.word	0x00000424

100034ec <write_to_flash>:
100034ec:	23a5      	movs	r3, #165	@ 0xa5
100034ee:	b570      	push	{r4, r5, r6, lr}
100034f0:	4c34      	ldr	r4, [pc, #208]	@ (100035c4 <write_to_flash+0xd8>)
100034f2:	00db      	lsls	r3, r3, #3
100034f4:	18e5      	adds	r5, r4, r3
100034f6:	2301      	movs	r3, #1
100034f8:	2001      	movs	r0, #1
100034fa:	4933      	ldr	r1, [pc, #204]	@ (100035c8 <write_to_flash+0xdc>)
100034fc:	425b      	negs	r3, r3
100034fe:	7822      	ldrb	r2, [r4, #0]
10003500:	3401      	adds	r4, #1
10003502:	405a      	eors	r2, r3
10003504:	0003      	movs	r3, r0
10003506:	4013      	ands	r3, r2
10003508:	425b      	negs	r3, r3
1000350a:	0852      	lsrs	r2, r2, #1
1000350c:	400b      	ands	r3, r1
1000350e:	4053      	eors	r3, r2
10003510:	0002      	movs	r2, r0
10003512:	401a      	ands	r2, r3
10003514:	4252      	negs	r2, r2
10003516:	085b      	lsrs	r3, r3, #1
10003518:	400a      	ands	r2, r1
1000351a:	405a      	eors	r2, r3
1000351c:	0003      	movs	r3, r0
1000351e:	4013      	ands	r3, r2
10003520:	425b      	negs	r3, r3
10003522:	0852      	lsrs	r2, r2, #1
10003524:	400b      	ands	r3, r1
10003526:	4053      	eors	r3, r2
10003528:	0002      	movs	r2, r0
1000352a:	401a      	ands	r2, r3
1000352c:	4252      	negs	r2, r2
1000352e:	085b      	lsrs	r3, r3, #1
10003530:	400a      	ands	r2, r1
10003532:	405a      	eors	r2, r3
10003534:	0003      	movs	r3, r0
10003536:	4013      	ands	r3, r2
10003538:	425b      	negs	r3, r3
1000353a:	0852      	lsrs	r2, r2, #1
1000353c:	400b      	ands	r3, r1
1000353e:	4053      	eors	r3, r2
10003540:	0002      	movs	r2, r0
10003542:	401a      	ands	r2, r3
10003544:	4252      	negs	r2, r2
10003546:	085b      	lsrs	r3, r3, #1
10003548:	400a      	ands	r2, r1
1000354a:	405a      	eors	r2, r3
1000354c:	0003      	movs	r3, r0
1000354e:	4013      	ands	r3, r2
10003550:	425b      	negs	r3, r3
10003552:	0852      	lsrs	r2, r2, #1
10003554:	400b      	ands	r3, r1
10003556:	4053      	eors	r3, r2
10003558:	0002      	movs	r2, r0
1000355a:	401a      	ands	r2, r3
1000355c:	4252      	negs	r2, r2
1000355e:	400a      	ands	r2, r1
10003560:	085b      	lsrs	r3, r3, #1
10003562:	4053      	eors	r3, r2
10003564:	42a5      	cmp	r5, r4
10003566:	d1ca      	bne.n	100034fe <write_to_flash+0x12>
10003568:	43db      	mvns	r3, r3
1000356a:	4c18      	ldr	r4, [pc, #96]	@ (100035cc <write_to_flash+0xe0>)
1000356c:	4818      	ldr	r0, [pc, #96]	@ (100035d0 <write_to_flash+0xe4>)
1000356e:	68e1      	ldr	r1, [r4, #12]
10003570:	60a3      	str	r3, [r4, #8]
10003572:	3101      	adds	r1, #1
10003574:	60e1      	str	r1, [r4, #12]
10003576:	f004 ffe9 	bl	1000854c <__wrap_printf>
1000357a:	f3ef 8510 	mrs	r5, PRIMASK
1000357e:	b672      	cpsid	i
10003580:	2180      	movs	r1, #128	@ 0x80
10003582:	4814      	ldr	r0, [pc, #80]	@ (100035d4 <write_to_flash+0xe8>)
10003584:	0149      	lsls	r1, r1, #5
10003586:	f007 fd07 	bl	1000af98 <__flash_range_erase_veneer>
1000358a:	22c0      	movs	r2, #192	@ 0xc0
1000358c:	0021      	movs	r1, r4
1000358e:	4811      	ldr	r0, [pc, #68]	@ (100035d4 <write_to_flash+0xe8>)
10003590:	00d2      	lsls	r2, r2, #3
10003592:	f007 fce9 	bl	1000af68 <__flash_range_program_veneer>
10003596:	f385 8810 	msr	PRIMASK, r5
1000359a:	22a7      	movs	r2, #167	@ 0xa7
1000359c:	0020      	movs	r0, r4
1000359e:	490e      	ldr	r1, [pc, #56]	@ (100035d8 <write_to_flash+0xec>)
100035a0:	00d2      	lsls	r2, r2, #3
100035a2:	f007 fb61 	bl	1000ac68 <memcmp>
100035a6:	2800      	cmp	r0, #0
100035a8:	d107      	bne.n	100035ba <write_to_flash+0xce>
100035aa:	4b0c      	ldr	r3, [pc, #48]	@ (100035dc <write_to_flash+0xf0>)
100035ac:	7018      	strb	r0, [r3, #0]
100035ae:	79a1      	ldrb	r1, [r4, #6]
100035b0:	480b      	ldr	r0, [pc, #44]	@ (100035e0 <write_to_flash+0xf4>)
100035b2:	f004 ffcb 	bl	1000854c <__wrap_printf>
100035b6:	2000      	movs	r0, #0
100035b8:	bd70      	pop	{r4, r5, r6, pc}
100035ba:	480a      	ldr	r0, [pc, #40]	@ (100035e4 <write_to_flash+0xf8>)
100035bc:	f004 ff42 	bl	10008444 <__wrap_puts>
100035c0:	2004      	movs	r0, #4
100035c2:	e7f9      	b.n	100035b8 <write_to_flash+0xcc>
100035c4:	200015d8 	.word	0x200015d8
100035c8:	edb88320 	.word	0xedb88320
100035cc:	200015c8 	.word	0x200015c8
100035d0:	1000c018 	.word	0x1000c018
100035d4:	001ff000 	.word	0x001ff000
100035d8:	101ff000 	.word	0x101ff000
100035dc:	20003c3b 	.word	0x20003c3b
100035e0:	1000c06c 	.word	0x1000c06c
100035e4:	1000c044 	.word	0x1000c044

100035e8 <pokemon_storage_init>:
100035e8:	b570      	push	{r4, r5, r6, lr}
100035ea:	4c5c      	ldr	r4, [pc, #368]	@ (1000375c <pokemon_storage_init+0x174>)
100035ec:	485c      	ldr	r0, [pc, #368]	@ (10003760 <pokemon_storage_init+0x178>)
100035ee:	0021      	movs	r1, r4
100035f0:	f004 ffac 	bl	1000854c <__wrap_printf>
100035f4:	4b5b      	ldr	r3, [pc, #364]	@ (10003764 <pokemon_storage_init+0x17c>)
100035f6:	6822      	ldr	r2, [r4, #0]
100035f8:	429a      	cmp	r2, r3
100035fa:	d102      	bne.n	10003602 <pokemon_storage_init+0x1a>
100035fc:	88a3      	ldrh	r3, [r4, #4]
100035fe:	2b01      	cmp	r3, #1
10003600:	d059      	beq.n	100036b6 <pokemon_storage_init+0xce>
10003602:	4859      	ldr	r0, [pc, #356]	@ (10003768 <pokemon_storage_init+0x180>)
10003604:	f004 ff1e 	bl	10008444 <__wrap_puts>
10003608:	22a7      	movs	r2, #167	@ 0xa7
1000360a:	4c58      	ldr	r4, [pc, #352]	@ (1000376c <pokemon_storage_init+0x184>)
1000360c:	2100      	movs	r1, #0
1000360e:	0020      	movs	r0, r4
10003610:	00d2      	lsls	r2, r2, #3
10003612:	f003 f8d1 	bl	100067b8 <__wrap_memset>
10003616:	4b53      	ldr	r3, [pc, #332]	@ (10003764 <pokemon_storage_init+0x17c>)
10003618:	0025      	movs	r5, r4
1000361a:	6023      	str	r3, [r4, #0]
1000361c:	2301      	movs	r3, #1
1000361e:	80a3      	strh	r3, [r4, #4]
10003620:	23a7      	movs	r3, #167	@ 0xa7
10003622:	00db      	lsls	r3, r3, #3
10003624:	18e6      	adds	r6, r4, r3
10003626:	2301      	movs	r3, #1
10003628:	2001      	movs	r0, #1
1000362a:	4951      	ldr	r1, [pc, #324]	@ (10003770 <pokemon_storage_init+0x188>)
1000362c:	3510      	adds	r5, #16
1000362e:	425b      	negs	r3, r3
10003630:	782a      	ldrb	r2, [r5, #0]
10003632:	3501      	adds	r5, #1
10003634:	405a      	eors	r2, r3
10003636:	0003      	movs	r3, r0
10003638:	4013      	ands	r3, r2
1000363a:	425b      	negs	r3, r3
1000363c:	0852      	lsrs	r2, r2, #1
1000363e:	400b      	ands	r3, r1
10003640:	4053      	eors	r3, r2
10003642:	0002      	movs	r2, r0
10003644:	401a      	ands	r2, r3
10003646:	4252      	negs	r2, r2
10003648:	085b      	lsrs	r3, r3, #1
1000364a:	400a      	ands	r2, r1
1000364c:	405a      	eors	r2, r3
1000364e:	0003      	movs	r3, r0
10003650:	4013      	ands	r3, r2
10003652:	425b      	negs	r3, r3
10003654:	0852      	lsrs	r2, r2, #1
10003656:	400b      	ands	r3, r1
10003658:	4053      	eors	r3, r2
1000365a:	0002      	movs	r2, r0
1000365c:	401a      	ands	r2, r3
1000365e:	4252      	negs	r2, r2
10003660:	085b      	lsrs	r3, r3, #1
10003662:	400a      	ands	r2, r1
10003664:	405a      	eors	r2, r3
10003666:	0003      	movs	r3, r0
10003668:	4013      	ands	r3, r2
1000366a:	425b      	negs	r3, r3
1000366c:	0852      	lsrs	r2, r2, #1
1000366e:	400b      	ands	r3, r1
10003670:	4053      	eors	r3, r2
10003672:	0002      	movs	r2, r0
10003674:	401a      	ands	r2, r3
10003676:	4252      	negs	r2, r2
10003678:	085b      	lsrs	r3, r3, #1
1000367a:	400a      	ands	r2, r1
1000367c:	405a      	eors	r2, r3
1000367e:	0003      	movs	r3, r0
10003680:	4013      	ands	r3, r2
10003682:	425b      	negs	r3, r3
10003684:	0852      	lsrs	r2, r2, #1
10003686:	400b      	ands	r3, r1
10003688:	4053      	eors	r3, r2
1000368a:	0002      	movs	r2, r0
1000368c:	401a      	ands	r2, r3
1000368e:	4252      	negs	r2, r2
10003690:	400a      	ands	r2, r1
10003692:	085b      	lsrs	r3, r3, #1
10003694:	4053      	eors	r3, r2
10003696:	42ae      	cmp	r6, r5
10003698:	d1ca      	bne.n	10003630 <pokemon_storage_init+0x48>
1000369a:	43db      	mvns	r3, r3
1000369c:	60a3      	str	r3, [r4, #8]
1000369e:	f7ff ff25 	bl	100034ec <write_to_flash>
100036a2:	2800      	cmp	r0, #0
100036a4:	d157      	bne.n	10003756 <pokemon_storage_init+0x16e>
100036a6:	2201      	movs	r2, #1
100036a8:	4b32      	ldr	r3, [pc, #200]	@ (10003774 <pokemon_storage_init+0x18c>)
100036aa:	2000      	movs	r0, #0
100036ac:	701a      	strb	r2, [r3, #0]
100036ae:	2200      	movs	r2, #0
100036b0:	4b31      	ldr	r3, [pc, #196]	@ (10003778 <pokemon_storage_init+0x190>)
100036b2:	701a      	strb	r2, [r3, #0]
100036b4:	bd70      	pop	{r4, r5, r6, pc}
100036b6:	79a3      	ldrb	r3, [r4, #6]
100036b8:	2b14      	cmp	r3, #20
100036ba:	d8a2      	bhi.n	10003602 <pokemon_storage_init+0x1a>
100036bc:	2301      	movs	r3, #1
100036be:	2001      	movs	r0, #1
100036c0:	4c2e      	ldr	r4, [pc, #184]	@ (1000377c <pokemon_storage_init+0x194>)
100036c2:	492b      	ldr	r1, [pc, #172]	@ (10003770 <pokemon_storage_init+0x188>)
100036c4:	4d2e      	ldr	r5, [pc, #184]	@ (10003780 <pokemon_storage_init+0x198>)
100036c6:	425b      	negs	r3, r3
100036c8:	7822      	ldrb	r2, [r4, #0]
100036ca:	3401      	adds	r4, #1
100036cc:	405a      	eors	r2, r3
100036ce:	0003      	movs	r3, r0
100036d0:	4013      	ands	r3, r2
100036d2:	425b      	negs	r3, r3
100036d4:	0852      	lsrs	r2, r2, #1
100036d6:	400b      	ands	r3, r1
100036d8:	4053      	eors	r3, r2
100036da:	0002      	movs	r2, r0
100036dc:	401a      	ands	r2, r3
100036de:	4252      	negs	r2, r2
100036e0:	085b      	lsrs	r3, r3, #1
100036e2:	400a      	ands	r2, r1
100036e4:	405a      	eors	r2, r3
100036e6:	0003      	movs	r3, r0
100036e8:	4013      	ands	r3, r2
100036ea:	425b      	negs	r3, r3
100036ec:	0852      	lsrs	r2, r2, #1
100036ee:	400b      	ands	r3, r1
100036f0:	4053      	eors	r3, r2
100036f2:	0002      	movs	r2, r0
100036f4:	401a      	ands	r2, r3
100036f6:	4252      	negs	r2, r2
100036f8:	085b      	lsrs	r3, r3, #1
100036fa:	400a      	ands	r2, r1
100036fc:	405a      	eors	r2, r3
100036fe:	0003      	movs	r3, r0
10003700:	4013      	ands	r3, r2
10003702:	425b      	negs	r3, r3
10003704:	0852      	lsrs	r2, r2, #1
10003706:	400b      	ands	r3, r1
10003708:	4053      	eors	r3, r2
1000370a:	0002      	movs	r2, r0
1000370c:	401a      	ands	r2, r3
1000370e:	4252      	negs	r2, r2
10003710:	085b      	lsrs	r3, r3, #1
10003712:	400a      	ands	r2, r1
10003714:	405a      	eors	r2, r3
10003716:	0003      	movs	r3, r0
10003718:	4013      	ands	r3, r2
1000371a:	425b      	negs	r3, r3
1000371c:	0852      	lsrs	r2, r2, #1
1000371e:	400b      	ands	r3, r1
10003720:	4053      	eors	r3, r2
10003722:	0002      	movs	r2, r0
10003724:	401a      	ands	r2, r3
10003726:	4252      	negs	r2, r2
10003728:	400a      	ands	r2, r1
1000372a:	085b      	lsrs	r3, r3, #1
1000372c:	4053      	eors	r3, r2
1000372e:	42ac      	cmp	r4, r5
10003730:	d1ca      	bne.n	100036c8 <pokemon_storage_init+0xe0>
10003732:	43db      	mvns	r3, r3
10003734:	4909      	ldr	r1, [pc, #36]	@ (1000375c <pokemon_storage_init+0x174>)
10003736:	688a      	ldr	r2, [r1, #8]
10003738:	4293      	cmp	r3, r2
1000373a:	d000      	beq.n	1000373e <pokemon_storage_init+0x156>
1000373c:	e761      	b.n	10003602 <pokemon_storage_init+0x1a>
1000373e:	22a7      	movs	r2, #167	@ 0xa7
10003740:	4c0a      	ldr	r4, [pc, #40]	@ (1000376c <pokemon_storage_init+0x184>)
10003742:	00d2      	lsls	r2, r2, #3
10003744:	0020      	movs	r0, r4
10003746:	f003 f83d 	bl	100067c4 <__wrap___aeabi_memcpy>
1000374a:	68e2      	ldr	r2, [r4, #12]
1000374c:	79a1      	ldrb	r1, [r4, #6]
1000374e:	480d      	ldr	r0, [pc, #52]	@ (10003784 <pokemon_storage_init+0x19c>)
10003750:	f004 fefc 	bl	1000854c <__wrap_printf>
10003754:	e7a7      	b.n	100036a6 <pokemon_storage_init+0xbe>
10003756:	2004      	movs	r0, #4
10003758:	e7ac      	b.n	100036b4 <pokemon_storage_init+0xcc>
1000375a:	46c0      	nop			@ (mov r8, r8)
1000375c:	101ff000 	.word	0x101ff000
10003760:	1000c09c 	.word	0x1000c09c
10003764:	504b4d42 	.word	0x504b4d42
10003768:	1000c104 	.word	0x1000c104
1000376c:	200015c8 	.word	0x200015c8
10003770:	edb88320 	.word	0xedb88320
10003774:	20003c3c 	.word	0x20003c3c
10003778:	20003c3b 	.word	0x20003c3b
1000377c:	101ff010 	.word	0x101ff010
10003780:	101ff538 	.word	0x101ff538
10003784:	1000c0cc 	.word	0x1000c0cc

10003788 <pokemon_storage_count>:
10003788:	4b04      	ldr	r3, [pc, #16]	@ (1000379c <pokemon_storage_count+0x14>)
1000378a:	781b      	ldrb	r3, [r3, #0]
1000378c:	2b00      	cmp	r3, #0
1000378e:	d002      	beq.n	10003796 <pokemon_storage_count+0xe>
10003790:	4b03      	ldr	r3, [pc, #12]	@ (100037a0 <pokemon_storage_count+0x18>)
10003792:	7998      	ldrb	r0, [r3, #6]
10003794:	4770      	bx	lr
10003796:	2000      	movs	r0, #0
10003798:	e7fc      	b.n	10003794 <pokemon_storage_count+0xc>
1000379a:	46c0      	nop			@ (mov r8, r8)
1000379c:	20003c3c 	.word	0x20003c3c
100037a0:	200015c8 	.word	0x200015c8

100037a4 <pokemon_storage_is_full>:
100037a4:	2013      	movs	r0, #19
100037a6:	4b03      	ldr	r3, [pc, #12]	@ (100037b4 <pokemon_storage_is_full+0x10>)
100037a8:	799b      	ldrb	r3, [r3, #6]
100037aa:	4298      	cmp	r0, r3
100037ac:	4180      	sbcs	r0, r0
100037ae:	4240      	negs	r0, r0
100037b0:	4770      	bx	lr
100037b2:	46c0      	nop			@ (mov r8, r8)
100037b4:	200015c8 	.word	0x200015c8

100037b8 <pokemon_storage_add>:
100037b8:	b5f0      	push	{r4, r5, r6, r7, lr}
100037ba:	46c6      	mov	lr, r8
100037bc:	b500      	push	{lr}
100037be:	4690      	mov	r8, r2
100037c0:	4a1f      	ldr	r2, [pc, #124]	@ (10003840 <pokemon_storage_add+0x88>)
100037c2:	0003      	movs	r3, r0
100037c4:	7812      	ldrb	r2, [r2, #0]
100037c6:	000e      	movs	r6, r1
100037c8:	b084      	sub	sp, #16
100037ca:	2a00      	cmp	r2, #0
100037cc:	d035      	beq.n	1000383a <pokemon_storage_add+0x82>
100037ce:	4d1d      	ldr	r5, [pc, #116]	@ (10003844 <pokemon_storage_add+0x8c>)
100037d0:	79af      	ldrb	r7, [r5, #6]
100037d2:	2f13      	cmp	r7, #19
100037d4:	d82c      	bhi.n	10003830 <pokemon_storage_add+0x78>
100037d6:	017c      	lsls	r4, r7, #5
100037d8:	19e4      	adds	r4, r4, r7
100037da:	0064      	lsls	r4, r4, #1
100037dc:	0020      	movs	r0, r4
100037de:	3010      	adds	r0, #16
100037e0:	0019      	movs	r1, r3
100037e2:	222c      	movs	r2, #44	@ 0x2c
100037e4:	1940      	adds	r0, r0, r5
100037e6:	f002 ffed 	bl	100067c4 <__wrap___aeabi_memcpy>
100037ea:	0020      	movs	r0, r4
100037ec:	303c      	adds	r0, #60	@ 0x3c
100037ee:	220b      	movs	r2, #11
100037f0:	0031      	movs	r1, r6
100037f2:	1940      	adds	r0, r0, r5
100037f4:	3447      	adds	r4, #71	@ 0x47
100037f6:	f002 ffe5 	bl	100067c4 <__wrap___aeabi_memcpy>
100037fa:	220b      	movs	r2, #11
100037fc:	4641      	mov	r1, r8
100037fe:	1960      	adds	r0, r4, r5
10003800:	f002 ffe0 	bl	100067c4 <__wrap___aeabi_memcpy>
10003804:	2201      	movs	r2, #1
10003806:	79ab      	ldrb	r3, [r5, #6]
10003808:	0031      	movs	r1, r6
1000380a:	3301      	adds	r3, #1
1000380c:	71ab      	strb	r3, [r5, #6]
1000380e:	4b0e      	ldr	r3, [pc, #56]	@ (10003848 <pokemon_storage_add+0x90>)
10003810:	a801      	add	r0, sp, #4
10003812:	701a      	strb	r2, [r3, #0]
10003814:	3209      	adds	r2, #9
10003816:	f7fe fff9 	bl	1000280c <pokemon_string_decode>
1000381a:	003a      	movs	r2, r7
1000381c:	a901      	add	r1, sp, #4
1000381e:	480b      	ldr	r0, [pc, #44]	@ (1000384c <pokemon_storage_add+0x94>)
10003820:	f004 fe94 	bl	1000854c <__wrap_printf>
10003824:	f7ff fe62 	bl	100034ec <write_to_flash>
10003828:	b004      	add	sp, #16
1000382a:	bc80      	pop	{r7}
1000382c:	46b8      	mov	r8, r7
1000382e:	bdf0      	pop	{r4, r5, r6, r7, pc}
10003830:	4807      	ldr	r0, [pc, #28]	@ (10003850 <pokemon_storage_add+0x98>)
10003832:	f004 fe07 	bl	10008444 <__wrap_puts>
10003836:	2001      	movs	r0, #1
10003838:	e7f6      	b.n	10003828 <pokemon_storage_add+0x70>
1000383a:	2006      	movs	r0, #6
1000383c:	e7f4      	b.n	10003828 <pokemon_storage_add+0x70>
1000383e:	46c0      	nop			@ (mov r8, r8)
10003840:	20003c3c 	.word	0x20003c3c
10003844:	200015c8 	.word	0x200015c8
10003848:	20003c3b 	.word	0x20003c3b
1000384c:	1000c160 	.word	0x1000c160
10003850:	1000c144 	.word	0x1000c144

10003854 <pokemon_storage_get>:
10003854:	b5f8      	push	{r3, r4, r5, r6, r7, lr}
10003856:	001d      	movs	r5, r3
10003858:	4b18      	ldr	r3, [pc, #96]	@ (100038bc <pokemon_storage_get+0x68>)
1000385a:	0004      	movs	r4, r0
1000385c:	781b      	ldrb	r3, [r3, #0]
1000385e:	0008      	movs	r0, r1
10003860:	0016      	movs	r6, r2
10003862:	2b00      	cmp	r3, #0
10003864:	d025      	beq.n	100038b2 <pokemon_storage_get+0x5e>
10003866:	4f16      	ldr	r7, [pc, #88]	@ (100038c0 <pokemon_storage_get+0x6c>)
10003868:	79bb      	ldrb	r3, [r7, #6]
1000386a:	42a3      	cmp	r3, r4
1000386c:	d923      	bls.n	100038b6 <pokemon_storage_get+0x62>
1000386e:	2900      	cmp	r1, #0
10003870:	d007      	beq.n	10003882 <pokemon_storage_get+0x2e>
10003872:	0161      	lsls	r1, r4, #5
10003874:	1909      	adds	r1, r1, r4
10003876:	0049      	lsls	r1, r1, #1
10003878:	3110      	adds	r1, #16
1000387a:	222c      	movs	r2, #44	@ 0x2c
1000387c:	1879      	adds	r1, r7, r1
1000387e:	f002 ffa1 	bl	100067c4 <__wrap___aeabi_memcpy>
10003882:	2e00      	cmp	r6, #0
10003884:	d008      	beq.n	10003898 <pokemon_storage_get+0x44>
10003886:	0161      	lsls	r1, r4, #5
10003888:	1909      	adds	r1, r1, r4
1000388a:	0049      	lsls	r1, r1, #1
1000388c:	313c      	adds	r1, #60	@ 0x3c
1000388e:	220b      	movs	r2, #11
10003890:	0030      	movs	r0, r6
10003892:	1879      	adds	r1, r7, r1
10003894:	f002 ff96 	bl	100067c4 <__wrap___aeabi_memcpy>
10003898:	2d00      	cmp	r5, #0
1000389a:	d008      	beq.n	100038ae <pokemon_storage_get+0x5a>
1000389c:	0163      	lsls	r3, r4, #5
1000389e:	191b      	adds	r3, r3, r4
100038a0:	005b      	lsls	r3, r3, #1
100038a2:	3347      	adds	r3, #71	@ 0x47
100038a4:	220b      	movs	r2, #11
100038a6:	0028      	movs	r0, r5
100038a8:	18f9      	adds	r1, r7, r3
100038aa:	f002 ff8b 	bl	100067c4 <__wrap___aeabi_memcpy>
100038ae:	2000      	movs	r0, #0
100038b0:	bdf8      	pop	{r3, r4, r5, r6, r7, pc}
100038b2:	2006      	movs	r0, #6
100038b4:	e7fc      	b.n	100038b0 <pokemon_storage_get+0x5c>
100038b6:	2003      	movs	r0, #3
100038b8:	e7fa      	b.n	100038b0 <pokemon_storage_get+0x5c>
100038ba:	46c0      	nop			@ (mov r8, r8)
100038bc:	20003c3c 	.word	0x20003c3c
100038c0:	200015c8 	.word	0x200015c8

100038c4 <pokemon_storage_remove>:
100038c4:	4b1d      	ldr	r3, [pc, #116]	@ (1000393c <pokemon_storage_remove+0x78>)
100038c6:	b570      	push	{r4, r5, r6, lr}
100038c8:	781b      	ldrb	r3, [r3, #0]
100038ca:	0006      	movs	r6, r0
100038cc:	2b00      	cmp	r3, #0
100038ce:	d031      	beq.n	10003934 <pokemon_storage_remove+0x70>
100038d0:	4c1b      	ldr	r4, [pc, #108]	@ (10003940 <pokemon_storage_remove+0x7c>)
100038d2:	79a3      	ldrb	r3, [r4, #6]
100038d4:	4283      	cmp	r3, r0
100038d6:	d92f      	bls.n	10003938 <pokemon_storage_remove+0x74>
100038d8:	3b01      	subs	r3, #1
100038da:	4298      	cmp	r0, r3
100038dc:	da13      	bge.n	10003906 <pokemon_storage_remove+0x42>
100038de:	0002      	movs	r2, r0
100038e0:	1c45      	adds	r5, r0, #1
100038e2:	b2ed      	uxtb	r5, r5
100038e4:	0151      	lsls	r1, r2, #5
100038e6:	1889      	adds	r1, r1, r2
100038e8:	0049      	lsls	r1, r1, #1
100038ea:	0008      	movs	r0, r1
100038ec:	3152      	adds	r1, #82	@ 0x52
100038ee:	3010      	adds	r0, #16
100038f0:	2242      	movs	r2, #66	@ 0x42
100038f2:	1820      	adds	r0, r4, r0
100038f4:	1861      	adds	r1, r4, r1
100038f6:	f002 ff65 	bl	100067c4 <__wrap___aeabi_memcpy>
100038fa:	79a3      	ldrb	r3, [r4, #6]
100038fc:	002a      	movs	r2, r5
100038fe:	3b01      	subs	r3, #1
10003900:	3501      	adds	r5, #1
10003902:	429a      	cmp	r2, r3
10003904:	dbee      	blt.n	100038e4 <pokemon_storage_remove+0x20>
10003906:	0158      	lsls	r0, r3, #5
10003908:	18c0      	adds	r0, r0, r3
1000390a:	0040      	lsls	r0, r0, #1
1000390c:	3010      	adds	r0, #16
1000390e:	2242      	movs	r2, #66	@ 0x42
10003910:	2100      	movs	r1, #0
10003912:	1820      	adds	r0, r4, r0
10003914:	f002 ff50 	bl	100067b8 <__wrap_memset>
10003918:	2101      	movs	r1, #1
1000391a:	79a2      	ldrb	r2, [r4, #6]
1000391c:	4b09      	ldr	r3, [pc, #36]	@ (10003944 <pokemon_storage_remove+0x80>)
1000391e:	3a01      	subs	r2, #1
10003920:	b2d2      	uxtb	r2, r2
10003922:	7019      	strb	r1, [r3, #0]
10003924:	4808      	ldr	r0, [pc, #32]	@ (10003948 <pokemon_storage_remove+0x84>)
10003926:	0031      	movs	r1, r6
10003928:	71a2      	strb	r2, [r4, #6]
1000392a:	f004 fe0f 	bl	1000854c <__wrap_printf>
1000392e:	f7ff fddd 	bl	100034ec <write_to_flash>
10003932:	bd70      	pop	{r4, r5, r6, pc}
10003934:	2006      	movs	r0, #6
10003936:	e7fc      	b.n	10003932 <pokemon_storage_remove+0x6e>
10003938:	2003      	movs	r0, #3
1000393a:	e7fa      	b.n	10003932 <pokemon_storage_remove+0x6e>
1000393c:	20003c3c 	.word	0x20003c3c
10003940:	200015c8 	.word	0x200015c8
10003944:	20003c3b 	.word	0x20003c3b
10003948:	1000c180 	.word	0x1000c180

1000394c <pokemon_storage_update>:
1000394c:	b5f0      	push	{r4, r5, r6, r7, lr}
1000394e:	46ce      	mov	lr, r9
10003950:	4647      	mov	r7, r8
10003952:	b580      	push	{r7, lr}
10003954:	001e      	movs	r6, r3
10003956:	4b21      	ldr	r3, [pc, #132]	@ (100039dc <pokemon_storage_update+0x90>)
10003958:	0004      	movs	r4, r0
1000395a:	781b      	ldrb	r3, [r3, #0]
1000395c:	4691      	mov	r9, r2
1000395e:	b085      	sub	sp, #20
10003960:	2b00      	cmp	r3, #0
10003962:	d037      	beq.n	100039d4 <pokemon_storage_update+0x88>
10003964:	4b1e      	ldr	r3, [pc, #120]	@ (100039e0 <pokemon_storage_update+0x94>)
10003966:	4698      	mov	r8, r3
10003968:	799b      	ldrb	r3, [r3, #6]
1000396a:	4283      	cmp	r3, r0
1000396c:	d934      	bls.n	100039d8 <pokemon_storage_update+0x8c>
1000396e:	0145      	lsls	r5, r0, #5
10003970:	182d      	adds	r5, r5, r0
10003972:	006d      	lsls	r5, r5, #1
10003974:	2900      	cmp	r1, #0
10003976:	d005      	beq.n	10003984 <pokemon_storage_update+0x38>
10003978:	0028      	movs	r0, r5
1000397a:	3010      	adds	r0, #16
1000397c:	222c      	movs	r2, #44	@ 0x2c
1000397e:	4440      	add	r0, r8
10003980:	f002 ff20 	bl	100067c4 <__wrap___aeabi_memcpy>
10003984:	002f      	movs	r7, r5
10003986:	464b      	mov	r3, r9
10003988:	373c      	adds	r7, #60	@ 0x3c
1000398a:	4447      	add	r7, r8
1000398c:	2b00      	cmp	r3, #0
1000398e:	d004      	beq.n	1000399a <pokemon_storage_update+0x4e>
10003990:	220b      	movs	r2, #11
10003992:	4649      	mov	r1, r9
10003994:	0038      	movs	r0, r7
10003996:	f002 ff15 	bl	100067c4 <__wrap___aeabi_memcpy>
1000399a:	2e00      	cmp	r6, #0
1000399c:	d006      	beq.n	100039ac <pokemon_storage_update+0x60>
1000399e:	3547      	adds	r5, #71	@ 0x47
100039a0:	0028      	movs	r0, r5
100039a2:	220b      	movs	r2, #11
100039a4:	0031      	movs	r1, r6
100039a6:	4440      	add	r0, r8
100039a8:	f002 ff0c 	bl	100067c4 <__wrap___aeabi_memcpy>
100039ac:	2201      	movs	r2, #1
100039ae:	4b0d      	ldr	r3, [pc, #52]	@ (100039e4 <pokemon_storage_update+0x98>)
100039b0:	0039      	movs	r1, r7
100039b2:	701a      	strb	r2, [r3, #0]
100039b4:	a801      	add	r0, sp, #4
100039b6:	3209      	adds	r2, #9
100039b8:	f7fe ff28 	bl	1000280c <pokemon_string_decode>
100039bc:	0021      	movs	r1, r4
100039be:	aa01      	add	r2, sp, #4
100039c0:	4809      	ldr	r0, [pc, #36]	@ (100039e8 <pokemon_storage_update+0x9c>)
100039c2:	f004 fdc3 	bl	1000854c <__wrap_printf>
100039c6:	f7ff fd91 	bl	100034ec <write_to_flash>
100039ca:	b005      	add	sp, #20
100039cc:	bcc0      	pop	{r6, r7}
100039ce:	46b9      	mov	r9, r7
100039d0:	46b0      	mov	r8, r6
100039d2:	bdf0      	pop	{r4, r5, r6, r7, pc}
100039d4:	2006      	movs	r0, #6
100039d6:	e7f8      	b.n	100039ca <pokemon_storage_update+0x7e>
100039d8:	2003      	movs	r0, #3
100039da:	e7f6      	b.n	100039ca <pokemon_storage_update+0x7e>
100039dc:	20003c3c 	.word	0x20003c3c
100039e0:	200015c8 	.word	0x200015c8
100039e4:	20003c3b 	.word	0x20003c3b
100039e8:	1000c1b4 	.word	0x1000c1b4

100039ec <pokemon_storage_clear>:
100039ec:	b5f8      	push	{r3, r4, r5, r6, r7, lr}
100039ee:	4b2c      	ldr	r3, [pc, #176]	@ (10003aa0 <pokemon_storage_clear+0xb4>)
100039f0:	781b      	ldrb	r3, [r3, #0]
100039f2:	2b00      	cmp	r3, #0
100039f4:	d052      	beq.n	10003a9c <pokemon_storage_clear+0xb0>
100039f6:	482b      	ldr	r0, [pc, #172]	@ (10003aa4 <pokemon_storage_clear+0xb8>)
100039f8:	f004 fd24 	bl	10008444 <__wrap_puts>
100039fc:	22a7      	movs	r2, #167	@ 0xa7
100039fe:	4c2a      	ldr	r4, [pc, #168]	@ (10003aa8 <pokemon_storage_clear+0xbc>)
10003a00:	2100      	movs	r1, #0
10003a02:	0020      	movs	r0, r4
10003a04:	00d2      	lsls	r2, r2, #3
10003a06:	68e5      	ldr	r5, [r4, #12]
10003a08:	f002 fed6 	bl	100067b8 <__wrap_memset>
10003a0c:	4b27      	ldr	r3, [pc, #156]	@ (10003aac <pokemon_storage_clear+0xc0>)
10003a0e:	0026      	movs	r6, r4
10003a10:	6023      	str	r3, [r4, #0]
10003a12:	2301      	movs	r3, #1
10003a14:	80a3      	strh	r3, [r4, #4]
10003a16:	23a7      	movs	r3, #167	@ 0xa7
10003a18:	00db      	lsls	r3, r3, #3
10003a1a:	18e7      	adds	r7, r4, r3
10003a1c:	2301      	movs	r3, #1
10003a1e:	2001      	movs	r0, #1
10003a20:	4923      	ldr	r1, [pc, #140]	@ (10003ab0 <pokemon_storage_clear+0xc4>)
10003a22:	3610      	adds	r6, #16
10003a24:	425b      	negs	r3, r3
10003a26:	7832      	ldrb	r2, [r6, #0]
10003a28:	3601      	adds	r6, #1
10003a2a:	405a      	eors	r2, r3
10003a2c:	0003      	movs	r3, r0
10003a2e:	4013      	ands	r3, r2
10003a30:	425b      	negs	r3, r3
10003a32:	0852      	lsrs	r2, r2, #1
10003a34:	400b      	ands	r3, r1
10003a36:	4053      	eors	r3, r2
10003a38:	0002      	movs	r2, r0
10003a3a:	401a      	ands	r2, r3
10003a3c:	4252      	negs	r2, r2
10003a3e:	085b      	lsrs	r3, r3, #1
10003a40:	400a      	ands	r2, r1
10003a42:	405a      	eors	r2, r3
10003a44:	0003      	movs	r3, r0
10003a46:	4013      	ands	r3, r2
10003a48:	425b      	negs	r3, r3
10003a4a:	0852      	lsrs	r2, r2, #1
10003a4c:	400b      	ands	r3, r1
10003a4e:	4053      	eors	r3, r2
10003a50:	0002      	movs	r2, r0
10003a52:	401a      	ands	r2, r3
10003a54:	4252      	negs	r2, r2
10003a56:	085b      	lsrs	r3, r3, #1
10003a58:	400a      	ands	r2, r1
10003a5a:	405a      	eors	r2, r3
10003a5c:	0003      	movs	r3, r0
10003a5e:	4013      	ands	r3, r2
10003a60:	425b      	negs	r3, r3
10003a62:	0852      	lsrs	r2, r2, #1
10003a64:	400b      	ands	r3, r1
10003a66:	4053      	eors	r3, r2
10003a68:	0002      	movs	r2, r0
10003a6a:	401a      	ands	r2, r3
10003a6c:	4252      	negs	r2, r2
10003a6e:	085b      	lsrs	r3, r3, #1
10003a70:	400a      	ands	r2, r1
10003a72:	405a      	eors	r2, r3
10003a74:	0003      	movs	r3, r0
10003a76:	4013      	ands	r3, r2
10003a78:	425b      	negs	r3, r3
10003a7a:	0852      	lsrs	r2, r2, #1
10003a7c:	400b      	ands	r3, r1
10003a7e:	4053      	eors	r3, r2
10003a80:	0002      	movs	r2, r0
10003a82:	401a      	ands	r2, r3
10003a84:	4252      	negs	r2, r2
10003a86:	400a      	ands	r2, r1
10003a88:	085b      	lsrs	r3, r3, #1
10003a8a:	4053      	eors	r3, r2
10003a8c:	42b7      	cmp	r7, r6
10003a8e:	d1ca      	bne.n	10003a26 <pokemon_storage_clear+0x3a>
10003a90:	43db      	mvns	r3, r3
10003a92:	60e5      	str	r5, [r4, #12]
10003a94:	60a3      	str	r3, [r4, #8]
10003a96:	f7ff fd29 	bl	100034ec <write_to_flash>
10003a9a:	bdf8      	pop	{r3, r4, r5, r6, r7, pc}
10003a9c:	2006      	movs	r0, #6
10003a9e:	e7fc      	b.n	10003a9a <pokemon_storage_clear+0xae>
10003aa0:	20003c3c 	.word	0x20003c3c
10003aa4:	1000c1d4 	.word	0x1000c1d4
10003aa8:	200015c8 	.word	0x200015c8
10003aac:	504b4d42 	.word	0x504b4d42
10003ab0:	edb88320 	.word	0xedb88320

10003ab4 <pokemon_storage_stats>:
10003ab4:	b570      	push	{r4, r5, r6, lr}
10003ab6:	2800      	cmp	r0, #0
10003ab8:	d005      	beq.n	10003ac6 <pokemon_storage_stats+0x12>
10003aba:	4b2b      	ldr	r3, [pc, #172]	@ (10003b68 <pokemon_storage_stats+0xb4>)
10003abc:	781a      	ldrb	r2, [r3, #0]
10003abe:	2300      	movs	r3, #0
10003ac0:	2a00      	cmp	r2, #0
10003ac2:	d14d      	bne.n	10003b60 <pokemon_storage_stats+0xac>
10003ac4:	6003      	str	r3, [r0, #0]
10003ac6:	2900      	cmp	r1, #0
10003ac8:	d047      	beq.n	10003b5a <pokemon_storage_stats+0xa6>
10003aca:	4b27      	ldr	r3, [pc, #156]	@ (10003b68 <pokemon_storage_stats+0xb4>)
10003acc:	781b      	ldrb	r3, [r3, #0]
10003ace:	2b00      	cmp	r3, #0
10003ad0:	d044      	beq.n	10003b5c <pokemon_storage_stats+0xa8>
10003ad2:	23a5      	movs	r3, #165	@ 0xa5
10003ad4:	4d25      	ldr	r5, [pc, #148]	@ (10003b6c <pokemon_storage_stats+0xb8>)
10003ad6:	00db      	lsls	r3, r3, #3
10003ad8:	18ee      	adds	r6, r5, r3
10003ada:	2301      	movs	r3, #1
10003adc:	2401      	movs	r4, #1
10003ade:	4824      	ldr	r0, [pc, #144]	@ (10003b70 <pokemon_storage_stats+0xbc>)
10003ae0:	425b      	negs	r3, r3
10003ae2:	782a      	ldrb	r2, [r5, #0]
10003ae4:	3501      	adds	r5, #1
10003ae6:	405a      	eors	r2, r3
10003ae8:	0023      	movs	r3, r4
10003aea:	4013      	ands	r3, r2
10003aec:	425b      	negs	r3, r3
10003aee:	0852      	lsrs	r2, r2, #1
10003af0:	4003      	ands	r3, r0
10003af2:	4053      	eors	r3, r2
10003af4:	0022      	movs	r2, r4
10003af6:	401a      	ands	r2, r3
10003af8:	4252      	negs	r2, r2
10003afa:	085b      	lsrs	r3, r3, #1
10003afc:	4002      	ands	r2, r0
10003afe:	405a      	eors	r2, r3
10003b00:	0023      	movs	r3, r4
10003b02:	4013      	ands	r3, r2
10003b04:	425b      	negs	r3, r3
10003b06:	0852      	lsrs	r2, r2, #1
10003b08:	4003      	ands	r3, r0
10003b0a:	4053      	eors	r3, r2
10003b0c:	0022      	movs	r2, r4
10003b0e:	401a      	ands	r2, r3
10003b10:	4252      	negs	r2, r2
10003b12:	085b      	lsrs	r3, r3, #1
10003b14:	4002      	ands	r2, r0
10003b16:	405a      	eors	r2, r3
10003b18:	0023      	movs	r3, r4
10003b1a:	4013      	ands	r3, r2
10003b1c:	425b      	negs	r3, r3
10003b1e:	0852      	lsrs	r2, r2, #1
10003b20:	4003      	ands	r3, r0
10003b22:	4053      	eors	r3, r2
10003b24:	0022      	movs	r2, r4
10003b26:	401a      	ands	r2, r3
10003b28:	4252      	negs	r2, r2
10003b2a:	085b      	lsrs	r3, r3, #1
10003b2c:	4002      	ands	r2, r0
10003b2e:	405a      	eors	r2, r3
10003b30:	0023      	movs	r3, r4
10003b32:	4013      	ands	r3, r2
10003b34:	425b      	negs	r3, r3
10003b36:	0852      	lsrs	r2, r2, #1
10003b38:	4003      	ands	r3, r0
10003b3a:	4053      	eors	r3, r2
10003b3c:	0022      	movs	r2, r4
10003b3e:	401a      	ands	r2, r3
10003b40:	4252      	negs	r2, r2
10003b42:	4002      	ands	r2, r0
10003b44:	085b      	lsrs	r3, r3, #1
10003b46:	4053      	eors	r3, r2
10003b48:	42ae      	cmp	r6, r5
10003b4a:	d1ca      	bne.n	10003ae2 <pokemon_storage_stats+0x2e>
10003b4c:	43db      	mvns	r3, r3
10003b4e:	4a09      	ldr	r2, [pc, #36]	@ (10003b74 <pokemon_storage_stats+0xc0>)
10003b50:	6892      	ldr	r2, [r2, #8]
10003b52:	1ad3      	subs	r3, r2, r3
10003b54:	425a      	negs	r2, r3
10003b56:	4153      	adcs	r3, r2
10003b58:	700b      	strb	r3, [r1, #0]
10003b5a:	bd70      	pop	{r4, r5, r6, pc}
10003b5c:	700b      	strb	r3, [r1, #0]
10003b5e:	e7fc      	b.n	10003b5a <pokemon_storage_stats+0xa6>
10003b60:	4b04      	ldr	r3, [pc, #16]	@ (10003b74 <pokemon_storage_stats+0xc0>)
10003b62:	68db      	ldr	r3, [r3, #12]
10003b64:	e7ae      	b.n	10003ac4 <pokemon_storage_stats+0x10>
10003b66:	46c0      	nop			@ (mov r8, r8)
10003b68:	20003c3c 	.word	0x20003c3c
10003b6c:	200015d8 	.word	0x200015d8
10003b70:	edb88320 	.word	0xedb88320
10003b74:	200015c8 	.word	0x200015c8

10003b78 <pokemon_storage_print>:
10003b78:	b5f0      	push	{r4, r5, r6, r7, lr}
10003b7a:	46c6      	mov	lr, r8
10003b7c:	b500      	push	{lr}
10003b7e:	4b4d      	ldr	r3, [pc, #308]	@ (10003cb4 <pokemon_storage_print+0x13c>)
10003b80:	b088      	sub	sp, #32
10003b82:	781b      	ldrb	r3, [r3, #0]
10003b84:	2b00      	cmp	r3, #0
10003b86:	d100      	bne.n	10003b8a <pokemon_storage_print+0x12>
10003b88:	e090      	b.n	10003cac <pokemon_storage_print+0x134>
10003b8a:	484b      	ldr	r0, [pc, #300]	@ (10003cb8 <pokemon_storage_print+0x140>)
10003b8c:	f004 fc5a 	bl	10008444 <__wrap_puts>
10003b90:	4d4a      	ldr	r5, [pc, #296]	@ (10003cbc <pokemon_storage_print+0x144>)
10003b92:	2214      	movs	r2, #20
10003b94:	79a9      	ldrb	r1, [r5, #6]
10003b96:	484a      	ldr	r0, [pc, #296]	@ (10003cc0 <pokemon_storage_print+0x148>)
10003b98:	f004 fcd8 	bl	1000854c <__wrap_printf>
10003b9c:	68e9      	ldr	r1, [r5, #12]
10003b9e:	4849      	ldr	r0, [pc, #292]	@ (10003cc4 <pokemon_storage_print+0x14c>)
10003ba0:	f004 fcd4 	bl	1000854c <__wrap_printf>
10003ba4:	23a7      	movs	r3, #167	@ 0xa7
10003ba6:	002c      	movs	r4, r5
10003ba8:	00db      	lsls	r3, r3, #3
10003baa:	3410      	adds	r4, #16
10003bac:	18ef      	adds	r7, r5, r3
10003bae:	2301      	movs	r3, #1
10003bb0:	0026      	movs	r6, r4
10003bb2:	2001      	movs	r0, #1
10003bb4:	4944      	ldr	r1, [pc, #272]	@ (10003cc8 <pokemon_storage_print+0x150>)
10003bb6:	425b      	negs	r3, r3
10003bb8:	7832      	ldrb	r2, [r6, #0]
10003bba:	3601      	adds	r6, #1
10003bbc:	405a      	eors	r2, r3
10003bbe:	0003      	movs	r3, r0
10003bc0:	4013      	ands	r3, r2
10003bc2:	425b      	negs	r3, r3
10003bc4:	0852      	lsrs	r2, r2, #1
10003bc6:	400b      	ands	r3, r1
10003bc8:	4053      	eors	r3, r2
10003bca:	0002      	movs	r2, r0
10003bcc:	401a      	ands	r2, r3
10003bce:	4252      	negs	r2, r2
10003bd0:	085b      	lsrs	r3, r3, #1
10003bd2:	400a      	ands	r2, r1
10003bd4:	405a      	eors	r2, r3
10003bd6:	0003      	movs	r3, r0
10003bd8:	4013      	ands	r3, r2
10003bda:	425b      	negs	r3, r3
10003bdc:	0852      	lsrs	r2, r2, #1
10003bde:	400b      	ands	r3, r1
10003be0:	4053      	eors	r3, r2
10003be2:	0002      	movs	r2, r0
10003be4:	401a      	ands	r2, r3
10003be6:	4252      	negs	r2, r2
10003be8:	085b      	lsrs	r3, r3, #1
10003bea:	400a      	ands	r2, r1
10003bec:	405a      	eors	r2, r3
10003bee:	0003      	movs	r3, r0
10003bf0:	4013      	ands	r3, r2
10003bf2:	425b      	negs	r3, r3
10003bf4:	0852      	lsrs	r2, r2, #1
10003bf6:	400b      	ands	r3, r1
10003bf8:	4053      	eors	r3, r2
10003bfa:	0002      	movs	r2, r0
10003bfc:	401a      	ands	r2, r3
10003bfe:	4252      	negs	r2, r2
10003c00:	085b      	lsrs	r3, r3, #1
10003c02:	400a      	ands	r2, r1
10003c04:	405a      	eors	r2, r3
10003c06:	0003      	movs	r3, r0
10003c08:	4013      	ands	r3, r2
10003c0a:	425b      	negs	r3, r3
10003c0c:	0852      	lsrs	r2, r2, #1
10003c0e:	400b      	ands	r3, r1
10003c10:	4053      	eors	r3, r2
10003c12:	0002      	movs	r2, r0
10003c14:	401a      	ands	r2, r3
10003c16:	4252      	negs	r2, r2
10003c18:	400a      	ands	r2, r1
10003c1a:	085b      	lsrs	r3, r3, #1
10003c1c:	4053      	eors	r3, r2
10003c1e:	42be      	cmp	r6, r7
10003c20:	d1ca      	bne.n	10003bb8 <pokemon_storage_print+0x40>
10003c22:	43db      	mvns	r3, r3
10003c24:	68a9      	ldr	r1, [r5, #8]
10003c26:	4299      	cmp	r1, r3
10003c28:	d010      	beq.n	10003c4c <pokemon_storage_print+0xd4>
10003c2a:	4a28      	ldr	r2, [pc, #160]	@ (10003ccc <pokemon_storage_print+0x154>)
10003c2c:	4828      	ldr	r0, [pc, #160]	@ (10003cd0 <pokemon_storage_print+0x158>)
10003c2e:	f004 fc8d 	bl	1000854c <__wrap_printf>
10003c32:	79ab      	ldrb	r3, [r5, #6]
10003c34:	2b00      	cmp	r3, #0
10003c36:	d110      	bne.n	10003c5a <pokemon_storage_print+0xe2>
10003c38:	4826      	ldr	r0, [pc, #152]	@ (10003cd4 <pokemon_storage_print+0x15c>)
10003c3a:	f004 fc03 	bl	10008444 <__wrap_puts>
10003c3e:	200a      	movs	r0, #10
10003c40:	f004 fbb6 	bl	100083b0 <__wrap_putchar>
10003c44:	b008      	add	sp, #32
10003c46:	bc80      	pop	{r7}
10003c48:	46b8      	mov	r8, r7
10003c4a:	bdf0      	pop	{r4, r5, r6, r7, pc}
10003c4c:	4a22      	ldr	r2, [pc, #136]	@ (10003cd8 <pokemon_storage_print+0x160>)
10003c4e:	4820      	ldr	r0, [pc, #128]	@ (10003cd0 <pokemon_storage_print+0x158>)
10003c50:	f004 fc7c 	bl	1000854c <__wrap_printf>
10003c54:	79ab      	ldrb	r3, [r5, #6]
10003c56:	2b00      	cmp	r3, #0
10003c58:	d0ee      	beq.n	10003c38 <pokemon_storage_print+0xc0>
10003c5a:	4820      	ldr	r0, [pc, #128]	@ (10003cdc <pokemon_storage_print+0x164>)
10003c5c:	f004 fbf2 	bl	10008444 <__wrap_puts>
10003c60:	79ab      	ldrb	r3, [r5, #6]
10003c62:	2b00      	cmp	r3, #0
10003c64:	d0eb      	beq.n	10003c3e <pokemon_storage_print+0xc6>
10003c66:	4b1e      	ldr	r3, [pc, #120]	@ (10003ce0 <pokemon_storage_print+0x168>)
10003c68:	2600      	movs	r6, #0
10003c6a:	4698      	mov	r8, r3
10003c6c:	af05      	add	r7, sp, #20
10003c6e:	0021      	movs	r1, r4
10003c70:	220a      	movs	r2, #10
10003c72:	312c      	adds	r1, #44	@ 0x2c
10003c74:	a802      	add	r0, sp, #8
10003c76:	f7fe fdc9 	bl	1000280c <pokemon_string_decode>
10003c7a:	0021      	movs	r1, r4
10003c7c:	220a      	movs	r2, #10
10003c7e:	3137      	adds	r1, #55	@ 0x37
10003c80:	0038      	movs	r0, r7
10003c82:	f7fe fdc3 	bl	1000280c <pokemon_string_decode>
10003c86:	7820      	ldrb	r0, [r4, #0]
10003c88:	f7ff f8d0 	bl	10002e2c <pokemon_get_species_name>
10003c8c:	9701      	str	r7, [sp, #4]
10003c8e:	78e2      	ldrb	r2, [r4, #3]
10003c90:	0003      	movs	r3, r0
10003c92:	0031      	movs	r1, r6
10003c94:	9200      	str	r2, [sp, #0]
10003c96:	4640      	mov	r0, r8
10003c98:	aa02      	add	r2, sp, #8
10003c9a:	f004 fc57 	bl	1000854c <__wrap_printf>
10003c9e:	3601      	adds	r6, #1
10003ca0:	79aa      	ldrb	r2, [r5, #6]
10003ca2:	b2f3      	uxtb	r3, r6
10003ca4:	3442      	adds	r4, #66	@ 0x42
10003ca6:	429a      	cmp	r2, r3
10003ca8:	d8e1      	bhi.n	10003c6e <pokemon_storage_print+0xf6>
10003caa:	e7c8      	b.n	10003c3e <pokemon_storage_print+0xc6>
10003cac:	480d      	ldr	r0, [pc, #52]	@ (10003ce4 <pokemon_storage_print+0x16c>)
10003cae:	f004 fbc9 	bl	10008444 <__wrap_puts>
10003cb2:	e7c7      	b.n	10003c44 <pokemon_storage_print+0xcc>
10003cb4:	20003c3c 	.word	0x20003c3c
10003cb8:	1000c224 	.word	0x1000c224
10003cbc:	200015c8 	.word	0x200015c8
10003cc0:	1000c240 	.word	0x1000c240
10003cc4:	1000c25c 	.word	0x1000c25c
10003cc8:	edb88320 	.word	0xedb88320
10003ccc:	1000c1fc 	.word	0x1000c1fc
10003cd0:	1000c270 	.word	0x1000c270
10003cd4:	1000c288 	.word	0x1000c288
10003cd8:	1000c1f8 	.word	0x1000c1f8
10003cdc:	1000c29c 	.word	0x1000c29c
10003ce0:	1000c2b0 	.word	0x1000c2b0
10003ce4:	1000c208 	.word	0x1000c208

10003ce8 <pokemon_storage_get_slot>:
10003ce8:	4b07      	ldr	r3, [pc, #28]	@ (10003d08 <pokemon_storage_get_slot+0x20>)
10003cea:	781b      	ldrb	r3, [r3, #0]
10003cec:	2b00      	cmp	r3, #0
10003cee:	d009      	beq.n	10003d04 <pokemon_storage_get_slot+0x1c>
10003cf0:	4a06      	ldr	r2, [pc, #24]	@ (10003d0c <pokemon_storage_get_slot+0x24>)
10003cf2:	7993      	ldrb	r3, [r2, #6]
10003cf4:	4283      	cmp	r3, r0
10003cf6:	d905      	bls.n	10003d04 <pokemon_storage_get_slot+0x1c>
10003cf8:	0143      	lsls	r3, r0, #5
10003cfa:	1818      	adds	r0, r3, r0
10003cfc:	0040      	lsls	r0, r0, #1
10003cfe:	3010      	adds	r0, #16
10003d00:	1880      	adds	r0, r0, r2
10003d02:	4770      	bx	lr
10003d04:	2000      	movs	r0, #0
10003d06:	e7fc      	b.n	10003d02 <pokemon_storage_get_slot+0x1a>
10003d08:	20003c3c 	.word	0x20003c3c
10003d0c:	200015c8 	.word	0x200015c8

10003d10 <pokemon_storage_status_name>:
10003d10:	2806      	cmp	r0, #6
10003d12:	d803      	bhi.n	10003d1c <pokemon_storage_status_name+0xc>
10003d14:	4b02      	ldr	r3, [pc, #8]	@ (10003d20 <pokemon_storage_status_name+0x10>)
10003d16:	0080      	lsls	r0, r0, #2
10003d18:	58c0      	ldr	r0, [r0, r3]
10003d1a:	4770      	bx	lr
10003d1c:	4801      	ldr	r0, [pc, #4]	@ (10003d24 <pokemon_storage_status_name+0x14>)
10003d1e:	e7fc      	b.n	10003d1a <pokemon_storage_status_name+0xa>
10003d20:	1000cae8 	.word	0x1000cae8
10003d24:	1000bbe8 	.word	0x1000bbe8

10003d28 <json_find_int.constprop.0>:
10003d28:	b570      	push	{r4, r5, r6, lr}
10003d2a:	0004      	movs	r4, r0
10003d2c:	b092      	sub	sp, #72	@ 0x48
10003d2e:	4b22      	ldr	r3, [pc, #136]	@ (10003db8 <json_find_int.constprop.0+0x90>)
10003d30:	4a22      	ldr	r2, [pc, #136]	@ (10003dbc <json_find_int.constprop.0+0x94>)
10003d32:	000d      	movs	r5, r1
10003d34:	a802      	add	r0, sp, #8
10003d36:	2140      	movs	r1, #64	@ 0x40
10003d38:	f004 f9b4 	bl	100080a4 <__wrap_snprintf>
10003d3c:	0020      	movs	r0, r4
10003d3e:	a902      	add	r1, sp, #8
10003d40:	f006 fec0 	bl	1000aac4 <strstr>
10003d44:	1e06      	subs	r6, r0, #0
10003d46:	d015      	beq.n	10003d74 <json_find_int.constprop.0+0x4c>
10003d48:	a802      	add	r0, sp, #8
10003d4a:	f006 fbe9 	bl	1000a520 <strlen>
10003d4e:	5c32      	ldrb	r2, [r6, r0]
10003d50:	1834      	adds	r4, r6, r0
10003d52:	2a00      	cmp	r2, #0
10003d54:	d00e      	beq.n	10003d74 <json_find_int.constprop.0+0x4c>
10003d56:	2101      	movs	r1, #1
10003d58:	4819      	ldr	r0, [pc, #100]	@ (10003dc0 <json_find_int.constprop.0+0x98>)
10003d5a:	0013      	movs	r3, r2
10003d5c:	3b09      	subs	r3, #9
10003d5e:	b2db      	uxtb	r3, r3
10003d60:	2b17      	cmp	r3, #23
10003d62:	d80a      	bhi.n	10003d7a <json_find_int.constprop.0+0x52>
10003d64:	0002      	movs	r2, r0
10003d66:	40da      	lsrs	r2, r3
10003d68:	4211      	tst	r1, r2
10003d6a:	d003      	beq.n	10003d74 <json_find_int.constprop.0+0x4c>
10003d6c:	7862      	ldrb	r2, [r4, #1]
10003d6e:	3401      	adds	r4, #1
10003d70:	2a00      	cmp	r2, #0
10003d72:	d1f2      	bne.n	10003d5a <json_find_int.constprop.0+0x32>
10003d74:	2000      	movs	r0, #0
10003d76:	b012      	add	sp, #72	@ 0x48
10003d78:	bd70      	pop	{r4, r5, r6, pc}
10003d7a:	2a3a      	cmp	r2, #58	@ 0x3a
10003d7c:	d1fa      	bne.n	10003d74 <json_find_int.constprop.0+0x4c>
10003d7e:	7863      	ldrb	r3, [r4, #1]
10003d80:	1c66      	adds	r6, r4, #1
10003d82:	2b00      	cmp	r3, #0
10003d84:	d00d      	beq.n	10003da2 <json_find_int.constprop.0+0x7a>
10003d86:	490e      	ldr	r1, [pc, #56]	@ (10003dc0 <json_find_int.constprop.0+0x98>)
10003d88:	3a39      	subs	r2, #57	@ 0x39
10003d8a:	3b09      	subs	r3, #9
10003d8c:	b2db      	uxtb	r3, r3
10003d8e:	2b17      	cmp	r3, #23
10003d90:	d807      	bhi.n	10003da2 <json_find_int.constprop.0+0x7a>
10003d92:	0008      	movs	r0, r1
10003d94:	40d8      	lsrs	r0, r3
10003d96:	4202      	tst	r2, r0
10003d98:	d003      	beq.n	10003da2 <json_find_int.constprop.0+0x7a>
10003d9a:	7873      	ldrb	r3, [r6, #1]
10003d9c:	3601      	adds	r6, #1
10003d9e:	2b00      	cmp	r3, #0
10003da0:	d1f3      	bne.n	10003d8a <json_find_int.constprop.0+0x62>
10003da2:	220a      	movs	r2, #10
10003da4:	0030      	movs	r0, r6
10003da6:	a901      	add	r1, sp, #4
10003da8:	f007 f83e 	bl	1000ae28 <strtol>
10003dac:	9b01      	ldr	r3, [sp, #4]
10003dae:	42b3      	cmp	r3, r6
10003db0:	d0e0      	beq.n	10003d74 <json_find_int.constprop.0+0x4c>
10003db2:	6028      	str	r0, [r5, #0]
10003db4:	2001      	movs	r0, #1
10003db6:	e7de      	b.n	10003d76 <json_find_int.constprop.0+0x4e>
10003db8:	1000b894 	.word	0x1000b894
10003dbc:	1000c328 	.word	0x1000c328
10003dc0:	00800013 	.word	0x00800013

10003dc4 <webui_process_command>:
10003dc4:	b5f0      	push	{r4, r5, r6, r7, lr}
10003dc6:	464e      	mov	r6, r9
10003dc8:	4645      	mov	r5, r8
10003dca:	46de      	mov	lr, fp
10003dcc:	4657      	mov	r7, sl
10003dce:	b5e0      	push	{r5, r6, r7, lr}
10003dd0:	0014      	movs	r4, r2
10003dd2:	0006      	movs	r6, r0
10003dd4:	000d      	movs	r5, r1
10003dd6:	2000      	movs	r0, #0
10003dd8:	b0cd      	sub	sp, #308	@ 0x134
10003dda:	2e00      	cmp	r6, #0
10003ddc:	d003      	beq.n	10003de6 <webui_process_command+0x22>
10003dde:	2900      	cmp	r1, #0
10003de0:	d001      	beq.n	10003de6 <webui_process_command+0x22>
10003de2:	2a3f      	cmp	r2, #63	@ 0x3f
10003de4:	d806      	bhi.n	10003df4 <webui_process_command+0x30>
10003de6:	b04d      	add	sp, #308	@ 0x134
10003de8:	bcf0      	pop	{r4, r5, r6, r7}
10003dea:	46bb      	mov	fp, r7
10003dec:	46b2      	mov	sl, r6
10003dee:	46a9      	mov	r9, r5
10003df0:	46a0      	mov	r8, r4
10003df2:	bdf0      	pop	{r4, r5, r6, r7, pc}
10003df4:	a93c      	add	r1, sp, #240	@ 0xf0
10003df6:	4689      	mov	r9, r1
10003df8:	4ac0      	ldr	r2, [pc, #768]	@ (100040fc <webui_process_command+0x338>)
10003dfa:	2140      	movs	r1, #64	@ 0x40
10003dfc:	4bc0      	ldr	r3, [pc, #768]	@ (10004100 <webui_process_command+0x33c>)
10003dfe:	4648      	mov	r0, r9
10003e00:	9217      	str	r2, [sp, #92]	@ 0x5c
10003e02:	f004 f94f 	bl	100080a4 <__wrap_snprintf>
10003e06:	4649      	mov	r1, r9
10003e08:	0030      	movs	r0, r6
10003e0a:	f006 fe5b 	bl	1000aac4 <strstr>
10003e0e:	1e07      	subs	r7, r0, #0
10003e10:	d015      	beq.n	10003e3e <webui_process_command+0x7a>
10003e12:	4648      	mov	r0, r9
10003e14:	f006 fb84 	bl	1000a520 <strlen>
10003e18:	5c3a      	ldrb	r2, [r7, r0]
10003e1a:	1839      	adds	r1, r7, r0
10003e1c:	2a00      	cmp	r2, #0
10003e1e:	d00e      	beq.n	10003e3e <webui_process_command+0x7a>
10003e20:	2001      	movs	r0, #1
10003e22:	4fb8      	ldr	r7, [pc, #736]	@ (10004104 <webui_process_command+0x340>)
10003e24:	0013      	movs	r3, r2
10003e26:	3b09      	subs	r3, #9
10003e28:	b2db      	uxtb	r3, r3
10003e2a:	2b17      	cmp	r3, #23
10003e2c:	d80e      	bhi.n	10003e4c <webui_process_command+0x88>
10003e2e:	003a      	movs	r2, r7
10003e30:	40da      	lsrs	r2, r3
10003e32:	4210      	tst	r0, r2
10003e34:	d003      	beq.n	10003e3e <webui_process_command+0x7a>
10003e36:	784a      	ldrb	r2, [r1, #1]
10003e38:	3101      	adds	r1, #1
10003e3a:	2a00      	cmp	r2, #0
10003e3c:	d1f2      	bne.n	10003e24 <webui_process_command+0x60>
10003e3e:	0021      	movs	r1, r4
10003e40:	0028      	movs	r0, r5
10003e42:	4ab1      	ldr	r2, [pc, #708]	@ (10004108 <webui_process_command+0x344>)
10003e44:	f004 f92e 	bl	100080a4 <__wrap_snprintf>
10003e48:	2001      	movs	r0, #1
10003e4a:	e7cc      	b.n	10003de6 <webui_process_command+0x22>
10003e4c:	2a3a      	cmp	r2, #58	@ 0x3a
10003e4e:	d1f6      	bne.n	10003e3e <webui_process_command+0x7a>
10003e50:	784a      	ldrb	r2, [r1, #1]
10003e52:	1c48      	adds	r0, r1, #1
10003e54:	2a00      	cmp	r2, #0
10003e56:	d0f2      	beq.n	10003e3e <webui_process_command+0x7a>
10003e58:	2101      	movs	r1, #1
10003e5a:	4faa      	ldr	r7, [pc, #680]	@ (10004104 <webui_process_command+0x340>)
10003e5c:	0013      	movs	r3, r2
10003e5e:	3b09      	subs	r3, #9
10003e60:	b2db      	uxtb	r3, r3
10003e62:	2b17      	cmp	r3, #23
10003e64:	d808      	bhi.n	10003e78 <webui_process_command+0xb4>
10003e66:	003a      	movs	r2, r7
10003e68:	40da      	lsrs	r2, r3
10003e6a:	4211      	tst	r1, r2
10003e6c:	d0e7      	beq.n	10003e3e <webui_process_command+0x7a>
10003e6e:	7842      	ldrb	r2, [r0, #1]
10003e70:	3001      	adds	r0, #1
10003e72:	2a00      	cmp	r2, #0
10003e74:	d1f2      	bne.n	10003e5c <webui_process_command+0x98>
10003e76:	e7e2      	b.n	10003e3e <webui_process_command+0x7a>
10003e78:	2a22      	cmp	r2, #34	@ 0x22
10003e7a:	d1e0      	bne.n	10003e3e <webui_process_command+0x7a>
10003e7c:	a929      	add	r1, sp, #164	@ 0xa4
10003e7e:	7842      	ldrb	r2, [r0, #1]
10003e80:	1c47      	adds	r7, r0, #1
10003e82:	a804      	add	r0, sp, #16
10003e84:	4688      	mov	r8, r1
10003e86:	4684      	mov	ip, r0
10003e88:	2193      	movs	r1, #147	@ 0x93
10003e8a:	2300      	movs	r3, #0
10003e8c:	4461      	add	r1, ip
10003e8e:	2a00      	cmp	r2, #0
10003e90:	d108      	bne.n	10003ea4 <webui_process_command+0xe0>
10003e92:	e228      	b.n	100042e6 <webui_process_command+0x522>
10003e94:	2b1f      	cmp	r3, #31
10003e96:	d100      	bne.n	10003e9a <webui_process_command+0xd6>
10003e98:	e12b      	b.n	100040f2 <webui_process_command+0x32e>
10003e9a:	3301      	adds	r3, #1
10003e9c:	54ca      	strb	r2, [r1, r3]
10003e9e:	5cfa      	ldrb	r2, [r7, r3]
10003ea0:	2a00      	cmp	r2, #0
10003ea2:	d001      	beq.n	10003ea8 <webui_process_command+0xe4>
10003ea4:	2a22      	cmp	r2, #34	@ 0x22
10003ea6:	d1f5      	bne.n	10003e94 <webui_process_command+0xd0>
10003ea8:	4443      	add	r3, r8
10003eaa:	2200      	movs	r2, #0
10003eac:	4641      	mov	r1, r8
10003eae:	701a      	strb	r2, [r3, #0]
10003eb0:	4896      	ldr	r0, [pc, #600]	@ (1000410c <webui_process_command+0x348>)
10003eb2:	f004 fb4b 	bl	1000854c <__wrap_printf>
10003eb6:	4b96      	ldr	r3, [pc, #600]	@ (10004110 <webui_process_command+0x34c>)
10003eb8:	9a29      	ldr	r2, [sp, #164]	@ 0xa4
10003eba:	429a      	cmp	r2, r3
10003ebc:	d017      	beq.n	10003eee <webui_process_command+0x12a>
10003ebe:	4a95      	ldr	r2, [pc, #596]	@ (10004114 <webui_process_command+0x350>)
10003ec0:	9b29      	ldr	r3, [sp, #164]	@ 0xa4
10003ec2:	4293      	cmp	r3, r2
10003ec4:	d068      	beq.n	10003f98 <webui_process_command+0x1d4>
10003ec6:	4a94      	ldr	r2, [pc, #592]	@ (10004118 <webui_process_command+0x354>)
10003ec8:	4293      	cmp	r3, r2
10003eca:	d100      	bne.n	10003ece <webui_process_command+0x10a>
10003ecc:	e13e      	b.n	1000414c <webui_process_command+0x388>
10003ece:	4a93      	ldr	r2, [pc, #588]	@ (1000411c <webui_process_command+0x358>)
10003ed0:	4293      	cmp	r3, r2
10003ed2:	d100      	bne.n	10003ed6 <webui_process_command+0x112>
10003ed4:	e1c8      	b.n	10004268 <webui_process_command+0x4a4>
10003ed6:	4a92      	ldr	r2, [pc, #584]	@ (10004120 <webui_process_command+0x35c>)
10003ed8:	4293      	cmp	r3, r2
10003eda:	d100      	bne.n	10003ede <webui_process_command+0x11a>
10003edc:	e0e5      	b.n	100040aa <webui_process_command+0x2e6>
10003ede:	4643      	mov	r3, r8
10003ee0:	0021      	movs	r1, r4
10003ee2:	0028      	movs	r0, r5
10003ee4:	4a8f      	ldr	r2, [pc, #572]	@ (10004124 <webui_process_command+0x360>)
10003ee6:	f004 f8dd 	bl	100080a4 <__wrap_snprintf>
10003eea:	2001      	movs	r0, #1
10003eec:	e77b      	b.n	10003de6 <webui_process_command+0x22>
10003eee:	4643      	mov	r3, r8
10003ef0:	791b      	ldrb	r3, [r3, #4]
10003ef2:	2b00      	cmp	r3, #0
10003ef4:	d1e3      	bne.n	10003ebe <webui_process_command+0xfa>
10003ef6:	4698      	mov	r8, r3
10003ef8:	f7ff fc46 	bl	10003788 <pokemon_storage_count>
10003efc:	0021      	movs	r1, r4
10003efe:	9017      	str	r0, [sp, #92]	@ 0x5c
10003f00:	0006      	movs	r6, r0
10003f02:	4a89      	ldr	r2, [pc, #548]	@ (10004128 <webui_process_command+0x364>)
10003f04:	0028      	movs	r0, r5
10003f06:	f004 f8cd 	bl	100080a4 <__wrap_snprintf>
10003f0a:	0007      	movs	r7, r0
10003f0c:	2e00      	cmp	r6, #0
10003f0e:	d03c      	beq.n	10003f8a <webui_process_command+0x1c6>
10003f10:	2364      	movs	r3, #100	@ 0x64
10003f12:	425b      	negs	r3, r3
10003f14:	469b      	mov	fp, r3
10003f16:	4b85      	ldr	r3, [pc, #532]	@ (1000412c <webui_process_command+0x368>)
10003f18:	46a2      	mov	sl, r4
10003f1a:	9318      	str	r3, [sp, #96]	@ 0x60
10003f1c:	4b84      	ldr	r3, [pc, #528]	@ (10004130 <webui_process_command+0x36c>)
10003f1e:	44a3      	add	fp, r4
10003f20:	9319      	str	r3, [sp, #100]	@ 0x64
10003f22:	4644      	mov	r4, r8
10003f24:	46a8      	mov	r8, r5
10003f26:	e02c      	b.n	10003f82 <webui_process_command+0x1be>
10003f28:	b2e0      	uxtb	r0, r4
10003f2a:	f7ff fedd 	bl	10003ce8 <pokemon_storage_get_slot>
10003f2e:	1e06      	subs	r6, r0, #0
10003f30:	d023      	beq.n	10003f7a <webui_process_command+0x1b6>
10003f32:	0001      	movs	r1, r0
10003f34:	220a      	movs	r2, #10
10003f36:	4648      	mov	r0, r9
10003f38:	312c      	adds	r1, #44	@ 0x2c
10003f3a:	f7fe fc67 	bl	1000280c <pokemon_string_decode>
10003f3e:	7830      	ldrb	r0, [r6, #0]
10003f40:	f7fe ff74 	bl	10002e2c <pokemon_get_species_name>
10003f44:	0005      	movs	r5, r0
10003f46:	2c00      	cmp	r4, #0
10003f48:	d007      	beq.n	10003f5a <webui_process_command+0x196>
10003f4a:	4653      	mov	r3, sl
10003f4c:	1bd9      	subs	r1, r3, r7
10003f4e:	4643      	mov	r3, r8
10003f50:	9a19      	ldr	r2, [sp, #100]	@ 0x64
10003f52:	19d8      	adds	r0, r3, r7
10003f54:	f004 f8a6 	bl	100080a4 <__wrap_snprintf>
10003f58:	183f      	adds	r7, r7, r0
10003f5a:	4653      	mov	r3, sl
10003f5c:	1bd9      	subs	r1, r3, r7
10003f5e:	4643      	mov	r3, r8
10003f60:	19d8      	adds	r0, r3, r7
10003f62:	78f3      	ldrb	r3, [r6, #3]
10003f64:	9501      	str	r5, [sp, #4]
10003f66:	9303      	str	r3, [sp, #12]
10003f68:	464b      	mov	r3, r9
10003f6a:	9302      	str	r3, [sp, #8]
10003f6c:	7833      	ldrb	r3, [r6, #0]
10003f6e:	9a18      	ldr	r2, [sp, #96]	@ 0x60
10003f70:	9300      	str	r3, [sp, #0]
10003f72:	0023      	movs	r3, r4
10003f74:	f004 f896 	bl	100080a4 <__wrap_snprintf>
10003f78:	183f      	adds	r7, r7, r0
10003f7a:	9b17      	ldr	r3, [sp, #92]	@ 0x5c
10003f7c:	3401      	adds	r4, #1
10003f7e:	42a3      	cmp	r3, r4
10003f80:	dd01      	ble.n	10003f86 <webui_process_command+0x1c2>
10003f82:	455f      	cmp	r7, fp
10003f84:	dbd0      	blt.n	10003f28 <webui_process_command+0x164>
10003f86:	4645      	mov	r5, r8
10003f88:	4654      	mov	r4, sl
10003f8a:	4a6a      	ldr	r2, [pc, #424]	@ (10004134 <webui_process_command+0x370>)
10003f8c:	1be1      	subs	r1, r4, r7
10003f8e:	19e8      	adds	r0, r5, r7
10003f90:	f004 f888 	bl	100080a4 <__wrap_snprintf>
10003f94:	2001      	movs	r0, #1
10003f96:	e726      	b.n	10003de6 <webui_process_command+0x22>
10003f98:	0030      	movs	r0, r6
10003f9a:	a925      	add	r1, sp, #148	@ 0x94
10003f9c:	f7ff fec4 	bl	10003d28 <json_find_int.constprop.0>
10003fa0:	2800      	cmp	r0, #0
10003fa2:	d07b      	beq.n	1000409c <webui_process_command+0x2d8>
10003fa4:	9f25      	ldr	r7, [sp, #148]	@ 0x94
10003fa6:	b2f8      	uxtb	r0, r7
10003fa8:	f7ff fe9e 	bl	10003ce8 <pokemon_storage_get_slot>
10003fac:	1e06      	subs	r6, r0, #0
10003fae:	d100      	bne.n	10003fb2 <webui_process_command+0x1ee>
10003fb0:	e19b      	b.n	100042ea <webui_process_command+0x526>
10003fb2:	0001      	movs	r1, r0
10003fb4:	ab31      	add	r3, sp, #196	@ 0xc4
10003fb6:	0018      	movs	r0, r3
10003fb8:	220a      	movs	r2, #10
10003fba:	312c      	adds	r1, #44	@ 0x2c
10003fbc:	4698      	mov	r8, r3
10003fbe:	f7fe fc25 	bl	1000280c <pokemon_string_decode>
10003fc2:	0031      	movs	r1, r6
10003fc4:	220a      	movs	r2, #10
10003fc6:	3137      	adds	r1, #55	@ 0x37
10003fc8:	4648      	mov	r0, r9
10003fca:	f7fe fc1f 	bl	1000280c <pokemon_string_decode>
10003fce:	7830      	ldrb	r0, [r6, #0]
10003fd0:	f7fe ff2c 	bl	10002e2c <pokemon_get_species_name>
10003fd4:	7933      	ldrb	r3, [r6, #4]
10003fd6:	4a58      	ldr	r2, [pc, #352]	@ (10004138 <webui_process_command+0x374>)
10003fd8:	9315      	str	r3, [sp, #84]	@ 0x54
10003fda:	7f33      	ldrb	r3, [r6, #28]
10003fdc:	7ef1      	ldrb	r1, [r6, #27]
10003fde:	021b      	lsls	r3, r3, #8
10003fe0:	430b      	orrs	r3, r1
10003fe2:	9314      	str	r3, [sp, #80]	@ 0x50
10003fe4:	7b73      	ldrb	r3, [r6, #13]
10003fe6:	7b31      	ldrb	r1, [r6, #12]
10003fe8:	021b      	lsls	r3, r3, #8
10003fea:	430b      	orrs	r3, r1
10003fec:	ba5b      	rev16	r3, r3
10003fee:	b29b      	uxth	r3, r3
10003ff0:	9313      	str	r3, [sp, #76]	@ 0x4c
10003ff2:	464b      	mov	r3, r9
10003ff4:	9312      	str	r3, [sp, #72]	@ 0x48
10003ff6:	2320      	movs	r3, #32
10003ff8:	5cf3      	ldrb	r3, [r6, r3]
10003ffa:	9311      	str	r3, [sp, #68]	@ 0x44
10003ffc:	7ff3      	ldrb	r3, [r6, #31]
10003ffe:	9310      	str	r3, [sp, #64]	@ 0x40
10004000:	7fb3      	ldrb	r3, [r6, #30]
10004002:	930f      	str	r3, [sp, #60]	@ 0x3c
10004004:	7f73      	ldrb	r3, [r6, #29]
10004006:	930e      	str	r3, [sp, #56]	@ 0x38
10004008:	7af3      	ldrb	r3, [r6, #11]
1000400a:	930d      	str	r3, [sp, #52]	@ 0x34
1000400c:	7ab3      	ldrb	r3, [r6, #10]
1000400e:	930c      	str	r3, [sp, #48]	@ 0x30
10004010:	7a73      	ldrb	r3, [r6, #9]
10004012:	930b      	str	r3, [sp, #44]	@ 0x2c
10004014:	7a33      	ldrb	r3, [r6, #8]
10004016:	930a      	str	r3, [sp, #40]	@ 0x28
10004018:	232a      	movs	r3, #42	@ 0x2a
1000401a:	5cf1      	ldrb	r1, [r6, r3]
1000401c:	3301      	adds	r3, #1
1000401e:	5cf3      	ldrb	r3, [r6, r3]
10004020:	021b      	lsls	r3, r3, #8
10004022:	430b      	orrs	r3, r1
10004024:	ba5b      	rev16	r3, r3
10004026:	b29b      	uxth	r3, r3
10004028:	9309      	str	r3, [sp, #36]	@ 0x24
1000402a:	2328      	movs	r3, #40	@ 0x28
1000402c:	5cf1      	ldrb	r1, [r6, r3]
1000402e:	3301      	adds	r3, #1
10004030:	5cf3      	ldrb	r3, [r6, r3]
10004032:	021b      	lsls	r3, r3, #8
10004034:	430b      	orrs	r3, r1
10004036:	ba5b      	rev16	r3, r3
10004038:	b29b      	uxth	r3, r3
1000403a:	9308      	str	r3, [sp, #32]
1000403c:	2326      	movs	r3, #38	@ 0x26
1000403e:	5cf1      	ldrb	r1, [r6, r3]
10004040:	3301      	adds	r3, #1
10004042:	5cf3      	ldrb	r3, [r6, r3]
10004044:	021b      	lsls	r3, r3, #8
10004046:	430b      	orrs	r3, r1
10004048:	ba5b      	rev16	r3, r3
1000404a:	b29b      	uxth	r3, r3
1000404c:	9307      	str	r3, [sp, #28]
1000404e:	2324      	movs	r3, #36	@ 0x24
10004050:	5cf1      	ldrb	r1, [r6, r3]
10004052:	3301      	adds	r3, #1
10004054:	5cf3      	ldrb	r3, [r6, r3]
10004056:	021b      	lsls	r3, r3, #8
10004058:	430b      	orrs	r3, r1
1000405a:	ba5b      	rev16	r3, r3
1000405c:	b29b      	uxth	r3, r3
1000405e:	9306      	str	r3, [sp, #24]
10004060:	2322      	movs	r3, #34	@ 0x22
10004062:	5cf1      	ldrb	r1, [r6, r3]
10004064:	3301      	adds	r3, #1
10004066:	5cf3      	ldrb	r3, [r6, r3]
10004068:	021b      	lsls	r3, r3, #8
1000406a:	430b      	orrs	r3, r1
1000406c:	ba5b      	rev16	r3, r3
1000406e:	b29b      	uxth	r3, r3
10004070:	9305      	str	r3, [sp, #20]
10004072:	78b3      	ldrb	r3, [r6, #2]
10004074:	7871      	ldrb	r1, [r6, #1]
10004076:	021b      	lsls	r3, r3, #8
10004078:	430b      	orrs	r3, r1
1000407a:	ba5b      	rev16	r3, r3
1000407c:	b29b      	uxth	r3, r3
1000407e:	9304      	str	r3, [sp, #16]
10004080:	78f3      	ldrb	r3, [r6, #3]
10004082:	9001      	str	r0, [sp, #4]
10004084:	9303      	str	r3, [sp, #12]
10004086:	4643      	mov	r3, r8
10004088:	9302      	str	r3, [sp, #8]
1000408a:	7833      	ldrb	r3, [r6, #0]
1000408c:	0021      	movs	r1, r4
1000408e:	9300      	str	r3, [sp, #0]
10004090:	0028      	movs	r0, r5
10004092:	003b      	movs	r3, r7
10004094:	f004 f806 	bl	100080a4 <__wrap_snprintf>
10004098:	2001      	movs	r0, #1
1000409a:	e6a4      	b.n	10003de6 <webui_process_command+0x22>
1000409c:	0021      	movs	r1, r4
1000409e:	0028      	movs	r0, r5
100040a0:	4a26      	ldr	r2, [pc, #152]	@ (1000413c <webui_process_command+0x378>)
100040a2:	f003 ffff 	bl	100080a4 <__wrap_snprintf>
100040a6:	2001      	movs	r0, #1
100040a8:	e69d      	b.n	10003de6 <webui_process_command+0x22>
100040aa:	4642      	mov	r2, r8
100040ac:	4b24      	ldr	r3, [pc, #144]	@ (10004140 <webui_process_command+0x37c>)
100040ae:	8892      	ldrh	r2, [r2, #4]
100040b0:	429a      	cmp	r2, r3
100040b2:	d000      	beq.n	100040b6 <webui_process_command+0x2f2>
100040b4:	e713      	b.n	10003ede <webui_process_command+0x11a>
100040b6:	4643      	mov	r3, r8
100040b8:	799b      	ldrb	r3, [r3, #6]
100040ba:	2b00      	cmp	r3, #0
100040bc:	d000      	beq.n	100040c0 <webui_process_command+0x2fc>
100040be:	e70e      	b.n	10003ede <webui_process_command+0x11a>
100040c0:	ae31      	add	r6, sp, #196	@ 0xc4
100040c2:	0031      	movs	r1, r6
100040c4:	4648      	mov	r0, r9
100040c6:	f7ff fcf5 	bl	10003ab4 <pokemon_storage_stats>
100040ca:	f7ff fb5d 	bl	10003788 <pokemon_storage_count>
100040ce:	7832      	ldrb	r2, [r6, #0]
100040d0:	0003      	movs	r3, r0
100040d2:	993c      	ldr	r1, [sp, #240]	@ 0xf0
100040d4:	2a00      	cmp	r2, #0
100040d6:	d100      	bne.n	100040da <webui_process_command+0x316>
100040d8:	e0e8      	b.n	100042ac <webui_process_command+0x4e8>
100040da:	481a      	ldr	r0, [pc, #104]	@ (10004144 <webui_process_command+0x380>)
100040dc:	9101      	str	r1, [sp, #4]
100040de:	2114      	movs	r1, #20
100040e0:	9002      	str	r0, [sp, #8]
100040e2:	9100      	str	r1, [sp, #0]
100040e4:	0028      	movs	r0, r5
100040e6:	0021      	movs	r1, r4
100040e8:	4a17      	ldr	r2, [pc, #92]	@ (10004148 <webui_process_command+0x384>)
100040ea:	f003 ffdb 	bl	100080a4 <__wrap_snprintf>
100040ee:	2001      	movs	r0, #1
100040f0:	e679      	b.n	10003de6 <webui_process_command+0x22>
100040f2:	aa04      	add	r2, sp, #16
100040f4:	4694      	mov	ip, r2
100040f6:	3394      	adds	r3, #148	@ 0x94
100040f8:	4463      	add	r3, ip
100040fa:	e6d6      	b.n	10003eaa <webui_process_command+0xe6>
100040fc:	1000c328 	.word	0x1000c328
10004100:	1000c340 	.word	0x1000c340
10004104:	00800013 	.word	0x00800013
10004108:	1000c344 	.word	0x1000c344
1000410c:	1000c364 	.word	0x1000c364
10004110:	7473696c 	.word	0x7473696c
10004114:	00746567 	.word	0x00746567
10004118:	00746573 	.word	0x00746573
1000411c:	656c6564 	.word	0x656c6564
10004120:	74617473 	.word	0x74617473
10004124:	1000c584 	.word	0x1000c584
10004128:	1000c384 	.word	0x1000c384
1000412c:	1000c398 	.word	0x1000c398
10004130:	1000c394 	.word	0x1000c394
10004134:	1000c3dc 	.word	0x1000c3dc
10004138:	1000c41c 	.word	0x1000c41c
1000413c:	1000c3e4 	.word	0x1000c3e4
10004140:	00007375 	.word	0x00007375
10004144:	1000c330 	.word	0x1000c330
10004148:	1000c540 	.word	0x1000c540
1000414c:	0030      	movs	r0, r6
1000414e:	a91a      	add	r1, sp, #104	@ 0x68
10004150:	f7ff fdea 	bl	10003d28 <json_find_int.constprop.0>
10004154:	4680      	mov	r8, r0
10004156:	2800      	cmp	r0, #0
10004158:	d0a0      	beq.n	1000409c <webui_process_command+0x2d8>
1000415a:	9b1a      	ldr	r3, [sp, #104]	@ 0x68
1000415c:	aa1c      	add	r2, sp, #112	@ 0x70
1000415e:	b2d8      	uxtb	r0, r3
10004160:	ab31      	add	r3, sp, #196	@ 0xc4
10004162:	469a      	mov	sl, r3
10004164:	ab1f      	add	r3, sp, #124	@ 0x7c
10004166:	4651      	mov	r1, sl
10004168:	9018      	str	r0, [sp, #96]	@ 0x60
1000416a:	f7ff fb73 	bl	10003854 <pokemon_storage_get>
1000416e:	2800      	cmp	r0, #0
10004170:	d000      	beq.n	10004174 <webui_process_command+0x3b0>
10004172:	e091      	b.n	10004298 <webui_process_command+0x4d4>
10004174:	4ba7      	ldr	r3, [pc, #668]	@ (10004414 <webui_process_command+0x650>)
10004176:	0030      	movs	r0, r6
10004178:	0019      	movs	r1, r3
1000417a:	001f      	movs	r7, r3
1000417c:	f006 fca2 	bl	1000aac4 <strstr>
10004180:	2800      	cmp	r0, #0
10004182:	d100      	bne.n	10004186 <webui_process_command+0x3c2>
10004184:	e0ab      	b.n	100042de <webui_process_command+0x51a>
10004186:	217b      	movs	r1, #123	@ 0x7b
10004188:	f006 f9f8 	bl	1000a57c <strchr>
1000418c:	4683      	mov	fp, r0
1000418e:	2800      	cmp	r0, #0
10004190:	d100      	bne.n	10004194 <webui_process_command+0x3d0>
10004192:	e0a4      	b.n	100042de <webui_process_command+0x51a>
10004194:	2140      	movs	r1, #64	@ 0x40
10004196:	4ba0      	ldr	r3, [pc, #640]	@ (10004418 <webui_process_command+0x654>)
10004198:	9a17      	ldr	r2, [sp, #92]	@ 0x5c
1000419a:	4648      	mov	r0, r9
1000419c:	f003 ff82 	bl	100080a4 <__wrap_snprintf>
100041a0:	4658      	mov	r0, fp
100041a2:	4649      	mov	r1, r9
100041a4:	f006 fc8e 	bl	1000aac4 <strstr>
100041a8:	4683      	mov	fp, r0
100041aa:	2800      	cmp	r0, #0
100041ac:	d017      	beq.n	100041de <webui_process_command+0x41a>
100041ae:	4648      	mov	r0, r9
100041b0:	f006 f9b6 	bl	1000a520 <strlen>
100041b4:	465b      	mov	r3, fp
100041b6:	5c1a      	ldrb	r2, [r3, r0]
100041b8:	1819      	adds	r1, r3, r0
100041ba:	2a00      	cmp	r2, #0
100041bc:	d00f      	beq.n	100041de <webui_process_command+0x41a>
100041be:	4b97      	ldr	r3, [pc, #604]	@ (1000441c <webui_process_command+0x658>)
100041c0:	2001      	movs	r0, #1
100041c2:	469c      	mov	ip, r3
100041c4:	0013      	movs	r3, r2
100041c6:	3b09      	subs	r3, #9
100041c8:	b2db      	uxtb	r3, r3
100041ca:	2b17      	cmp	r3, #23
100041cc:	d870      	bhi.n	100042b0 <webui_process_command+0x4ec>
100041ce:	4662      	mov	r2, ip
100041d0:	40da      	lsrs	r2, r3
100041d2:	4210      	tst	r0, r2
100041d4:	d003      	beq.n	100041de <webui_process_command+0x41a>
100041d6:	784a      	ldrb	r2, [r1, #1]
100041d8:	3101      	adds	r1, #1
100041da:	2a00      	cmp	r2, #0
100041dc:	d1f2      	bne.n	100041c4 <webui_process_command+0x400>
100041de:	0039      	movs	r1, r7
100041e0:	0030      	movs	r0, r6
100041e2:	f006 fc6f 	bl	1000aac4 <strstr>
100041e6:	2800      	cmp	r0, #0
100041e8:	d079      	beq.n	100042de <webui_process_command+0x51a>
100041ea:	217b      	movs	r1, #123	@ 0x7b
100041ec:	f006 f9c6 	bl	1000a57c <strchr>
100041f0:	1e06      	subs	r6, r0, #0
100041f2:	d074      	beq.n	100042de <webui_process_command+0x51a>
100041f4:	2300      	movs	r3, #0
100041f6:	4698      	mov	r8, r3
100041f8:	2140      	movs	r1, #64	@ 0x40
100041fa:	4b89      	ldr	r3, [pc, #548]	@ (10004420 <webui_process_command+0x65c>)
100041fc:	9a17      	ldr	r2, [sp, #92]	@ 0x5c
100041fe:	4648      	mov	r0, r9
10004200:	f003 ff50 	bl	100080a4 <__wrap_snprintf>
10004204:	0030      	movs	r0, r6
10004206:	4649      	mov	r1, r9
10004208:	f006 fc5c 	bl	1000aac4 <strstr>
1000420c:	1e06      	subs	r6, r0, #0
1000420e:	d016      	beq.n	1000423e <webui_process_command+0x47a>
10004210:	4648      	mov	r0, r9
10004212:	f006 f985 	bl	1000a520 <strlen>
10004216:	5c32      	ldrb	r2, [r6, r0]
10004218:	1831      	adds	r1, r6, r0
1000421a:	2a00      	cmp	r2, #0
1000421c:	d00f      	beq.n	1000423e <webui_process_command+0x47a>
1000421e:	2001      	movs	r0, #1
10004220:	4e7e      	ldr	r6, [pc, #504]	@ (1000441c <webui_process_command+0x658>)
10004222:	0013      	movs	r3, r2
10004224:	3b09      	subs	r3, #9
10004226:	b2db      	uxtb	r3, r3
10004228:	2b17      	cmp	r3, #23
1000422a:	d900      	bls.n	1000422e <webui_process_command+0x46a>
1000422c:	e0d8      	b.n	100043e0 <webui_process_command+0x61c>
1000422e:	0032      	movs	r2, r6
10004230:	40da      	lsrs	r2, r3
10004232:	4210      	tst	r0, r2
10004234:	d003      	beq.n	1000423e <webui_process_command+0x47a>
10004236:	784a      	ldrb	r2, [r1, #1]
10004238:	3101      	adds	r1, #1
1000423a:	2a00      	cmp	r2, #0
1000423c:	d1f1      	bne.n	10004222 <webui_process_command+0x45e>
1000423e:	2600      	movs	r6, #0
10004240:	ab1c      	add	r3, sp, #112	@ 0x70
10004242:	469b      	mov	fp, r3
10004244:	4643      	mov	r3, r8
10004246:	2b00      	cmp	r3, #0
10004248:	d04a      	beq.n	100042e0 <webui_process_command+0x51c>
1000424a:	2300      	movs	r3, #0
1000424c:	465a      	mov	r2, fp
1000424e:	0031      	movs	r1, r6
10004250:	9818      	ldr	r0, [sp, #96]	@ 0x60
10004252:	f7ff fb7b 	bl	1000394c <pokemon_storage_update>
10004256:	2800      	cmp	r0, #0
10004258:	d11e      	bne.n	10004298 <webui_process_command+0x4d4>
1000425a:	0021      	movs	r1, r4
1000425c:	0028      	movs	r0, r5
1000425e:	4a71      	ldr	r2, [pc, #452]	@ (10004424 <webui_process_command+0x660>)
10004260:	f003 ff20 	bl	100080a4 <__wrap_snprintf>
10004264:	2001      	movs	r0, #1
10004266:	e5be      	b.n	10003de6 <webui_process_command+0x22>
10004268:	4641      	mov	r1, r8
1000426a:	4a6f      	ldr	r2, [pc, #444]	@ (10004428 <webui_process_command+0x664>)
1000426c:	8889      	ldrh	r1, [r1, #4]
1000426e:	4291      	cmp	r1, r2
10004270:	d000      	beq.n	10004274 <webui_process_command+0x4b0>
10004272:	e630      	b.n	10003ed6 <webui_process_command+0x112>
10004274:	4642      	mov	r2, r8
10004276:	7992      	ldrb	r2, [r2, #6]
10004278:	2a00      	cmp	r2, #0
1000427a:	d000      	beq.n	1000427e <webui_process_command+0x4ba>
1000427c:	e62b      	b.n	10003ed6 <webui_process_command+0x112>
1000427e:	4649      	mov	r1, r9
10004280:	0030      	movs	r0, r6
10004282:	f7ff fd51 	bl	10003d28 <json_find_int.constprop.0>
10004286:	2800      	cmp	r0, #0
10004288:	d100      	bne.n	1000428c <webui_process_command+0x4c8>
1000428a:	e707      	b.n	1000409c <webui_process_command+0x2d8>
1000428c:	983c      	ldr	r0, [sp, #240]	@ 0xf0
1000428e:	b2c0      	uxtb	r0, r0
10004290:	f7ff fb18 	bl	100038c4 <pokemon_storage_remove>
10004294:	2800      	cmp	r0, #0
10004296:	d0e0      	beq.n	1000425a <webui_process_command+0x496>
10004298:	f7ff fd3a 	bl	10003d10 <pokemon_storage_status_name>
1000429c:	0021      	movs	r1, r4
1000429e:	0003      	movs	r3, r0
100042a0:	4a62      	ldr	r2, [pc, #392]	@ (1000442c <webui_process_command+0x668>)
100042a2:	0028      	movs	r0, r5
100042a4:	f003 fefe 	bl	100080a4 <__wrap_snprintf>
100042a8:	2001      	movs	r0, #1
100042aa:	e59c      	b.n	10003de6 <webui_process_command+0x22>
100042ac:	4860      	ldr	r0, [pc, #384]	@ (10004430 <webui_process_command+0x66c>)
100042ae:	e715      	b.n	100040dc <webui_process_command+0x318>
100042b0:	2a3a      	cmp	r2, #58	@ 0x3a
100042b2:	d194      	bne.n	100041de <webui_process_command+0x41a>
100042b4:	1c4a      	adds	r2, r1, #1
100042b6:	7849      	ldrb	r1, [r1, #1]
100042b8:	2900      	cmp	r1, #0
100042ba:	d090      	beq.n	100041de <webui_process_command+0x41a>
100042bc:	4b57      	ldr	r3, [pc, #348]	@ (1000441c <webui_process_command+0x658>)
100042be:	2001      	movs	r0, #1
100042c0:	469c      	mov	ip, r3
100042c2:	000b      	movs	r3, r1
100042c4:	3b09      	subs	r3, #9
100042c6:	b2db      	uxtb	r3, r3
100042c8:	2b17      	cmp	r3, #23
100042ca:	d815      	bhi.n	100042f8 <webui_process_command+0x534>
100042cc:	4661      	mov	r1, ip
100042ce:	40d9      	lsrs	r1, r3
100042d0:	4208      	tst	r0, r1
100042d2:	d084      	beq.n	100041de <webui_process_command+0x41a>
100042d4:	7851      	ldrb	r1, [r2, #1]
100042d6:	3201      	adds	r2, #1
100042d8:	2900      	cmp	r1, #0
100042da:	d1f2      	bne.n	100042c2 <webui_process_command+0x4fe>
100042dc:	e77f      	b.n	100041de <webui_process_command+0x41a>
100042de:	2600      	movs	r6, #0
100042e0:	2300      	movs	r3, #0
100042e2:	469b      	mov	fp, r3
100042e4:	e7b1      	b.n	1000424a <webui_process_command+0x486>
100042e6:	4643      	mov	r3, r8
100042e8:	e5df      	b.n	10003eaa <webui_process_command+0xe6>
100042ea:	0021      	movs	r1, r4
100042ec:	0028      	movs	r0, r5
100042ee:	4a51      	ldr	r2, [pc, #324]	@ (10004434 <webui_process_command+0x670>)
100042f0:	f003 fed8 	bl	100080a4 <__wrap_snprintf>
100042f4:	2001      	movs	r0, #1
100042f6:	e576      	b.n	10003de6 <webui_process_command+0x22>
100042f8:	2922      	cmp	r1, #34	@ 0x22
100042fa:	d000      	beq.n	100042fe <webui_process_command+0x53a>
100042fc:	e76f      	b.n	100041de <webui_process_command+0x41a>
100042fe:	7853      	ldrb	r3, [r2, #1]
10004300:	2b00      	cmp	r3, #0
10004302:	d100      	bne.n	10004306 <webui_process_command+0x542>
10004304:	e12c      	b.n	10004560 <webui_process_command+0x79c>
10004306:	2b22      	cmp	r3, #34	@ 0x22
10004308:	d100      	bne.n	1000430c <webui_process_command+0x548>
1000430a:	e129      	b.n	10004560 <webui_process_command+0x79c>
1000430c:	a922      	add	r1, sp, #136	@ 0x88
1000430e:	700b      	strb	r3, [r1, #0]
10004310:	7893      	ldrb	r3, [r2, #2]
10004312:	2b00      	cmp	r3, #0
10004314:	d100      	bne.n	10004318 <webui_process_command+0x554>
10004316:	e121      	b.n	1000455c <webui_process_command+0x798>
10004318:	2b22      	cmp	r3, #34	@ 0x22
1000431a:	d100      	bne.n	1000431e <webui_process_command+0x55a>
1000431c:	e11e      	b.n	1000455c <webui_process_command+0x798>
1000431e:	704b      	strb	r3, [r1, #1]
10004320:	78d3      	ldrb	r3, [r2, #3]
10004322:	2b00      	cmp	r3, #0
10004324:	d100      	bne.n	10004328 <webui_process_command+0x564>
10004326:	e117      	b.n	10004558 <webui_process_command+0x794>
10004328:	2b22      	cmp	r3, #34	@ 0x22
1000432a:	d100      	bne.n	1000432e <webui_process_command+0x56a>
1000432c:	e114      	b.n	10004558 <webui_process_command+0x794>
1000432e:	708b      	strb	r3, [r1, #2]
10004330:	7913      	ldrb	r3, [r2, #4]
10004332:	2b00      	cmp	r3, #0
10004334:	d100      	bne.n	10004338 <webui_process_command+0x574>
10004336:	e10d      	b.n	10004554 <webui_process_command+0x790>
10004338:	2b22      	cmp	r3, #34	@ 0x22
1000433a:	d100      	bne.n	1000433e <webui_process_command+0x57a>
1000433c:	e10a      	b.n	10004554 <webui_process_command+0x790>
1000433e:	70cb      	strb	r3, [r1, #3]
10004340:	7953      	ldrb	r3, [r2, #5]
10004342:	2b00      	cmp	r3, #0
10004344:	d100      	bne.n	10004348 <webui_process_command+0x584>
10004346:	e103      	b.n	10004550 <webui_process_command+0x78c>
10004348:	2b22      	cmp	r3, #34	@ 0x22
1000434a:	d100      	bne.n	1000434e <webui_process_command+0x58a>
1000434c:	e100      	b.n	10004550 <webui_process_command+0x78c>
1000434e:	710b      	strb	r3, [r1, #4]
10004350:	7993      	ldrb	r3, [r2, #6]
10004352:	2b00      	cmp	r3, #0
10004354:	d100      	bne.n	10004358 <webui_process_command+0x594>
10004356:	e0f9      	b.n	1000454c <webui_process_command+0x788>
10004358:	2b22      	cmp	r3, #34	@ 0x22
1000435a:	d100      	bne.n	1000435e <webui_process_command+0x59a>
1000435c:	e0f6      	b.n	1000454c <webui_process_command+0x788>
1000435e:	714b      	strb	r3, [r1, #5]
10004360:	79d3      	ldrb	r3, [r2, #7]
10004362:	2b00      	cmp	r3, #0
10004364:	d100      	bne.n	10004368 <webui_process_command+0x5a4>
10004366:	e0ef      	b.n	10004548 <webui_process_command+0x784>
10004368:	2b22      	cmp	r3, #34	@ 0x22
1000436a:	d100      	bne.n	1000436e <webui_process_command+0x5aa>
1000436c:	e0ec      	b.n	10004548 <webui_process_command+0x784>
1000436e:	718b      	strb	r3, [r1, #6]
10004370:	7a13      	ldrb	r3, [r2, #8]
10004372:	2b00      	cmp	r3, #0
10004374:	d100      	bne.n	10004378 <webui_process_command+0x5b4>
10004376:	e0e5      	b.n	10004544 <webui_process_command+0x780>
10004378:	2b22      	cmp	r3, #34	@ 0x22
1000437a:	d100      	bne.n	1000437e <webui_process_command+0x5ba>
1000437c:	e0e2      	b.n	10004544 <webui_process_command+0x780>
1000437e:	71cb      	strb	r3, [r1, #7]
10004380:	7a53      	ldrb	r3, [r2, #9]
10004382:	2b00      	cmp	r3, #0
10004384:	d100      	bne.n	10004388 <webui_process_command+0x5c4>
10004386:	e0db      	b.n	10004540 <webui_process_command+0x77c>
10004388:	2b22      	cmp	r3, #34	@ 0x22
1000438a:	d100      	bne.n	1000438e <webui_process_command+0x5ca>
1000438c:	e0d8      	b.n	10004540 <webui_process_command+0x77c>
1000438e:	720b      	strb	r3, [r1, #8]
10004390:	7a93      	ldrb	r3, [r2, #10]
10004392:	2b00      	cmp	r3, #0
10004394:	d100      	bne.n	10004398 <webui_process_command+0x5d4>
10004396:	e0d1      	b.n	1000453c <webui_process_command+0x778>
10004398:	2b22      	cmp	r3, #34	@ 0x22
1000439a:	d100      	bne.n	1000439e <webui_process_command+0x5da>
1000439c:	e0ce      	b.n	1000453c <webui_process_command+0x778>
1000439e:	724b      	strb	r3, [r1, #9]
100043a0:	7ad3      	ldrb	r3, [r2, #11]
100043a2:	2b00      	cmp	r3, #0
100043a4:	d100      	bne.n	100043a8 <webui_process_command+0x5e4>
100043a6:	e0c7      	b.n	10004538 <webui_process_command+0x774>
100043a8:	2b22      	cmp	r3, #34	@ 0x22
100043aa:	d100      	bne.n	100043ae <webui_process_command+0x5ea>
100043ac:	e0c4      	b.n	10004538 <webui_process_command+0x774>
100043ae:	728b      	strb	r3, [r1, #10]
100043b0:	230b      	movs	r3, #11
100043b2:	2200      	movs	r2, #0
100043b4:	18cb      	adds	r3, r1, r3
100043b6:	701a      	strb	r2, [r3, #0]
100043b8:	a81c      	add	r0, sp, #112	@ 0x70
100043ba:	320a      	adds	r2, #10
100043bc:	f7fe f9f4 	bl	100027a8 <pokemon_string_encode>
100043c0:	0030      	movs	r0, r6
100043c2:	0039      	movs	r1, r7
100043c4:	f006 fb7e 	bl	1000aac4 <strstr>
100043c8:	ab1c      	add	r3, sp, #112	@ 0x70
100043ca:	1e06      	subs	r6, r0, #0
100043cc:	469b      	mov	fp, r3
100043ce:	d100      	bne.n	100043d2 <webui_process_command+0x60e>
100043d0:	e73b      	b.n	1000424a <webui_process_command+0x486>
100043d2:	217b      	movs	r1, #123	@ 0x7b
100043d4:	f006 f8d2 	bl	1000a57c <strchr>
100043d8:	1e06      	subs	r6, r0, #0
100043da:	d000      	beq.n	100043de <webui_process_command+0x61a>
100043dc:	e70c      	b.n	100041f8 <webui_process_command+0x434>
100043de:	e734      	b.n	1000424a <webui_process_command+0x486>
100043e0:	2a3a      	cmp	r2, #58	@ 0x3a
100043e2:	d000      	beq.n	100043e6 <webui_process_command+0x622>
100043e4:	e72b      	b.n	1000423e <webui_process_command+0x47a>
100043e6:	1c4a      	adds	r2, r1, #1
100043e8:	7849      	ldrb	r1, [r1, #1]
100043ea:	2900      	cmp	r1, #0
100043ec:	d100      	bne.n	100043f0 <webui_process_command+0x62c>
100043ee:	e726      	b.n	1000423e <webui_process_command+0x47a>
100043f0:	2001      	movs	r0, #1
100043f2:	4e0a      	ldr	r6, [pc, #40]	@ (1000441c <webui_process_command+0x658>)
100043f4:	000b      	movs	r3, r1
100043f6:	3b09      	subs	r3, #9
100043f8:	b2db      	uxtb	r3, r3
100043fa:	2b17      	cmp	r3, #23
100043fc:	d81c      	bhi.n	10004438 <webui_process_command+0x674>
100043fe:	0031      	movs	r1, r6
10004400:	40d9      	lsrs	r1, r3
10004402:	4208      	tst	r0, r1
10004404:	d100      	bne.n	10004408 <webui_process_command+0x644>
10004406:	e71a      	b.n	1000423e <webui_process_command+0x47a>
10004408:	7851      	ldrb	r1, [r2, #1]
1000440a:	3201      	adds	r2, #1
1000440c:	2900      	cmp	r1, #0
1000440e:	d1f1      	bne.n	100043f4 <webui_process_command+0x630>
10004410:	e715      	b.n	1000423e <webui_process_command+0x47a>
10004412:	46c0      	nop			@ (mov r8, r8)
10004414:	1000c508 	.word	0x1000c508
10004418:	1000c510 	.word	0x1000c510
1000441c:	00800013 	.word	0x00800013
10004420:	1000c51c 	.word	0x1000c51c
10004424:	1000c524 	.word	0x1000c524
10004428:	00006574 	.word	0x00006574
1000442c:	1000c4ec 	.word	0x1000c4ec
10004430:	1000c338 	.word	0x1000c338
10004434:	1000c400 	.word	0x1000c400
10004438:	295b      	cmp	r1, #91	@ 0x5b
1000443a:	d000      	beq.n	1000443e <webui_process_command+0x67a>
1000443c:	e6ff      	b.n	1000423e <webui_process_command+0x47a>
1000443e:	1c50      	adds	r0, r2, #1
10004440:	7852      	ldrb	r2, [r2, #1]
10004442:	2600      	movs	r6, #0
10004444:	2a00      	cmp	r2, #0
10004446:	d100      	bne.n	1000444a <webui_process_command+0x686>
10004448:	e6f9      	b.n	1000423e <webui_process_command+0x47a>
1000444a:	4f47      	ldr	r7, [pc, #284]	@ (10004568 <webui_process_command+0x7a4>)
1000444c:	2a5d      	cmp	r2, #93	@ 0x5d
1000444e:	d025      	beq.n	1000449c <webui_process_command+0x6d8>
10004450:	2e04      	cmp	r6, #4
10004452:	d026      	beq.n	100044a2 <webui_process_command+0x6de>
10004454:	2101      	movs	r1, #1
10004456:	0013      	movs	r3, r2
10004458:	3b09      	subs	r3, #9
1000445a:	b2db      	uxtb	r3, r3
1000445c:	2b17      	cmp	r3, #23
1000445e:	d84f      	bhi.n	10004500 <webui_process_command+0x73c>
10004460:	003a      	movs	r2, r7
10004462:	40da      	lsrs	r2, r3
10004464:	4211      	tst	r1, r2
10004466:	d003      	beq.n	10004470 <webui_process_command+0x6ac>
10004468:	7842      	ldrb	r2, [r0, #1]
1000446a:	3001      	adds	r0, #1
1000446c:	2a00      	cmp	r2, #0
1000446e:	d1f2      	bne.n	10004456 <webui_process_command+0x692>
10004470:	220a      	movs	r2, #10
10004472:	a91b      	add	r1, sp, #108	@ 0x6c
10004474:	4681      	mov	r9, r0
10004476:	f006 fcd7 	bl	1000ae28 <strtol>
1000447a:	0003      	movs	r3, r0
1000447c:	981b      	ldr	r0, [sp, #108]	@ 0x6c
1000447e:	4548      	cmp	r0, r9
10004480:	d00c      	beq.n	1000449c <webui_process_command+0x6d8>
10004482:	aa04      	add	r2, sp, #16
10004484:	4694      	mov	ip, r2
10004486:	1c71      	adds	r1, r6, #1
10004488:	00b6      	lsls	r6, r6, #2
1000448a:	3621      	adds	r6, #33	@ 0x21
1000448c:	36ff      	adds	r6, #255	@ 0xff
1000448e:	4466      	add	r6, ip
10004490:	7802      	ldrb	r2, [r0, #0]
10004492:	3e9c      	subs	r6, #156	@ 0x9c
10004494:	6033      	str	r3, [r6, #0]
10004496:	000e      	movs	r6, r1
10004498:	2a00      	cmp	r2, #0
1000449a:	d1d7      	bne.n	1000444c <webui_process_command+0x688>
1000449c:	2e00      	cmp	r6, #0
1000449e:	d100      	bne.n	100044a2 <webui_process_command+0x6de>
100044a0:	e6cd      	b.n	1000423e <webui_process_command+0x47a>
100044a2:	4652      	mov	r2, sl
100044a4:	9b25      	ldr	r3, [sp, #148]	@ 0x94
100044a6:	7213      	strb	r3, [r2, #8]
100044a8:	2b00      	cmp	r3, #0
100044aa:	d043      	beq.n	10004534 <webui_process_command+0x770>
100044ac:	7f53      	ldrb	r3, [r2, #29]
100044ae:	2b00      	cmp	r3, #0
100044b0:	d101      	bne.n	100044b6 <webui_process_command+0x6f2>
100044b2:	3323      	adds	r3, #35	@ 0x23
100044b4:	7753      	strb	r3, [r2, #29]
100044b6:	2e01      	cmp	r6, #1
100044b8:	d020      	beq.n	100044fc <webui_process_command+0x738>
100044ba:	4651      	mov	r1, sl
100044bc:	9a26      	ldr	r2, [sp, #152]	@ 0x98
100044be:	ab25      	add	r3, sp, #148	@ 0x94
100044c0:	724a      	strb	r2, [r1, #9]
100044c2:	2a00      	cmp	r2, #0
100044c4:	d02b      	beq.n	1000451e <webui_process_command+0x75a>
100044c6:	7f8a      	ldrb	r2, [r1, #30]
100044c8:	2a00      	cmp	r2, #0
100044ca:	d101      	bne.n	100044d0 <webui_process_command+0x70c>
100044cc:	3223      	adds	r2, #35	@ 0x23
100044ce:	778a      	strb	r2, [r1, #30]
100044d0:	2e02      	cmp	r6, #2
100044d2:	d013      	beq.n	100044fc <webui_process_command+0x738>
100044d4:	4651      	mov	r1, sl
100044d6:	689a      	ldr	r2, [r3, #8]
100044d8:	728a      	strb	r2, [r1, #10]
100044da:	2a00      	cmp	r2, #0
100044dc:	d01d      	beq.n	1000451a <webui_process_command+0x756>
100044de:	7fca      	ldrb	r2, [r1, #31]
100044e0:	2a00      	cmp	r2, #0
100044e2:	d101      	bne.n	100044e8 <webui_process_command+0x724>
100044e4:	3223      	adds	r2, #35	@ 0x23
100044e6:	77ca      	strb	r2, [r1, #31]
100044e8:	2e04      	cmp	r6, #4
100044ea:	d107      	bne.n	100044fc <webui_process_command+0x738>
100044ec:	4652      	mov	r2, sl
100044ee:	68db      	ldr	r3, [r3, #12]
100044f0:	72d3      	strb	r3, [r2, #11]
100044f2:	2b00      	cmp	r3, #0
100044f4:	d115      	bne.n	10004522 <webui_process_command+0x75e>
100044f6:	2220      	movs	r2, #32
100044f8:	4651      	mov	r1, sl
100044fa:	548b      	strb	r3, [r1, r2]
100044fc:	4656      	mov	r6, sl
100044fe:	e69f      	b.n	10004240 <webui_process_command+0x47c>
10004500:	2a2c      	cmp	r2, #44	@ 0x2c
10004502:	d107      	bne.n	10004514 <webui_process_command+0x750>
10004504:	7842      	ldrb	r2, [r0, #1]
10004506:	1c43      	adds	r3, r0, #1
10004508:	2a00      	cmp	r2, #0
1000450a:	d0c7      	beq.n	1000449c <webui_process_command+0x6d8>
1000450c:	2a5d      	cmp	r2, #93	@ 0x5d
1000450e:	d0c5      	beq.n	1000449c <webui_process_command+0x6d8>
10004510:	0018      	movs	r0, r3
10004512:	e7a0      	b.n	10004456 <webui_process_command+0x692>
10004514:	2a5d      	cmp	r2, #93	@ 0x5d
10004516:	d1ab      	bne.n	10004470 <webui_process_command+0x6ac>
10004518:	e7c0      	b.n	1000449c <webui_process_command+0x6d8>
1000451a:	77ca      	strb	r2, [r1, #31]
1000451c:	e7e4      	b.n	100044e8 <webui_process_command+0x724>
1000451e:	778a      	strb	r2, [r1, #30]
10004520:	e7d6      	b.n	100044d0 <webui_process_command+0x70c>
10004522:	2320      	movs	r3, #32
10004524:	5cd2      	ldrb	r2, [r2, r3]
10004526:	2a00      	cmp	r2, #0
10004528:	d1e8      	bne.n	100044fc <webui_process_command+0x738>
1000452a:	4651      	mov	r1, sl
1000452c:	3223      	adds	r2, #35	@ 0x23
1000452e:	4656      	mov	r6, sl
10004530:	54ca      	strb	r2, [r1, r3]
10004532:	e685      	b.n	10004240 <webui_process_command+0x47c>
10004534:	7753      	strb	r3, [r2, #29]
10004536:	e7be      	b.n	100044b6 <webui_process_command+0x6f2>
10004538:	230a      	movs	r3, #10
1000453a:	e73a      	b.n	100043b2 <webui_process_command+0x5ee>
1000453c:	2309      	movs	r3, #9
1000453e:	e738      	b.n	100043b2 <webui_process_command+0x5ee>
10004540:	2308      	movs	r3, #8
10004542:	e736      	b.n	100043b2 <webui_process_command+0x5ee>
10004544:	2307      	movs	r3, #7
10004546:	e734      	b.n	100043b2 <webui_process_command+0x5ee>
10004548:	2306      	movs	r3, #6
1000454a:	e732      	b.n	100043b2 <webui_process_command+0x5ee>
1000454c:	2305      	movs	r3, #5
1000454e:	e730      	b.n	100043b2 <webui_process_command+0x5ee>
10004550:	2304      	movs	r3, #4
10004552:	e72e      	b.n	100043b2 <webui_process_command+0x5ee>
10004554:	2303      	movs	r3, #3
10004556:	e72c      	b.n	100043b2 <webui_process_command+0x5ee>
10004558:	2302      	movs	r3, #2
1000455a:	e72a      	b.n	100043b2 <webui_process_command+0x5ee>
1000455c:	2301      	movs	r3, #1
1000455e:	e728      	b.n	100043b2 <webui_process_command+0x5ee>
10004560:	2300      	movs	r3, #0
10004562:	a922      	add	r1, sp, #136	@ 0x88
10004564:	e725      	b.n	100043b2 <webui_process_command+0x5ee>
10004566:	46c0      	nop			@ (mov r8, r8)
10004568:	00800013 	.word	0x00800013

1000456c <tud_descriptor_device_cb>:
1000456c:	4800      	ldr	r0, [pc, #0]	@ (10004570 <tud_descriptor_device_cb+0x4>)
1000456e:	4770      	bx	lr
10004570:	1000cb54 	.word	0x1000cb54

10004574 <tud_descriptor_configuration_cb>:
10004574:	4800      	ldr	r0, [pc, #0]	@ (10004578 <tud_descriptor_configuration_cb+0x4>)
10004576:	4770      	bx	lr
10004578:	1000cb08 	.word	0x1000cb08

1000457c <tud_descriptor_string_cb>:
1000457c:	b5f0      	push	{r4, r5, r6, r7, lr}
1000457e:	46c6      	mov	lr, r8
10004580:	b500      	push	{lr}
10004582:	b082      	sub	sp, #8
10004584:	2800      	cmp	r0, #0
10004586:	d021      	beq.n	100045cc <tud_descriptor_string_cb+0x50>
10004588:	2803      	cmp	r0, #3
1000458a:	d02f      	beq.n	100045ec <tud_descriptor_string_cb+0x70>
1000458c:	2804      	cmp	r0, #4
1000458e:	d82b      	bhi.n	100045e8 <tud_descriptor_string_cb+0x6c>
10004590:	4b21      	ldr	r3, [pc, #132]	@ (10004618 <tud_descriptor_string_cb+0x9c>)
10004592:	0080      	lsls	r0, r0, #2
10004594:	58c5      	ldr	r5, [r0, r3]
10004596:	0028      	movs	r0, r5
10004598:	f005 ffc2 	bl	1000a520 <strlen>
1000459c:	b2c0      	uxtb	r0, r0
1000459e:	1c04      	adds	r4, r0, #0
100045a0:	281f      	cmp	r0, #31
100045a2:	d900      	bls.n	100045a6 <tud_descriptor_string_cb+0x2a>
100045a4:	241f      	movs	r4, #31
100045a6:	b2e4      	uxtb	r4, r4
100045a8:	2800      	cmp	r0, #0
100045aa:	d008      	beq.n	100045be <tud_descriptor_string_cb+0x42>
100045ac:	2300      	movs	r3, #0
100045ae:	4a1b      	ldr	r2, [pc, #108]	@ (1000461c <tud_descriptor_string_cb+0xa0>)
100045b0:	5ce9      	ldrb	r1, [r5, r3]
100045b2:	3301      	adds	r3, #1
100045b4:	8011      	strh	r1, [r2, #0]
100045b6:	b2d9      	uxtb	r1, r3
100045b8:	3202      	adds	r2, #2
100045ba:	428c      	cmp	r4, r1
100045bc:	d8f8      	bhi.n	100045b0 <tud_descriptor_string_cb+0x34>
100045be:	22c0      	movs	r2, #192	@ 0xc0
100045c0:	3401      	adds	r4, #1
100045c2:	b2e3      	uxtb	r3, r4
100045c4:	005b      	lsls	r3, r3, #1
100045c6:	0092      	lsls	r2, r2, #2
100045c8:	4313      	orrs	r3, r2
100045ca:	e007      	b.n	100045dc <tud_descriptor_string_cb+0x60>
100045cc:	4b12      	ldr	r3, [pc, #72]	@ (10004618 <tud_descriptor_string_cb+0x9c>)
100045ce:	2202      	movs	r2, #2
100045d0:	6819      	ldr	r1, [r3, #0]
100045d2:	4812      	ldr	r0, [pc, #72]	@ (1000461c <tud_descriptor_string_cb+0xa0>)
100045d4:	f002 f8f6 	bl	100067c4 <__wrap___aeabi_memcpy>
100045d8:	23c1      	movs	r3, #193	@ 0xc1
100045da:	009b      	lsls	r3, r3, #2
100045dc:	4810      	ldr	r0, [pc, #64]	@ (10004620 <tud_descriptor_string_cb+0xa4>)
100045de:	8003      	strh	r3, [r0, #0]
100045e0:	b002      	add	sp, #8
100045e2:	bc80      	pop	{r7}
100045e4:	46b8      	mov	r8, r7
100045e6:	bdf0      	pop	{r4, r5, r6, r7, pc}
100045e8:	2000      	movs	r0, #0
100045ea:	e7f9      	b.n	100045e0 <tud_descriptor_string_cb+0x64>
100045ec:	4668      	mov	r0, sp
100045ee:	f004 f8d9 	bl	100087a4 <pico_get_unique_board_id>
100045f2:	4b0c      	ldr	r3, [pc, #48]	@ (10004624 <tud_descriptor_string_cb+0xa8>)
100045f4:	466e      	mov	r6, sp
100045f6:	001d      	movs	r5, r3
100045f8:	4698      	mov	r8, r3
100045fa:	001c      	movs	r4, r3
100045fc:	4f0a      	ldr	r7, [pc, #40]	@ (10004628 <tud_descriptor_string_cb+0xac>)
100045fe:	3510      	adds	r5, #16
10004600:	0020      	movs	r0, r4
10004602:	7832      	ldrb	r2, [r6, #0]
10004604:	0039      	movs	r1, r7
10004606:	3402      	adds	r4, #2
10004608:	f003 fd36 	bl	10008078 <__wrap_sprintf>
1000460c:	3601      	adds	r6, #1
1000460e:	42a5      	cmp	r5, r4
10004610:	d1f6      	bne.n	10004600 <tud_descriptor_string_cb+0x84>
10004612:	4645      	mov	r5, r8
10004614:	e7bf      	b.n	10004596 <tud_descriptor_string_cb+0x1a>
10004616:	46c0      	nop			@ (mov r8, r8)
10004618:	20001020 	.word	0x20001020
1000461c:	200020f2 	.word	0x200020f2
10004620:	200020f0 	.word	0x200020f0
10004624:	200037e8 	.word	0x200037e8
10004628:	1000c5a4 	.word	0x1000c5a4

1000462c <gpio_set_function>:
1000462c:	4a09      	ldr	r2, [pc, #36]	@ (10004654 <gpio_set_function+0x28>)
1000462e:	0083      	lsls	r3, r0, #2
10004630:	189a      	adds	r2, r3, r2
10004632:	b510      	push	{r4, lr}
10004634:	6814      	ldr	r4, [r2, #0]
10004636:	2240      	movs	r2, #64	@ 0x40
10004638:	4054      	eors	r4, r2
1000463a:	3280      	adds	r2, #128	@ 0x80
1000463c:	4022      	ands	r2, r4
1000463e:	4c06      	ldr	r4, [pc, #24]	@ (10004658 <gpio_set_function+0x2c>)
10004640:	00c0      	lsls	r0, r0, #3
10004642:	46a4      	mov	ip, r4
10004644:	4463      	add	r3, ip
10004646:	601a      	str	r2, [r3, #0]
10004648:	4b04      	ldr	r3, [pc, #16]	@ (1000465c <gpio_set_function+0x30>)
1000464a:	469c      	mov	ip, r3
1000464c:	4460      	add	r0, ip
1000464e:	6041      	str	r1, [r0, #4]
10004650:	bd10      	pop	{r4, pc}
10004652:	46c0      	nop			@ (mov r8, r8)
10004654:	4001c004 	.word	0x4001c004
10004658:	4001d004 	.word	0x4001d004
1000465c:	40014000 	.word	0x40014000

10004660 <gpio_set_pulls>:
10004660:	4b07      	ldr	r3, [pc, #28]	@ (10004680 <gpio_set_pulls+0x20>)
10004662:	0080      	lsls	r0, r0, #2
10004664:	18c3      	adds	r3, r0, r3
10004666:	681b      	ldr	r3, [r3, #0]
10004668:	00c9      	lsls	r1, r1, #3
1000466a:	0092      	lsls	r2, r2, #2
1000466c:	430a      	orrs	r2, r1
1000466e:	405a      	eors	r2, r3
10004670:	230c      	movs	r3, #12
10004672:	4013      	ands	r3, r2
10004674:	4a03      	ldr	r2, [pc, #12]	@ (10004684 <gpio_set_pulls+0x24>)
10004676:	4694      	mov	ip, r2
10004678:	4460      	add	r0, ip
1000467a:	6003      	str	r3, [r0, #0]
1000467c:	4770      	bx	lr
1000467e:	46c0      	nop			@ (mov r8, r8)
10004680:	4001c004 	.word	0x4001c004
10004684:	4001d004 	.word	0x4001d004

10004688 <gpio_init>:
10004688:	2301      	movs	r3, #1
1000468a:	22d0      	movs	r2, #208	@ 0xd0
1000468c:	4083      	lsls	r3, r0
1000468e:	0612      	lsls	r2, r2, #24
10004690:	6293      	str	r3, [r2, #40]	@ 0x28
10004692:	6193      	str	r3, [r2, #24]
10004694:	4a09      	ldr	r2, [pc, #36]	@ (100046bc <gpio_init+0x34>)
10004696:	0083      	lsls	r3, r0, #2
10004698:	189a      	adds	r2, r3, r2
1000469a:	6811      	ldr	r1, [r2, #0]
1000469c:	2240      	movs	r2, #64	@ 0x40
1000469e:	4051      	eors	r1, r2
100046a0:	3280      	adds	r2, #128	@ 0x80
100046a2:	400a      	ands	r2, r1
100046a4:	4906      	ldr	r1, [pc, #24]	@ (100046c0 <gpio_init+0x38>)
100046a6:	00c0      	lsls	r0, r0, #3
100046a8:	468c      	mov	ip, r1
100046aa:	4463      	add	r3, ip
100046ac:	601a      	str	r2, [r3, #0]
100046ae:	4b05      	ldr	r3, [pc, #20]	@ (100046c4 <gpio_init+0x3c>)
100046b0:	469c      	mov	ip, r3
100046b2:	2305      	movs	r3, #5
100046b4:	4460      	add	r0, ip
100046b6:	6043      	str	r3, [r0, #4]
100046b8:	4770      	bx	lr
100046ba:	46c0      	nop			@ (mov r8, r8)
100046bc:	4001c004 	.word	0x4001c004
100046c0:	4001d004 	.word	0x4001d004
100046c4:	40014000 	.word	0x40014000

100046c8 <rp2040_chip_version>:
100046c8:	2380      	movs	r3, #128	@ 0x80
100046ca:	05db      	lsls	r3, r3, #23
100046cc:	6818      	ldr	r0, [r3, #0]
100046ce:	0f00      	lsrs	r0, r0, #28
100046d0:	4770      	bx	lr
100046d2:	46c0      	nop			@ (mov r8, r8)

100046d4 <panic>:
100046d4:	b40f      	push	{r0, r1, r2, r3}
100046d6:	b500      	push	{lr}
100046d8:	4808      	ldr	r0, [pc, #32]	@ (100046fc <panic+0x28>)
100046da:	b083      	sub	sp, #12
100046dc:	f003 feb2 	bl	10008444 <__wrap_puts>
100046e0:	9b04      	ldr	r3, [sp, #16]
100046e2:	2b00      	cmp	r3, #0
100046e4:	d007      	beq.n	100046f6 <panic+0x22>
100046e6:	a905      	add	r1, sp, #20
100046e8:	0018      	movs	r0, r3
100046ea:	9101      	str	r1, [sp, #4]
100046ec:	f003 fd00 	bl	100080f0 <weak_raw_vprintf>
100046f0:	4803      	ldr	r0, [pc, #12]	@ (10004700 <panic+0x2c>)
100046f2:	f003 fea7 	bl	10008444 <__wrap_puts>
100046f6:	2001      	movs	r0, #1
100046f8:	f003 fd12 	bl	10008120 <_exit>
100046fc:	1000c5e8 	.word	0x1000c5e8
10004700:	1000bc1c 	.word	0x1000bc1c

10004704 <hw_claim_lock>:
10004704:	f3ef 8010 	mrs	r0, PRIMASK
10004708:	b672      	cpsid	i
1000470a:	4a03      	ldr	r2, [pc, #12]	@ (10004718 <hw_claim_lock+0x14>)
1000470c:	6813      	ldr	r3, [r2, #0]
1000470e:	2b00      	cmp	r3, #0
10004710:	d0fc      	beq.n	1000470c <hw_claim_lock+0x8>
10004712:	f3bf 8f5f 	dmb	sy
10004716:	4770      	bx	lr
10004718:	d000012c 	.word	0xd000012c

1000471c <hw_claim_unlock>:
1000471c:	f3bf 8f5f 	dmb	sy
10004720:	2200      	movs	r2, #0
10004722:	4b02      	ldr	r3, [pc, #8]	@ (1000472c <hw_claim_unlock+0x10>)
10004724:	601a      	str	r2, [r3, #0]
10004726:	f380 8810 	msr	PRIMASK, r0
1000472a:	4770      	bx	lr
1000472c:	d000012c 	.word	0xd000012c

10004730 <hw_claim_or_assert>:
10004730:	b570      	push	{r4, r5, r6, lr}
10004732:	f3ef 8c10 	mrs	ip, PRIMASK
10004736:	b672      	cpsid	i
10004738:	4d0d      	ldr	r5, [pc, #52]	@ (10004770 <hw_claim_or_assert+0x40>)
1000473a:	682b      	ldr	r3, [r5, #0]
1000473c:	2b00      	cmp	r3, #0
1000473e:	d0fc      	beq.n	1000473a <hw_claim_or_assert+0xa>
10004740:	f3bf 8f5f 	dmb	sy
10004744:	2407      	movs	r4, #7
10004746:	08cb      	lsrs	r3, r1, #3
10004748:	18c6      	adds	r6, r0, r3
1000474a:	5cc0      	ldrb	r0, [r0, r3]
1000474c:	2301      	movs	r3, #1
1000474e:	400c      	ands	r4, r1
10004750:	40a3      	lsls	r3, r4
10004752:	001c      	movs	r4, r3
10004754:	4004      	ands	r4, r0
10004756:	4203      	tst	r3, r0
10004758:	d107      	bne.n	1000476a <hw_claim_or_assert+0x3a>
1000475a:	4318      	orrs	r0, r3
1000475c:	7030      	strb	r0, [r6, #0]
1000475e:	f3bf 8f5f 	dmb	sy
10004762:	602c      	str	r4, [r5, #0]
10004764:	f38c 8810 	msr	PRIMASK, ip
10004768:	bd70      	pop	{r4, r5, r6, pc}
1000476a:	0010      	movs	r0, r2
1000476c:	f7ff ffb2 	bl	100046d4 <panic>
10004770:	d000012c 	.word	0xd000012c

10004774 <hw_claim_unused_from_range>:
10004774:	b5f8      	push	{r3, r4, r5, r6, r7, lr}
10004776:	4647      	mov	r7, r8
10004778:	46ce      	mov	lr, r9
1000477a:	4688      	mov	r8, r1
1000477c:	b580      	push	{r7, lr}
1000477e:	f3ef 8c10 	mrs	ip, PRIMASK
10004782:	b672      	cpsid	i
10004784:	4d1c      	ldr	r5, [pc, #112]	@ (100047f8 <hw_claim_unused_from_range+0x84>)
10004786:	682c      	ldr	r4, [r5, #0]
10004788:	2c00      	cmp	r4, #0
1000478a:	d0fc      	beq.n	10004786 <hw_claim_unused_from_range+0x12>
1000478c:	f3bf 8f5f 	dmb	sy
10004790:	429a      	cmp	r2, r3
10004792:	d822      	bhi.n	100047da <hw_claim_unused_from_range+0x66>
10004794:	2107      	movs	r1, #7
10004796:	2601      	movs	r6, #1
10004798:	4689      	mov	r9, r1
1000479a:	e002      	b.n	100047a2 <hw_claim_unused_from_range+0x2e>
1000479c:	3201      	adds	r2, #1
1000479e:	4293      	cmp	r3, r2
100047a0:	d318      	bcc.n	100047d4 <hw_claim_unused_from_range+0x60>
100047a2:	464d      	mov	r5, r9
100047a4:	0037      	movs	r7, r6
100047a6:	4015      	ands	r5, r2
100047a8:	40af      	lsls	r7, r5
100047aa:	08d4      	lsrs	r4, r2, #3
100047ac:	1901      	adds	r1, r0, r4
100047ae:	5d04      	ldrb	r4, [r0, r4]
100047b0:	4227      	tst	r7, r4
100047b2:	d1f3      	bne.n	1000479c <hw_claim_unused_from_range+0x28>
100047b4:	0010      	movs	r0, r2
100047b6:	433c      	orrs	r4, r7
100047b8:	700c      	strb	r4, [r1, #0]
100047ba:	f3bf 8f5f 	dmb	sy
100047be:	2200      	movs	r2, #0
100047c0:	4b0d      	ldr	r3, [pc, #52]	@ (100047f8 <hw_claim_unused_from_range+0x84>)
100047c2:	601a      	str	r2, [r3, #0]
100047c4:	f38c 8810 	msr	PRIMASK, ip
100047c8:	2800      	cmp	r0, #0
100047ca:	db0e      	blt.n	100047ea <hw_claim_unused_from_range+0x76>
100047cc:	bcc0      	pop	{r6, r7}
100047ce:	46b9      	mov	r9, r7
100047d0:	46b0      	mov	r8, r6
100047d2:	bdf8      	pop	{r3, r4, r5, r6, r7, pc}
100047d4:	2001      	movs	r0, #1
100047d6:	4240      	negs	r0, r0
100047d8:	e7ef      	b.n	100047ba <hw_claim_unused_from_range+0x46>
100047da:	f3bf 8f5f 	dmb	sy
100047de:	2300      	movs	r3, #0
100047e0:	602b      	str	r3, [r5, #0]
100047e2:	f38c 8810 	msr	PRIMASK, ip
100047e6:	2001      	movs	r0, #1
100047e8:	4240      	negs	r0, r0
100047ea:	4643      	mov	r3, r8
100047ec:	2b00      	cmp	r3, #0
100047ee:	d0ed      	beq.n	100047cc <hw_claim_unused_from_range+0x58>
100047f0:	9808      	ldr	r0, [sp, #32]
100047f2:	f7ff ff6f 	bl	100046d4 <panic>
100047f6:	46c0      	nop			@ (mov r8, r8)
100047f8:	d000012c 	.word	0xd000012c

100047fc <hw_claim_clear>:
100047fc:	b530      	push	{r4, r5, lr}
100047fe:	f3ef 8c10 	mrs	ip, PRIMASK
10004802:	b672      	cpsid	i
10004804:	4c0a      	ldr	r4, [pc, #40]	@ (10004830 <hw_claim_clear+0x34>)
10004806:	6823      	ldr	r3, [r4, #0]
10004808:	2b00      	cmp	r3, #0
1000480a:	d0fc      	beq.n	10004806 <hw_claim_clear+0xa>
1000480c:	f3bf 8f5f 	dmb	sy
10004810:	2307      	movs	r3, #7
10004812:	2201      	movs	r2, #1
10004814:	400b      	ands	r3, r1
10004816:	409a      	lsls	r2, r3
10004818:	08cd      	lsrs	r5, r1, #3
1000481a:	5d43      	ldrb	r3, [r0, r5]
1000481c:	4393      	bics	r3, r2
1000481e:	5543      	strb	r3, [r0, r5]
10004820:	f3bf 8f5f 	dmb	sy
10004824:	2300      	movs	r3, #0
10004826:	6023      	str	r3, [r4, #0]
10004828:	f38c 8810 	msr	PRIMASK, ip
1000482c:	bd30      	pop	{r4, r5, pc}
1000482e:	46c0      	nop			@ (mov r8, r8)
10004830:	d000012c 	.word	0xd000012c

10004834 <next_striped_spin_lock_num>:
10004834:	4a04      	ldr	r2, [pc, #16]	@ (10004848 <next_striped_spin_lock_num+0x14>)
10004836:	7810      	ldrb	r0, [r2, #0]
10004838:	1c43      	adds	r3, r0, #1
1000483a:	b2db      	uxtb	r3, r3
1000483c:	2b17      	cmp	r3, #23
1000483e:	d900      	bls.n	10004842 <next_striped_spin_lock_num+0xe>
10004840:	2310      	movs	r3, #16
10004842:	7013      	strb	r3, [r2, #0]
10004844:	4770      	bx	lr
10004846:	46c0      	nop			@ (mov r8, r8)
10004848:	20001034 	.word	0x20001034

1000484c <spin_locks_reset>:
1000484c:	2100      	movs	r1, #0
1000484e:	4b04      	ldr	r3, [pc, #16]	@ (10004860 <spin_locks_reset+0x14>)
10004850:	4a04      	ldr	r2, [pc, #16]	@ (10004864 <spin_locks_reset+0x18>)
10004852:	f3bf 8f5f 	dmb	sy
10004856:	c302      	stmia	r3!, {r1}
10004858:	4293      	cmp	r3, r2
1000485a:	d1fa      	bne.n	10004852 <spin_locks_reset+0x6>
1000485c:	4770      	bx	lr
1000485e:	46c0      	nop			@ (mov r8, r8)
10004860:	d0000100 	.word	0xd0000100
10004864:	d0000180 	.word	0xd0000180

10004868 <runtime_init_per_core_irq_priorities>:
10004868:	4b05      	ldr	r3, [pc, #20]	@ (10004880 <runtime_init_per_core_irq_priorities+0x18>)
1000486a:	4a06      	ldr	r2, [pc, #24]	@ (10004884 <runtime_init_per_core_irq_priorities+0x1c>)
1000486c:	6013      	str	r3, [r2, #0]
1000486e:	4a06      	ldr	r2, [pc, #24]	@ (10004888 <runtime_init_per_core_irq_priorities+0x20>)
10004870:	6013      	str	r3, [r2, #0]
10004872:	6053      	str	r3, [r2, #4]
10004874:	6093      	str	r3, [r2, #8]
10004876:	60d3      	str	r3, [r2, #12]
10004878:	6113      	str	r3, [r2, #16]
1000487a:	6153      	str	r3, [r2, #20]
1000487c:	6193      	str	r3, [r2, #24]
1000487e:	4770      	bx	lr
10004880:	80808080 	.word	0x80808080
10004884:	e000e400 	.word	0xe000e400
10004888:	e000e404 	.word	0xe000e404

1000488c <irq_set_enabled>:
1000488c:	231f      	movs	r3, #31
1000488e:	4018      	ands	r0, r3
10004890:	3b1e      	subs	r3, #30
10004892:	4083      	lsls	r3, r0
10004894:	2900      	cmp	r1, #0
10004896:	d005      	beq.n	100048a4 <irq_set_enabled+0x18>
10004898:	21c0      	movs	r1, #192	@ 0xc0
1000489a:	4a04      	ldr	r2, [pc, #16]	@ (100048ac <irq_set_enabled+0x20>)
1000489c:	0049      	lsls	r1, r1, #1
1000489e:	5053      	str	r3, [r2, r1]
100048a0:	6013      	str	r3, [r2, #0]
100048a2:	4770      	bx	lr
100048a4:	2280      	movs	r2, #128	@ 0x80
100048a6:	4901      	ldr	r1, [pc, #4]	@ (100048ac <irq_set_enabled+0x20>)
100048a8:	508b      	str	r3, [r1, r2]
100048aa:	e7fa      	b.n	100048a2 <irq_set_enabled+0x16>
100048ac:	e000e100 	.word	0xe000e100

100048b0 <irq_set_exclusive_handler>:
100048b0:	b570      	push	{r4, r5, r6, lr}
100048b2:	000d      	movs	r5, r1
100048b4:	f3ef 8610 	mrs	r6, PRIMASK
100048b8:	b672      	cpsid	i
100048ba:	4a0f      	ldr	r2, [pc, #60]	@ (100048f8 <irq_set_exclusive_handler+0x48>)
100048bc:	6813      	ldr	r3, [r2, #0]
100048be:	2b00      	cmp	r3, #0
100048c0:	d0fc      	beq.n	100048bc <irq_set_exclusive_handler+0xc>
100048c2:	f3bf 8f5f 	dmb	sy
100048c6:	4b0d      	ldr	r3, [pc, #52]	@ (100048fc <irq_set_exclusive_handler+0x4c>)
100048c8:	3010      	adds	r0, #16
100048ca:	689b      	ldr	r3, [r3, #8]
100048cc:	0084      	lsls	r4, r0, #2
100048ce:	591b      	ldr	r3, [r3, r4]
100048d0:	4a0b      	ldr	r2, [pc, #44]	@ (10004900 <irq_set_exclusive_handler+0x50>)
100048d2:	4293      	cmp	r3, r2
100048d4:	d003      	beq.n	100048de <irq_set_exclusive_handler+0x2e>
100048d6:	429d      	cmp	r5, r3
100048d8:	d001      	beq.n	100048de <irq_set_exclusive_handler+0x2e>
100048da:	f000 ff8d 	bl	100057f8 <hard_assertion_failure>
100048de:	4b07      	ldr	r3, [pc, #28]	@ (100048fc <irq_set_exclusive_handler+0x4c>)
100048e0:	689b      	ldr	r3, [r3, #8]
100048e2:	511d      	str	r5, [r3, r4]
100048e4:	f3bf 8f5f 	dmb	sy
100048e8:	f3bf 8f5f 	dmb	sy
100048ec:	2200      	movs	r2, #0
100048ee:	4b02      	ldr	r3, [pc, #8]	@ (100048f8 <irq_set_exclusive_handler+0x48>)
100048f0:	601a      	str	r2, [r3, #0]
100048f2:	f386 8810 	msr	PRIMASK, r6
100048f6:	bd70      	pop	{r4, r5, r6, pc}
100048f8:	d0000124 	.word	0xd0000124
100048fc:	e000ed00 	.word	0xe000ed00
10004900:	100001c1 	.word	0x100001c1

10004904 <irq_add_shared_handler>:
10004904:	b5f0      	push	{r4, r5, r6, r7, lr}
10004906:	4657      	mov	r7, sl
10004908:	464e      	mov	r6, r9
1000490a:	46de      	mov	lr, fp
1000490c:	4645      	mov	r5, r8
1000490e:	b5e0      	push	{r5, r6, r7, lr}
10004910:	b085      	sub	sp, #20
10004912:	0006      	movs	r6, r0
10004914:	9100      	str	r1, [sp, #0]
10004916:	0017      	movs	r7, r2
10004918:	f3ef 8b10 	mrs	fp, PRIMASK
1000491c:	b672      	cpsid	i
1000491e:	4a6a      	ldr	r2, [pc, #424]	@ (10004ac8 <irq_add_shared_handler+0x1c4>)
10004920:	6813      	ldr	r3, [r2, #0]
10004922:	2b00      	cmp	r3, #0
10004924:	d0fc      	beq.n	10004920 <irq_add_shared_handler+0x1c>
10004926:	f3bf 8f5f 	dmb	sy
1000492a:	2500      	movs	r5, #0
1000492c:	4b67      	ldr	r3, [pc, #412]	@ (10004acc <irq_add_shared_handler+0x1c8>)
1000492e:	575d      	ldrsb	r5, [r3, r5]
10004930:	469a      	mov	sl, r3
10004932:	2d00      	cmp	r5, #0
10004934:	da00      	bge.n	10004938 <irq_add_shared_handler+0x34>
10004936:	e0a9      	b.n	10004a8c <irq_add_shared_handler+0x188>
10004938:	006b      	lsls	r3, r5, #1
1000493a:	4c65      	ldr	r4, [pc, #404]	@ (10004ad0 <irq_add_shared_handler+0x1cc>)
1000493c:	9301      	str	r3, [sp, #4]
1000493e:	195b      	adds	r3, r3, r5
10004940:	009b      	lsls	r3, r3, #2
10004942:	4698      	mov	r8, r3
10004944:	46a1      	mov	r9, r4
10004946:	44c1      	add	r9, r8
10004948:	464b      	mov	r3, r9
1000494a:	4652      	mov	r2, sl
1000494c:	799b      	ldrb	r3, [r3, #6]
1000494e:	3610      	adds	r6, #16
10004950:	7013      	strb	r3, [r2, #0]
10004952:	4b60      	ldr	r3, [pc, #384]	@ (10004ad4 <irq_add_shared_handler+0x1d0>)
10004954:	00b6      	lsls	r6, r6, #2
10004956:	689b      	ldr	r3, [r3, #8]
10004958:	5999      	ldr	r1, [r3, r6]
1000495a:	1b0b      	subs	r3, r1, r4
1000495c:	2b2f      	cmp	r3, #47	@ 0x2f
1000495e:	d933      	bls.n	100049c8 <irq_add_shared_handler+0xc4>
10004960:	4b5d      	ldr	r3, [pc, #372]	@ (10004ad8 <irq_add_shared_handler+0x1d4>)
10004962:	4299      	cmp	r1, r3
10004964:	d000      	beq.n	10004968 <irq_add_shared_handler+0x64>
10004966:	e0ac      	b.n	10004ac2 <irq_add_shared_handler+0x1be>
10004968:	9b01      	ldr	r3, [sp, #4]
1000496a:	4642      	mov	r2, r8
1000496c:	469c      	mov	ip, r3
1000496e:	4b5b      	ldr	r3, [pc, #364]	@ (10004adc <irq_add_shared_handler+0x1d8>)
10004970:	4465      	add	r5, ip
10004972:	00ad      	lsls	r5, r5, #2
10004974:	5363      	strh	r3, [r4, r5]
10004976:	4b5a      	ldr	r3, [pc, #360]	@ (10004ae0 <irq_add_shared_handler+0x1dc>)
10004978:	3202      	adds	r2, #2
1000497a:	18a2      	adds	r2, r4, r2
1000497c:	3b04      	subs	r3, #4
1000497e:	1a9b      	subs	r3, r3, r2
10004980:	051b      	lsls	r3, r3, #20
10004982:	4a58      	ldr	r2, [pc, #352]	@ (10004ae4 <irq_add_shared_handler+0x1e0>)
10004984:	0d5b      	lsrs	r3, r3, #21
10004986:	1965      	adds	r5, r4, r5
10004988:	4313      	orrs	r3, r2
1000498a:	806b      	strh	r3, [r5, #2]
1000498c:	4b56      	ldr	r3, [pc, #344]	@ (10004ae8 <irq_add_shared_handler+0x1e4>)
1000498e:	2101      	movs	r1, #1
10004990:	80ab      	strh	r3, [r5, #4]
10004992:	23ff      	movs	r3, #255	@ 0xff
10004994:	71ab      	strb	r3, [r5, #6]
10004996:	9b00      	ldr	r3, [sp, #0]
10004998:	71ef      	strb	r7, [r5, #7]
1000499a:	60ab      	str	r3, [r5, #8]
1000499c:	464b      	mov	r3, r9
1000499e:	430b      	orrs	r3, r1
100049a0:	0019      	movs	r1, r3
100049a2:	4b4c      	ldr	r3, [pc, #304]	@ (10004ad4 <irq_add_shared_handler+0x1d0>)
100049a4:	689b      	ldr	r3, [r3, #8]
100049a6:	5199      	str	r1, [r3, r6]
100049a8:	f3bf 8f5f 	dmb	sy
100049ac:	f3bf 8f5f 	dmb	sy
100049b0:	2200      	movs	r2, #0
100049b2:	4b45      	ldr	r3, [pc, #276]	@ (10004ac8 <irq_add_shared_handler+0x1c4>)
100049b4:	601a      	str	r2, [r3, #0]
100049b6:	f38b 8810 	msr	PRIMASK, fp
100049ba:	b005      	add	sp, #20
100049bc:	bcf0      	pop	{r4, r5, r6, r7}
100049be:	46bb      	mov	fp, r7
100049c0:	46b2      	mov	sl, r6
100049c2:	46a9      	mov	r9, r5
100049c4:	46a0      	mov	r8, r4
100049c6:	bdf0      	pop	{r4, r5, r6, r7, pc}
100049c8:	2001      	movs	r0, #1
100049ca:	000a      	movs	r2, r1
100049cc:	4382      	bics	r2, r0
100049ce:	79d3      	ldrb	r3, [r2, #7]
100049d0:	468c      	mov	ip, r1
100049d2:	42bb      	cmp	r3, r7
100049d4:	d831      	bhi.n	10004a3a <irq_add_shared_handler+0x136>
100049d6:	4645      	mov	r5, r8
100049d8:	0013      	movs	r3, r2
100049da:	4944      	ldr	r1, [pc, #272]	@ (10004aec <irq_add_shared_handler+0x1e8>)
100049dc:	1b1b      	subs	r3, r3, r4
100049de:	415b      	adcs	r3, r3
100049e0:	4359      	muls	r1, r3
100049e2:	0d09      	lsrs	r1, r1, #20
100049e4:	4b3d      	ldr	r3, [pc, #244]	@ (10004adc <irq_add_shared_handler+0x1d8>)
100049e6:	5363      	strh	r3, [r4, r5]
100049e8:	4b3d      	ldr	r3, [pc, #244]	@ (10004ae0 <irq_add_shared_handler+0x1dc>)
100049ea:	3502      	adds	r5, #2
100049ec:	1965      	adds	r5, r4, r5
100049ee:	3b04      	subs	r3, #4
100049f0:	1b5b      	subs	r3, r3, r5
100049f2:	051b      	lsls	r3, r3, #20
100049f4:	4d3b      	ldr	r5, [pc, #236]	@ (10004ae4 <irq_add_shared_handler+0x1e0>)
100049f6:	0d5b      	lsrs	r3, r3, #21
100049f8:	432b      	orrs	r3, r5
100049fa:	46aa      	mov	sl, r5
100049fc:	464d      	mov	r5, r9
100049fe:	806b      	strh	r3, [r5, #2]
10004a00:	2504      	movs	r5, #4
10004a02:	46ac      	mov	ip, r5
10004a04:	4655      	mov	r5, sl
10004a06:	44e0      	add	r8, ip
10004a08:	1f13      	subs	r3, r2, #4
10004a0a:	4444      	add	r4, r8
10004a0c:	1b1b      	subs	r3, r3, r4
10004a0e:	051b      	lsls	r3, r3, #20
10004a10:	0d5b      	lsrs	r3, r3, #21
10004a12:	431d      	orrs	r5, r3
10004a14:	464b      	mov	r3, r9
10004a16:	7199      	strb	r1, [r3, #6]
10004a18:	9900      	ldr	r1, [sp, #0]
10004a1a:	809d      	strh	r5, [r3, #4]
10004a1c:	6099      	str	r1, [r3, #8]
10004a1e:	4649      	mov	r1, r9
10004a20:	71df      	strb	r7, [r3, #7]
10004a22:	4b33      	ldr	r3, [pc, #204]	@ (10004af0 <irq_add_shared_handler+0x1ec>)
10004a24:	4301      	orrs	r1, r0
10004a26:	6013      	str	r3, [r2, #0]
10004a28:	e7bb      	b.n	100049a2 <irq_add_shared_handler+0x9e>
10004a2a:	0058      	lsls	r0, r3, #1
10004a2c:	18c0      	adds	r0, r0, r3
10004a2e:	0080      	lsls	r0, r0, #2
10004a30:	1820      	adds	r0, r4, r0
10004a32:	79c1      	ldrb	r1, [r0, #7]
10004a34:	42b9      	cmp	r1, r7
10004a36:	d92f      	bls.n	10004a98 <irq_add_shared_handler+0x194>
10004a38:	0002      	movs	r2, r0
10004a3a:	2306      	movs	r3, #6
10004a3c:	56d3      	ldrsb	r3, [r2, r3]
10004a3e:	2b00      	cmp	r3, #0
10004a40:	daf3      	bge.n	10004a2a <irq_add_shared_handler+0x126>
10004a42:	9302      	str	r3, [sp, #8]
10004a44:	4b2b      	ldr	r3, [pc, #172]	@ (10004af4 <irq_add_shared_handler+0x1f0>)
10004a46:	4661      	mov	r1, ip
10004a48:	9303      	str	r3, [sp, #12]
10004a4a:	1d13      	adds	r3, r2, #4
10004a4c:	469a      	mov	sl, r3
10004a4e:	2304      	movs	r3, #4
10004a50:	425b      	negs	r3, r3
10004a52:	469c      	mov	ip, r3
10004a54:	44e1      	add	r9, ip
10004a56:	4650      	mov	r0, sl
10004a58:	464b      	mov	r3, r9
10004a5a:	1a1b      	subs	r3, r3, r0
10004a5c:	051b      	lsls	r3, r3, #20
10004a5e:	0d5b      	lsrs	r3, r3, #21
10004a60:	469c      	mov	ip, r3
10004a62:	4b20      	ldr	r3, [pc, #128]	@ (10004ae4 <irq_add_shared_handler+0x1e0>)
10004a64:	7195      	strb	r5, [r2, #6]
10004a66:	4698      	mov	r8, r3
10004a68:	4663      	mov	r3, ip
10004a6a:	4640      	mov	r0, r8
10004a6c:	4303      	orrs	r3, r0
10004a6e:	8093      	strh	r3, [r2, #4]
10004a70:	9b01      	ldr	r3, [sp, #4]
10004a72:	195a      	adds	r2, r3, r5
10004a74:	0092      	lsls	r2, r2, #2
10004a76:	9b03      	ldr	r3, [sp, #12]
10004a78:	18a4      	adds	r4, r4, r2
10004a7a:	80a3      	strh	r3, [r4, #4]
10004a7c:	9b02      	ldr	r3, [sp, #8]
10004a7e:	4a1c      	ldr	r2, [pc, #112]	@ (10004af0 <irq_add_shared_handler+0x1ec>)
10004a80:	71a3      	strb	r3, [r4, #6]
10004a82:	9b00      	ldr	r3, [sp, #0]
10004a84:	6022      	str	r2, [r4, #0]
10004a86:	71e7      	strb	r7, [r4, #7]
10004a88:	60a3      	str	r3, [r4, #8]
10004a8a:	e78a      	b.n	100049a2 <irq_add_shared_handler+0x9e>
10004a8c:	f000 feb4 	bl	100057f8 <hard_assertion_failure>
10004a90:	2500      	movs	r5, #0
10004a92:	4653      	mov	r3, sl
10004a94:	575d      	ldrsb	r5, [r3, r5]
10004a96:	e74f      	b.n	10004938 <irq_add_shared_handler+0x34>
10004a98:	8890      	ldrh	r0, [r2, #4]
10004a9a:	9302      	str	r3, [sp, #8]
10004a9c:	0540      	lsls	r0, r0, #21
10004a9e:	1d13      	adds	r3, r2, #4
10004aa0:	469a      	mov	sl, r3
10004aa2:	1503      	asrs	r3, r0, #20
10004aa4:	4661      	mov	r1, ip
10004aa6:	469c      	mov	ip, r3
10004aa8:	4640      	mov	r0, r8
10004aaa:	44d4      	add	ip, sl
10004aac:	4663      	mov	r3, ip
10004aae:	3004      	adds	r0, #4
10004ab0:	1820      	adds	r0, r4, r0
10004ab2:	1a18      	subs	r0, r3, r0
10004ab4:	23e0      	movs	r3, #224	@ 0xe0
10004ab6:	0500      	lsls	r0, r0, #20
10004ab8:	0d40      	lsrs	r0, r0, #21
10004aba:	021b      	lsls	r3, r3, #8
10004abc:	4318      	orrs	r0, r3
10004abe:	9003      	str	r0, [sp, #12]
10004ac0:	e7c5      	b.n	10004a4e <irq_add_shared_handler+0x14a>
10004ac2:	f000 fe99 	bl	100057f8 <hard_assertion_failure>
10004ac6:	e74f      	b.n	10004968 <irq_add_shared_handler+0x64>
10004ac8:	d0000124 	.word	0xd0000124
10004acc:	20003c38 	.word	0x20003c38
10004ad0:	20001038 	.word	0x20001038
10004ad4:	e000ed00 	.word	0xe000ed00
10004ad8:	100001c1 	.word	0x100001c1
10004adc:	ffffa100 	.word	0xffffa100
10004ae0:	20001068 	.word	0x20001068
10004ae4:	ffffe000 	.word	0xffffe000
10004ae8:	ffffbd01 	.word	0xffffbd01
10004aec:	0000aaaa 	.word	0x0000aaaa
10004af0:	47804801 	.word	0x47804801
10004af4:	0000bd01 	.word	0x0000bd01

10004af8 <irq_add_tail_to_free_list>:
10004af8:	b570      	push	{r4, r5, r6, lr}
10004afa:	2401      	movs	r4, #1
10004afc:	4304      	orrs	r4, r0
10004afe:	f3ef 8105 	mrs	r1, IPSR
10004b02:	f3ef 8c10 	mrs	ip, PRIMASK
10004b06:	b672      	cpsid	i
10004b08:	4a21      	ldr	r2, [pc, #132]	@ (10004b90 <irq_add_tail_to_free_list+0x98>)
10004b0a:	6813      	ldr	r3, [r2, #0]
10004b0c:	2b00      	cmp	r3, #0
10004b0e:	d0fc      	beq.n	10004b0a <irq_add_tail_to_free_list+0x12>
10004b10:	f3bf 8f5f 	dmb	sy
10004b14:	4b1f      	ldr	r3, [pc, #124]	@ (10004b94 <irq_add_tail_to_free_list+0x9c>)
10004b16:	0005      	movs	r5, r0
10004b18:	4a1f      	ldr	r2, [pc, #124]	@ (10004b98 <irq_add_tail_to_free_list+0xa0>)
10004b1a:	1aed      	subs	r5, r5, r3
10004b1c:	416d      	adcs	r5, r5
10004b1e:	436a      	muls	r2, r5
10004b20:	0d12      	lsrs	r2, r2, #20
10004b22:	4d1e      	ldr	r5, [pc, #120]	@ (10004b9c <irq_add_tail_to_free_list+0xa4>)
10004b24:	0089      	lsls	r1, r1, #2
10004b26:	68ae      	ldr	r6, [r5, #8]
10004b28:	b252      	sxtb	r2, r2
10004b2a:	5876      	ldr	r6, [r6, r1]
10004b2c:	42a6      	cmp	r6, r4
10004b2e:	d01c      	beq.n	10004b6a <irq_add_tail_to_free_list+0x72>
10004b30:	2106      	movs	r1, #6
10004b32:	5659      	ldrsb	r1, [r3, r1]
10004b34:	4291      	cmp	r1, r2
10004b36:	d01c      	beq.n	10004b72 <irq_add_tail_to_free_list+0x7a>
10004b38:	2112      	movs	r1, #18
10004b3a:	5659      	ldrsb	r1, [r3, r1]
10004b3c:	4291      	cmp	r1, r2
10004b3e:	d022      	beq.n	10004b86 <irq_add_tail_to_free_list+0x8e>
10004b40:	211e      	movs	r1, #30
10004b42:	5659      	ldrsb	r1, [r3, r1]
10004b44:	4291      	cmp	r1, r2
10004b46:	d020      	beq.n	10004b8a <irq_add_tail_to_free_list+0x92>
10004b48:	212a      	movs	r1, #42	@ 0x2a
10004b4a:	5659      	ldrsb	r1, [r3, r1]
10004b4c:	2403      	movs	r4, #3
10004b4e:	4291      	cmp	r1, r2
10004b50:	d010      	beq.n	10004b74 <irq_add_tail_to_free_list+0x7c>
10004b52:	4b13      	ldr	r3, [pc, #76]	@ (10004ba0 <irq_add_tail_to_free_list+0xa8>)
10004b54:	7819      	ldrb	r1, [r3, #0]
10004b56:	701a      	strb	r2, [r3, #0]
10004b58:	7181      	strb	r1, [r0, #6]
10004b5a:	f3bf 8f5f 	dmb	sy
10004b5e:	2200      	movs	r2, #0
10004b60:	4b0b      	ldr	r3, [pc, #44]	@ (10004b90 <irq_add_tail_to_free_list+0x98>)
10004b62:	601a      	str	r2, [r3, #0]
10004b64:	f38c 8810 	msr	PRIMASK, ip
10004b68:	bd70      	pop	{r4, r5, r6, pc}
10004b6a:	68ab      	ldr	r3, [r5, #8]
10004b6c:	4c0d      	ldr	r4, [pc, #52]	@ (10004ba4 <irq_add_tail_to_free_list+0xac>)
10004b6e:	505c      	str	r4, [r3, r1]
10004b70:	e7ef      	b.n	10004b52 <irq_add_tail_to_free_list+0x5a>
10004b72:	2400      	movs	r4, #0
10004b74:	0061      	lsls	r1, r4, #1
10004b76:	1909      	adds	r1, r1, r4
10004b78:	0089      	lsls	r1, r1, #2
10004b7a:	185b      	adds	r3, r3, r1
10004b7c:	21ff      	movs	r1, #255	@ 0xff
10004b7e:	7199      	strb	r1, [r3, #6]
10004b80:	4909      	ldr	r1, [pc, #36]	@ (10004ba8 <irq_add_tail_to_free_list+0xb0>)
10004b82:	8099      	strh	r1, [r3, #4]
10004b84:	e7e5      	b.n	10004b52 <irq_add_tail_to_free_list+0x5a>
10004b86:	2401      	movs	r4, #1
10004b88:	e7f4      	b.n	10004b74 <irq_add_tail_to_free_list+0x7c>
10004b8a:	2402      	movs	r4, #2
10004b8c:	e7f2      	b.n	10004b74 <irq_add_tail_to_free_list+0x7c>
10004b8e:	46c0      	nop			@ (mov r8, r8)
10004b90:	d0000124 	.word	0xd0000124
10004b94:	20001038 	.word	0x20001038
10004b98:	0000aaaa 	.word	0x0000aaaa
10004b9c:	e000ed00 	.word	0xe000ed00
10004ba0:	20003c38 	.word	0x20003c38
10004ba4:	100001c1 	.word	0x100001c1
10004ba8:	ffffbd01 	.word	0xffffbd01

10004bac <lock_init>:
10004bac:	4b02      	ldr	r3, [pc, #8]	@ (10004bb8 <lock_init+0xc>)
10004bae:	469c      	mov	ip, r3
10004bb0:	4461      	add	r1, ip
10004bb2:	0089      	lsls	r1, r1, #2
10004bb4:	6001      	str	r1, [r0, #0]
10004bb6:	4770      	bx	lr
10004bb8:	34000040 	.word	0x34000040

10004bbc <runtime_init_mutex>:
10004bbc:	b570      	push	{r4, r5, r6, lr}
10004bbe:	4c11      	ldr	r4, [pc, #68]	@ (10004c04 <runtime_init_mutex+0x48>)
10004bc0:	4d11      	ldr	r5, [pc, #68]	@ (10004c08 <runtime_init_mutex+0x4c>)
10004bc2:	42ac      	cmp	r4, r5
10004bc4:	d20f      	bcs.n	10004be6 <runtime_init_mutex+0x2a>
10004bc6:	26ff      	movs	r6, #255	@ 0xff
10004bc8:	6823      	ldr	r3, [r4, #0]
10004bca:	2b00      	cmp	r3, #0
10004bcc:	d00c      	beq.n	10004be8 <runtime_init_mutex+0x2c>
10004bce:	f7ff fe31 	bl	10004834 <next_striped_spin_lock_num>
10004bd2:	0001      	movs	r1, r0
10004bd4:	0020      	movs	r0, r4
10004bd6:	f7ff ffe9 	bl	10004bac <lock_init>
10004bda:	80a6      	strh	r6, [r4, #4]
10004bdc:	f3bf 8f5f 	dmb	sy
10004be0:	3408      	adds	r4, #8
10004be2:	42ac      	cmp	r4, r5
10004be4:	d3f0      	bcc.n	10004bc8 <runtime_init_mutex+0xc>
10004be6:	bd70      	pop	{r4, r5, r6, pc}
10004be8:	f7ff fe24 	bl	10004834 <next_striped_spin_lock_num>
10004bec:	0001      	movs	r1, r0
10004bee:	0020      	movs	r0, r4
10004bf0:	f7ff ffdc 	bl	10004bac <lock_init>
10004bf4:	7126      	strb	r6, [r4, #4]
10004bf6:	f3bf 8f5f 	dmb	sy
10004bfa:	3408      	adds	r4, #8
10004bfc:	42ac      	cmp	r4, r5
10004bfe:	d3e3      	bcc.n	10004bc8 <runtime_init_mutex+0xc>
10004c00:	e7f1      	b.n	10004be6 <runtime_init_mutex+0x2a>
10004c02:	46c0      	nop			@ (mov r8, r8)
10004c04:	20001238 	.word	0x20001238
10004c08:	20001240 	.word	0x20001240

10004c0c <mutex_init>:
10004c0c:	b510      	push	{r4, lr}
10004c0e:	0004      	movs	r4, r0
10004c10:	f7ff fe10 	bl	10004834 <next_striped_spin_lock_num>
10004c14:	0001      	movs	r1, r0
10004c16:	0020      	movs	r0, r4
10004c18:	f7ff ffc8 	bl	10004bac <lock_init>
10004c1c:	23ff      	movs	r3, #255	@ 0xff
10004c1e:	7123      	strb	r3, [r4, #4]
10004c20:	f3bf 8f5f 	dmb	sy
10004c24:	bd10      	pop	{r4, pc}
10004c26:	46c0      	nop			@ (mov r8, r8)

10004c28 <sleep_until_callback>:
10004c28:	4b0a      	ldr	r3, [pc, #40]	@ (10004c54 <sleep_until_callback+0x2c>)
10004c2a:	6819      	ldr	r1, [r3, #0]
10004c2c:	f3ef 8010 	mrs	r0, PRIMASK
10004c30:	b672      	cpsid	i
10004c32:	680a      	ldr	r2, [r1, #0]
10004c34:	2a00      	cmp	r2, #0
10004c36:	d0fc      	beq.n	10004c32 <sleep_until_callback+0xa>
10004c38:	f3bf 8f5f 	dmb	sy
10004c3c:	681b      	ldr	r3, [r3, #0]
10004c3e:	f3bf 8f5f 	dmb	sy
10004c42:	2200      	movs	r2, #0
10004c44:	601a      	str	r2, [r3, #0]
10004c46:	f380 8810 	msr	PRIMASK, r0
10004c4a:	bf40      	sev
10004c4c:	2000      	movs	r0, #0
10004c4e:	2100      	movs	r1, #0
10004c50:	4770      	bx	lr
10004c52:	46c0      	nop			@ (mov r8, r8)
10004c54:	20003800 	.word	0x20003800

10004c58 <alarm_pool_irq_handler>:
10004c58:	b5f0      	push	{r4, r5, r6, r7, lr}
10004c5a:	46de      	mov	lr, fp
10004c5c:	4657      	mov	r7, sl
10004c5e:	464e      	mov	r6, r9
10004c60:	4645      	mov	r5, r8
10004c62:	b5e0      	push	{r5, r6, r7, lr}
10004c64:	b087      	sub	sp, #28
10004c66:	f3ef 8305 	mrs	r3, IPSR
10004c6a:	2203      	movs	r2, #3
10004c6c:	2501      	movs	r5, #1
10004c6e:	401a      	ands	r2, r3
10004c70:	4095      	lsls	r5, r2
10004c72:	0091      	lsls	r1, r2, #2
10004c74:	4688      	mov	r8, r1
10004c76:	46a9      	mov	r9, r5
10004c78:	4bb3      	ldr	r3, [pc, #716]	@ (10004f48 <alarm_pool_irq_handler+0x2f0>)
10004c7a:	9203      	str	r2, [sp, #12]
10004c7c:	585c      	ldr	r4, [r3, r1]
10004c7e:	4bb3      	ldr	r3, [pc, #716]	@ (10004f4c <alarm_pool_irq_handler+0x2f4>)
10004c80:	601d      	str	r5, [r3, #0]
10004c82:	4bb3      	ldr	r3, [pc, #716]	@ (10004f50 <alarm_pool_irq_handler+0x2f8>)
10004c84:	9304      	str	r3, [sp, #16]
10004c86:	464b      	mov	r3, r9
10004c88:	48b2      	ldr	r0, [pc, #712]	@ (10004f54 <alarm_pool_irq_handler+0x2fc>)
10004c8a:	6343      	str	r3, [r0, #52]	@ 0x34
10004c8c:	2308      	movs	r3, #8
10004c8e:	5ee5      	ldrsh	r5, [r4, r3]
10004c90:	2d00      	cmp	r5, #0
10004c92:	da37      	bge.n	10004d04 <alarm_pool_irq_handler+0xac>
10004c94:	88a3      	ldrh	r3, [r4, #4]
10004c96:	b21b      	sxth	r3, r3
10004c98:	2b00      	cmp	r3, #0
10004c9a:	db00      	blt.n	10004c9e <alarm_pool_irq_handler+0x46>
10004c9c:	e0ad      	b.n	10004dfa <alarm_pool_irq_handler+0x1a2>
10004c9e:	79a3      	ldrb	r3, [r4, #6]
10004ca0:	2b00      	cmp	r3, #0
10004ca2:	d000      	beq.n	10004ca6 <alarm_pool_irq_handler+0x4e>
10004ca4:	e0ee      	b.n	10004e84 <alarm_pool_irq_handler+0x22c>
10004ca6:	2308      	movs	r3, #8
10004ca8:	5ee0      	ldrsh	r0, [r4, r3]
10004caa:	2800      	cmp	r0, #0
10004cac:	db20      	blt.n	10004cf0 <alarm_pool_irq_handler+0x98>
10004cae:	0043      	lsls	r3, r0, #1
10004cb0:	6962      	ldr	r2, [r4, #20]
10004cb2:	181b      	adds	r3, r3, r0
10004cb4:	00db      	lsls	r3, r3, #3
10004cb6:	18d3      	adds	r3, r2, r3
10004cb8:	689e      	ldr	r6, [r3, #8]
10004cba:	68dd      	ldr	r5, [r3, #12]
10004cbc:	1c73      	adds	r3, r6, #1
10004cbe:	d100      	bne.n	10004cc2 <alarm_pool_irq_handler+0x6a>
10004cc0:	e111      	b.n	10004ee6 <alarm_pool_irq_handler+0x28e>
10004cc2:	48a4      	ldr	r0, [pc, #656]	@ (10004f54 <alarm_pool_irq_handler+0x2fc>)
10004cc4:	0001      	movs	r1, r0
10004cc6:	4441      	add	r1, r8
10004cc8:	6a82      	ldr	r2, [r0, #40]	@ 0x28
10004cca:	690b      	ldr	r3, [r1, #16]
10004ccc:	1ab7      	subs	r7, r6, r2
10004cce:	1a9b      	subs	r3, r3, r2
10004cd0:	429f      	cmp	r7, r3
10004cd2:	d315      	bcc.n	10004d00 <alarm_pool_irq_handler+0xa8>
10004cd4:	2301      	movs	r3, #1
10004cd6:	6a02      	ldr	r2, [r0, #32]
10004cd8:	9803      	ldr	r0, [sp, #12]
10004cda:	4083      	lsls	r3, r0
10004cdc:	421a      	tst	r2, r3
10004cde:	d00f      	beq.n	10004d00 <alarm_pool_irq_handler+0xa8>
10004ce0:	489c      	ldr	r0, [pc, #624]	@ (10004f54 <alarm_pool_irq_handler+0x2fc>)
10004ce2:	f000 fbc3 	bl	1000546c <timer_time_us_64>
10004ce6:	428d      	cmp	r5, r1
10004ce8:	dc02      	bgt.n	10004cf0 <alarm_pool_irq_handler+0x98>
10004cea:	d1cc      	bne.n	10004c86 <alarm_pool_irq_handler+0x2e>
10004cec:	4286      	cmp	r6, r0
10004cee:	d9ca      	bls.n	10004c86 <alarm_pool_irq_handler+0x2e>
10004cf0:	bf40      	sev
10004cf2:	b007      	add	sp, #28
10004cf4:	bcf0      	pop	{r4, r5, r6, r7}
10004cf6:	46bb      	mov	fp, r7
10004cf8:	46b2      	mov	sl, r6
10004cfa:	46a9      	mov	r9, r5
10004cfc:	46a0      	mov	r8, r4
10004cfe:	bdf0      	pop	{r4, r5, r6, r7, pc}
10004d00:	610e      	str	r6, [r1, #16]
10004d02:	e7ed      	b.n	10004ce0 <alarm_pool_irq_handler+0x88>
10004d04:	6962      	ldr	r2, [r4, #20]
10004d06:	006b      	lsls	r3, r5, #1
10004d08:	4692      	mov	sl, r2
10004d0a:	195b      	adds	r3, r3, r5
10004d0c:	00db      	lsls	r3, r3, #3
10004d0e:	449a      	add	sl, r3
10004d10:	4653      	mov	r3, sl
10004d12:	689e      	ldr	r6, [r3, #8]
10004d14:	68df      	ldr	r7, [r3, #12]
10004d16:	f000 fba9 	bl	1000546c <timer_time_us_64>
10004d1a:	428f      	cmp	r7, r1
10004d1c:	dcba      	bgt.n	10004c94 <alarm_pool_irq_handler+0x3c>
10004d1e:	d100      	bne.n	10004d22 <alarm_pool_irq_handler+0xca>
10004d20:	e103      	b.n	10004f2a <alarm_pool_irq_handler+0x2d2>
10004d22:	2f00      	cmp	r7, #0
10004d24:	da00      	bge.n	10004d28 <alarm_pool_irq_handler+0xd0>
10004d26:	e0e8      	b.n	10004efa <alarm_pool_irq_handler+0x2a2>
10004d28:	4652      	mov	r2, sl
10004d2a:	4653      	mov	r3, sl
10004d2c:	6952      	ldr	r2, [r2, #20]
10004d2e:	691b      	ldr	r3, [r3, #16]
10004d30:	4693      	mov	fp, r2
10004d32:	9a04      	ldr	r2, [sp, #16]
10004d34:	4293      	cmp	r3, r2
10004d36:	d100      	bne.n	10004d3a <alarm_pool_irq_handler+0xe2>
10004d38:	e0d9      	b.n	10004eee <alarm_pool_irq_handler+0x296>
10004d3a:	4652      	mov	r2, sl
10004d3c:	2108      	movs	r1, #8
10004d3e:	5e60      	ldrsh	r0, [r4, r1]
10004d40:	8852      	ldrh	r2, [r2, #2]
10004d42:	0400      	lsls	r0, r0, #16
10004d44:	4659      	mov	r1, fp
10004d46:	4310      	orrs	r0, r2
10004d48:	4798      	blx	r3
10004d4a:	9000      	str	r0, [sp, #0]
10004d4c:	9101      	str	r1, [sp, #4]
10004d4e:	9900      	ldr	r1, [sp, #0]
10004d50:	9a01      	ldr	r2, [sp, #4]
10004d52:	000b      	movs	r3, r1
10004d54:	0010      	movs	r0, r2
10004d56:	4313      	orrs	r3, r2
10004d58:	d100      	bne.n	10004d5c <alarm_pool_irq_handler+0x104>
10004d5a:	e0ce      	b.n	10004efa <alarm_pool_irq_handler+0x2a2>
10004d5c:	0013      	movs	r3, r2
10004d5e:	000a      	movs	r2, r1
10004d60:	1ab6      	subs	r6, r6, r2
10004d62:	419f      	sbcs	r7, r3
10004d64:	2800      	cmp	r0, #0
10004d66:	db06      	blt.n	10004d76 <alarm_pool_irq_handler+0x11e>
10004d68:	487a      	ldr	r0, [pc, #488]	@ (10004f54 <alarm_pool_irq_handler+0x2fc>)
10004d6a:	f000 fb7f 	bl	1000546c <timer_time_us_64>
10004d6e:	9e00      	ldr	r6, [sp, #0]
10004d70:	9f01      	ldr	r7, [sp, #4]
10004d72:	1836      	adds	r6, r6, r0
10004d74:	414f      	adcs	r7, r1
10004d76:	4653      	mov	r3, sl
10004d78:	609e      	str	r6, [r3, #8]
10004d7a:	60df      	str	r7, [r3, #12]
10004d7c:	2200      	movs	r2, #0
10004d7e:	5e9a      	ldrsh	r2, [r3, r2]
10004d80:	2a00      	cmp	r2, #0
10004d82:	da00      	bge.n	10004d86 <alarm_pool_irq_handler+0x12e>
10004d84:	e786      	b.n	10004c94 <alarm_pool_irq_handler+0x3c>
10004d86:	0053      	lsls	r3, r2, #1
10004d88:	1899      	adds	r1, r3, r2
10004d8a:	6960      	ldr	r0, [r4, #20]
10004d8c:	00c9      	lsls	r1, r1, #3
10004d8e:	1841      	adds	r1, r0, r1
10004d90:	9302      	str	r3, [sp, #8]
10004d92:	688b      	ldr	r3, [r1, #8]
10004d94:	68c9      	ldr	r1, [r1, #12]
10004d96:	469b      	mov	fp, r3
10004d98:	42b9      	cmp	r1, r7
10004d9a:	dd00      	ble.n	10004d9e <alarm_pool_irq_handler+0x146>
10004d9c:	e77a      	b.n	10004c94 <alarm_pool_irq_handler+0x3c>
10004d9e:	d102      	bne.n	10004da6 <alarm_pool_irq_handler+0x14e>
10004da0:	42b3      	cmp	r3, r6
10004da2:	d900      	bls.n	10004da6 <alarm_pool_irq_handler+0x14e>
10004da4:	e776      	b.n	10004c94 <alarm_pool_irq_handler+0x3c>
10004da6:	2308      	movs	r3, #8
10004da8:	469c      	mov	ip, r3
10004daa:	44a4      	add	ip, r4
10004dac:	9505      	str	r5, [sp, #20]
10004dae:	4665      	mov	r5, ip
10004db0:	8122      	strh	r2, [r4, #8]
10004db2:	46a4      	mov	ip, r4
10004db4:	9b02      	ldr	r3, [sp, #8]
10004db6:	002c      	movs	r4, r5
10004db8:	e006      	b.n	10004dc8 <alarm_pool_irq_handler+0x170>
10004dba:	0053      	lsls	r3, r2, #1
10004dbc:	1899      	adds	r1, r3, r2
10004dbe:	00c9      	lsls	r1, r1, #3
10004dc0:	1841      	adds	r1, r0, r1
10004dc2:	688d      	ldr	r5, [r1, #8]
10004dc4:	68c9      	ldr	r1, [r1, #12]
10004dc6:	46ab      	mov	fp, r5
10004dc8:	189b      	adds	r3, r3, r2
10004dca:	00db      	lsls	r3, r3, #3
10004dcc:	18c3      	adds	r3, r0, r3
10004dce:	42b9      	cmp	r1, r7
10004dd0:	dc06      	bgt.n	10004de0 <alarm_pool_irq_handler+0x188>
10004dd2:	d100      	bne.n	10004dd6 <alarm_pool_irq_handler+0x17e>
10004dd4:	e0b3      	b.n	10004f3e <alarm_pool_irq_handler+0x2e6>
10004dd6:	001c      	movs	r4, r3
10004dd8:	2300      	movs	r3, #0
10004dda:	5ee2      	ldrsh	r2, [r4, r3]
10004ddc:	2a00      	cmp	r2, #0
10004dde:	daec      	bge.n	10004dba <alarm_pool_irq_handler+0x162>
10004de0:	0023      	movs	r3, r4
10004de2:	4664      	mov	r4, ip
10004de4:	469c      	mov	ip, r3
10004de6:	4653      	mov	r3, sl
10004de8:	801a      	strh	r2, [r3, #0]
10004dea:	4663      	mov	r3, ip
10004dec:	9d05      	ldr	r5, [sp, #20]
10004dee:	801d      	strh	r5, [r3, #0]
10004df0:	88a3      	ldrh	r3, [r4, #4]
10004df2:	b21b      	sxth	r3, r3
10004df4:	2b00      	cmp	r3, #0
10004df6:	da00      	bge.n	10004dfa <alarm_pool_irq_handler+0x1a2>
10004df8:	e751      	b.n	10004c9e <alarm_pool_irq_handler+0x46>
10004dfa:	6922      	ldr	r2, [r4, #16]
10004dfc:	f3ef 8110 	mrs	r1, PRIMASK
10004e00:	b672      	cpsid	i
10004e02:	6813      	ldr	r3, [r2, #0]
10004e04:	2b00      	cmp	r3, #0
10004e06:	d0fc      	beq.n	10004e02 <alarm_pool_irq_handler+0x1aa>
10004e08:	f3bf 8f5f 	dmb	sy
10004e0c:	2301      	movs	r3, #1
10004e0e:	88a7      	ldrh	r7, [r4, #4]
10004e10:	425b      	negs	r3, r3
10004e12:	80a3      	strh	r3, [r4, #4]
10004e14:	b23f      	sxth	r7, r7
10004e16:	6923      	ldr	r3, [r4, #16]
10004e18:	f3bf 8f5f 	dmb	sy
10004e1c:	2200      	movs	r2, #0
10004e1e:	601a      	str	r2, [r3, #0]
10004e20:	f381 8810 	msr	PRIMASK, r1
10004e24:	2f00      	cmp	r7, #0
10004e26:	da00      	bge.n	10004e2a <alarm_pool_irq_handler+0x1d2>
10004e28:	e739      	b.n	10004c9e <alarm_pool_irq_handler+0x46>
10004e2a:	0023      	movs	r3, r4
10004e2c:	3308      	adds	r3, #8
10004e2e:	0022      	movs	r2, r4
10004e30:	469a      	mov	sl, r3
10004e32:	6966      	ldr	r6, [r4, #20]
10004e34:	007b      	lsls	r3, r7, #1
10004e36:	19db      	adds	r3, r3, r7
10004e38:	00db      	lsls	r3, r3, #3
10004e3a:	18f3      	adds	r3, r6, r3
10004e3c:	6899      	ldr	r1, [r3, #8]
10004e3e:	4650      	mov	r0, sl
10004e40:	468c      	mov	ip, r1
10004e42:	2408      	movs	r4, #8
10004e44:	5f11      	ldrsh	r1, [r2, r4]
10004e46:	68dd      	ldr	r5, [r3, #12]
10004e48:	2900      	cmp	r1, #0
10004e4a:	db10      	blt.n	10004e6e <alarm_pool_irq_handler+0x216>
10004e4c:	9302      	str	r3, [sp, #8]
10004e4e:	e006      	b.n	10004e5e <alarm_pool_irq_handler+0x206>
10004e50:	42ab      	cmp	r3, r5
10004e52:	d044      	beq.n	10004ede <alarm_pool_irq_handler+0x286>
10004e54:	2300      	movs	r3, #0
10004e56:	5ee1      	ldrsh	r1, [r4, r3]
10004e58:	0020      	movs	r0, r4
10004e5a:	2900      	cmp	r1, #0
10004e5c:	db06      	blt.n	10004e6c <alarm_pool_irq_handler+0x214>
10004e5e:	004c      	lsls	r4, r1, #1
10004e60:	1864      	adds	r4, r4, r1
10004e62:	00e4      	lsls	r4, r4, #3
10004e64:	1934      	adds	r4, r6, r4
10004e66:	68e3      	ldr	r3, [r4, #12]
10004e68:	42ab      	cmp	r3, r5
10004e6a:	ddf1      	ble.n	10004e50 <alarm_pool_irq_handler+0x1f8>
10004e6c:	9b02      	ldr	r3, [sp, #8]
10004e6e:	8007      	strh	r7, [r0, #0]
10004e70:	2000      	movs	r0, #0
10004e72:	5e1f      	ldrsh	r7, [r3, r0]
10004e74:	8019      	strh	r1, [r3, #0]
10004e76:	2f00      	cmp	r7, #0
10004e78:	dadc      	bge.n	10004e34 <alarm_pool_irq_handler+0x1dc>
10004e7a:	0014      	movs	r4, r2
10004e7c:	79a3      	ldrb	r3, [r4, #6]
10004e7e:	2b00      	cmp	r3, #0
10004e80:	d100      	bne.n	10004e84 <alarm_pool_irq_handler+0x22c>
10004e82:	e710      	b.n	10004ca6 <alarm_pool_irq_handler+0x4e>
10004e84:	2300      	movs	r3, #0
10004e86:	71a3      	strb	r3, [r4, #6]
10004e88:	0026      	movs	r6, r4
10004e8a:	2308      	movs	r3, #8
10004e8c:	5ee1      	ldrsh	r1, [r4, r3]
10004e8e:	3608      	adds	r6, #8
10004e90:	1c4b      	adds	r3, r1, #1
10004e92:	d100      	bne.n	10004e96 <alarm_pool_irq_handler+0x23e>
10004e94:	e72c      	b.n	10004cf0 <alarm_pool_irq_handler+0x98>
10004e96:	0008      	movs	r0, r1
10004e98:	46a2      	mov	sl, r4
10004e9a:	6965      	ldr	r5, [r4, #20]
10004e9c:	e002      	b.n	10004ea4 <alarm_pool_irq_handler+0x24c>
10004e9e:	003e      	movs	r6, r7
10004ea0:	1c4b      	adds	r3, r1, #1
10004ea2:	d01a      	beq.n	10004eda <alarm_pool_irq_handler+0x282>
10004ea4:	004b      	lsls	r3, r1, #1
10004ea6:	185b      	adds	r3, r3, r1
10004ea8:	00db      	lsls	r3, r3, #3
10004eaa:	18ef      	adds	r7, r5, r3
10004eac:	000a      	movs	r2, r1
10004eae:	468c      	mov	ip, r1
10004eb0:	5ee9      	ldrsh	r1, [r5, r3]
10004eb2:	887b      	ldrh	r3, [r7, #2]
10004eb4:	b21b      	sxth	r3, r3
10004eb6:	2b00      	cmp	r3, #0
10004eb8:	daf1      	bge.n	10004e9e <alarm_pool_irq_handler+0x246>
10004eba:	2301      	movs	r3, #1
10004ebc:	425b      	negs	r3, r3
10004ebe:	17dc      	asrs	r4, r3, #31
10004ec0:	60bb      	str	r3, [r7, #8]
10004ec2:	60fc      	str	r4, [r7, #12]
10004ec4:	4282      	cmp	r2, r0
10004ec6:	d005      	beq.n	10004ed4 <alarm_pool_irq_handler+0x27c>
10004ec8:	4653      	mov	r3, sl
10004eca:	8031      	strh	r1, [r6, #0]
10004ecc:	891b      	ldrh	r3, [r3, #8]
10004ece:	803b      	strh	r3, [r7, #0]
10004ed0:	4653      	mov	r3, sl
10004ed2:	811a      	strh	r2, [r3, #8]
10004ed4:	4660      	mov	r0, ip
10004ed6:	1c4b      	adds	r3, r1, #1
10004ed8:	d1e4      	bne.n	10004ea4 <alarm_pool_irq_handler+0x24c>
10004eda:	4654      	mov	r4, sl
10004edc:	e6e5      	b.n	10004caa <alarm_pool_irq_handler+0x52>
10004ede:	68a3      	ldr	r3, [r4, #8]
10004ee0:	4563      	cmp	r3, ip
10004ee2:	d9b7      	bls.n	10004e54 <alarm_pool_irq_handler+0x1fc>
10004ee4:	e7c2      	b.n	10004e6c <alarm_pool_irq_handler+0x214>
10004ee6:	1c6b      	adds	r3, r5, #1
10004ee8:	d000      	beq.n	10004eec <alarm_pool_irq_handler+0x294>
10004eea:	e6ea      	b.n	10004cc2 <alarm_pool_irq_handler+0x6a>
10004eec:	e6f8      	b.n	10004ce0 <alarm_pool_irq_handler+0x88>
10004eee:	465b      	mov	r3, fp
10004ef0:	4658      	mov	r0, fp
10004ef2:	691b      	ldr	r3, [r3, #16]
10004ef4:	4798      	blx	r3
10004ef6:	2800      	cmp	r0, #0
10004ef8:	d11b      	bne.n	10004f32 <alarm_pool_irq_handler+0x2da>
10004efa:	4653      	mov	r3, sl
10004efc:	881b      	ldrh	r3, [r3, #0]
10004efe:	6922      	ldr	r2, [r4, #16]
10004f00:	8123      	strh	r3, [r4, #8]
10004f02:	f3ef 8310 	mrs	r3, PRIMASK
10004f06:	b672      	cpsid	i
10004f08:	6811      	ldr	r1, [r2, #0]
10004f0a:	2900      	cmp	r1, #0
10004f0c:	d0fc      	beq.n	10004f08 <alarm_pool_irq_handler+0x2b0>
10004f0e:	f3bf 8f5f 	dmb	sy
10004f12:	4651      	mov	r1, sl
10004f14:	8862      	ldrh	r2, [r4, #2]
10004f16:	800a      	strh	r2, [r1, #0]
10004f18:	6922      	ldr	r2, [r4, #16]
10004f1a:	8065      	strh	r5, [r4, #2]
10004f1c:	f3bf 8f5f 	dmb	sy
10004f20:	2100      	movs	r1, #0
10004f22:	6011      	str	r1, [r2, #0]
10004f24:	f383 8810 	msr	PRIMASK, r3
10004f28:	e6b4      	b.n	10004c94 <alarm_pool_irq_handler+0x3c>
10004f2a:	4286      	cmp	r6, r0
10004f2c:	d800      	bhi.n	10004f30 <alarm_pool_irq_handler+0x2d8>
10004f2e:	e6f8      	b.n	10004d22 <alarm_pool_irq_handler+0xca>
10004f30:	e6b0      	b.n	10004c94 <alarm_pool_irq_handler+0x3c>
10004f32:	465b      	mov	r3, fp
10004f34:	681a      	ldr	r2, [r3, #0]
10004f36:	685b      	ldr	r3, [r3, #4]
10004f38:	9200      	str	r2, [sp, #0]
10004f3a:	9301      	str	r3, [sp, #4]
10004f3c:	e707      	b.n	10004d4e <alarm_pool_irq_handler+0xf6>
10004f3e:	45b3      	cmp	fp, r6
10004f40:	d800      	bhi.n	10004f44 <alarm_pool_irq_handler+0x2ec>
10004f42:	e748      	b.n	10004dd6 <alarm_pool_irq_handler+0x17e>
10004f44:	e74c      	b.n	10004de0 <alarm_pool_irq_handler+0x188>
10004f46:	46c0      	nop			@ (mov r8, r8)
10004f48:	20002fd0 	.word	0x20002fd0
10004f4c:	4005703c 	.word	0x4005703c
10004f50:	10004c59 	.word	0x10004c59
10004f54:	40054000 	.word	0x40054000

10004f58 <runtime_init_default_alarm_pool>:
10004f58:	b570      	push	{r4, r5, r6, lr}
10004f5a:	4c2e      	ldr	r4, [pc, #184]	@ (10005014 <runtime_init_default_alarm_pool+0xbc>)
10004f5c:	6925      	ldr	r5, [r4, #16]
10004f5e:	2d00      	cmp	r5, #0
10004f60:	d004      	beq.n	10004f6c <runtime_init_default_alarm_pool+0x14>
10004f62:	210a      	movs	r1, #10
10004f64:	482c      	ldr	r0, [pc, #176]	@ (10005018 <runtime_init_default_alarm_pool+0xc0>)
10004f66:	f7ff fe21 	bl	10004bac <lock_init>
10004f6a:	bd70      	pop	{r4, r5, r6, pc}
10004f6c:	4e2b      	ldr	r6, [pc, #172]	@ (1000501c <runtime_init_default_alarm_pool+0xc4>)
10004f6e:	2103      	movs	r1, #3
10004f70:	0030      	movs	r0, r6
10004f72:	f000 fa71 	bl	10005458 <timer_hardware_alarm_claim>
10004f76:	60e6      	str	r6, [r4, #12]
10004f78:	f7ff fc5c 	bl	10004834 <next_striped_spin_lock_num>
10004f7c:	4b28      	ldr	r3, [pc, #160]	@ (10005020 <runtime_init_default_alarm_pool+0xc8>)
10004f7e:	2203      	movs	r2, #3
10004f80:	469c      	mov	ip, r3
10004f82:	23d0      	movs	r3, #208	@ 0xd0
10004f84:	7022      	strb	r2, [r4, #0]
10004f86:	061b      	lsls	r3, r3, #24
10004f88:	681b      	ldr	r3, [r3, #0]
10004f8a:	2101      	movs	r1, #1
10004f8c:	7063      	strb	r3, [r4, #1]
10004f8e:	4b25      	ldr	r3, [pc, #148]	@ (10005024 <runtime_init_default_alarm_pool+0xcc>)
10004f90:	4460      	add	r0, ip
10004f92:	60a3      	str	r3, [r4, #8]
10004f94:	230f      	movs	r3, #15
10004f96:	0080      	lsls	r0, r0, #2
10004f98:	6120      	str	r0, [r4, #16]
10004f9a:	2002      	movs	r0, #2
10004f9c:	8063      	strh	r3, [r4, #2]
10004f9e:	6963      	ldr	r3, [r4, #20]
10004fa0:	4249      	negs	r1, r1
10004fa2:	80a1      	strh	r1, [r4, #4]
10004fa4:	8019      	strh	r1, [r3, #0]
10004fa6:	3102      	adds	r1, #2
10004fa8:	8619      	strh	r1, [r3, #48]	@ 0x30
10004faa:	3147      	adds	r1, #71	@ 0x47
10004fac:	831d      	strh	r5, [r3, #24]
10004fae:	5258      	strh	r0, [r3, r1]
10004fb0:	3118      	adds	r1, #24
10004fb2:	525a      	strh	r2, [r3, r1]
10004fb4:	3275      	adds	r2, #117	@ 0x75
10004fb6:	395c      	subs	r1, #92	@ 0x5c
10004fb8:	5299      	strh	r1, [r3, r2]
10004fba:	3218      	adds	r2, #24
10004fbc:	3101      	adds	r1, #1
10004fbe:	5299      	strh	r1, [r3, r2]
10004fc0:	3218      	adds	r2, #24
10004fc2:	3101      	adds	r1, #1
10004fc4:	5299      	strh	r1, [r3, r2]
10004fc6:	3218      	adds	r2, #24
10004fc8:	3101      	adds	r1, #1
10004fca:	5299      	strh	r1, [r3, r2]
10004fcc:	3508      	adds	r5, #8
10004fce:	3218      	adds	r2, #24
10004fd0:	529d      	strh	r5, [r3, r2]
10004fd2:	3102      	adds	r1, #2
10004fd4:	3218      	adds	r2, #24
10004fd6:	5299      	strh	r1, [r3, r2]
10004fd8:	3218      	adds	r2, #24
10004fda:	3101      	adds	r1, #1
10004fdc:	5299      	strh	r1, [r3, r2]
10004fde:	3218      	adds	r2, #24
10004fe0:	3101      	adds	r1, #1
10004fe2:	5299      	strh	r1, [r3, r2]
10004fe4:	3218      	adds	r2, #24
10004fe6:	3101      	adds	r1, #1
10004fe8:	5299      	strh	r1, [r3, r2]
10004fea:	3218      	adds	r2, #24
10004fec:	3101      	adds	r1, #1
10004fee:	5299      	strh	r1, [r3, r2]
10004ff0:	3218      	adds	r2, #24
10004ff2:	3101      	adds	r1, #1
10004ff4:	5299      	strh	r1, [r3, r2]
10004ff6:	4b0c      	ldr	r3, [pc, #48]	@ (10005028 <runtime_init_default_alarm_pool+0xd0>)
10004ff8:	490c      	ldr	r1, [pc, #48]	@ (1000502c <runtime_init_default_alarm_pool+0xd4>)
10004ffa:	60dc      	str	r4, [r3, #12]
10004ffc:	3001      	adds	r0, #1
10004ffe:	6235      	str	r5, [r6, #32]
10005000:	f7ff fc56 	bl	100048b0 <irq_set_exclusive_handler>
10005004:	2101      	movs	r1, #1
10005006:	2003      	movs	r0, #3
10005008:	f7ff fc40 	bl	1000488c <irq_set_enabled>
1000500c:	4b08      	ldr	r3, [pc, #32]	@ (10005030 <runtime_init_default_alarm_pool+0xd8>)
1000500e:	601d      	str	r5, [r3, #0]
10005010:	e7a7      	b.n	10004f62 <runtime_init_default_alarm_pool+0xa>
10005012:	46c0      	nop			@ (mov r8, r8)
10005014:	20001080 	.word	0x20001080
10005018:	20003800 	.word	0x20003800
1000501c:	40054000 	.word	0x40054000
10005020:	34000040 	.word	0x34000040
10005024:	0010ffff 	.word	0x0010ffff
10005028:	20002fd0 	.word	0x20002fd0
1000502c:	10004c59 	.word	0x10004c59
10005030:	40056038 	.word	0x40056038

10005034 <alarm_pool_get_default>:
10005034:	4800      	ldr	r0, [pc, #0]	@ (10005038 <alarm_pool_get_default+0x4>)
10005036:	4770      	bx	lr
10005038:	20001080 	.word	0x20001080

1000503c <alarm_pool_add_alarm_at_force_in_context>:
1000503c:	b570      	push	{r4, r5, r6, lr}
1000503e:	0001      	movs	r1, r0
10005040:	6904      	ldr	r4, [r0, #16]
10005042:	f3ef 8c10 	mrs	ip, PRIMASK
10005046:	b672      	cpsid	i
10005048:	6820      	ldr	r0, [r4, #0]
1000504a:	2800      	cmp	r0, #0
1000504c:	d0fc      	beq.n	10005048 <alarm_pool_add_alarm_at_force_in_context+0xc>
1000504e:	f3bf 8f5f 	dmb	sy
10005052:	2002      	movs	r0, #2
10005054:	5e0d      	ldrsh	r5, [r1, r0]
10005056:	694c      	ldr	r4, [r1, #20]
10005058:	0068      	lsls	r0, r5, #1
1000505a:	1940      	adds	r0, r0, r5
1000505c:	00c0      	lsls	r0, r0, #3
1000505e:	1824      	adds	r4, r4, r0
10005060:	6908      	ldr	r0, [r1, #16]
10005062:	2d00      	cmp	r5, #0
10005064:	db36      	blt.n	100050d4 <alarm_pool_add_alarm_at_force_in_context+0x98>
10005066:	8826      	ldrh	r6, [r4, #0]
10005068:	804e      	strh	r6, [r1, #2]
1000506a:	f3bf 8f5f 	dmb	sy
1000506e:	2600      	movs	r6, #0
10005070:	6006      	str	r6, [r0, #0]
10005072:	f38c 8810 	msr	PRIMASK, ip
10005076:	60e3      	str	r3, [r4, #12]
10005078:	8863      	ldrh	r3, [r4, #2]
1000507a:	9804      	ldr	r0, [sp, #16]
1000507c:	3301      	adds	r3, #1
1000507e:	6120      	str	r0, [r4, #16]
10005080:	045b      	lsls	r3, r3, #17
10005082:	9805      	ldr	r0, [sp, #20]
10005084:	0c5b      	lsrs	r3, r3, #17
10005086:	60a2      	str	r2, [r4, #8]
10005088:	6160      	str	r0, [r4, #20]
1000508a:	1c1a      	adds	r2, r3, #0
1000508c:	2b00      	cmp	r3, #0
1000508e:	d01f      	beq.n	100050d0 <alarm_pool_add_alarm_at_force_in_context+0x94>
10005090:	b293      	uxth	r3, r2
10005092:	0428      	lsls	r0, r5, #16
10005094:	8062      	strh	r2, [r4, #2]
10005096:	4318      	orrs	r0, r3
10005098:	690a      	ldr	r2, [r1, #16]
1000509a:	f3ef 8c10 	mrs	ip, PRIMASK
1000509e:	b672      	cpsid	i
100050a0:	6813      	ldr	r3, [r2, #0]
100050a2:	2b00      	cmp	r3, #0
100050a4:	d0fc      	beq.n	100050a0 <alarm_pool_add_alarm_at_force_in_context+0x64>
100050a6:	f3bf 8f5f 	dmb	sy
100050aa:	888b      	ldrh	r3, [r1, #4]
100050ac:	8023      	strh	r3, [r4, #0]
100050ae:	808d      	strh	r5, [r1, #4]
100050b0:	690b      	ldr	r3, [r1, #16]
100050b2:	f3bf 8f5f 	dmb	sy
100050b6:	2200      	movs	r2, #0
100050b8:	601a      	str	r2, [r3, #0]
100050ba:	f38c 8810 	msr	PRIMASK, ip
100050be:	780b      	ldrb	r3, [r1, #0]
100050c0:	3201      	adds	r2, #1
100050c2:	409a      	lsls	r2, r3
100050c4:	68cb      	ldr	r3, [r1, #12]
100050c6:	4908      	ldr	r1, [pc, #32]	@ (100050e8 <alarm_pool_add_alarm_at_force_in_context+0xac>)
100050c8:	468c      	mov	ip, r1
100050ca:	4463      	add	r3, ip
100050cc:	601a      	str	r2, [r3, #0]
100050ce:	bd70      	pop	{r4, r5, r6, pc}
100050d0:	2201      	movs	r2, #1
100050d2:	e7dd      	b.n	10005090 <alarm_pool_add_alarm_at_force_in_context+0x54>
100050d4:	f3bf 8f5f 	dmb	sy
100050d8:	2300      	movs	r3, #0
100050da:	6003      	str	r3, [r0, #0]
100050dc:	f38c 8810 	msr	PRIMASK, ip
100050e0:	2001      	movs	r0, #1
100050e2:	4240      	negs	r0, r0
100050e4:	e7f3      	b.n	100050ce <alarm_pool_add_alarm_at_force_in_context+0x92>
100050e6:	46c0      	nop			@ (mov r8, r8)
100050e8:	0000203c 	.word	0x0000203c

100050ec <alarm_pool_cancel_alarm>:
100050ec:	b510      	push	{r4, lr}
100050ee:	8943      	ldrh	r3, [r0, #10]
100050f0:	140a      	asrs	r2, r1, #16
100050f2:	4293      	cmp	r3, r2
100050f4:	dd1a      	ble.n	1000512c <alarm_pool_cancel_alarm+0x40>
100050f6:	0053      	lsls	r3, r2, #1
100050f8:	189b      	adds	r3, r3, r2
100050fa:	6942      	ldr	r2, [r0, #20]
100050fc:	00db      	lsls	r3, r3, #3
100050fe:	18d3      	adds	r3, r2, r3
10005100:	6904      	ldr	r4, [r0, #16]
10005102:	f3ef 8c10 	mrs	ip, PRIMASK
10005106:	b672      	cpsid	i
10005108:	6822      	ldr	r2, [r4, #0]
1000510a:	2a00      	cmp	r2, #0
1000510c:	d0fc      	beq.n	10005108 <alarm_pool_cancel_alarm+0x1c>
1000510e:	f3bf 8f5f 	dmb	sy
10005112:	885a      	ldrh	r2, [r3, #2]
10005114:	0409      	lsls	r1, r1, #16
10005116:	b294      	uxth	r4, r2
10005118:	0c09      	lsrs	r1, r1, #16
1000511a:	428a      	cmp	r2, r1
1000511c:	d008      	beq.n	10005130 <alarm_pool_cancel_alarm+0x44>
1000511e:	6903      	ldr	r3, [r0, #16]
10005120:	f3bf 8f5f 	dmb	sy
10005124:	2200      	movs	r2, #0
10005126:	601a      	str	r2, [r3, #0]
10005128:	f38c 8810 	msr	PRIMASK, ip
1000512c:	2000      	movs	r0, #0
1000512e:	bd10      	pop	{r4, pc}
10005130:	2280      	movs	r2, #128	@ 0x80
10005132:	0212      	lsls	r2, r2, #8
10005134:	4314      	orrs	r4, r2
10005136:	805c      	strh	r4, [r3, #2]
10005138:	2301      	movs	r3, #1
1000513a:	6902      	ldr	r2, [r0, #16]
1000513c:	7183      	strb	r3, [r0, #6]
1000513e:	f3bf 8f5f 	dmb	sy
10005142:	2100      	movs	r1, #0
10005144:	6011      	str	r1, [r2, #0]
10005146:	f38c 8810 	msr	PRIMASK, ip
1000514a:	4904      	ldr	r1, [pc, #16]	@ (1000515c <alarm_pool_cancel_alarm+0x70>)
1000514c:	7802      	ldrb	r2, [r0, #0]
1000514e:	468c      	mov	ip, r1
10005150:	4093      	lsls	r3, r2
10005152:	68c2      	ldr	r2, [r0, #12]
10005154:	2001      	movs	r0, #1
10005156:	4462      	add	r2, ip
10005158:	6013      	str	r3, [r2, #0]
1000515a:	e7e8      	b.n	1000512e <alarm_pool_cancel_alarm+0x42>
1000515c:	0000203c 	.word	0x0000203c

10005160 <alarm_pool_core_num>:
10005160:	7840      	ldrb	r0, [r0, #1]
10005162:	4770      	bx	lr

10005164 <sleep_us>:
10005164:	b5f0      	push	{r4, r5, r6, r7, lr}
10005166:	46c6      	mov	lr, r8
10005168:	b500      	push	{lr}
1000516a:	b082      	sub	sp, #8
1000516c:	0004      	movs	r4, r0
1000516e:	000d      	movs	r5, r1
10005170:	f000 f984 	bl	1000547c <time_us_64>
10005174:	1824      	adds	r4, r4, r0
10005176:	414d      	adcs	r5, r1
10005178:	2d00      	cmp	r5, #0
1000517a:	da02      	bge.n	10005182 <sleep_us+0x1e>
1000517c:	2401      	movs	r4, #1
1000517e:	4d2f      	ldr	r5, [pc, #188]	@ (1000523c <sleep_us+0xd8>)
10005180:	4264      	negs	r4, r4
10005182:	2606      	movs	r6, #6
10005184:	4276      	negs	r6, r6
10005186:	17f7      	asrs	r7, r6, #31
10005188:	1936      	adds	r6, r6, r4
1000518a:	416f      	adcs	r7, r5
1000518c:	42af      	cmp	r7, r5
1000518e:	d814      	bhi.n	100051ba <sleep_us+0x56>
10005190:	d011      	beq.n	100051b6 <sleep_us+0x52>
10005192:	f000 f973 	bl	1000547c <time_us_64>
10005196:	0032      	movs	r2, r6
10005198:	003b      	movs	r3, r7
1000519a:	1a12      	subs	r2, r2, r0
1000519c:	418b      	sbcs	r3, r1
1000519e:	2b00      	cmp	r3, #0
100051a0:	dc15      	bgt.n	100051ce <sleep_us+0x6a>
100051a2:	2b00      	cmp	r3, #0
100051a4:	d046      	beq.n	10005234 <sleep_us+0xd0>
100051a6:	0020      	movs	r0, r4
100051a8:	0029      	movs	r1, r5
100051aa:	f000 f971 	bl	10005490 <busy_wait_until>
100051ae:	b002      	add	sp, #8
100051b0:	bc80      	pop	{r7}
100051b2:	46b8      	mov	r8, r7
100051b4:	bdf0      	pop	{r4, r5, r6, r7, pc}
100051b6:	42a6      	cmp	r6, r4
100051b8:	d9eb      	bls.n	10005192 <sleep_us+0x2e>
100051ba:	2600      	movs	r6, #0
100051bc:	2700      	movs	r7, #0
100051be:	f000 f95d 	bl	1000547c <time_us_64>
100051c2:	0032      	movs	r2, r6
100051c4:	003b      	movs	r3, r7
100051c6:	1a12      	subs	r2, r2, r0
100051c8:	418b      	sbcs	r3, r1
100051ca:	2b00      	cmp	r3, #0
100051cc:	dde9      	ble.n	100051a2 <sleep_us+0x3e>
100051ce:	f000 f955 	bl	1000547c <time_us_64>
100051d2:	0032      	movs	r2, r6
100051d4:	003b      	movs	r3, r7
100051d6:	1a12      	subs	r2, r2, r0
100051d8:	418b      	sbcs	r3, r1
100051da:	2b00      	cmp	r3, #0
100051dc:	db0a      	blt.n	100051f4 <sleep_us+0x90>
100051de:	2300      	movs	r3, #0
100051e0:	9301      	str	r3, [sp, #4]
100051e2:	4b17      	ldr	r3, [pc, #92]	@ (10005240 <sleep_us+0xdc>)
100051e4:	0032      	movs	r2, r6
100051e6:	9300      	str	r3, [sp, #0]
100051e8:	4816      	ldr	r0, [pc, #88]	@ (10005244 <sleep_us+0xe0>)
100051ea:	003b      	movs	r3, r7
100051ec:	f7ff ff26 	bl	1000503c <alarm_pool_add_alarm_at_force_in_context>
100051f0:	3001      	adds	r0, #1
100051f2:	d0d8      	beq.n	100051a6 <sleep_us+0x42>
100051f4:	2300      	movs	r3, #0
100051f6:	0039      	movs	r1, r7
100051f8:	46b0      	mov	r8, r6
100051fa:	469c      	mov	ip, r3
100051fc:	4a12      	ldr	r2, [pc, #72]	@ (10005248 <sleep_us+0xe4>)
100051fe:	4813      	ldr	r0, [pc, #76]	@ (1000524c <sleep_us+0xe8>)
10005200:	6a53      	ldr	r3, [r2, #36]	@ 0x24
10005202:	4299      	cmp	r1, r3
10005204:	d804      	bhi.n	10005210 <sleep_us+0xac>
10005206:	6a96      	ldr	r6, [r2, #40]	@ 0x28
10005208:	4546      	cmp	r6, r8
1000520a:	d2cc      	bcs.n	100051a6 <sleep_us+0x42>
1000520c:	4299      	cmp	r1, r3
1000520e:	d1ca      	bne.n	100051a6 <sleep_us+0x42>
10005210:	6806      	ldr	r6, [r0, #0]
10005212:	f3ef 8710 	mrs	r7, PRIMASK
10005216:	b672      	cpsid	i
10005218:	6833      	ldr	r3, [r6, #0]
1000521a:	2b00      	cmp	r3, #0
1000521c:	d0fc      	beq.n	10005218 <sleep_us+0xb4>
1000521e:	f3bf 8f5f 	dmb	sy
10005222:	6803      	ldr	r3, [r0, #0]
10005224:	f3bf 8f5f 	dmb	sy
10005228:	4666      	mov	r6, ip
1000522a:	601e      	str	r6, [r3, #0]
1000522c:	f387 8810 	msr	PRIMASK, r7
10005230:	bf20      	wfe
10005232:	e7e5      	b.n	10005200 <sleep_us+0x9c>
10005234:	2a00      	cmp	r2, #0
10005236:	d0b6      	beq.n	100051a6 <sleep_us+0x42>
10005238:	e7c9      	b.n	100051ce <sleep_us+0x6a>
1000523a:	46c0      	nop			@ (mov r8, r8)
1000523c:	7fffffff 	.word	0x7fffffff
10005240:	10004c29 	.word	0x10004c29
10005244:	20001080 	.word	0x20001080
10005248:	40054000 	.word	0x40054000
1000524c:	20003800 	.word	0x20003800

10005250 <sleep_ms>:
10005250:	b5f0      	push	{r4, r5, r6, r7, lr}
10005252:	46c6      	mov	lr, r8
10005254:	b500      	push	{lr}
10005256:	b082      	sub	sp, #8
10005258:	0004      	movs	r4, r0
1000525a:	f000 f90f 	bl	1000547c <time_us_64>
1000525e:	22fa      	movs	r2, #250	@ 0xfa
10005260:	0006      	movs	r6, r0
10005262:	000f      	movs	r7, r1
10005264:	0020      	movs	r0, r4
10005266:	2300      	movs	r3, #0
10005268:	2100      	movs	r1, #0
1000526a:	0092      	lsls	r2, r2, #2
1000526c:	f001 fa3a 	bl	100066e4 <__wrap___aeabi_lmul>
10005270:	1980      	adds	r0, r0, r6
10005272:	4179      	adcs	r1, r7
10005274:	0004      	movs	r4, r0
10005276:	1e0d      	subs	r5, r1, #0
10005278:	da02      	bge.n	10005280 <sleep_ms+0x30>
1000527a:	2401      	movs	r4, #1
1000527c:	4d2e      	ldr	r5, [pc, #184]	@ (10005338 <sleep_ms+0xe8>)
1000527e:	4264      	negs	r4, r4
10005280:	2606      	movs	r6, #6
10005282:	4276      	negs	r6, r6
10005284:	17f7      	asrs	r7, r6, #31
10005286:	1936      	adds	r6, r6, r4
10005288:	416f      	adcs	r7, r5
1000528a:	42af      	cmp	r7, r5
1000528c:	d814      	bhi.n	100052b8 <sleep_ms+0x68>
1000528e:	d011      	beq.n	100052b4 <sleep_ms+0x64>
10005290:	f000 f8f4 	bl	1000547c <time_us_64>
10005294:	0032      	movs	r2, r6
10005296:	003b      	movs	r3, r7
10005298:	1a12      	subs	r2, r2, r0
1000529a:	418b      	sbcs	r3, r1
1000529c:	2b00      	cmp	r3, #0
1000529e:	dc15      	bgt.n	100052cc <sleep_ms+0x7c>
100052a0:	2b00      	cmp	r3, #0
100052a2:	d046      	beq.n	10005332 <sleep_ms+0xe2>
100052a4:	0020      	movs	r0, r4
100052a6:	0029      	movs	r1, r5
100052a8:	f000 f8f2 	bl	10005490 <busy_wait_until>
100052ac:	b002      	add	sp, #8
100052ae:	bc80      	pop	{r7}
100052b0:	46b8      	mov	r8, r7
100052b2:	bdf0      	pop	{r4, r5, r6, r7, pc}
100052b4:	42a6      	cmp	r6, r4
100052b6:	d9eb      	bls.n	10005290 <sleep_ms+0x40>
100052b8:	2600      	movs	r6, #0
100052ba:	2700      	movs	r7, #0
100052bc:	f000 f8de 	bl	1000547c <time_us_64>
100052c0:	0032      	movs	r2, r6
100052c2:	003b      	movs	r3, r7
100052c4:	1a12      	subs	r2, r2, r0
100052c6:	418b      	sbcs	r3, r1
100052c8:	2b00      	cmp	r3, #0
100052ca:	dde9      	ble.n	100052a0 <sleep_ms+0x50>
100052cc:	f000 f8d6 	bl	1000547c <time_us_64>
100052d0:	0032      	movs	r2, r6
100052d2:	003b      	movs	r3, r7
100052d4:	1a12      	subs	r2, r2, r0
100052d6:	418b      	sbcs	r3, r1
100052d8:	2b00      	cmp	r3, #0
100052da:	db0a      	blt.n	100052f2 <sleep_ms+0xa2>
100052dc:	2300      	movs	r3, #0
100052de:	9301      	str	r3, [sp, #4]
100052e0:	4b16      	ldr	r3, [pc, #88]	@ (1000533c <sleep_ms+0xec>)
100052e2:	0032      	movs	r2, r6
100052e4:	9300      	str	r3, [sp, #0]
100052e6:	4816      	ldr	r0, [pc, #88]	@ (10005340 <sleep_ms+0xf0>)
100052e8:	003b      	movs	r3, r7
100052ea:	f7ff fea7 	bl	1000503c <alarm_pool_add_alarm_at_force_in_context>
100052ee:	3001      	adds	r0, #1
100052f0:	d0d8      	beq.n	100052a4 <sleep_ms+0x54>
100052f2:	2300      	movs	r3, #0
100052f4:	0039      	movs	r1, r7
100052f6:	46b0      	mov	r8, r6
100052f8:	469c      	mov	ip, r3
100052fa:	4a12      	ldr	r2, [pc, #72]	@ (10005344 <sleep_ms+0xf4>)
100052fc:	4812      	ldr	r0, [pc, #72]	@ (10005348 <sleep_ms+0xf8>)
100052fe:	6a53      	ldr	r3, [r2, #36]	@ 0x24
10005300:	4299      	cmp	r1, r3
10005302:	d804      	bhi.n	1000530e <sleep_ms+0xbe>
10005304:	6a96      	ldr	r6, [r2, #40]	@ 0x28
10005306:	4546      	cmp	r6, r8
10005308:	d2cc      	bcs.n	100052a4 <sleep_ms+0x54>
1000530a:	4299      	cmp	r1, r3
1000530c:	d1ca      	bne.n	100052a4 <sleep_ms+0x54>
1000530e:	6806      	ldr	r6, [r0, #0]
10005310:	f3ef 8710 	mrs	r7, PRIMASK
10005314:	b672      	cpsid	i
10005316:	6833      	ldr	r3, [r6, #0]
10005318:	2b00      	cmp	r3, #0
1000531a:	d0fc      	beq.n	10005316 <sleep_ms+0xc6>
1000531c:	f3bf 8f5f 	dmb	sy
10005320:	6803      	ldr	r3, [r0, #0]
10005322:	f3bf 8f5f 	dmb	sy
10005326:	4666      	mov	r6, ip
10005328:	601e      	str	r6, [r3, #0]
1000532a:	f387 8810 	msr	PRIMASK, r7
1000532e:	bf20      	wfe
10005330:	e7e5      	b.n	100052fe <sleep_ms+0xae>
10005332:	2a00      	cmp	r2, #0
10005334:	d0b6      	beq.n	100052a4 <sleep_ms+0x54>
10005336:	e7c9      	b.n	100052cc <sleep_ms+0x7c>
10005338:	7fffffff 	.word	0x7fffffff
1000533c:	10004c29 	.word	0x10004c29
10005340:	20001080 	.word	0x20001080
10005344:	40054000 	.word	0x40054000
10005348:	20003800 	.word	0x20003800

1000534c <best_effort_wfe_or_timeout>:
1000534c:	b5f0      	push	{r4, r5, r6, r7, lr}
1000534e:	4657      	mov	r7, sl
10005350:	464e      	mov	r6, r9
10005352:	46de      	mov	lr, fp
10005354:	4645      	mov	r5, r8
10005356:	b5e0      	push	{r5, r6, r7, lr}
10005358:	0006      	movs	r6, r0
1000535a:	000f      	movs	r7, r1
1000535c:	b085      	sub	sp, #20
1000535e:	f3ef 8305 	mrs	r3, IPSR
10005362:	4699      	mov	r9, r3
10005364:	468b      	mov	fp, r1
10005366:	2b00      	cmp	r3, #0
10005368:	d012      	beq.n	10005390 <best_effort_wfe_or_timeout+0x44>
1000536a:	4938      	ldr	r1, [pc, #224]	@ (1000544c <best_effort_wfe_or_timeout+0x100>)
1000536c:	2000      	movs	r0, #0
1000536e:	6a4b      	ldr	r3, [r1, #36]	@ 0x24
10005370:	42bb      	cmp	r3, r7
10005372:	d306      	bcc.n	10005382 <best_effort_wfe_or_timeout+0x36>
10005374:	6a8a      	ldr	r2, [r1, #40]	@ 0x28
10005376:	1bdb      	subs	r3, r3, r7
10005378:	1e59      	subs	r1, r3, #1
1000537a:	418b      	sbcs	r3, r1
1000537c:	42b2      	cmp	r2, r6
1000537e:	4140      	adcs	r0, r0
10005380:	4318      	orrs	r0, r3
10005382:	b005      	add	sp, #20
10005384:	bcf0      	pop	{r4, r5, r6, r7}
10005386:	46bb      	mov	fp, r7
10005388:	46b2      	mov	sl, r6
1000538a:	46a9      	mov	r9, r5
1000538c:	46a0      	mov	r8, r4
1000538e:	bdf0      	pop	{r4, r5, r6, r7, pc}
10005390:	4b2f      	ldr	r3, [pc, #188]	@ (10005450 <best_effort_wfe_or_timeout+0x104>)
10005392:	469a      	mov	sl, r3
10005394:	68db      	ldr	r3, [r3, #12]
10005396:	4698      	mov	r8, r3
10005398:	4653      	mov	r3, sl
1000539a:	781b      	ldrb	r3, [r3, #0]
1000539c:	4640      	mov	r0, r8
1000539e:	9303      	str	r3, [sp, #12]
100053a0:	f000 f864 	bl	1000546c <timer_time_us_64>
100053a4:	4642      	mov	r2, r8
100053a6:	9b03      	ldr	r3, [sp, #12]
100053a8:	0004      	movs	r4, r0
100053aa:	3304      	adds	r3, #4
100053ac:	009b      	lsls	r3, r3, #2
100053ae:	589b      	ldr	r3, [r3, r2]
100053b0:	000d      	movs	r5, r1
100053b2:	1a1b      	subs	r3, r3, r0
100053b4:	0039      	movs	r1, r7
100053b6:	0030      	movs	r0, r6
100053b8:	1b00      	subs	r0, r0, r4
100053ba:	41a9      	sbcs	r1, r5
100053bc:	4589      	cmp	r9, r1
100053be:	dc10      	bgt.n	100053e2 <best_effort_wfe_or_timeout+0x96>
100053c0:	d00d      	beq.n	100053de <best_effort_wfe_or_timeout+0x92>
100053c2:	bf20      	wfe
100053c4:	4a21      	ldr	r2, [pc, #132]	@ (1000544c <best_effort_wfe_or_timeout+0x100>)
100053c6:	2000      	movs	r0, #0
100053c8:	6a53      	ldr	r3, [r2, #36]	@ 0x24
100053ca:	455b      	cmp	r3, fp
100053cc:	d3d9      	bcc.n	10005382 <best_effort_wfe_or_timeout+0x36>
100053ce:	6a92      	ldr	r2, [r2, #40]	@ 0x28
100053d0:	1bdb      	subs	r3, r3, r7
100053d2:	1e59      	subs	r1, r3, #1
100053d4:	418b      	sbcs	r3, r1
100053d6:	42b2      	cmp	r2, r6
100053d8:	4140      	adcs	r0, r0
100053da:	4318      	orrs	r0, r3
100053dc:	e7d1      	b.n	10005382 <best_effort_wfe_or_timeout+0x36>
100053de:	4283      	cmp	r3, r0
100053e0:	d9ef      	bls.n	100053c2 <best_effort_wfe_or_timeout+0x76>
100053e2:	f000 f84b 	bl	1000547c <time_us_64>
100053e6:	0032      	movs	r2, r6
100053e8:	003b      	movs	r3, r7
100053ea:	1a12      	subs	r2, r2, r0
100053ec:	418b      	sbcs	r3, r1
100053ee:	2b00      	cmp	r3, #0
100053f0:	db1a      	blt.n	10005428 <best_effort_wfe_or_timeout+0xdc>
100053f2:	2300      	movs	r3, #0
100053f4:	9301      	str	r3, [sp, #4]
100053f6:	4b17      	ldr	r3, [pc, #92]	@ (10005454 <best_effort_wfe_or_timeout+0x108>)
100053f8:	0032      	movs	r2, r6
100053fa:	9300      	str	r3, [sp, #0]
100053fc:	4650      	mov	r0, sl
100053fe:	003b      	movs	r3, r7
10005400:	f7ff fe1c 	bl	1000503c <alarm_pool_add_alarm_at_force_in_context>
10005404:	1e01      	subs	r1, r0, #0
10005406:	dd0f      	ble.n	10005428 <best_effort_wfe_or_timeout+0xdc>
10005408:	4b10      	ldr	r3, [pc, #64]	@ (1000544c <best_effort_wfe_or_timeout+0x100>)
1000540a:	6a5a      	ldr	r2, [r3, #36]	@ 0x24
1000540c:	455a      	cmp	r2, fp
1000540e:	d31b      	bcc.n	10005448 <best_effort_wfe_or_timeout+0xfc>
10005410:	6a9b      	ldr	r3, [r3, #40]	@ 0x28
10005412:	42b3      	cmp	r3, r6
10005414:	d316      	bcc.n	10005444 <best_effort_wfe_or_timeout+0xf8>
10005416:	4650      	mov	r0, sl
10005418:	f7ff fe68 	bl	100050ec <alarm_pool_cancel_alarm>
1000541c:	4a0b      	ldr	r2, [pc, #44]	@ (1000544c <best_effort_wfe_or_timeout+0x100>)
1000541e:	2000      	movs	r0, #0
10005420:	6a53      	ldr	r3, [r2, #36]	@ 0x24
10005422:	455b      	cmp	r3, fp
10005424:	d3ad      	bcc.n	10005382 <best_effort_wfe_or_timeout+0x36>
10005426:	e7d2      	b.n	100053ce <best_effort_wfe_or_timeout+0x82>
10005428:	4a08      	ldr	r2, [pc, #32]	@ (1000544c <best_effort_wfe_or_timeout+0x100>)
1000542a:	2000      	movs	r0, #0
1000542c:	6a53      	ldr	r3, [r2, #36]	@ 0x24
1000542e:	455b      	cmp	r3, fp
10005430:	d3a7      	bcc.n	10005382 <best_effort_wfe_or_timeout+0x36>
10005432:	2000      	movs	r0, #0
10005434:	6a92      	ldr	r2, [r2, #40]	@ 0x28
10005436:	1bdb      	subs	r3, r3, r7
10005438:	42b2      	cmp	r2, r6
1000543a:	4140      	adcs	r0, r0
1000543c:	1e5a      	subs	r2, r3, #1
1000543e:	4193      	sbcs	r3, r2
10005440:	4318      	orrs	r0, r3
10005442:	e79e      	b.n	10005382 <best_effort_wfe_or_timeout+0x36>
10005444:	455a      	cmp	r2, fp
10005446:	d1e6      	bne.n	10005416 <best_effort_wfe_or_timeout+0xca>
10005448:	bf20      	wfe
1000544a:	e7e4      	b.n	10005416 <best_effort_wfe_or_timeout+0xca>
1000544c:	40054000 	.word	0x40054000
10005450:	20001080 	.word	0x20001080
10005454:	10004c29 	.word	0x10004c29

10005458 <timer_hardware_alarm_claim>:
10005458:	b510      	push	{r4, lr}
1000545a:	4a02      	ldr	r2, [pc, #8]	@ (10005464 <timer_hardware_alarm_claim+0xc>)
1000545c:	4802      	ldr	r0, [pc, #8]	@ (10005468 <timer_hardware_alarm_claim+0x10>)
1000545e:	f7ff f967 	bl	10004730 <hw_claim_or_assert>
10005462:	bd10      	pop	{r4, pc}
10005464:	1000c5f8 	.word	0x1000c5f8
10005468:	2000235c 	.word	0x2000235c

1000546c <timer_time_us_64>:
1000546c:	0003      	movs	r3, r0
1000546e:	6a41      	ldr	r1, [r0, #36]	@ 0x24
10005470:	000a      	movs	r2, r1
10005472:	6a98      	ldr	r0, [r3, #40]	@ 0x28
10005474:	6a59      	ldr	r1, [r3, #36]	@ 0x24
10005476:	428a      	cmp	r2, r1
10005478:	d1fa      	bne.n	10005470 <timer_time_us_64+0x4>
1000547a:	4770      	bx	lr

1000547c <time_us_64>:
1000547c:	4b03      	ldr	r3, [pc, #12]	@ (1000548c <time_us_64+0x10>)
1000547e:	6a59      	ldr	r1, [r3, #36]	@ 0x24
10005480:	000a      	movs	r2, r1
10005482:	6a98      	ldr	r0, [r3, #40]	@ 0x28
10005484:	6a59      	ldr	r1, [r3, #36]	@ 0x24
10005486:	4291      	cmp	r1, r2
10005488:	d1fa      	bne.n	10005480 <time_us_64+0x4>
1000548a:	4770      	bx	lr
1000548c:	40054000 	.word	0x40054000

10005490 <busy_wait_until>:
10005490:	4a06      	ldr	r2, [pc, #24]	@ (100054ac <busy_wait_until+0x1c>)
10005492:	6a53      	ldr	r3, [r2, #36]	@ 0x24
10005494:	4299      	cmp	r1, r3
10005496:	d8fc      	bhi.n	10005492 <busy_wait_until+0x2>
10005498:	d107      	bne.n	100054aa <busy_wait_until+0x1a>
1000549a:	4b04      	ldr	r3, [pc, #16]	@ (100054ac <busy_wait_until+0x1c>)
1000549c:	e002      	b.n	100054a4 <busy_wait_until+0x14>
1000549e:	6a5a      	ldr	r2, [r3, #36]	@ 0x24
100054a0:	4291      	cmp	r1, r2
100054a2:	d102      	bne.n	100054aa <busy_wait_until+0x1a>
100054a4:	6a9a      	ldr	r2, [r3, #40]	@ 0x28
100054a6:	4290      	cmp	r0, r2
100054a8:	d8f9      	bhi.n	1000549e <busy_wait_until+0xe>
100054aa:	4770      	bx	lr
100054ac:	40054000 	.word	0x40054000

100054b0 <clock_configure_int_divider>:
100054b0:	b5f8      	push	{r3, r4, r5, r6, r7, lr}
100054b2:	46de      	mov	lr, fp
100054b4:	464e      	mov	r6, r9
100054b6:	4657      	mov	r7, sl
100054b8:	4645      	mov	r5, r8
100054ba:	b5e0      	push	{r5, r6, r7, lr}
100054bc:	468b      	mov	fp, r1
100054be:	0005      	movs	r5, r0
100054c0:	990a      	ldr	r1, [sp, #40]	@ 0x28
100054c2:	0018      	movs	r0, r3
100054c4:	0016      	movs	r6, r2
100054c6:	f000 fae9 	bl	10005a9c <__wrap___aeabi_uidiv>
100054ca:	9b0a      	ldr	r3, [sp, #40]	@ 0x28
100054cc:	006c      	lsls	r4, r5, #1
100054ce:	021f      	lsls	r7, r3, #8
100054d0:	4b32      	ldr	r3, [pc, #200]	@ (1000559c <clock_configure_int_divider+0xec>)
100054d2:	1964      	adds	r4, r4, r5
100054d4:	469c      	mov	ip, r3
100054d6:	00a4      	lsls	r4, r4, #2
100054d8:	4464      	add	r4, ip
100054da:	6863      	ldr	r3, [r4, #4]
100054dc:	4681      	mov	r9, r0
100054de:	429f      	cmp	r7, r3
100054e0:	d900      	bls.n	100054e4 <clock_configure_int_divider+0x34>
100054e2:	6067      	str	r7, [r4, #4]
100054e4:	1f2b      	subs	r3, r5, #4
100054e6:	b2db      	uxtb	r3, r3
100054e8:	4698      	mov	r8, r3
100054ea:	2b01      	cmp	r3, #1
100054ec:	d930      	bls.n	10005550 <clock_configure_int_divider+0xa0>
100054ee:	23c0      	movs	r3, #192	@ 0xc0
100054f0:	2280      	movs	r2, #128	@ 0x80
100054f2:	019b      	lsls	r3, r3, #6
100054f4:	18e3      	adds	r3, r4, r3
100054f6:	0112      	lsls	r2, r2, #4
100054f8:	601a      	str	r2, [r3, #0]
100054fa:	4b29      	ldr	r3, [pc, #164]	@ (100055a0 <clock_configure_int_divider+0xf0>)
100054fc:	00ad      	lsls	r5, r5, #2
100054fe:	5959      	ldr	r1, [r3, r5]
10005500:	469a      	mov	sl, r3
10005502:	2900      	cmp	r1, #0
10005504:	d11b      	bne.n	1000553e <clock_configure_int_divider+0x8e>
10005506:	0173      	lsls	r3, r6, #5
10005508:	26e0      	movs	r6, #224	@ 0xe0
1000550a:	6822      	ldr	r2, [r4, #0]
1000550c:	4053      	eors	r3, r2
1000550e:	401e      	ands	r6, r3
10005510:	2380      	movs	r3, #128	@ 0x80
10005512:	4642      	mov	r2, r8
10005514:	015b      	lsls	r3, r3, #5
10005516:	18e3      	adds	r3, r4, r3
10005518:	601e      	str	r6, [r3, #0]
1000551a:	2a01      	cmp	r2, #1
1000551c:	d930      	bls.n	10005580 <clock_configure_int_divider+0xd0>
1000551e:	2380      	movs	r3, #128	@ 0x80
10005520:	2280      	movs	r2, #128	@ 0x80
10005522:	019b      	lsls	r3, r3, #6
10005524:	18e3      	adds	r3, r4, r3
10005526:	0112      	lsls	r2, r2, #4
10005528:	601a      	str	r2, [r3, #0]
1000552a:	4653      	mov	r3, sl
1000552c:	464a      	mov	r2, r9
1000552e:	6067      	str	r7, [r4, #4]
10005530:	515a      	str	r2, [r3, r5]
10005532:	bcf0      	pop	{r4, r5, r6, r7}
10005534:	46bb      	mov	fp, r7
10005536:	46b2      	mov	sl, r6
10005538:	46a9      	mov	r9, r5
1000553a:	46a0      	mov	r8, r4
1000553c:	bdf8      	pop	{r3, r4, r5, r6, r7, pc}
1000553e:	6958      	ldr	r0, [r3, #20]
10005540:	f000 faac 	bl	10005a9c <__wrap___aeabi_uidiv>
10005544:	3001      	adds	r0, #1
10005546:	0043      	lsls	r3, r0, #1
10005548:	181b      	adds	r3, r3, r0
1000554a:	3b03      	subs	r3, #3
1000554c:	d2fd      	bcs.n	1000554a <clock_configure_int_divider+0x9a>
1000554e:	e7da      	b.n	10005506 <clock_configure_int_divider+0x56>
10005550:	465b      	mov	r3, fp
10005552:	2b01      	cmp	r3, #1
10005554:	d1cb      	bne.n	100054ee <clock_configure_int_divider+0x3e>
10005556:	23c0      	movs	r3, #192	@ 0xc0
10005558:	2203      	movs	r2, #3
1000555a:	019b      	lsls	r3, r3, #6
1000555c:	18e3      	adds	r3, r4, r3
1000555e:	601a      	str	r2, [r3, #0]
10005560:	3a02      	subs	r2, #2
10005562:	68a3      	ldr	r3, [r4, #8]
10005564:	421a      	tst	r2, r3
10005566:	d0fc      	beq.n	10005562 <clock_configure_int_divider+0xb2>
10005568:	0173      	lsls	r3, r6, #5
1000556a:	26e0      	movs	r6, #224	@ 0xe0
1000556c:	6822      	ldr	r2, [r4, #0]
1000556e:	00ad      	lsls	r5, r5, #2
10005570:	4053      	eors	r3, r2
10005572:	401e      	ands	r6, r3
10005574:	2380      	movs	r3, #128	@ 0x80
10005576:	4a0a      	ldr	r2, [pc, #40]	@ (100055a0 <clock_configure_int_divider+0xf0>)
10005578:	015b      	lsls	r3, r3, #5
1000557a:	4692      	mov	sl, r2
1000557c:	18e3      	adds	r3, r4, r3
1000557e:	601e      	str	r6, [r3, #0]
10005580:	465a      	mov	r2, fp
10005582:	6821      	ldr	r1, [r4, #0]
10005584:	4051      	eors	r1, r2
10005586:	2203      	movs	r2, #3
10005588:	400a      	ands	r2, r1
1000558a:	601a      	str	r2, [r3, #0]
1000558c:	2201      	movs	r2, #1
1000558e:	465b      	mov	r3, fp
10005590:	409a      	lsls	r2, r3
10005592:	68a3      	ldr	r3, [r4, #8]
10005594:	421a      	tst	r2, r3
10005596:	d0fc      	beq.n	10005592 <clock_configure_int_divider+0xe2>
10005598:	e7c1      	b.n	1000551e <clock_configure_int_divider+0x6e>
1000559a:	46c0      	nop			@ (mov r8, r8)
1000559c:	40008000 	.word	0x40008000
100055a0:	20002364 	.word	0x20002364

100055a4 <clock_configure_undivided>:
100055a4:	b5f0      	push	{r4, r5, r6, r7, lr}
100055a6:	4646      	mov	r6, r8
100055a8:	464f      	mov	r7, r9
100055aa:	46d6      	mov	lr, sl
100055ac:	b5c0      	push	{r6, r7, lr}
100055ae:	001f      	movs	r7, r3
100055b0:	4b34      	ldr	r3, [pc, #208]	@ (10005684 <clock_configure_undivided+0xe0>)
100055b2:	0044      	lsls	r4, r0, #1
100055b4:	469c      	mov	ip, r3
100055b6:	1824      	adds	r4, r4, r0
100055b8:	00a4      	lsls	r4, r4, #2
100055ba:	4464      	add	r4, ip
100055bc:	6863      	ldr	r3, [r4, #4]
100055be:	4688      	mov	r8, r1
100055c0:	0016      	movs	r6, r2
100055c2:	2bff      	cmp	r3, #255	@ 0xff
100055c4:	d802      	bhi.n	100055cc <clock_configure_undivided+0x28>
100055c6:	2380      	movs	r3, #128	@ 0x80
100055c8:	005b      	lsls	r3, r3, #1
100055ca:	6063      	str	r3, [r4, #4]
100055cc:	1f03      	subs	r3, r0, #4
100055ce:	b2db      	uxtb	r3, r3
100055d0:	469a      	mov	sl, r3
100055d2:	2b01      	cmp	r3, #1
100055d4:	d930      	bls.n	10005638 <clock_configure_undivided+0x94>
100055d6:	23c0      	movs	r3, #192	@ 0xc0
100055d8:	2280      	movs	r2, #128	@ 0x80
100055da:	019b      	lsls	r3, r3, #6
100055dc:	18e3      	adds	r3, r4, r3
100055de:	0112      	lsls	r2, r2, #4
100055e0:	601a      	str	r2, [r3, #0]
100055e2:	4b29      	ldr	r3, [pc, #164]	@ (10005688 <clock_configure_undivided+0xe4>)
100055e4:	0085      	lsls	r5, r0, #2
100055e6:	5959      	ldr	r1, [r3, r5]
100055e8:	4699      	mov	r9, r3
100055ea:	2900      	cmp	r1, #0
100055ec:	d11b      	bne.n	10005626 <clock_configure_undivided+0x82>
100055ee:	0173      	lsls	r3, r6, #5
100055f0:	26e0      	movs	r6, #224	@ 0xe0
100055f2:	6822      	ldr	r2, [r4, #0]
100055f4:	4053      	eors	r3, r2
100055f6:	401e      	ands	r6, r3
100055f8:	2380      	movs	r3, #128	@ 0x80
100055fa:	4652      	mov	r2, sl
100055fc:	015b      	lsls	r3, r3, #5
100055fe:	18e3      	adds	r3, r4, r3
10005600:	601e      	str	r6, [r3, #0]
10005602:	2a01      	cmp	r2, #1
10005604:	d930      	bls.n	10005668 <clock_configure_undivided+0xc4>
10005606:	2380      	movs	r3, #128	@ 0x80
10005608:	2280      	movs	r2, #128	@ 0x80
1000560a:	019b      	lsls	r3, r3, #6
1000560c:	18e3      	adds	r3, r4, r3
1000560e:	0112      	lsls	r2, r2, #4
10005610:	601a      	str	r2, [r3, #0]
10005612:	2380      	movs	r3, #128	@ 0x80
10005614:	005b      	lsls	r3, r3, #1
10005616:	6063      	str	r3, [r4, #4]
10005618:	464b      	mov	r3, r9
1000561a:	515f      	str	r7, [r3, r5]
1000561c:	bce0      	pop	{r5, r6, r7}
1000561e:	46ba      	mov	sl, r7
10005620:	46b1      	mov	r9, r6
10005622:	46a8      	mov	r8, r5
10005624:	bdf0      	pop	{r4, r5, r6, r7, pc}
10005626:	6958      	ldr	r0, [r3, #20]
10005628:	f000 fa38 	bl	10005a9c <__wrap___aeabi_uidiv>
1000562c:	3001      	adds	r0, #1
1000562e:	0043      	lsls	r3, r0, #1
10005630:	181b      	adds	r3, r3, r0
10005632:	3b03      	subs	r3, #3
10005634:	d2fd      	bcs.n	10005632 <clock_configure_undivided+0x8e>
10005636:	e7da      	b.n	100055ee <clock_configure_undivided+0x4a>
10005638:	4643      	mov	r3, r8
1000563a:	2b01      	cmp	r3, #1
1000563c:	d1cb      	bne.n	100055d6 <clock_configure_undivided+0x32>
1000563e:	23c0      	movs	r3, #192	@ 0xc0
10005640:	2203      	movs	r2, #3
10005642:	019b      	lsls	r3, r3, #6
10005644:	18e3      	adds	r3, r4, r3
10005646:	601a      	str	r2, [r3, #0]
10005648:	3a02      	subs	r2, #2
1000564a:	68a3      	ldr	r3, [r4, #8]
1000564c:	421a      	tst	r2, r3
1000564e:	d0fc      	beq.n	1000564a <clock_configure_undivided+0xa6>
10005650:	0173      	lsls	r3, r6, #5
10005652:	26e0      	movs	r6, #224	@ 0xe0
10005654:	6822      	ldr	r2, [r4, #0]
10005656:	0085      	lsls	r5, r0, #2
10005658:	4053      	eors	r3, r2
1000565a:	401e      	ands	r6, r3
1000565c:	2380      	movs	r3, #128	@ 0x80
1000565e:	4a0a      	ldr	r2, [pc, #40]	@ (10005688 <clock_configure_undivided+0xe4>)
10005660:	015b      	lsls	r3, r3, #5
10005662:	4691      	mov	r9, r2
10005664:	18e3      	adds	r3, r4, r3
10005666:	601e      	str	r6, [r3, #0]
10005668:	4642      	mov	r2, r8
1000566a:	6821      	ldr	r1, [r4, #0]
1000566c:	4051      	eors	r1, r2
1000566e:	2203      	movs	r2, #3
10005670:	400a      	ands	r2, r1
10005672:	601a      	str	r2, [r3, #0]
10005674:	2301      	movs	r3, #1
10005676:	4642      	mov	r2, r8
10005678:	4093      	lsls	r3, r2
1000567a:	68a2      	ldr	r2, [r4, #8]
1000567c:	4213      	tst	r3, r2
1000567e:	d0fc      	beq.n	1000567a <clock_configure_undivided+0xd6>
10005680:	e7c1      	b.n	10005606 <clock_configure_undivided+0x62>
10005682:	46c0      	nop			@ (mov r8, r8)
10005684:	40008000 	.word	0x40008000
10005688:	20002364 	.word	0x20002364

1000568c <clock_get_hz>:
1000568c:	4b01      	ldr	r3, [pc, #4]	@ (10005694 <clock_get_hz+0x8>)
1000568e:	0080      	lsls	r0, r0, #2
10005690:	58c0      	ldr	r0, [r0, r3]
10005692:	4770      	bx	lr
10005694:	20002364 	.word	0x20002364

10005698 <pll_init>:
10005698:	b5f8      	push	{r3, r4, r5, r6, r7, lr}
1000569a:	0004      	movs	r4, r0
1000569c:	4821      	ldr	r0, [pc, #132]	@ (10005724 <pll_init+0x8c>)
1000569e:	001e      	movs	r6, r3
100056a0:	0017      	movs	r7, r2
100056a2:	000d      	movs	r5, r1
100056a4:	f000 f9fa 	bl	10005a9c <__wrap___aeabi_uidiv>
100056a8:	0001      	movs	r1, r0
100056aa:	0038      	movs	r0, r7
100056ac:	f000 f9f6 	bl	10005a9c <__wrap___aeabi_uidiv>
100056b0:	9b06      	ldr	r3, [sp, #24]
100056b2:	0436      	lsls	r6, r6, #16
100056b4:	031b      	lsls	r3, r3, #12
100056b6:	431e      	orrs	r6, r3
100056b8:	6823      	ldr	r3, [r4, #0]
100056ba:	2b00      	cmp	r3, #0
100056bc:	db20      	blt.n	10005700 <pll_init+0x68>
100056be:	4b1a      	ldr	r3, [pc, #104]	@ (10005728 <pll_init+0x90>)
100056c0:	491a      	ldr	r1, [pc, #104]	@ (1000572c <pll_init+0x94>)
100056c2:	18e3      	adds	r3, r4, r3
100056c4:	1e5a      	subs	r2, r3, #1
100056c6:	4193      	sbcs	r3, r2
100056c8:	2280      	movs	r2, #128	@ 0x80
100056ca:	0192      	lsls	r2, r2, #6
100056cc:	4694      	mov	ip, r2
100056ce:	425b      	negs	r3, r3
100056d0:	0b1b      	lsrs	r3, r3, #12
100056d2:	4a17      	ldr	r2, [pc, #92]	@ (10005730 <pll_init+0x98>)
100056d4:	031b      	lsls	r3, r3, #12
100056d6:	4463      	add	r3, ip
100056d8:	6013      	str	r3, [r2, #0]
100056da:	4a16      	ldr	r2, [pc, #88]	@ (10005734 <pll_init+0x9c>)
100056dc:	6013      	str	r3, [r2, #0]
100056de:	001f      	movs	r7, r3
100056e0:	680a      	ldr	r2, [r1, #0]
100056e2:	4397      	bics	r7, r2
100056e4:	d1fb      	bne.n	100056de <pll_init+0x46>
100056e6:	4b14      	ldr	r3, [pc, #80]	@ (10005738 <pll_init+0xa0>)
100056e8:	6025      	str	r5, [r4, #0]
100056ea:	18e2      	adds	r2, r4, r3
100056ec:	2321      	movs	r3, #33	@ 0x21
100056ee:	60a0      	str	r0, [r4, #8]
100056f0:	6013      	str	r3, [r2, #0]
100056f2:	6823      	ldr	r3, [r4, #0]
100056f4:	2b00      	cmp	r3, #0
100056f6:	dafc      	bge.n	100056f2 <pll_init+0x5a>
100056f8:	2308      	movs	r3, #8
100056fa:	60e6      	str	r6, [r4, #12]
100056fc:	6013      	str	r3, [r2, #0]
100056fe:	bdf8      	pop	{r3, r4, r5, r6, r7, pc}
10005700:	233f      	movs	r3, #63	@ 0x3f
10005702:	6822      	ldr	r2, [r4, #0]
10005704:	4013      	ands	r3, r2
10005706:	42ab      	cmp	r3, r5
10005708:	d1d9      	bne.n	100056be <pll_init+0x26>
1000570a:	68a3      	ldr	r3, [r4, #8]
1000570c:	051b      	lsls	r3, r3, #20
1000570e:	0d1b      	lsrs	r3, r3, #20
10005710:	4283      	cmp	r3, r0
10005712:	d1d4      	bne.n	100056be <pll_init+0x26>
10005714:	22ee      	movs	r2, #238	@ 0xee
10005716:	68e3      	ldr	r3, [r4, #12]
10005718:	02d2      	lsls	r2, r2, #11
1000571a:	4013      	ands	r3, r2
1000571c:	42b3      	cmp	r3, r6
1000571e:	d1ce      	bne.n	100056be <pll_init+0x26>
10005720:	e7ed      	b.n	100056fe <pll_init+0x66>
10005722:	46c0      	nop			@ (mov r8, r8)
10005724:	00b71b00 	.word	0x00b71b00
10005728:	bffd4000 	.word	0xbffd4000
1000572c:	4000c008 	.word	0x4000c008
10005730:	4000e000 	.word	0x4000e000
10005734:	4000f000 	.word	0x4000f000
10005738:	00003004 	.word	0x00003004

1000573c <tick_start>:
1000573c:	2380      	movs	r3, #128	@ 0x80
1000573e:	4a02      	ldr	r2, [pc, #8]	@ (10005748 <tick_start+0xc>)
10005740:	009b      	lsls	r3, r3, #2
10005742:	430b      	orrs	r3, r1
10005744:	62d3      	str	r3, [r2, #44]	@ 0x2c
10005746:	4770      	bx	lr
10005748:	40058000 	.word	0x40058000

1000574c <rom_func_lookup>:
1000574c:	2300      	movs	r3, #0
1000574e:	b510      	push	{r4, lr}
10005750:	0001      	movs	r1, r0
10005752:	8a98      	ldrh	r0, [r3, #20]
10005754:	8b1b      	ldrh	r3, [r3, #24]
10005756:	4798      	blx	r3
10005758:	bd10      	pop	{r4, pc}
1000575a:	46c0      	nop			@ (mov r8, r8)

1000575c <rom_data_lookup>:
1000575c:	2316      	movs	r3, #22
1000575e:	b510      	push	{r4, lr}
10005760:	0001      	movs	r1, r0
10005762:	8818      	ldrh	r0, [r3, #0]
10005764:	3302      	adds	r3, #2
10005766:	881b      	ldrh	r3, [r3, #0]
10005768:	4798      	blx	r3
1000576a:	bd10      	pop	{r4, pc}

1000576c <rom_funcs_lookup>:
1000576c:	b5f8      	push	{r3, r4, r5, r6, r7, lr}
1000576e:	4647      	mov	r7, r8
10005770:	46ce      	mov	lr, r9
10005772:	b580      	push	{r7, lr}
10005774:	1e0f      	subs	r7, r1, #0
10005776:	d018      	beq.n	100057aa <rom_funcs_lookup+0x3e>
10005778:	2314      	movs	r3, #20
1000577a:	4699      	mov	r9, r3
1000577c:	3304      	adds	r3, #4
1000577e:	0004      	movs	r4, r0
10005780:	2500      	movs	r5, #0
10005782:	2601      	movs	r6, #1
10005784:	4698      	mov	r8, r3
10005786:	464b      	mov	r3, r9
10005788:	8818      	ldrh	r0, [r3, #0]
1000578a:	4643      	mov	r3, r8
1000578c:	6821      	ldr	r1, [r4, #0]
1000578e:	881b      	ldrh	r3, [r3, #0]
10005790:	4798      	blx	r3
10005792:	c401      	stmia	r4!, {r0}
10005794:	1e43      	subs	r3, r0, #1
10005796:	4198      	sbcs	r0, r3
10005798:	3501      	adds	r5, #1
1000579a:	4006      	ands	r6, r0
1000579c:	42af      	cmp	r7, r5
1000579e:	d1f2      	bne.n	10005786 <rom_funcs_lookup+0x1a>
100057a0:	0030      	movs	r0, r6
100057a2:	bcc0      	pop	{r6, r7}
100057a4:	46b9      	mov	r9, r7
100057a6:	46b0      	mov	r8, r6
100057a8:	bdf8      	pop	{r3, r4, r5, r6, r7, pc}
100057aa:	2601      	movs	r6, #1
100057ac:	e7f8      	b.n	100057a0 <rom_funcs_lookup+0x34>
100057ae:	46c0      	nop			@ (mov r8, r8)

100057b0 <rom_reset_usb_boot>:
100057b0:	2300      	movs	r3, #0
100057b2:	b570      	push	{r4, r5, r6, lr}
100057b4:	0004      	movs	r4, r0
100057b6:	000d      	movs	r5, r1
100057b8:	8a98      	ldrh	r0, [r3, #20]
100057ba:	4903      	ldr	r1, [pc, #12]	@ (100057c8 <rom_reset_usb_boot+0x18>)
100057bc:	8b1b      	ldrh	r3, [r3, #24]
100057be:	4798      	blx	r3
100057c0:	0029      	movs	r1, r5
100057c2:	0003      	movs	r3, r0
100057c4:	0020      	movs	r0, r4
100057c6:	4798      	blx	r3
100057c8:	00004255 	.word	0x00004255

100057cc <xosc_init>:
100057cc:	23aa      	movs	r3, #170	@ 0xaa
100057ce:	4a06      	ldr	r2, [pc, #24]	@ (100057e8 <xosc_init+0x1c>)
100057d0:	011b      	lsls	r3, r3, #4
100057d2:	6013      	str	r3, [r2, #0]
100057d4:	238d      	movs	r3, #141	@ 0x8d
100057d6:	005b      	lsls	r3, r3, #1
100057d8:	60d3      	str	r3, [r2, #12]
100057da:	4904      	ldr	r1, [pc, #16]	@ (100057ec <xosc_init+0x20>)
100057dc:	4b04      	ldr	r3, [pc, #16]	@ (100057f0 <xosc_init+0x24>)
100057de:	6019      	str	r1, [r3, #0]
100057e0:	6853      	ldr	r3, [r2, #4]
100057e2:	2b00      	cmp	r3, #0
100057e4:	dafc      	bge.n	100057e0 <xosc_init+0x14>
100057e6:	4770      	bx	lr
100057e8:	40024000 	.word	0x40024000
100057ec:	00fab000 	.word	0x00fab000
100057f0:	40026000 	.word	0x40026000

100057f4 <first_per_core_initializer>:
100057f4:	4770      	bx	lr
100057f6:	46c0      	nop			@ (mov r8, r8)

100057f8 <hard_assertion_failure>:
100057f8:	b510      	push	{r4, lr}
100057fa:	4801      	ldr	r0, [pc, #4]	@ (10005800 <hard_assertion_failure+0x8>)
100057fc:	f7fe ff6a 	bl	100046d4 <panic>
10005800:	1000c61c 	.word	0x1000c61c

10005804 <runtime_run_initializers>:
10005804:	b570      	push	{r4, r5, r6, lr}
10005806:	4d07      	ldr	r5, [pc, #28]	@ (10005824 <runtime_run_initializers+0x20>)
10005808:	4e07      	ldr	r6, [pc, #28]	@ (10005828 <runtime_run_initializers+0x24>)
1000580a:	42b5      	cmp	r5, r6
1000580c:	d209      	bcs.n	10005822 <runtime_run_initializers+0x1e>
1000580e:	2400      	movs	r4, #0
10005810:	3e01      	subs	r6, #1
10005812:	1b76      	subs	r6, r6, r5
10005814:	08b6      	lsrs	r6, r6, #2
10005816:	cd08      	ldmia	r5!, {r3}
10005818:	4798      	blx	r3
1000581a:	0023      	movs	r3, r4
1000581c:	3401      	adds	r4, #1
1000581e:	42b3      	cmp	r3, r6
10005820:	d1f9      	bne.n	10005816 <runtime_run_initializers+0x12>
10005822:	bd70      	pop	{r4, r5, r6, pc}
10005824:	1000afd8 	.word	0x1000afd8
10005828:	1000b014 	.word	0x1000b014

1000582c <runtime_init_early_resets>:
1000582c:	4b05      	ldr	r3, [pc, #20]	@ (10005844 <runtime_init_early_resets+0x18>)
1000582e:	4a06      	ldr	r2, [pc, #24]	@ (10005848 <runtime_init_early_resets+0x1c>)
10005830:	4906      	ldr	r1, [pc, #24]	@ (1000584c <runtime_init_early_resets+0x20>)
10005832:	601a      	str	r2, [r3, #0]
10005834:	4a06      	ldr	r2, [pc, #24]	@ (10005850 <runtime_init_early_resets+0x24>)
10005836:	4b07      	ldr	r3, [pc, #28]	@ (10005854 <runtime_init_early_resets+0x28>)
10005838:	601a      	str	r2, [r3, #0]
1000583a:	0010      	movs	r0, r2
1000583c:	680b      	ldr	r3, [r1, #0]
1000583e:	4398      	bics	r0, r3
10005840:	d1fb      	bne.n	1000583a <runtime_init_early_resets+0xe>
10005842:	4770      	bx	lr
10005844:	4000e000 	.word	0x4000e000
10005848:	fefbcdbf 	.word	0xfefbcdbf
1000584c:	4000c008 	.word	0x4000c008
10005850:	003c7ffe 	.word	0x003c7ffe
10005854:	4000f000 	.word	0x4000f000

10005858 <runtime_init_usb_power_down>:
10005858:	4b04      	ldr	r3, [pc, #16]	@ (1000586c <runtime_init_usb_power_down+0x14>)
1000585a:	6cdb      	ldr	r3, [r3, #76]	@ 0x4c
1000585c:	2b00      	cmp	r3, #0
1000585e:	d103      	bne.n	10005868 <runtime_init_usb_power_down+0x10>
10005860:	2280      	movs	r2, #128	@ 0x80
10005862:	4b03      	ldr	r3, [pc, #12]	@ (10005870 <runtime_init_usb_power_down+0x18>)
10005864:	02d2      	lsls	r2, r2, #11
10005866:	601a      	str	r2, [r3, #0]
10005868:	4770      	bx	lr
1000586a:	46c0      	nop			@ (mov r8, r8)
1000586c:	50110000 	.word	0x50110000
10005870:	5011204c 	.word	0x5011204c

10005874 <runtime_init_post_clock_resets>:
10005874:	4a04      	ldr	r2, [pc, #16]	@ (10005888 <runtime_init_post_clock_resets+0x14>)
10005876:	4b05      	ldr	r3, [pc, #20]	@ (1000588c <runtime_init_post_clock_resets+0x18>)
10005878:	601a      	str	r2, [r3, #0]
1000587a:	4a05      	ldr	r2, [pc, #20]	@ (10005890 <runtime_init_post_clock_resets+0x1c>)
1000587c:	6813      	ldr	r3, [r2, #0]
1000587e:	01db      	lsls	r3, r3, #7
10005880:	3380      	adds	r3, #128	@ 0x80
10005882:	d1fb      	bne.n	1000587c <runtime_init_post_clock_resets+0x8>
10005884:	4770      	bx	lr
10005886:	46c0      	nop			@ (mov r8, r8)
10005888:	01ffffff 	.word	0x01ffffff
1000588c:	4000f000 	.word	0x4000f000
10005890:	4000c008 	.word	0x4000c008

10005894 <runtime_init_rp2040_gpio_ie_disable>:
10005894:	2240      	movs	r2, #64	@ 0x40
10005896:	4b03      	ldr	r3, [pc, #12]	@ (100058a4 <runtime_init_rp2040_gpio_ie_disable+0x10>)
10005898:	679a      	str	r2, [r3, #120]	@ 0x78
1000589a:	675a      	str	r2, [r3, #116]	@ 0x74
1000589c:	671a      	str	r2, [r3, #112]	@ 0x70
1000589e:	66da      	str	r2, [r3, #108]	@ 0x6c
100058a0:	4770      	bx	lr
100058a2:	46c0      	nop			@ (mov r8, r8)
100058a4:	4001f000 	.word	0x4001f000

100058a8 <runtime_init_spin_locks_reset>:
100058a8:	b510      	push	{r4, lr}
100058aa:	f7fe ffcf 	bl	1000484c <spin_locks_reset>
100058ae:	bd10      	pop	{r4, pc}

100058b0 <runtime_init_install_ram_vector_table>:
100058b0:	b5f8      	push	{r3, r4, r5, r6, r7, lr}
100058b2:	4927      	ldr	r1, [pc, #156]	@ (10005950 <runtime_init_install_ram_vector_table+0xa0>)
100058b4:	4c27      	ldr	r4, [pc, #156]	@ (10005954 <runtime_init_install_ram_vector_table+0xa4>)
100058b6:	4d28      	ldr	r5, [pc, #160]	@ (10005958 <runtime_init_install_ram_vector_table+0xa8>)
100058b8:	1a64      	subs	r4, r4, r1
100058ba:	10a6      	asrs	r6, r4, #2
100058bc:	0032      	movs	r2, r6
100058be:	2e30      	cmp	r6, #48	@ 0x30
100058c0:	d900      	bls.n	100058c4 <runtime_init_install_ram_vector_table+0x14>
100058c2:	2230      	movs	r2, #48	@ 0x30
100058c4:	0028      	movs	r0, r5
100058c6:	0092      	lsls	r2, r2, #2
100058c8:	f000 ff7c 	bl	100067c4 <__wrap___aeabi_memcpy>
100058cc:	2cbc      	cmp	r4, #188	@ 0xbc
100058ce:	d83b      	bhi.n	10005948 <runtime_init_install_ram_vector_table+0x98>
100058d0:	2030      	movs	r0, #48	@ 0x30
100058d2:	232f      	movs	r3, #47	@ 0x2f
100058d4:	192c      	adds	r4, r5, r4
100058d6:	0764      	lsls	r4, r4, #29
100058d8:	4a20      	ldr	r2, [pc, #128]	@ (1000595c <runtime_init_install_ram_vector_table+0xac>)
100058da:	1b80      	subs	r0, r0, r6
100058dc:	0fe4      	lsrs	r4, r4, #31
100058de:	1b9b      	subs	r3, r3, r6
100058e0:	2b05      	cmp	r3, #5
100058e2:	d916      	bls.n	10005912 <runtime_init_install_ram_vector_table+0x62>
100058e4:	0037      	movs	r7, r6
100058e6:	2c00      	cmp	r4, #0
100058e8:	d002      	beq.n	100058f0 <runtime_init_install_ram_vector_table+0x40>
100058ea:	00b3      	lsls	r3, r6, #2
100058ec:	1c77      	adds	r7, r6, #1
100058ee:	50ea      	str	r2, [r5, r3]
100058f0:	1b00      	subs	r0, r0, r4
100058f2:	1933      	adds	r3, r6, r4
100058f4:	009b      	lsls	r3, r3, #2
100058f6:	0841      	lsrs	r1, r0, #1
100058f8:	18eb      	adds	r3, r5, r3
100058fa:	00c9      	lsls	r1, r1, #3
100058fc:	18c9      	adds	r1, r1, r3
100058fe:	601a      	str	r2, [r3, #0]
10005900:	605a      	str	r2, [r3, #4]
10005902:	3308      	adds	r3, #8
10005904:	4299      	cmp	r1, r3
10005906:	d1fa      	bne.n	100058fe <runtime_init_install_ram_vector_table+0x4e>
10005908:	2301      	movs	r3, #1
1000590a:	4203      	tst	r3, r0
1000590c:	d01c      	beq.n	10005948 <runtime_init_install_ram_vector_table+0x98>
1000590e:	4398      	bics	r0, r3
10005910:	19c6      	adds	r6, r0, r7
10005912:	00b3      	lsls	r3, r6, #2
10005914:	50ea      	str	r2, [r5, r3]
10005916:	1c73      	adds	r3, r6, #1
10005918:	2e2f      	cmp	r6, #47	@ 0x2f
1000591a:	d015      	beq.n	10005948 <runtime_init_install_ram_vector_table+0x98>
1000591c:	009b      	lsls	r3, r3, #2
1000591e:	50ea      	str	r2, [r5, r3]
10005920:	1cb3      	adds	r3, r6, #2
10005922:	2e2e      	cmp	r6, #46	@ 0x2e
10005924:	d010      	beq.n	10005948 <runtime_init_install_ram_vector_table+0x98>
10005926:	009b      	lsls	r3, r3, #2
10005928:	50ea      	str	r2, [r5, r3]
1000592a:	1cf3      	adds	r3, r6, #3
1000592c:	2e2d      	cmp	r6, #45	@ 0x2d
1000592e:	d00b      	beq.n	10005948 <runtime_init_install_ram_vector_table+0x98>
10005930:	009b      	lsls	r3, r3, #2
10005932:	50ea      	str	r2, [r5, r3]
10005934:	1d33      	adds	r3, r6, #4
10005936:	2e2c      	cmp	r6, #44	@ 0x2c
10005938:	d006      	beq.n	10005948 <runtime_init_install_ram_vector_table+0x98>
1000593a:	009b      	lsls	r3, r3, #2
1000593c:	50ea      	str	r2, [r5, r3]
1000593e:	1d73      	adds	r3, r6, #5
10005940:	2e2b      	cmp	r6, #43	@ 0x2b
10005942:	d001      	beq.n	10005948 <runtime_init_install_ram_vector_table+0x98>
10005944:	009b      	lsls	r3, r3, #2
10005946:	50ea      	str	r2, [r5, r3]
10005948:	4b05      	ldr	r3, [pc, #20]	@ (10005960 <runtime_init_install_ram_vector_table+0xb0>)
1000594a:	609d      	str	r5, [r3, #8]
1000594c:	bdf8      	pop	{r3, r4, r5, r6, r7, pc}
1000594e:	46c0      	nop			@ (mov r8, r8)
10005950:	10000100 	.word	0x10000100
10005954:	100001c0 	.word	0x100001c0
10005958:	20000000 	.word	0x20000000
1000595c:	100001c1 	.word	0x100001c1
10005960:	e000ed00 	.word	0xe000ed00

10005964 <runtime_init_clocks>:
10005964:	2300      	movs	r3, #0
10005966:	b510      	push	{r4, lr}
10005968:	4c29      	ldr	r4, [pc, #164]	@ (10005a10 <runtime_init_clocks+0xac>)
1000596a:	b082      	sub	sp, #8
1000596c:	67a3      	str	r3, [r4, #120]	@ 0x78
1000596e:	f7ff ff2d 	bl	100057cc <xosc_init>
10005972:	2201      	movs	r2, #1
10005974:	4b27      	ldr	r3, [pc, #156]	@ (10005a14 <runtime_init_clocks+0xb0>)
10005976:	601a      	str	r2, [r3, #0]
10005978:	6c63      	ldr	r3, [r4, #68]	@ 0x44
1000597a:	2b01      	cmp	r3, #1
1000597c:	d1fc      	bne.n	10005978 <runtime_init_clocks+0x14>
1000597e:	2203      	movs	r2, #3
10005980:	4b25      	ldr	r3, [pc, #148]	@ (10005a18 <runtime_init_clocks+0xb4>)
10005982:	601a      	str	r2, [r3, #0]
10005984:	4a22      	ldr	r2, [pc, #136]	@ (10005a10 <runtime_init_clocks+0xac>)
10005986:	6b93      	ldr	r3, [r2, #56]	@ 0x38
10005988:	2b01      	cmp	r3, #1
1000598a:	d1fc      	bne.n	10005986 <runtime_init_clocks+0x22>
1000598c:	3301      	adds	r3, #1
1000598e:	9300      	str	r3, [sp, #0]
10005990:	2101      	movs	r1, #1
10005992:	4a22      	ldr	r2, [pc, #136]	@ (10005a1c <runtime_init_clocks+0xb8>)
10005994:	4822      	ldr	r0, [pc, #136]	@ (10005a20 <runtime_init_clocks+0xbc>)
10005996:	3304      	adds	r3, #4
10005998:	f7ff fe7e 	bl	10005698 <pll_init>
1000599c:	2305      	movs	r3, #5
1000599e:	2101      	movs	r1, #1
100059a0:	9300      	str	r3, [sp, #0]
100059a2:	4a20      	ldr	r2, [pc, #128]	@ (10005a24 <runtime_init_clocks+0xc0>)
100059a4:	4820      	ldr	r0, [pc, #128]	@ (10005a28 <runtime_init_clocks+0xc4>)
100059a6:	f7ff fe77 	bl	10005698 <pll_init>
100059aa:	2200      	movs	r2, #0
100059ac:	2102      	movs	r1, #2
100059ae:	2004      	movs	r0, #4
100059b0:	4b1e      	ldr	r3, [pc, #120]	@ (10005a2c <runtime_init_clocks+0xc8>)
100059b2:	f7ff fdf7 	bl	100055a4 <clock_configure_undivided>
100059b6:	2200      	movs	r2, #0
100059b8:	2101      	movs	r1, #1
100059ba:	2005      	movs	r0, #5
100059bc:	4b1c      	ldr	r3, [pc, #112]	@ (10005a30 <runtime_init_clocks+0xcc>)
100059be:	f7ff fdf1 	bl	100055a4 <clock_configure_undivided>
100059c2:	2200      	movs	r2, #0
100059c4:	2100      	movs	r1, #0
100059c6:	2007      	movs	r0, #7
100059c8:	4b1a      	ldr	r3, [pc, #104]	@ (10005a34 <runtime_init_clocks+0xd0>)
100059ca:	f7ff fdeb 	bl	100055a4 <clock_configure_undivided>
100059ce:	2200      	movs	r2, #0
100059d0:	2100      	movs	r1, #0
100059d2:	2008      	movs	r0, #8
100059d4:	4b17      	ldr	r3, [pc, #92]	@ (10005a34 <runtime_init_clocks+0xd0>)
100059d6:	f7ff fde5 	bl	100055a4 <clock_configure_undivided>
100059da:	2380      	movs	r3, #128	@ 0x80
100059dc:	00db      	lsls	r3, r3, #3
100059de:	9300      	str	r3, [sp, #0]
100059e0:	2200      	movs	r2, #0
100059e2:	2100      	movs	r1, #0
100059e4:	2009      	movs	r0, #9
100059e6:	4b13      	ldr	r3, [pc, #76]	@ (10005a34 <runtime_init_clocks+0xd0>)
100059e8:	f7ff fd62 	bl	100054b0 <clock_configure_int_divider>
100059ec:	2200      	movs	r2, #0
100059ee:	4b10      	ldr	r3, [pc, #64]	@ (10005a30 <runtime_init_clocks+0xcc>)
100059f0:	2100      	movs	r1, #0
100059f2:	2006      	movs	r0, #6
100059f4:	f7ff fdd6 	bl	100055a4 <clock_configure_undivided>
100059f8:	2004      	movs	r0, #4
100059fa:	f7ff fe47 	bl	1000568c <clock_get_hz>
100059fe:	490e      	ldr	r1, [pc, #56]	@ (10005a38 <runtime_init_clocks+0xd4>)
10005a00:	f000 f84c 	bl	10005a9c <__wrap___aeabi_uidiv>
10005a04:	0001      	movs	r1, r0
10005a06:	2000      	movs	r0, #0
10005a08:	f7ff fe98 	bl	1000573c <tick_start>
10005a0c:	b002      	add	sp, #8
10005a0e:	bd10      	pop	{r4, pc}
10005a10:	40008000 	.word	0x40008000
10005a14:	4000b03c 	.word	0x4000b03c
10005a18:	4000b030 	.word	0x4000b030
10005a1c:	59682f00 	.word	0x59682f00
10005a20:	40028000 	.word	0x40028000
10005a24:	47868c00 	.word	0x47868c00
10005a28:	4002c000 	.word	0x4002c000
10005a2c:	00b71b00 	.word	0x00b71b00
10005a30:	07735940 	.word	0x07735940
10005a34:	02dc6c00 	.word	0x02dc6c00
10005a38:	000f4240 	.word	0x000f4240

10005a3c <__aeabi_bits_init>:
10005a3c:	4801      	ldr	r0, [pc, #4]	@ (10005a44 <__aeabi_bits_init+0x8>)
10005a3e:	2104      	movs	r1, #4
10005a40:	4b01      	ldr	r3, [pc, #4]	@ (10005a48 <__aeabi_bits_init+0xc>)
10005a42:	4718      	bx	r3
10005a44:	200010a0 	.word	0x200010a0
10005a48:	1000576d 	.word	0x1000576d

10005a4c <__wrap___aeabi_idiv>:
10005a4c:	4a12      	ldr	r2, [pc, #72]	@ (10005a98 <divmod_s32s32_savestate+0x18>)
10005a4e:	6f93      	ldr	r3, [r2, #120]	@ 0x78
10005a50:	089b      	lsrs	r3, r3, #2
10005a52:	d215      	bcs.n	10005a80 <divmod_s32s32_savestate>

10005a54 <divmod_s32s32_unsafe>:
10005a54:	6690      	str	r0, [r2, #104]	@ 0x68
10005a56:	66d1      	str	r1, [r2, #108]	@ 0x6c
10005a58:	2900      	cmp	r1, #0
10005a5a:	d005      	beq.n	10005a68 <divmod_s32s32_unsafe+0x14>
10005a5c:	e7ff      	b.n	10005a5e <divmod_s32s32_unsafe+0xa>
10005a5e:	e7ff      	b.n	10005a60 <divmod_s32s32_unsafe+0xc>
10005a60:	e7ff      	b.n	10005a62 <divmod_s32s32_unsafe+0xe>
10005a62:	6f51      	ldr	r1, [r2, #116]	@ 0x74
10005a64:	6f10      	ldr	r0, [r2, #112]	@ 0x70
10005a66:	4770      	bx	lr
10005a68:	b504      	push	{r2, lr}
10005a6a:	2180      	movs	r1, #128	@ 0x80
10005a6c:	0609      	lsls	r1, r1, #24
10005a6e:	17c2      	asrs	r2, r0, #31
10005a70:	4051      	eors	r1, r2
10005a72:	2800      	cmp	r0, #0
10005a74:	d000      	beq.n	10005a78 <divmod_s32s32_unsafe+0x24>
10005a76:	43c8      	mvns	r0, r1
10005a78:	f005 fa86 	bl	1000af88 <____aeabi_idiv0_veneer>
10005a7c:	2100      	movs	r1, #0
10005a7e:	bd04      	pop	{r2, pc}

10005a80 <divmod_s32s32_savestate>:
10005a80:	b5f0      	push	{r4, r5, r6, r7, lr}
10005a82:	6e14      	ldr	r4, [r2, #96]	@ 0x60
10005a84:	6e55      	ldr	r5, [r2, #100]	@ 0x64
10005a86:	6f57      	ldr	r7, [r2, #116]	@ 0x74
10005a88:	6f16      	ldr	r6, [r2, #112]	@ 0x70
10005a8a:	f7ff ffe3 	bl	10005a54 <divmod_s32s32_unsafe>
10005a8e:	6614      	str	r4, [r2, #96]	@ 0x60
10005a90:	6655      	str	r5, [r2, #100]	@ 0x64
10005a92:	6757      	str	r7, [r2, #116]	@ 0x74
10005a94:	6716      	str	r6, [r2, #112]	@ 0x70
10005a96:	bdf0      	pop	{r4, r5, r6, r7, pc}
10005a98:	d0000000 	.word	0xd0000000

10005a9c <__wrap___aeabi_uidiv>:
10005a9c:	4a11      	ldr	r2, [pc, #68]	@ (10005ae4 <divmod_u32u32_savestate+0x18>)
10005a9e:	6f93      	ldr	r3, [r2, #120]	@ 0x78
10005aa0:	089b      	lsrs	r3, r3, #2
10005aa2:	d213      	bcs.n	10005acc <divmod_u32u32_savestate>

10005aa4 <divmod_u32u32_unsafe>:
10005aa4:	6610      	str	r0, [r2, #96]	@ 0x60
10005aa6:	6651      	str	r1, [r2, #100]	@ 0x64
10005aa8:	2900      	cmp	r1, #0
10005aaa:	d005      	beq.n	10005ab8 <divmod_u32u32_unsafe+0x14>
10005aac:	e7ff      	b.n	10005aae <divmod_u32u32_unsafe+0xa>
10005aae:	e7ff      	b.n	10005ab0 <divmod_u32u32_unsafe+0xc>
10005ab0:	e7ff      	b.n	10005ab2 <divmod_u32u32_unsafe+0xe>
10005ab2:	6f51      	ldr	r1, [r2, #116]	@ 0x74
10005ab4:	6f10      	ldr	r0, [r2, #112]	@ 0x70
10005ab6:	4770      	bx	lr
10005ab8:	b504      	push	{r2, lr}
10005aba:	2800      	cmp	r0, #0
10005abc:	d001      	beq.n	10005ac2 <divmod_u32u32_unsafe+0x1e>
10005abe:	2000      	movs	r0, #0
10005ac0:	43c0      	mvns	r0, r0
10005ac2:	f005 fa61 	bl	1000af88 <____aeabi_idiv0_veneer>
10005ac6:	2100      	movs	r1, #0
10005ac8:	bd04      	pop	{r2, pc}
10005aca:	46c0      	nop			@ (mov r8, r8)

10005acc <divmod_u32u32_savestate>:
10005acc:	b5f0      	push	{r4, r5, r6, r7, lr}
10005ace:	6e14      	ldr	r4, [r2, #96]	@ 0x60
10005ad0:	6e55      	ldr	r5, [r2, #100]	@ 0x64
10005ad2:	6f57      	ldr	r7, [r2, #116]	@ 0x74
10005ad4:	6f16      	ldr	r6, [r2, #112]	@ 0x70
10005ad6:	f7ff ffe5 	bl	10005aa4 <divmod_u32u32_unsafe>
10005ada:	6614      	str	r4, [r2, #96]	@ 0x60
10005adc:	6655      	str	r5, [r2, #100]	@ 0x64
10005ade:	6757      	str	r7, [r2, #116]	@ 0x74
10005ae0:	6716      	str	r6, [r2, #112]	@ 0x70
10005ae2:	bdf0      	pop	{r4, r5, r6, r7, pc}
10005ae4:	d0000000 	.word	0xd0000000

10005ae8 <__wrap___aeabi_ldivmod>:
10005ae8:	4694      	mov	ip, r2
10005aea:	4a4a      	ldr	r2, [pc, #296]	@ (10005c14 <udiv0+0x1a>)
10005aec:	6f92      	ldr	r2, [r2, #120]	@ 0x78
10005aee:	0892      	lsrs	r2, r2, #2
10005af0:	4662      	mov	r2, ip
10005af2:	d201      	bcs.n	10005af8 <divmod_s64s64_savestate>
10005af4:	e028      	b.n	10005b48 <divmod_s64s64_unsafe>
10005af6:	46c0      	nop			@ (mov r8, r8)

10005af8 <divmod_s64s64_savestate>:
10005af8:	b5f0      	push	{r4, r5, r6, r7, lr}
10005afa:	4e46      	ldr	r6, [pc, #280]	@ (10005c14 <udiv0+0x1a>)
10005afc:	6e34      	ldr	r4, [r6, #96]	@ 0x60
10005afe:	6e75      	ldr	r5, [r6, #100]	@ 0x64
10005b00:	6f77      	ldr	r7, [r6, #116]	@ 0x74
10005b02:	6f36      	ldr	r6, [r6, #112]	@ 0x70
10005b04:	f000 f820 	bl	10005b48 <divmod_s64s64_unsafe>
10005b08:	4694      	mov	ip, r2
10005b0a:	4a42      	ldr	r2, [pc, #264]	@ (10005c14 <udiv0+0x1a>)
10005b0c:	6614      	str	r4, [r2, #96]	@ 0x60
10005b0e:	6655      	str	r5, [r2, #100]	@ 0x64
10005b10:	6757      	str	r7, [r2, #116]	@ 0x74
10005b12:	6716      	str	r6, [r2, #112]	@ 0x70
10005b14:	4662      	mov	r2, ip
10005b16:	bdf0      	pop	{r4, r5, r6, r7, pc}

10005b18 <__wrap___aeabi_uldivmod>:
10005b18:	4694      	mov	ip, r2
10005b1a:	4a3e      	ldr	r2, [pc, #248]	@ (10005c14 <udiv0+0x1a>)
10005b1c:	6f92      	ldr	r2, [r2, #120]	@ 0x78
10005b1e:	0892      	lsrs	r2, r2, #2
10005b20:	4662      	mov	r2, ip
10005b22:	d201      	bcs.n	10005b28 <divmod_u64u64_savestate>
10005b24:	e054      	b.n	10005bd0 <divmod_u64u64_unsafe>
10005b26:	46c0      	nop			@ (mov r8, r8)

10005b28 <divmod_u64u64_savestate>:
10005b28:	b5f0      	push	{r4, r5, r6, r7, lr}
10005b2a:	4e3a      	ldr	r6, [pc, #232]	@ (10005c14 <udiv0+0x1a>)
10005b2c:	6e34      	ldr	r4, [r6, #96]	@ 0x60
10005b2e:	6e75      	ldr	r5, [r6, #100]	@ 0x64
10005b30:	6f77      	ldr	r7, [r6, #116]	@ 0x74
10005b32:	6f36      	ldr	r6, [r6, #112]	@ 0x70
10005b34:	f000 f84c 	bl	10005bd0 <divmod_u64u64_unsafe>
10005b38:	4694      	mov	ip, r2
10005b3a:	4a36      	ldr	r2, [pc, #216]	@ (10005c14 <udiv0+0x1a>)
10005b3c:	6614      	str	r4, [r2, #96]	@ 0x60
10005b3e:	6655      	str	r5, [r2, #100]	@ 0x64
10005b40:	6757      	str	r7, [r2, #116]	@ 0x74
10005b42:	6716      	str	r6, [r2, #112]	@ 0x70
10005b44:	4662      	mov	r2, ip
10005b46:	bdf0      	pop	{r4, r5, r6, r7, pc}

10005b48 <divmod_s64s64_unsafe>:
10005b48:	2b00      	cmp	r3, #0
10005b4a:	db24      	blt.n	10005b96 <l42_1+0x26>
10005b4c:	d011      	beq.n	10005b72 <l42_1+0x2>
10005b4e:	2900      	cmp	r1, #0
10005b50:	da3e      	bge.n	10005bd0 <divmod_u64u64_unsafe>
10005b52:	b500      	push	{lr}
10005b54:	43c9      	mvns	r1, r1
10005b56:	4240      	negs	r0, r0
10005b58:	d100      	bne.n	10005b5c <l40_1>
10005b5a:	3101      	adds	r1, #1

10005b5c <l40_1>:
10005b5c:	f000 f838 	bl	10005bd0 <divmod_u64u64_unsafe>
10005b60:	43c9      	mvns	r1, r1
10005b62:	4240      	negs	r0, r0
10005b64:	d100      	bne.n	10005b68 <l41_1>
10005b66:	3101      	adds	r1, #1

10005b68 <l41_1>:
10005b68:	43db      	mvns	r3, r3
10005b6a:	4252      	negs	r2, r2
10005b6c:	d100      	bne.n	10005b70 <l42_1>
10005b6e:	3301      	adds	r3, #1

10005b70 <l42_1>:
10005b70:	bd00      	pop	{pc}
10005b72:	2a00      	cmp	r2, #0
10005b74:	d1eb      	bne.n	10005b4e <divmod_s64s64_unsafe+0x6>
10005b76:	2800      	cmp	r0, #0
10005b78:	d101      	bne.n	10005b7e <l42_1+0xe>
10005b7a:	2900      	cmp	r1, #0
10005b7c:	d005      	beq.n	10005b8a <l42_1+0x1a>
10005b7e:	2000      	movs	r0, #0
10005b80:	0fc9      	lsrs	r1, r1, #31
10005b82:	07c9      	lsls	r1, r1, #31
10005b84:	d101      	bne.n	10005b8a <l42_1+0x1a>
10005b86:	43c0      	mvns	r0, r0
10005b88:	0841      	lsrs	r1, r0, #1
10005b8a:	b500      	push	{lr}
10005b8c:	f005 f9d4 	bl	1000af38 <____aeabi_ldiv0_veneer>
10005b90:	2200      	movs	r2, #0
10005b92:	2300      	movs	r3, #0
10005b94:	bd00      	pop	{pc}
10005b96:	b500      	push	{lr}
10005b98:	2900      	cmp	r1, #0
10005b9a:	db0a      	blt.n	10005bb2 <l44_1+0x2>
10005b9c:	43db      	mvns	r3, r3
10005b9e:	4252      	negs	r2, r2
10005ba0:	d100      	bne.n	10005ba4 <l43_1>
10005ba2:	3301      	adds	r3, #1

10005ba4 <l43_1>:
10005ba4:	f000 f814 	bl	10005bd0 <divmod_u64u64_unsafe>
10005ba8:	43c9      	mvns	r1, r1
10005baa:	4240      	negs	r0, r0
10005bac:	d100      	bne.n	10005bb0 <l44_1>
10005bae:	3101      	adds	r1, #1

10005bb0 <l44_1>:
10005bb0:	bd00      	pop	{pc}
10005bb2:	43c9      	mvns	r1, r1
10005bb4:	4240      	negs	r0, r0
10005bb6:	d100      	bne.n	10005bba <l45_1>
10005bb8:	3101      	adds	r1, #1

10005bba <l45_1>:
10005bba:	43db      	mvns	r3, r3
10005bbc:	4252      	negs	r2, r2
10005bbe:	d100      	bne.n	10005bc2 <l46_1>
10005bc0:	3301      	adds	r3, #1

10005bc2 <l46_1>:
10005bc2:	f000 f805 	bl	10005bd0 <divmod_u64u64_unsafe>
10005bc6:	43db      	mvns	r3, r3
10005bc8:	4252      	negs	r2, r2
10005bca:	d100      	bne.n	10005bce <l47_1>
10005bcc:	3301      	adds	r3, #1

10005bce <l47_1>:
10005bce:	bd00      	pop	{pc}

10005bd0 <divmod_u64u64_unsafe>:
10005bd0:	2900      	cmp	r1, #0
10005bd2:	d123      	bne.n	10005c1c <y64>
10005bd4:	2b00      	cmp	r3, #0
10005bd6:	d118      	bne.n	10005c0a <udiv0+0x10>
10005bd8:	2a00      	cmp	r2, #0
10005bda:	d00c      	beq.n	10005bf6 <divmod_u64u64_unsafe+0x26>
10005bdc:	46bc      	mov	ip, r7
10005bde:	4f0d      	ldr	r7, [pc, #52]	@ (10005c14 <udiv0+0x1a>)
10005be0:	6638      	str	r0, [r7, #96]	@ 0x60
10005be2:	667a      	str	r2, [r7, #100]	@ 0x64
10005be4:	2100      	movs	r1, #0
10005be6:	2300      	movs	r3, #0
10005be8:	e7ff      	b.n	10005bea <divmod_u64u64_unsafe+0x1a>
10005bea:	e7ff      	b.n	10005bec <divmod_u64u64_unsafe+0x1c>
10005bec:	e7ff      	b.n	10005bee <divmod_u64u64_unsafe+0x1e>
10005bee:	6f7a      	ldr	r2, [r7, #116]	@ 0x74
10005bf0:	6f38      	ldr	r0, [r7, #112]	@ 0x70
10005bf2:	4667      	mov	r7, ip
10005bf4:	4770      	bx	lr
10005bf6:	2800      	cmp	r0, #0
10005bf8:	d001      	beq.n	10005bfe <udiv0+0x4>

10005bfa <udiv0>:
10005bfa:	4807      	ldr	r0, [pc, #28]	@ (10005c18 <udiv0+0x1e>)
10005bfc:	0001      	movs	r1, r0
10005bfe:	b500      	push	{lr}
10005c00:	f005 f99a 	bl	1000af38 <____aeabi_ldiv0_veneer>
10005c04:	2200      	movs	r2, #0
10005c06:	2300      	movs	r3, #0
10005c08:	bd00      	pop	{pc}
10005c0a:	0002      	movs	r2, r0
10005c0c:	000b      	movs	r3, r1
10005c0e:	2000      	movs	r0, #0
10005c10:	2100      	movs	r1, #0
10005c12:	4770      	bx	lr
10005c14:	d0000000 	.word	0xd0000000
10005c18:	ffffffff 	.word	0xffffffff

10005c1c <y64>:
10005c1c:	2b00      	cmp	r3, #0
10005c1e:	d000      	beq.n	10005c22 <y64+0x6>
10005c20:	e0bf      	b.n	10005da2 <y64_x48>
10005c22:	0c13      	lsrs	r3, r2, #16
10005c24:	d128      	bne.n	10005c78 <y64_x32>
10005c26:	2a00      	cmp	r2, #0
10005c28:	d0e7      	beq.n	10005bfa <udiv0>
10005c2a:	b480      	push	{r7}
10005c2c:	4f11      	ldr	r7, [pc, #68]	@ (10005c74 <y64+0x58>)
10005c2e:	6639      	str	r1, [r7, #96]	@ 0x60
10005c30:	667a      	str	r2, [r7, #100]	@ 0x64
10005c32:	e7ff      	b.n	10005c34 <y64+0x18>
10005c34:	e7ff      	b.n	10005c36 <y64+0x1a>
10005c36:	b430      	push	{r4, r5}
10005c38:	0c04      	lsrs	r4, r0, #16
10005c3a:	6f7b      	ldr	r3, [r7, #116]	@ 0x74
10005c3c:	6f39      	ldr	r1, [r7, #112]	@ 0x70
10005c3e:	041b      	lsls	r3, r3, #16
10005c40:	4323      	orrs	r3, r4
10005c42:	663b      	str	r3, [r7, #96]	@ 0x60
10005c44:	667a      	str	r2, [r7, #100]	@ 0x64
10005c46:	e7ff      	b.n	10005c48 <y64+0x2c>
10005c48:	e7ff      	b.n	10005c4a <y64+0x2e>
10005c4a:	e7ff      	b.n	10005c4c <y64+0x30>
10005c4c:	46c0      	nop			@ (mov r8, r8)
10005c4e:	b284      	uxth	r4, r0
10005c50:	6f7b      	ldr	r3, [r7, #116]	@ 0x74
10005c52:	6f3d      	ldr	r5, [r7, #112]	@ 0x70
10005c54:	041b      	lsls	r3, r3, #16
10005c56:	4323      	orrs	r3, r4
10005c58:	663b      	str	r3, [r7, #96]	@ 0x60
10005c5a:	667a      	str	r2, [r7, #100]	@ 0x64
10005c5c:	e7ff      	b.n	10005c5e <y64+0x42>
10005c5e:	e7ff      	b.n	10005c60 <y64+0x44>
10005c60:	46c0      	nop			@ (mov r8, r8)
10005c62:	2300      	movs	r3, #0
10005c64:	042c      	lsls	r4, r5, #16
10005c66:	0c2d      	lsrs	r5, r5, #16
10005c68:	6f7a      	ldr	r2, [r7, #116]	@ 0x74
10005c6a:	6f38      	ldr	r0, [r7, #112]	@ 0x70
10005c6c:	1900      	adds	r0, r0, r4
10005c6e:	4169      	adcs	r1, r5
10005c70:	bcb0      	pop	{r4, r5, r7}
10005c72:	4770      	bx	lr
10005c74:	d0000000 	.word	0xd0000000

10005c78 <y64_x32>:
10005c78:	b5f0      	push	{r4, r5, r6, r7, lr}
10005c7a:	4694      	mov	ip, r2
10005c7c:	2500      	movs	r5, #0
10005c7e:	0e14      	lsrs	r4, r2, #24
10005c80:	d101      	bne.n	10005c86 <y64_x32+0xe>
10005c82:	0212      	lsls	r2, r2, #8
10005c84:	3508      	adds	r5, #8
10005c86:	0f14      	lsrs	r4, r2, #28
10005c88:	d101      	bne.n	10005c8e <y64_x32+0x16>
10005c8a:	0112      	lsls	r2, r2, #4
10005c8c:	3504      	adds	r5, #4
10005c8e:	0f94      	lsrs	r4, r2, #30
10005c90:	d101      	bne.n	10005c96 <y64_x32+0x1e>
10005c92:	0092      	lsls	r2, r2, #2
10005c94:	3502      	adds	r5, #2
10005c96:	0fd4      	lsrs	r4, r2, #31
10005c98:	d101      	bne.n	10005c9e <y64_x32+0x26>
10005c9a:	0052      	lsls	r2, r2, #1
10005c9c:	3501      	adds	r5, #1
10005c9e:	0bd4      	lsrs	r4, r2, #15
10005ca0:	3401      	adds	r4, #1
10005ca2:	4f25      	ldr	r7, [pc, #148]	@ (10005d38 <y64_x32+0xc0>)
10005ca4:	667c      	str	r4, [r7, #100]	@ 0x64
10005ca6:	4c25      	ldr	r4, [pc, #148]	@ (10005d3c <y64_x32+0xc4>)
10005ca8:	663c      	str	r4, [r7, #96]	@ 0x60
10005caa:	0c0e      	lsrs	r6, r1, #16
10005cac:	b293      	uxth	r3, r2
10005cae:	e7ff      	b.n	10005cb0 <y64_x32+0x38>
10005cb0:	e7ff      	b.n	10005cb2 <y64_x32+0x3a>
10005cb2:	e7ff      	b.n	10005cb4 <y64_x32+0x3c>
10005cb4:	6f3c      	ldr	r4, [r7, #112]	@ 0x70
10005cb6:	4366      	muls	r6, r4
10005cb8:	0c36      	lsrs	r6, r6, #16
10005cba:	0377      	lsls	r7, r6, #13
10005cbc:	46be      	mov	lr, r7
10005cbe:	4373      	muls	r3, r6
10005cc0:	0bdf      	lsrs	r7, r3, #15
10005cc2:	045b      	lsls	r3, r3, #17
10005cc4:	1ac0      	subs	r0, r0, r3
10005cc6:	41b9      	sbcs	r1, r7
10005cc8:	0c13      	lsrs	r3, r2, #16
10005cca:	4373      	muls	r3, r6
10005ccc:	18db      	adds	r3, r3, r3
10005cce:	1ac9      	subs	r1, r1, r3
10005cd0:	08ce      	lsrs	r6, r1, #3
10005cd2:	4366      	muls	r6, r4
10005cd4:	0c36      	lsrs	r6, r6, #16
10005cd6:	44b6      	add	lr, r6
10005cd8:	b293      	uxth	r3, r2
10005cda:	4373      	muls	r3, r6
10005cdc:	0f1f      	lsrs	r7, r3, #28
10005cde:	011b      	lsls	r3, r3, #4
10005ce0:	1ac0      	subs	r0, r0, r3
10005ce2:	41b9      	sbcs	r1, r7
10005ce4:	0c13      	lsrs	r3, r2, #16
10005ce6:	4373      	muls	r3, r6
10005ce8:	0b1f      	lsrs	r7, r3, #12
10005cea:	051b      	lsls	r3, r3, #20
10005cec:	1ac0      	subs	r0, r0, r3
10005cee:	41b9      	sbcs	r1, r7
10005cf0:	0d86      	lsrs	r6, r0, #22
10005cf2:	028f      	lsls	r7, r1, #10
10005cf4:	433e      	orrs	r6, r7
10005cf6:	4366      	muls	r6, r4
10005cf8:	0c36      	lsrs	r6, r6, #16
10005cfa:	2d09      	cmp	r5, #9
10005cfc:	db24      	blt.n	10005d48 <last0>
10005cfe:	0a52      	lsrs	r2, r2, #9
10005d00:	4372      	muls	r2, r6
10005d02:	1a80      	subs	r0, r0, r2
10005d04:	0377      	lsls	r7, r6, #13
10005d06:	0a46      	lsrs	r6, r0, #9
10005d08:	4366      	muls	r6, r4
10005d0a:	0c36      	lsrs	r6, r6, #16
10005d0c:	2316      	movs	r3, #22
10005d0e:	1b5b      	subs	r3, r3, r5
10005d10:	40de      	lsrs	r6, r3
10005d12:	40df      	lsrs	r7, r3
10005d14:	19bf      	adds	r7, r7, r6
10005d16:	4664      	mov	r4, ip
10005d18:	4366      	muls	r6, r4
10005d1a:	1b82      	subs	r2, r0, r6
10005d1c:	4670      	mov	r0, lr
10005d1e:	3504      	adds	r5, #4
10005d20:	3306      	adds	r3, #6
10005d22:	0001      	movs	r1, r0
10005d24:	40d9      	lsrs	r1, r3
10005d26:	40a8      	lsls	r0, r5
10005d28:	19c0      	adds	r0, r0, r7
10005d2a:	d300      	bcc.n	10005d2e <y64_x32+0xb6>
10005d2c:	3101      	adds	r1, #1
10005d2e:	42a2      	cmp	r2, r4
10005d30:	d206      	bcs.n	10005d40 <y64_x32+0xc8>
10005d32:	2300      	movs	r3, #0
10005d34:	bdf0      	pop	{r4, r5, r6, r7, pc}
10005d36:	0000      	.short	0x0000
10005d38:	d0000000 	.word	0xd0000000
10005d3c:	ffffffff 	.word	0xffffffff
10005d40:	1b12      	subs	r2, r2, r4
10005d42:	3001      	adds	r0, #1
10005d44:	d3f3      	bcc.n	10005d2e <y64_x32+0xb6>
10005d46:	e7f1      	b.n	10005d2c <y64_x32+0xb4>

10005d48 <last0>:
10005d48:	2709      	movs	r7, #9
10005d4a:	1b7f      	subs	r7, r7, r5
10005d4c:	40fe      	lsrs	r6, r7
10005d4e:	4664      	mov	r4, ip
10005d50:	b2a2      	uxth	r2, r4
10005d52:	4372      	muls	r2, r6
10005d54:	1a80      	subs	r0, r0, r2
10005d56:	d200      	bcs.n	10005d5a <last0+0x12>
10005d58:	3901      	subs	r1, #1
10005d5a:	0c22      	lsrs	r2, r4, #16
10005d5c:	4372      	muls	r2, r6
10005d5e:	0c13      	lsrs	r3, r2, #16
10005d60:	0412      	lsls	r2, r2, #16
10005d62:	1a82      	subs	r2, r0, r2
10005d64:	4199      	sbcs	r1, r3
10005d66:	000b      	movs	r3, r1
10005d68:	4670      	mov	r0, lr
10005d6a:	3504      	adds	r5, #4
10005d6c:	3713      	adds	r7, #19
10005d6e:	0001      	movs	r1, r0
10005d70:	40f9      	lsrs	r1, r7
10005d72:	40a8      	lsls	r0, r5
10005d74:	1980      	adds	r0, r0, r6
10005d76:	d300      	bcc.n	10005d7a <last0+0x32>
10005d78:	3101      	adds	r1, #1
10005d7a:	2b00      	cmp	r3, #0
10005d7c:	d102      	bne.n	10005d84 <last0+0x3c>
10005d7e:	42a2      	cmp	r2, r4
10005d80:	d20a      	bcs.n	10005d98 <last0+0x50>
10005d82:	bdf0      	pop	{r4, r5, r6, r7, pc}
10005d84:	3001      	adds	r0, #1
10005d86:	d300      	bcc.n	10005d8a <last0+0x42>
10005d88:	3101      	adds	r1, #1
10005d8a:	1b12      	subs	r2, r2, r4
10005d8c:	d2fa      	bcs.n	10005d84 <last0+0x3c>
10005d8e:	3b01      	subs	r3, #1
10005d90:	d1f8      	bne.n	10005d84 <last0+0x3c>
10005d92:	42a2      	cmp	r2, r4
10005d94:	d200      	bcs.n	10005d98 <last0+0x50>
10005d96:	bdf0      	pop	{r4, r5, r6, r7, pc}
10005d98:	3001      	adds	r0, #1
10005d9a:	d300      	bcc.n	10005d9e <last0+0x56>
10005d9c:	3101      	adds	r1, #1
10005d9e:	1b12      	subs	r2, r2, r4
10005da0:	e7f7      	b.n	10005d92 <last0+0x4a>

10005da2 <y64_x48>:
10005da2:	b5f0      	push	{r4, r5, r6, r7, lr}
10005da4:	0c1c      	lsrs	r4, r3, #16
10005da6:	d000      	beq.n	10005daa <y64_x48+0x8>
10005da8:	e080      	b.n	10005eac <y64_x64>
10005daa:	b40c      	push	{r2, r3}
10005dac:	2500      	movs	r5, #0
10005dae:	0a1c      	lsrs	r4, r3, #8
10005db0:	d104      	bne.n	10005dbc <y64_x48+0x1a>
10005db2:	021b      	lsls	r3, r3, #8
10005db4:	0e16      	lsrs	r6, r2, #24
10005db6:	4333      	orrs	r3, r6
10005db8:	0212      	lsls	r2, r2, #8
10005dba:	3508      	adds	r5, #8
10005dbc:	0b1c      	lsrs	r4, r3, #12
10005dbe:	d104      	bne.n	10005dca <y64_x48+0x28>
10005dc0:	011b      	lsls	r3, r3, #4
10005dc2:	0f16      	lsrs	r6, r2, #28
10005dc4:	4333      	orrs	r3, r6
10005dc6:	0112      	lsls	r2, r2, #4
10005dc8:	3504      	adds	r5, #4
10005dca:	0b9c      	lsrs	r4, r3, #14
10005dcc:	d104      	bne.n	10005dd8 <y64_x48+0x36>
10005dce:	009b      	lsls	r3, r3, #2
10005dd0:	0f96      	lsrs	r6, r2, #30
10005dd2:	4333      	orrs	r3, r6
10005dd4:	0092      	lsls	r2, r2, #2
10005dd6:	3502      	adds	r5, #2
10005dd8:	0bdc      	lsrs	r4, r3, #15
10005dda:	d102      	bne.n	10005de2 <y64_x48+0x40>
10005ddc:	1892      	adds	r2, r2, r2
10005dde:	415b      	adcs	r3, r3
10005de0:	3501      	adds	r5, #1
10005de2:	001c      	movs	r4, r3
10005de4:	1897      	adds	r7, r2, r2
10005de6:	4164      	adcs	r4, r4
10005de8:	3401      	adds	r4, #1
10005dea:	4f46      	ldr	r7, [pc, #280]	@ (10005f04 <y64_x64+0x58>)
10005dec:	667c      	str	r4, [r7, #100]	@ 0x64
10005dee:	4c46      	ldr	r4, [pc, #280]	@ (10005f08 <y64_x64+0x5c>)
10005df0:	663c      	str	r4, [r7, #96]	@ 0x60
10005df2:	0c0e      	lsrs	r6, r1, #16
10005df4:	e7ff      	b.n	10005df6 <y64_x48+0x54>
10005df6:	e7ff      	b.n	10005df8 <y64_x48+0x56>
10005df8:	e7ff      	b.n	10005dfa <y64_x48+0x58>
10005dfa:	46c0      	nop			@ (mov r8, r8)
10005dfc:	6f3c      	ldr	r4, [r7, #112]	@ 0x70
10005dfe:	4366      	muls	r6, r4
10005e00:	0c36      	lsrs	r6, r6, #16
10005e02:	0377      	lsls	r7, r6, #13
10005e04:	46be      	mov	lr, r7
10005e06:	b297      	uxth	r7, r2
10005e08:	4377      	muls	r7, r6
10005e0a:	1bc0      	subs	r0, r0, r7
10005e0c:	d200      	bcs.n	10005e10 <y64_x48+0x6e>
10005e0e:	3901      	subs	r1, #1
10005e10:	1bc0      	subs	r0, r0, r7
10005e12:	d200      	bcs.n	10005e16 <y64_x48+0x74>
10005e14:	3901      	subs	r1, #1
10005e16:	b29f      	uxth	r7, r3
10005e18:	4377      	muls	r7, r6
10005e1a:	1bc9      	subs	r1, r1, r7
10005e1c:	1bc9      	subs	r1, r1, r7
10005e1e:	0c17      	lsrs	r7, r2, #16
10005e20:	4377      	muls	r7, r6
10005e22:	047e      	lsls	r6, r7, #17
10005e24:	0bff      	lsrs	r7, r7, #15
10005e26:	1b80      	subs	r0, r0, r6
10005e28:	41b9      	sbcs	r1, r7
10005e2a:	08ce      	lsrs	r6, r1, #3
10005e2c:	4366      	muls	r6, r4
10005e2e:	0c36      	lsrs	r6, r6, #16
10005e30:	2d0c      	cmp	r5, #12
10005e32:	db33      	blt.n	10005e9c <last1>
10005e34:	44b6      	add	lr, r6
10005e36:	0b12      	lsrs	r2, r2, #12
10005e38:	051f      	lsls	r7, r3, #20
10005e3a:	433a      	orrs	r2, r7
10005e3c:	0b1b      	lsrs	r3, r3, #12
10005e3e:	b297      	uxth	r7, r2
10005e40:	4377      	muls	r7, r6
10005e42:	1bc0      	subs	r0, r0, r7
10005e44:	d200      	bcs.n	10005e48 <y64_x48+0xa6>
10005e46:	3901      	subs	r1, #1
10005e48:	b29f      	uxth	r7, r3
10005e4a:	4377      	muls	r7, r6
10005e4c:	1bc9      	subs	r1, r1, r7
10005e4e:	0c17      	lsrs	r7, r2, #16
10005e50:	4377      	muls	r7, r6
10005e52:	043e      	lsls	r6, r7, #16
10005e54:	0c3f      	lsrs	r7, r7, #16
10005e56:	1b80      	subs	r0, r0, r6
10005e58:	41b9      	sbcs	r1, r7
10005e5a:	0d86      	lsrs	r6, r0, #22
10005e5c:	028f      	lsls	r7, r1, #10
10005e5e:	433e      	orrs	r6, r7
10005e60:	4366      	muls	r6, r4
10005e62:	2729      	movs	r7, #41	@ 0x29
10005e64:	1b7f      	subs	r7, r7, r5
10005e66:	40fe      	lsrs	r6, r7
10005e68:	3d0c      	subs	r5, #12
10005e6a:	4677      	mov	r7, lr
10005e6c:	40af      	lsls	r7, r5
10005e6e:	19bf      	adds	r7, r7, r6
10005e70:	bc30      	pop	{r4, r5}
10005e72:	b2a2      	uxth	r2, r4
10005e74:	b2ab      	uxth	r3, r5
10005e76:	4372      	muls	r2, r6
10005e78:	4373      	muls	r3, r6
10005e7a:	1a80      	subs	r0, r0, r2
10005e7c:	4199      	sbcs	r1, r3
10005e7e:	0c22      	lsrs	r2, r4, #16
10005e80:	4372      	muls	r2, r6
10005e82:	0c13      	lsrs	r3, r2, #16
10005e84:	0412      	lsls	r2, r2, #16
10005e86:	1a80      	subs	r0, r0, r2
10005e88:	4199      	sbcs	r1, r3
10005e8a:	0002      	movs	r2, r0
10005e8c:	000b      	movs	r3, r1
10005e8e:	3701      	adds	r7, #1
10005e90:	1b00      	subs	r0, r0, r4
10005e92:	41a9      	sbcs	r1, r5
10005e94:	d2f9      	bcs.n	10005e8a <y64_x48+0xe8>
10005e96:	1e78      	subs	r0, r7, #1
10005e98:	2100      	movs	r1, #0
10005e9a:	bdf0      	pop	{r4, r5, r6, r7, pc}

10005e9c <last1>:
10005e9c:	270c      	movs	r7, #12
10005e9e:	1b7f      	subs	r7, r7, r5
10005ea0:	40fe      	lsrs	r6, r7
10005ea2:	4677      	mov	r7, lr
10005ea4:	0b7f      	lsrs	r7, r7, #13
10005ea6:	40af      	lsls	r7, r5
10005ea8:	19ff      	adds	r7, r7, r7
10005eaa:	e7e0      	b.n	10005e6e <y64_x48+0xcc>

10005eac <y64_x64>:
10005eac:	2400      	movs	r4, #0
10005eae:	1c5d      	adds	r5, r3, #1
10005eb0:	d007      	beq.n	10005ec2 <y64_x64+0x16>
10005eb2:	4f14      	ldr	r7, [pc, #80]	@ (10005f04 <y64_x64+0x58>)
10005eb4:	667d      	str	r5, [r7, #100]	@ 0x64
10005eb6:	6639      	str	r1, [r7, #96]	@ 0x60
10005eb8:	e7ff      	b.n	10005eba <y64_x64+0xe>
10005eba:	e7ff      	b.n	10005ebc <y64_x64+0x10>
10005ebc:	e7ff      	b.n	10005ebe <y64_x64+0x12>
10005ebe:	e7ff      	b.n	10005ec0 <y64_x64+0x14>
10005ec0:	6f3c      	ldr	r4, [r7, #112]	@ 0x70
10005ec2:	b295      	uxth	r5, r2
10005ec4:	b29e      	uxth	r6, r3
10005ec6:	4365      	muls	r5, r4
10005ec8:	4366      	muls	r6, r4
10005eca:	1b40      	subs	r0, r0, r5
10005ecc:	41b1      	sbcs	r1, r6
10005ece:	0c15      	lsrs	r5, r2, #16
10005ed0:	0c1e      	lsrs	r6, r3, #16
10005ed2:	4365      	muls	r5, r4
10005ed4:	4366      	muls	r6, r4
10005ed6:	0436      	lsls	r6, r6, #16
10005ed8:	0c2f      	lsrs	r7, r5, #16
10005eda:	433e      	orrs	r6, r7
10005edc:	042d      	lsls	r5, r5, #16
10005ede:	1b40      	subs	r0, r0, r5
10005ee0:	41b1      	sbcs	r1, r6
10005ee2:	4299      	cmp	r1, r3
10005ee4:	d204      	bcs.n	10005ef0 <y64_x64+0x44>
10005ee6:	0002      	movs	r2, r0
10005ee8:	000b      	movs	r3, r1
10005eea:	0020      	movs	r0, r4
10005eec:	2100      	movs	r1, #0
10005eee:	bdf0      	pop	{r4, r5, r6, r7, pc}
10005ef0:	d101      	bne.n	10005ef6 <y64_x64+0x4a>
10005ef2:	4290      	cmp	r0, r2
10005ef4:	d3f7      	bcc.n	10005ee6 <y64_x64+0x3a>
10005ef6:	1a80      	subs	r0, r0, r2
10005ef8:	4199      	sbcs	r1, r3
10005efa:	3401      	adds	r4, #1
10005efc:	4299      	cmp	r1, r3
10005efe:	d3f2      	bcc.n	10005ee6 <y64_x64+0x3a>
10005f00:	e7f6      	b.n	10005ef0 <y64_x64+0x44>
10005f02:	0000      	.short	0x0000
10005f04:	d0000000 	.word	0xd0000000
10005f08:	ffffffff 	.word	0xffffffff

10005f0c <__wrap___aeabi_drsub>:
10005f0c:	4048      	eors	r0, r1
10005f0e:	4041      	eors	r1, r0
10005f10:	4048      	eors	r0, r1

10005f12 <__wrap___aeabi_dsub>:
10005f12:	b418      	push	{r3, r4}
10005f14:	4b1b      	ldr	r3, [pc, #108]	@ (10005f84 <__wrap___aeabi_dmul+0x12>)
10005f16:	685b      	ldr	r3, [r3, #4]
10005f18:	46fc      	mov	ip, pc
10005f1a:	9301      	str	r3, [sp, #4]
10005f1c:	bd08      	pop	{r3, pc}
10005f1e:	df04      	.short	0xdf04
10005f20:	100061b7 	.word	0x100061b7

10005f24 <__wrap___aeabi_dadd>:
10005f24:	b418      	push	{r3, r4}
10005f26:	4b17      	ldr	r3, [pc, #92]	@ (10005f84 <__wrap___aeabi_dmul+0x12>)
10005f28:	681b      	ldr	r3, [r3, #0]
10005f2a:	46fc      	mov	ip, pc
10005f2c:	9301      	str	r3, [sp, #4]
10005f2e:	bd08      	pop	{r3, pc}
10005f30:	61c1df00 	.word	0x61c1df00
10005f34:	1000      	.short	0x1000

10005f36 <__wrap___aeabi_ddiv>:
10005f36:	4694      	mov	ip, r2
10005f38:	4a13      	ldr	r2, [pc, #76]	@ (10005f88 <__wrap___aeabi_dmul+0x16>)
10005f3a:	6f92      	ldr	r2, [r2, #120]	@ 0x78
10005f3c:	0892      	lsrs	r2, r2, #2
10005f3e:	d209      	bcs.n	10005f54 <ddiv_save_state>
10005f40:	4662      	mov	r2, ip

10005f42 <ddiv_shim_call>:
10005f42:	b418      	push	{r3, r4}
10005f44:	4b0f      	ldr	r3, [pc, #60]	@ (10005f84 <__wrap___aeabi_dmul+0x12>)
10005f46:	68db      	ldr	r3, [r3, #12]
10005f48:	46fc      	mov	ip, pc
10005f4a:	9301      	str	r3, [sp, #4]
10005f4c:	bd08      	pop	{r3, pc}
10005f4e:	df0c      	.short	0xdf0c
10005f50:	10006479 	.word	0x10006479

10005f54 <ddiv_save_state>:
10005f54:	4a0c      	ldr	r2, [pc, #48]	@ (10005f88 <__wrap___aeabi_dmul+0x16>)
10005f56:	b5f0      	push	{r4, r5, r6, r7, lr}
10005f58:	6e14      	ldr	r4, [r2, #96]	@ 0x60
10005f5a:	6e55      	ldr	r5, [r2, #100]	@ 0x64
10005f5c:	6f57      	ldr	r7, [r2, #116]	@ 0x74
10005f5e:	6f16      	ldr	r6, [r2, #112]	@ 0x70
10005f60:	4662      	mov	r2, ip
10005f62:	f7ff ffee 	bl	10005f42 <ddiv_shim_call>
10005f66:	4a08      	ldr	r2, [pc, #32]	@ (10005f88 <__wrap___aeabi_dmul+0x16>)
10005f68:	6614      	str	r4, [r2, #96]	@ 0x60
10005f6a:	6655      	str	r5, [r2, #100]	@ 0x64
10005f6c:	6757      	str	r7, [r2, #116]	@ 0x74
10005f6e:	6716      	str	r6, [r2, #112]	@ 0x70
10005f70:	bdf0      	pop	{r4, r5, r6, r7, pc}

10005f72 <__wrap___aeabi_dmul>:
10005f72:	b418      	push	{r3, r4}
10005f74:	4b03      	ldr	r3, [pc, #12]	@ (10005f84 <__wrap___aeabi_dmul+0x12>)
10005f76:	689b      	ldr	r3, [r3, #8]
10005f78:	46fc      	mov	ip, pc
10005f7a:	9301      	str	r3, [sp, #4]
10005f7c:	bd08      	pop	{r3, pc}
10005f7e:	df08      	.short	0xdf08
10005f80:	1000631d 	.word	0x1000631d
10005f84:	200013c8 	.word	0x200013c8
10005f88:	d0000000 	.word	0xd0000000

10005f8c <__wrap___aeabi_cdrcmple>:
10005f8c:	b5ff      	push	{r0, r1, r2, r3, r4, r5, r6, r7, lr}
10005f8e:	4050      	eors	r0, r2
10005f90:	4042      	eors	r2, r0
10005f92:	4050      	eors	r0, r2
10005f94:	4059      	eors	r1, r3
10005f96:	404b      	eors	r3, r1
10005f98:	4059      	eors	r1, r3
10005f9a:	e000      	b.n	10005f9e <__aeabi_dfcmple_guts>

10005f9c <__wrap___aeabi_cdcmpeq>:
10005f9c:	b5ff      	push	{r0, r1, r2, r3, r4, r5, r6, r7, lr}

10005f9e <__aeabi_dfcmple_guts>:
10005f9e:	4f15      	ldr	r7, [pc, #84]	@ (10005ff4 <__aeabi_dfcmple_guts+0x56>)
10005fa0:	004c      	lsls	r4, r1, #1
10005fa2:	0d64      	lsrs	r4, r4, #21
10005fa4:	d003      	beq.n	10005fae <__aeabi_dfcmple_guts+0x10>
10005fa6:	42bc      	cmp	r4, r7
10005fa8:	d104      	bne.n	10005fb4 <__aeabi_dfcmple_guts+0x16>
10005faa:	030c      	lsls	r4, r1, #12
10005fac:	d814      	bhi.n	10005fd8 <__aeabi_dfcmple_guts+0x3a>
10005fae:	2000      	movs	r0, #0
10005fb0:	0d09      	lsrs	r1, r1, #20
10005fb2:	0509      	lsls	r1, r1, #20
10005fb4:	005c      	lsls	r4, r3, #1
10005fb6:	0d64      	lsrs	r4, r4, #21
10005fb8:	d003      	beq.n	10005fc2 <__aeabi_dfcmple_guts+0x24>
10005fba:	42bc      	cmp	r4, r7
10005fbc:	d104      	bne.n	10005fc8 <__aeabi_dfcmple_guts+0x2a>
10005fbe:	031c      	lsls	r4, r3, #12
10005fc0:	d80a      	bhi.n	10005fd8 <__aeabi_dfcmple_guts+0x3a>
10005fc2:	2200      	movs	r2, #0
10005fc4:	0d1b      	lsrs	r3, r3, #20
10005fc6:	051b      	lsls	r3, r3, #20
10005fc8:	2601      	movs	r6, #1
10005fca:	404b      	eors	r3, r1
10005fcc:	d409      	bmi.n	10005fe2 <__aeabi_dfcmple_guts+0x44>
10005fce:	404b      	eors	r3, r1
10005fd0:	d503      	bpl.n	10005fda <__aeabi_dfcmple_guts+0x3c>
10005fd2:	428b      	cmp	r3, r1
10005fd4:	d100      	bne.n	10005fd8 <__aeabi_dfcmple_guts+0x3a>
10005fd6:	4282      	cmp	r2, r0
10005fd8:	bdff      	pop	{r0, r1, r2, r3, r4, r5, r6, r7, pc}
10005fda:	4299      	cmp	r1, r3
10005fdc:	d1fc      	bne.n	10005fd8 <__aeabi_dfcmple_guts+0x3a>
10005fde:	4290      	cmp	r0, r2
10005fe0:	bdff      	pop	{r0, r1, r2, r3, r4, r5, r6, r7, pc}
10005fe2:	430b      	orrs	r3, r1
10005fe4:	18db      	adds	r3, r3, r3
10005fe6:	4303      	orrs	r3, r0
10005fe8:	4313      	orrs	r3, r2
10005fea:	d0f5      	beq.n	10005fd8 <__aeabi_dfcmple_guts+0x3a>
10005fec:	43c9      	mvns	r1, r1
10005fee:	1849      	adds	r1, r1, r1
10005ff0:	bdff      	pop	{r0, r1, r2, r3, r4, r5, r6, r7, pc}
10005ff2:	0000      	.short	0x0000
10005ff4:	000007ff 	.word	0x000007ff

10005ff8 <__wrap___aeabi_dcmplt>:
10005ff8:	b500      	push	{lr}
10005ffa:	f7ff ffcf 	bl	10005f9c <__wrap___aeabi_cdcmpeq>
10005ffe:	4180      	sbcs	r0, r0
10006000:	bd00      	pop	{pc}
10006002:	46c0      	nop			@ (mov r8, r8)

10006004 <__wrap___aeabi_dcmple>:
10006004:	b500      	push	{lr}
10006006:	f7ff ffc9 	bl	10005f9c <__wrap___aeabi_cdcmpeq>
1000600a:	d901      	bls.n	10006010 <__wrap___aeabi_dcmple+0xc>
1000600c:	2000      	movs	r0, #0
1000600e:	bd00      	pop	{pc}
10006010:	2001      	movs	r0, #1
10006012:	bd00      	pop	{pc}

10006014 <__wrap___aeabi_dcmpge>:
10006014:	b500      	push	{lr}
10006016:	f7ff ffb9 	bl	10005f8c <__wrap___aeabi_cdrcmple>
1000601a:	d901      	bls.n	10006020 <__wrap___aeabi_dcmpge+0xc>
1000601c:	2000      	movs	r0, #0
1000601e:	bd00      	pop	{pc}
10006020:	2001      	movs	r0, #1
10006022:	bd00      	pop	{pc}

10006024 <__wrap___aeabi_dcmpgt>:
10006024:	b500      	push	{lr}
10006026:	f7ff ffb1 	bl	10005f8c <__wrap___aeabi_cdrcmple>
1000602a:	4180      	sbcs	r0, r0
1000602c:	bd00      	pop	{pc}

1000602e <__wrap___aeabi_dcmpun>:
1000602e:	2001      	movs	r0, #1
10006030:	0540      	lsls	r0, r0, #21
10006032:	004a      	lsls	r2, r1, #1
10006034:	1812      	adds	r2, r2, r0
10006036:	d804      	bhi.n	10006042 <__wrap___aeabi_dcmpun+0x14>
10006038:	005a      	lsls	r2, r3, #1
1000603a:	1812      	adds	r2, r2, r0
1000603c:	d801      	bhi.n	10006042 <__wrap___aeabi_dcmpun+0x14>
1000603e:	2000      	movs	r0, #0
10006040:	4770      	bx	lr
10006042:	2001      	movs	r0, #1
10006044:	4770      	bx	lr
	...

10006048 <__wrap___aeabi_ui2d>:
10006048:	2100      	movs	r1, #0
1000604a:	2800      	cmp	r0, #0
1000604c:	d105      	bne.n	1000605a <__wrap___aeabi_i2d+0xa>
1000604e:	4770      	bx	lr

10006050 <__wrap___aeabi_i2d>:
10006050:	17c1      	asrs	r1, r0, #31
10006052:	4048      	eors	r0, r1
10006054:	1a40      	subs	r0, r0, r1
10006056:	d0fa      	beq.n	1000604e <__wrap___aeabi_ui2d+0x6>
10006058:	07c9      	lsls	r1, r1, #31
1000605a:	b513      	push	{r0, r1, r4, lr}
1000605c:	4b06      	ldr	r3, [pc, #24]	@ (10006078 <__wrap___aeabi_i2d+0x28>)
1000605e:	681b      	ldr	r3, [r3, #0]
10006060:	4798      	blx	r3
10006062:	bc0c      	pop	{r2, r3}
10006064:	1c44      	adds	r4, r0, #1
10006066:	40a2      	lsls	r2, r4
10006068:	0510      	lsls	r0, r2, #20
1000606a:	0b12      	lsrs	r2, r2, #12
1000606c:	4903      	ldr	r1, [pc, #12]	@ (1000607c <__wrap___aeabi_i2d+0x2c>)
1000606e:	1b09      	subs	r1, r1, r4
10006070:	0509      	lsls	r1, r1, #20
10006072:	4319      	orrs	r1, r3
10006074:	4311      	orrs	r1, r2
10006076:	bd10      	pop	{r4, pc}
10006078:	200037fc 	.word	0x200037fc
1000607c:	0000041f 	.word	0x0000041f

10006080 <__wrap___aeabi_d2iz>:
10006080:	b510      	push	{r4, lr}
10006082:	004c      	lsls	r4, r1, #1
10006084:	0d62      	lsrs	r2, r4, #21
10006086:	2380      	movs	r3, #128	@ 0x80
10006088:	18d2      	adds	r2, r2, r3
1000608a:	00db      	lsls	r3, r3, #3
1000608c:	1ad2      	subs	r2, r2, r3
1000608e:	055b      	lsls	r3, r3, #21
10006090:	2a7e      	cmp	r2, #126	@ 0x7e
10006092:	dd10      	ble.n	100060b6 <__wrap___aeabi_d2iz+0x36>
10006094:	3a9e      	subs	r2, #158	@ 0x9e
10006096:	da13      	bge.n	100060c0 <__wrap___aeabi_d2iz+0x40>
10006098:	17cc      	asrs	r4, r1, #31
1000609a:	0309      	lsls	r1, r1, #12
1000609c:	0849      	lsrs	r1, r1, #1
1000609e:	4319      	orrs	r1, r3
100060a0:	4252      	negs	r2, r2
100060a2:	40d1      	lsrs	r1, r2
100060a4:	0064      	lsls	r4, r4, #1
100060a6:	3401      	adds	r4, #1
100060a8:	3215      	adds	r2, #21
100060aa:	2a20      	cmp	r2, #32
100060ac:	da05      	bge.n	100060ba <__wrap___aeabi_d2iz+0x3a>
100060ae:	40d0      	lsrs	r0, r2
100060b0:	4308      	orrs	r0, r1
100060b2:	4360      	muls	r0, r4
100060b4:	bd10      	pop	{r4, pc}
100060b6:	2000      	movs	r0, #0
100060b8:	bd10      	pop	{r4, pc}
100060ba:	4608      	mov	r0, r1
100060bc:	4360      	muls	r0, r4
100060be:	bd10      	pop	{r4, pc}
100060c0:	0fc8      	lsrs	r0, r1, #31
100060c2:	18c0      	adds	r0, r0, r3
100060c4:	3801      	subs	r0, #1
100060c6:	bd10      	pop	{r4, pc}

100060c8 <__wrap___aeabi_d2uiz>:
100060c8:	b418      	push	{r3, r4}
100060ca:	4b04      	ldr	r3, [pc, #16]	@ (100060dc <__wrap___aeabi_d2uiz+0x14>)
100060cc:	6a5b      	ldr	r3, [r3, #36]	@ 0x24
100060ce:	46fc      	mov	ip, pc
100060d0:	9301      	str	r3, [sp, #4]
100060d2:	bd08      	pop	{r3, pc}
100060d4:	6629df24 	.word	0x6629df24
100060d8:	00001000 	.word	0x00001000
100060dc:	200013c8 	.word	0x200013c8

100060e0 <__aeabi_double_init>:
100060e0:	2313      	movs	r3, #19
100060e2:	b570      	push	{r4, r5, r6, lr}
100060e4:	781d      	ldrb	r5, [r3, #0]
100060e6:	2d01      	cmp	r5, #1
100060e8:	d019      	beq.n	1000611e <__aeabi_double_init+0x3e>
100060ea:	dd14      	ble.n	10006116 <__aeabi_double_init+0x36>
100060ec:	481f      	ldr	r0, [pc, #124]	@ (1000616c <__aeabi_double_init+0x8c>)
100060ee:	f7ff fb35 	bl	1000575c <rom_data_lookup>
100060f2:	0006      	movs	r6, r0
100060f4:	481e      	ldr	r0, [pc, #120]	@ (10006170 <__aeabi_double_init+0x90>)
100060f6:	f7ff fb31 	bl	1000575c <rom_data_lookup>
100060fa:	4c1e      	ldr	r4, [pc, #120]	@ (10006174 <__aeabi_double_init+0x94>)
100060fc:	2280      	movs	r2, #128	@ 0x80
100060fe:	0031      	movs	r1, r6
10006100:	0020      	movs	r0, r4
10006102:	f000 fb5f 	bl	100067c4 <__wrap___aeabi_memcpy>
10006106:	2d02      	cmp	r5, #2
10006108:	d02d      	beq.n	10006166 <__aeabi_double_init+0x86>
1000610a:	481b      	ldr	r0, [pc, #108]	@ (10006178 <__aeabi_double_init+0x98>)
1000610c:	f7ff fb1e 	bl	1000574c <rom_func_lookup>
10006110:	4b1a      	ldr	r3, [pc, #104]	@ (1000617c <__aeabi_double_init+0x9c>)
10006112:	6018      	str	r0, [r3, #0]
10006114:	bd70      	pop	{r4, r5, r6, pc}
10006116:	4b1a      	ldr	r3, [pc, #104]	@ (10006180 <__aeabi_double_init+0xa0>)
10006118:	4c16      	ldr	r4, [pc, #88]	@ (10006174 <__aeabi_double_init+0x94>)
1000611a:	64a3      	str	r3, [r4, #72]	@ 0x48
1000611c:	e7f5      	b.n	1000610a <__aeabi_double_init+0x2a>
1000611e:	4b18      	ldr	r3, [pc, #96]	@ (10006180 <__aeabi_double_init+0xa0>)
10006120:	4c14      	ldr	r4, [pc, #80]	@ (10006174 <__aeabi_double_init+0x94>)
10006122:	6023      	str	r3, [r4, #0]
10006124:	6063      	str	r3, [r4, #4]
10006126:	60a3      	str	r3, [r4, #8]
10006128:	60e3      	str	r3, [r4, #12]
1000612a:	6123      	str	r3, [r4, #16]
1000612c:	6163      	str	r3, [r4, #20]
1000612e:	61a3      	str	r3, [r4, #24]
10006130:	61e3      	str	r3, [r4, #28]
10006132:	6223      	str	r3, [r4, #32]
10006134:	6263      	str	r3, [r4, #36]	@ 0x24
10006136:	62a3      	str	r3, [r4, #40]	@ 0x28
10006138:	62e3      	str	r3, [r4, #44]	@ 0x2c
1000613a:	6323      	str	r3, [r4, #48]	@ 0x30
1000613c:	6363      	str	r3, [r4, #52]	@ 0x34
1000613e:	63a3      	str	r3, [r4, #56]	@ 0x38
10006140:	63e3      	str	r3, [r4, #60]	@ 0x3c
10006142:	6423      	str	r3, [r4, #64]	@ 0x40
10006144:	6463      	str	r3, [r4, #68]	@ 0x44
10006146:	64a3      	str	r3, [r4, #72]	@ 0x48
10006148:	64e3      	str	r3, [r4, #76]	@ 0x4c
1000614a:	6523      	str	r3, [r4, #80]	@ 0x50
1000614c:	6563      	str	r3, [r4, #84]	@ 0x54
1000614e:	65a3      	str	r3, [r4, #88]	@ 0x58
10006150:	65e3      	str	r3, [r4, #92]	@ 0x5c
10006152:	6623      	str	r3, [r4, #96]	@ 0x60
10006154:	6663      	str	r3, [r4, #100]	@ 0x64
10006156:	66a3      	str	r3, [r4, #104]	@ 0x68
10006158:	66e3      	str	r3, [r4, #108]	@ 0x6c
1000615a:	6723      	str	r3, [r4, #112]	@ 0x70
1000615c:	6763      	str	r3, [r4, #116]	@ 0x74
1000615e:	67a3      	str	r3, [r4, #120]	@ 0x78
10006160:	67e3      	str	r3, [r4, #124]	@ 0x7c
10006162:	64a3      	str	r3, [r4, #72]	@ 0x48
10006164:	e7d1      	b.n	1000610a <__aeabi_double_init+0x2a>
10006166:	4b06      	ldr	r3, [pc, #24]	@ (10006180 <__aeabi_double_init+0xa0>)
10006168:	64a3      	str	r3, [r4, #72]	@ 0x48
1000616a:	e7ce      	b.n	1000610a <__aeabi_double_init+0x2a>
1000616c:	00004453 	.word	0x00004453
10006170:	00004653 	.word	0x00004653
10006174:	200013c8 	.word	0x200013c8
10006178:	0000334c 	.word	0x0000334c
1000617c:	200037fc 	.word	0x200037fc
10006180:	10006185 	.word	0x10006185

10006184 <double_table_shim_on_use_helper>:
10006184:	b507      	push	{r0, r1, r2, lr}
10006186:	4660      	mov	r0, ip
10006188:	8801      	ldrh	r1, [r0, #0]
1000618a:	0a0a      	lsrs	r2, r1, #8
1000618c:	3002      	adds	r0, #2
1000618e:	2adf      	cmp	r2, #223	@ 0xdf
10006190:	d1fa      	bne.n	10006188 <double_table_shim_on_use_helper+0x4>
10006192:	b2c9      	uxtb	r1, r1
10006194:	0882      	lsrs	r2, r0, #2
10006196:	d304      	bcc.n	100061a2 <double_table_shim_on_use_helper+0x1e>
10006198:	8802      	ldrh	r2, [r0, #0]
1000619a:	8840      	ldrh	r0, [r0, #2]
1000619c:	0400      	lsls	r0, r0, #16
1000619e:	4310      	orrs	r0, r2
100061a0:	e000      	b.n	100061a4 <double_table_shim_on_use_helper+0x20>
100061a2:	6800      	ldr	r0, [r0, #0]
100061a4:	4a01      	ldr	r2, [pc, #4]	@ (100061ac <double_table_shim_on_use_helper+0x28>)
100061a6:	5050      	str	r0, [r2, r1]
100061a8:	9003      	str	r0, [sp, #12]
100061aa:	bd07      	pop	{r0, r1, r2, pc}
100061ac:	200013c8 	.word	0x200013c8

100061b0 <drsub_shim>:
100061b0:	b40f      	push	{r0, r1, r2, r3}
100061b2:	bc03      	pop	{r0, r1}
100061b4:	bc0c      	pop	{r2, r3}

100061b6 <dsub_shim>:
100061b6:	b5f0      	push	{r4, r5, r6, r7, lr}
100061b8:	2401      	movs	r4, #1
100061ba:	07e4      	lsls	r4, r4, #31
100061bc:	4063      	eors	r3, r4
100061be:	e000      	b.n	100061c2 <da_entry>

100061c0 <dadd_shim>:
100061c0:	b5f0      	push	{r4, r5, r6, r7, lr}

100061c2 <da_entry>:
100061c2:	0d0c      	lsrs	r4, r1, #20
100061c4:	0fcf      	lsrs	r7, r1, #31
100061c6:	1e66      	subs	r6, r4, #1
100061c8:	0536      	lsls	r6, r6, #20
100061ca:	1b89      	subs	r1, r1, r6
100061cc:	0564      	lsls	r4, r4, #21
100061ce:	d303      	bcc.n	100061d8 <l8_1>
100061d0:	43c9      	mvns	r1, r1
100061d2:	4240      	negs	r0, r0
100061d4:	d300      	bcc.n	100061d8 <l8_1>
100061d6:	3101      	adds	r1, #1

100061d8 <l8_1>:
100061d8:	0d64      	lsrs	r4, r4, #21
100061da:	d003      	beq.n	100061e4 <l8_2>
100061dc:	1c66      	adds	r6, r4, #1
100061de:	0af6      	lsrs	r6, r6, #11
100061e0:	d007      	beq.n	100061f2 <l8_3>
100061e2:	1be4      	subs	r4, r4, r7

100061e4 <l8_2>:
100061e4:	2000      	movs	r0, #0
100061e6:	007f      	lsls	r7, r7, #1
100061e8:	1c79      	adds	r1, r7, #1
100061ea:	0789      	lsls	r1, r1, #30
100061ec:	1289      	asrs	r1, r1, #10
100061ee:	3c80      	subs	r4, #128	@ 0x80
100061f0:	0324      	lsls	r4, r4, #12

100061f2 <l8_3>:
100061f2:	0d1d      	lsrs	r5, r3, #20
100061f4:	0fdf      	lsrs	r7, r3, #31
100061f6:	1e6e      	subs	r6, r5, #1
100061f8:	0536      	lsls	r6, r6, #20
100061fa:	1b9b      	subs	r3, r3, r6
100061fc:	056d      	lsls	r5, r5, #21
100061fe:	d303      	bcc.n	10006208 <l9_1>
10006200:	43db      	mvns	r3, r3
10006202:	4252      	negs	r2, r2
10006204:	d300      	bcc.n	10006208 <l9_1>
10006206:	3301      	adds	r3, #1

10006208 <l9_1>:
10006208:	0d6d      	lsrs	r5, r5, #21
1000620a:	d003      	beq.n	10006214 <l9_2>
1000620c:	1c6e      	adds	r6, r5, #1
1000620e:	0af6      	lsrs	r6, r6, #11
10006210:	d007      	beq.n	10006222 <l9_3>
10006212:	1bed      	subs	r5, r5, r7

10006214 <l9_2>:
10006214:	2200      	movs	r2, #0
10006216:	007f      	lsls	r7, r7, #1
10006218:	1c7b      	adds	r3, r7, #1
1000621a:	079b      	lsls	r3, r3, #30
1000621c:	129b      	asrs	r3, r3, #10
1000621e:	3d80      	subs	r5, #128	@ 0x80
10006220:	032d      	lsls	r5, r5, #12

10006222 <l9_3>:
10006222:	1b2f      	subs	r7, r5, r4
10006224:	1b66      	subs	r6, r4, r5
10006226:	d458      	bmi.n	100062da <da_ygtx>
10006228:	46a4      	mov	ip, r4
1000622a:	2e20      	cmp	r6, #32
1000622c:	da46      	bge.n	100062bc <da_xrgty>
1000622e:	3720      	adds	r7, #32
10006230:	0014      	movs	r4, r2
10006232:	40bc      	lsls	r4, r7

10006234 <da_xgty0>:
10006234:	001d      	movs	r5, r3
10006236:	40bd      	lsls	r5, r7
10006238:	40f2      	lsrs	r2, r6
1000623a:	4133      	asrs	r3, r6
1000623c:	432a      	orrs	r2, r5

1000623e <da_add>:
1000623e:	1880      	adds	r0, r0, r2
10006240:	4159      	adcs	r1, r3

10006242 <da_pack>:
10006242:	0fcb      	lsrs	r3, r1, #31
10006244:	d005      	beq.n	10006252 <da_pack+0x10>
10006246:	43c9      	mvns	r1, r1
10006248:	43c0      	mvns	r0, r0
1000624a:	2200      	movs	r2, #0
1000624c:	4264      	negs	r4, r4
1000624e:	4150      	adcs	r0, r2
10006250:	4151      	adcs	r1, r2
10006252:	4662      	mov	r2, ip
10006254:	0d4d      	lsrs	r5, r1, #21
10006256:	d128      	bne.n	100062aa <da_0>
10006258:	0d0d      	lsrs	r5, r1, #20
1000625a:	d107      	bne.n	1000626c <da_1>
1000625c:	2800      	cmp	r0, #0
1000625e:	d01f      	beq.n	100062a0 <da_5>

10006260 <da_2>:
10006260:	1924      	adds	r4, r4, r4
10006262:	4140      	adcs	r0, r0
10006264:	4149      	adcs	r1, r1
10006266:	3a01      	subs	r2, #1
10006268:	0d0d      	lsrs	r5, r1, #20
1000626a:	d0f9      	beq.n	10006260 <da_2>

1000626c <da_1>:
1000626c:	0064      	lsls	r4, r4, #1
1000626e:	d306      	bcc.n	1000627e <da_3>

10006270 <da_4>:
10006270:	3001      	adds	r0, #1
10006272:	d300      	bcc.n	10006276 <da_4+0x6>
10006274:	3101      	adds	r1, #1
10006276:	2c00      	cmp	r4, #0
10006278:	d101      	bne.n	1000627e <da_3>
1000627a:	0840      	lsrs	r0, r0, #1
1000627c:	0040      	lsls	r0, r0, #1

1000627e <da_3>:
1000627e:	3a01      	subs	r2, #1
10006280:	d40b      	bmi.n	1000629a <da_6>
10006282:	1c94      	adds	r4, r2, #2
10006284:	0ae4      	lsrs	r4, r4, #11
10006286:	d104      	bne.n	10006292 <da_7>
10006288:	0512      	lsls	r2, r2, #20
1000628a:	4411      	add	r1, r2
1000628c:	07db      	lsls	r3, r3, #31
1000628e:	4419      	add	r1, r3
10006290:	bdf0      	pop	{r4, r5, r6, r7, pc}

10006292 <da_7>:
10006292:	07d9      	lsls	r1, r3, #31
10006294:	4b20      	ldr	r3, [pc, #128]	@ (10006318 <da_xmgty+0x4>)
10006296:	4319      	orrs	r1, r3
10006298:	e000      	b.n	1000629c <da_6+0x2>

1000629a <da_6>:
1000629a:	07d9      	lsls	r1, r3, #31
1000629c:	2000      	movs	r0, #0
1000629e:	bdf0      	pop	{r4, r5, r6, r7, pc}

100062a0 <da_5>:
100062a0:	2900      	cmp	r1, #0
100062a2:	d1dd      	bne.n	10006260 <da_2>
100062a4:	2c00      	cmp	r4, #0
100062a6:	d1db      	bne.n	10006260 <da_2>
100062a8:	bdf0      	pop	{r4, r5, r6, r7, pc}

100062aa <da_0>:
100062aa:	3201      	adds	r2, #1
100062ac:	07c6      	lsls	r6, r0, #31
100062ae:	0840      	lsrs	r0, r0, #1
100062b0:	07cd      	lsls	r5, r1, #31
100062b2:	4328      	orrs	r0, r5
100062b4:	0849      	lsrs	r1, r1, #1
100062b6:	2e00      	cmp	r6, #0
100062b8:	d0e1      	beq.n	1000627e <da_3>
100062ba:	e7d9      	b.n	10006270 <da_4>

100062bc <da_xrgty>:
100062bc:	2e3c      	cmp	r6, #60	@ 0x3c
100062be:	da29      	bge.n	10006314 <da_xmgty>
100062c0:	3e20      	subs	r6, #32
100062c2:	3740      	adds	r7, #64	@ 0x40
100062c4:	0014      	movs	r4, r2
100062c6:	40bc      	lsls	r4, r7
100062c8:	d000      	beq.n	100062cc <da_xrgty+0x10>
100062ca:	2401      	movs	r4, #1
100062cc:	40f2      	lsrs	r2, r6
100062ce:	4314      	orrs	r4, r2
100062d0:	001a      	movs	r2, r3
100062d2:	40bb      	lsls	r3, r7
100062d4:	431c      	orrs	r4, r3
100062d6:	17d3      	asrs	r3, r2, #31
100062d8:	e7ac      	b.n	10006234 <da_xgty0>

100062da <da_ygtx>:
100062da:	46ac      	mov	ip, r5
100062dc:	2f20      	cmp	r7, #32
100062de:	da08      	bge.n	100062f2 <da_yrgtx>
100062e0:	3620      	adds	r6, #32
100062e2:	0004      	movs	r4, r0
100062e4:	40b4      	lsls	r4, r6

100062e6 <da_ygtx0>:
100062e6:	000d      	movs	r5, r1
100062e8:	40b5      	lsls	r5, r6
100062ea:	40f8      	lsrs	r0, r7
100062ec:	4139      	asrs	r1, r7
100062ee:	4328      	orrs	r0, r5
100062f0:	e7a5      	b.n	1000623e <da_add>

100062f2 <da_yrgtx>:
100062f2:	2f3c      	cmp	r7, #60	@ 0x3c
100062f4:	da0c      	bge.n	10006310 <da_ymgtx>
100062f6:	3f20      	subs	r7, #32
100062f8:	3640      	adds	r6, #64	@ 0x40
100062fa:	0004      	movs	r4, r0
100062fc:	40b4      	lsls	r4, r6
100062fe:	d000      	beq.n	10006302 <da_yrgtx+0x10>
10006300:	2401      	movs	r4, #1
10006302:	40f8      	lsrs	r0, r7
10006304:	4304      	orrs	r4, r0
10006306:	0008      	movs	r0, r1
10006308:	40b1      	lsls	r1, r6
1000630a:	430c      	orrs	r4, r1
1000630c:	17c1      	asrs	r1, r0, #31
1000630e:	e7ea      	b.n	100062e6 <da_ygtx0>

10006310 <da_ymgtx>:
10006310:	0010      	movs	r0, r2
10006312:	0019      	movs	r1, r3

10006314 <da_xmgty>:
10006314:	2400      	movs	r4, #0
10006316:	e794      	b.n	10006242 <da_pack>
10006318:	7ff00000 	.word	0x7ff00000

1000631c <dmul_shim>:
1000631c:	b5f0      	push	{r4, r5, r6, r7, lr}
1000631e:	0d0c      	lsrs	r4, r1, #20
10006320:	1e66      	subs	r6, r4, #1
10006322:	0536      	lsls	r6, r6, #20
10006324:	1b89      	subs	r1, r1, r6
10006326:	0ae6      	lsrs	r6, r4, #11
10006328:	0564      	lsls	r4, r4, #21
1000632a:	0d64      	lsrs	r4, r4, #21
1000632c:	d002      	beq.n	10006334 <l12_1>
1000632e:	1c65      	adds	r5, r4, #1
10006330:	0aed      	lsrs	r5, r5, #11
10006332:	d004      	beq.n	1000633e <l12_2>

10006334 <l12_1>:
10006334:	2000      	movs	r0, #0
10006336:	2101      	movs	r1, #1
10006338:	0509      	lsls	r1, r1, #20
1000633a:	3c80      	subs	r4, #128	@ 0x80
1000633c:	0324      	lsls	r4, r4, #12

1000633e <l12_2>:
1000633e:	46a4      	mov	ip, r4
10006340:	0d1c      	lsrs	r4, r3, #20
10006342:	1e67      	subs	r7, r4, #1
10006344:	053f      	lsls	r7, r7, #20
10006346:	1bdb      	subs	r3, r3, r7
10006348:	0ae7      	lsrs	r7, r4, #11
1000634a:	0564      	lsls	r4, r4, #21
1000634c:	0d64      	lsrs	r4, r4, #21
1000634e:	d002      	beq.n	10006356 <l13_1>
10006350:	1c65      	adds	r5, r4, #1
10006352:	0aed      	lsrs	r5, r5, #11
10006354:	d004      	beq.n	10006360 <l13_2>

10006356 <l13_1>:
10006356:	2200      	movs	r2, #0
10006358:	2301      	movs	r3, #1
1000635a:	051b      	lsls	r3, r3, #20
1000635c:	3c80      	subs	r4, #128	@ 0x80
1000635e:	0324      	lsls	r4, r4, #12

10006360 <l13_2>:
10006360:	4077      	eors	r7, r6
10006362:	4464      	add	r4, ip
10006364:	b497      	push	{r0, r1, r2, r4, r7}
10006366:	b284      	uxth	r4, r0
10006368:	b296      	uxth	r6, r2
1000636a:	4374      	muls	r4, r6
1000636c:	0c07      	lsrs	r7, r0, #16
1000636e:	437e      	muls	r6, r7
10006370:	0c15      	lsrs	r5, r2, #16
10006372:	436f      	muls	r7, r5
10006374:	b280      	uxth	r0, r0
10006376:	4368      	muls	r0, r5
10006378:	1836      	adds	r6, r6, r0
1000637a:	d302      	bcc.n	10006382 <l14_1>
1000637c:	2001      	movs	r0, #1
1000637e:	0400      	lsls	r0, r0, #16
10006380:	183f      	adds	r7, r7, r0

10006382 <l14_1>:
10006382:	0430      	lsls	r0, r6, #16
10006384:	0c35      	lsrs	r5, r6, #16
10006386:	1900      	adds	r0, r0, r4
10006388:	417d      	adcs	r5, r7
1000638a:	4684      	mov	ip, r0
1000638c:	b288      	uxth	r0, r1
1000638e:	b29a      	uxth	r2, r3
10006390:	4350      	muls	r0, r2
10006392:	0c0c      	lsrs	r4, r1, #16
10006394:	4362      	muls	r2, r4
10006396:	0c1f      	lsrs	r7, r3, #16
10006398:	437c      	muls	r4, r7
1000639a:	b28e      	uxth	r6, r1
1000639c:	437e      	muls	r6, r7
1000639e:	1992      	adds	r2, r2, r6
100063a0:	d302      	bcc.n	100063a8 <l15_1>
100063a2:	2601      	movs	r6, #1
100063a4:	0436      	lsls	r6, r6, #16
100063a6:	19a4      	adds	r4, r4, r6

100063a8 <l15_1>:
100063a8:	0416      	lsls	r6, r2, #16
100063aa:	0c17      	lsrs	r7, r2, #16
100063ac:	1836      	adds	r6, r6, r0
100063ae:	4167      	adcs	r7, r4
100063b0:	bc01      	pop	{r0}
100063b2:	b281      	uxth	r1, r0
100063b4:	b29a      	uxth	r2, r3
100063b6:	4351      	muls	r1, r2
100063b8:	0c04      	lsrs	r4, r0, #16
100063ba:	4362      	muls	r2, r4
100063bc:	0c1b      	lsrs	r3, r3, #16
100063be:	435c      	muls	r4, r3
100063c0:	b280      	uxth	r0, r0
100063c2:	4358      	muls	r0, r3
100063c4:	1812      	adds	r2, r2, r0
100063c6:	d302      	bcc.n	100063ce <l16_1>
100063c8:	2001      	movs	r0, #1
100063ca:	0400      	lsls	r0, r0, #16
100063cc:	1824      	adds	r4, r4, r0

100063ce <l16_1>:
100063ce:	0410      	lsls	r0, r2, #16
100063d0:	0c13      	lsrs	r3, r2, #16
100063d2:	1840      	adds	r0, r0, r1
100063d4:	4163      	adcs	r3, r4
100063d6:	182d      	adds	r5, r5, r0
100063d8:	415e      	adcs	r6, r3
100063da:	2000      	movs	r0, #0
100063dc:	4147      	adcs	r7, r0
100063de:	bc06      	pop	{r1, r2}
100063e0:	b288      	uxth	r0, r1
100063e2:	b293      	uxth	r3, r2
100063e4:	4358      	muls	r0, r3
100063e6:	0c0c      	lsrs	r4, r1, #16
100063e8:	4363      	muls	r3, r4
100063ea:	0c12      	lsrs	r2, r2, #16
100063ec:	4354      	muls	r4, r2
100063ee:	b289      	uxth	r1, r1
100063f0:	4351      	muls	r1, r2
100063f2:	185b      	adds	r3, r3, r1
100063f4:	d302      	bcc.n	100063fc <l17_1>
100063f6:	2101      	movs	r1, #1
100063f8:	0409      	lsls	r1, r1, #16
100063fa:	1864      	adds	r4, r4, r1

100063fc <l17_1>:
100063fc:	0419      	lsls	r1, r3, #16
100063fe:	0c1a      	lsrs	r2, r3, #16
10006400:	1809      	adds	r1, r1, r0
10006402:	4162      	adcs	r2, r4
10006404:	186d      	adds	r5, r5, r1
10006406:	4156      	adcs	r6, r2
10006408:	2000      	movs	r0, #0
1000640a:	4147      	adcs	r7, r0
1000640c:	bc18      	pop	{r3, r4}
1000640e:	02f9      	lsls	r1, r7, #11
10006410:	0d72      	lsrs	r2, r6, #21
10006412:	4311      	orrs	r1, r2
10006414:	02f0      	lsls	r0, r6, #11
10006416:	0d6a      	lsrs	r2, r5, #21
10006418:	4310      	orrs	r0, r2
1000641a:	02ed      	lsls	r5, r5, #11
1000641c:	0d0a      	lsrs	r2, r1, #20
1000641e:	d103      	bne.n	10006428 <l17_1+0x2c>
10006420:	196d      	adds	r5, r5, r5
10006422:	4140      	adcs	r0, r0
10006424:	4149      	adcs	r1, r1
10006426:	3b01      	subs	r3, #1
10006428:	4e12      	ldr	r6, [pc, #72]	@ (10006474 <dm_1+0xa>)
1000642a:	1b9b      	subs	r3, r3, r6
1000642c:	0076      	lsls	r6, r6, #1
1000642e:	42b3      	cmp	r3, r6
10006430:	d20e      	bcs.n	10006450 <dm_0>
10006432:	006d      	lsls	r5, r5, #1
10006434:	d307      	bcc.n	10006446 <l17_1+0x4a>
10006436:	3001      	adds	r0, #1
10006438:	2600      	movs	r6, #0
1000643a:	4171      	adcs	r1, r6
1000643c:	4666      	mov	r6, ip
1000643e:	4335      	orrs	r5, r6
10006440:	d101      	bne.n	10006446 <l17_1+0x4a>
10006442:	0840      	lsrs	r0, r0, #1
10006444:	0040      	lsls	r0, r0, #1
10006446:	051b      	lsls	r3, r3, #20
10006448:	18c9      	adds	r1, r1, r3

1000644a <dm_2>:
1000644a:	07e4      	lsls	r4, r4, #31
1000644c:	4421      	add	r1, r4
1000644e:	bdf0      	pop	{r4, r5, r6, r7, pc}

10006450 <dm_0>:
10006450:	da0b      	bge.n	1000646a <dm_1>
10006452:	3301      	adds	r3, #1
10006454:	d106      	bne.n	10006464 <dm_0+0x14>
10006456:	3001      	adds	r0, #1
10006458:	d104      	bne.n	10006464 <dm_0+0x14>
1000645a:	3101      	adds	r1, #1
1000645c:	0d4f      	lsrs	r7, r1, #21
1000645e:	d001      	beq.n	10006464 <dm_0+0x14>
10006460:	0849      	lsrs	r1, r1, #1
10006462:	e7f2      	b.n	1000644a <dm_2>
10006464:	07e1      	lsls	r1, r4, #31
10006466:	2000      	movs	r0, #0
10006468:	bdf0      	pop	{r4, r5, r6, r7, pc}

1000646a <dm_1>:
1000646a:	3601      	adds	r6, #1
1000646c:	0531      	lsls	r1, r6, #20
1000646e:	2000      	movs	r0, #0
10006470:	e7eb      	b.n	1000644a <dm_2>
10006472:	0000      	.short	0x0000
10006474:	000003ff 	.word	0x000003ff

10006478 <ddiv_shim>:
10006478:	b5f0      	push	{r4, r5, r6, r7, lr}

1000647a <ddiv0>:
1000647a:	0d1c      	lsrs	r4, r3, #20
1000647c:	1e67      	subs	r7, r4, #1
1000647e:	053f      	lsls	r7, r7, #20
10006480:	1bdb      	subs	r3, r3, r7
10006482:	0ae7      	lsrs	r7, r4, #11
10006484:	0564      	lsls	r4, r4, #21
10006486:	0d64      	lsrs	r4, r4, #21
10006488:	d002      	beq.n	10006490 <l20_1>
1000648a:	1c66      	adds	r6, r4, #1
1000648c:	0af6      	lsrs	r6, r6, #11
1000648e:	d004      	beq.n	1000649a <l20_2>

10006490 <l20_1>:
10006490:	2200      	movs	r2, #0
10006492:	2301      	movs	r3, #1
10006494:	051b      	lsls	r3, r3, #20
10006496:	3c80      	subs	r4, #128	@ 0x80
10006498:	0324      	lsls	r4, r4, #12

1000649a <l20_2>:
1000649a:	25d0      	movs	r5, #208	@ 0xd0
1000649c:	062d      	lsls	r5, r5, #24
1000649e:	2600      	movs	r6, #0
100064a0:	43f6      	mvns	r6, r6
100064a2:	662e      	str	r6, [r5, #96]	@ 0x60
100064a4:	091e      	lsrs	r6, r3, #4
100064a6:	666e      	str	r6, [r5, #100]	@ 0x64
100064a8:	0fce      	lsrs	r6, r1, #31
100064aa:	19f6      	adds	r6, r6, r7
100064ac:	46b4      	mov	ip, r6
100064ae:	0049      	lsls	r1, r1, #1
100064b0:	0d4f      	lsrs	r7, r1, #21
100064b2:	d002      	beq.n	100064ba <l20_2+0x20>
100064b4:	1c7e      	adds	r6, r7, #1
100064b6:	0af6      	lsrs	r6, r6, #11
100064b8:	d003      	beq.n	100064c2 <l20_2+0x28>
100064ba:	2000      	movs	r0, #0
100064bc:	2100      	movs	r1, #0
100064be:	3f40      	subs	r7, #64	@ 0x40
100064c0:	033f      	lsls	r7, r7, #12
100064c2:	1b3e      	subs	r6, r7, r4
100064c4:	00b6      	lsls	r6, r6, #2
100064c6:	44b4      	add	ip, r6
100064c8:	3f01      	subs	r7, #1
100064ca:	057f      	lsls	r7, r7, #21
100064cc:	1bc9      	subs	r1, r1, r7
100064ce:	0849      	lsrs	r1, r1, #1
100064d0:	6f2e      	ldr	r6, [r5, #112]	@ 0x70
100064d2:	3601      	adds	r6, #1
100064d4:	0876      	lsrs	r6, r6, #1
100064d6:	029c      	lsls	r4, r3, #10
100064d8:	0d95      	lsrs	r5, r2, #22
100064da:	4325      	orrs	r5, r4
100064dc:	4375      	muls	r5, r6
100064de:	13ed      	asrs	r5, r5, #15
100064e0:	4375      	muls	r5, r6
100064e2:	13ad      	asrs	r5, r5, #14
100064e4:	3501      	adds	r5, #1
100064e6:	106d      	asrs	r5, r5, #1
100064e8:	03f6      	lsls	r6, r6, #15
100064ea:	1b76      	subs	r6, r6, r5
100064ec:	b40c      	push	{r2, r3}
100064ee:	02cc      	lsls	r4, r1, #11
100064f0:	0d45      	lsrs	r5, r0, #21
100064f2:	432c      	orrs	r4, r5
100064f4:	b2a2      	uxth	r2, r4
100064f6:	b2b3      	uxth	r3, r6
100064f8:	435a      	muls	r2, r3
100064fa:	0c27      	lsrs	r7, r4, #16
100064fc:	437b      	muls	r3, r7
100064fe:	0c35      	lsrs	r5, r6, #16
10006500:	436f      	muls	r7, r5
10006502:	b2a4      	uxth	r4, r4
10006504:	436c      	muls	r4, r5
10006506:	191b      	adds	r3, r3, r4
10006508:	d302      	bcc.n	10006510 <l21_1>
1000650a:	2401      	movs	r4, #1
1000650c:	0424      	lsls	r4, r4, #16
1000650e:	193f      	adds	r7, r7, r4

10006510 <l21_1>:
10006510:	041c      	lsls	r4, r3, #16
10006512:	0c1d      	lsrs	r5, r3, #16
10006514:	18a4      	adds	r4, r4, r2
10006516:	417d      	adcs	r5, r7
10006518:	1924      	adds	r4, r4, r4
1000651a:	416d      	adcs	r5, r5
1000651c:	9a00      	ldr	r2, [sp, #0]
1000651e:	b291      	uxth	r1, r2
10006520:	b2ac      	uxth	r4, r5
10006522:	4361      	muls	r1, r4
10006524:	0c17      	lsrs	r7, r2, #16
10006526:	437c      	muls	r4, r7
10006528:	0c2b      	lsrs	r3, r5, #16
1000652a:	435f      	muls	r7, r3
1000652c:	b292      	uxth	r2, r2
1000652e:	435a      	muls	r2, r3
10006530:	18a4      	adds	r4, r4, r2
10006532:	d302      	bcc.n	1000653a <l22_1>
10006534:	2201      	movs	r2, #1
10006536:	0412      	lsls	r2, r2, #16
10006538:	18bf      	adds	r7, r7, r2

1000653a <l22_1>:
1000653a:	0422      	lsls	r2, r4, #16
1000653c:	0c23      	lsrs	r3, r4, #16
1000653e:	1852      	adds	r2, r2, r1
10006540:	417b      	adcs	r3, r7
10006542:	9c01      	ldr	r4, [sp, #4]
10006544:	436c      	muls	r4, r5
10006546:	191b      	adds	r3, r3, r4
10006548:	0e52      	lsrs	r2, r2, #25
1000654a:	01d9      	lsls	r1, r3, #7
1000654c:	430a      	orrs	r2, r1
1000654e:	0144      	lsls	r4, r0, #5
10006550:	1aa0      	subs	r0, r4, r2
10006552:	b281      	uxth	r1, r0
10006554:	b2b2      	uxth	r2, r6
10006556:	4351      	muls	r1, r2
10006558:	1403      	asrs	r3, r0, #16
1000655a:	435a      	muls	r2, r3
1000655c:	0c36      	lsrs	r6, r6, #16
1000655e:	4373      	muls	r3, r6
10006560:	b287      	uxth	r7, r0
10006562:	4377      	muls	r7, r6
10006564:	17d6      	asrs	r6, r2, #31
10006566:	19d2      	adds	r2, r2, r7
10006568:	2700      	movs	r7, #0
1000656a:	417e      	adcs	r6, r7
1000656c:	0436      	lsls	r6, r6, #16
1000656e:	199b      	adds	r3, r3, r6
10006570:	0417      	lsls	r7, r2, #16
10006572:	0c16      	lsrs	r6, r2, #16
10006574:	187f      	adds	r7, r7, r1
10006576:	415e      	adcs	r6, r3
10006578:	1673      	asrs	r3, r6, #25
1000657a:	18ed      	adds	r5, r5, r3
1000657c:	01f3      	lsls	r3, r6, #7
1000657e:	2600      	movs	r6, #0
10006580:	3380      	adds	r3, #128	@ 0x80
10006582:	4175      	adcs	r5, r6
10006584:	0fa9      	lsrs	r1, r5, #30
10006586:	d106      	bne.n	10006596 <dd_0>
10006588:	0064      	lsls	r4, r4, #1
1000658a:	0a69      	lsrs	r1, r5, #9
1000658c:	05e8      	lsls	r0, r5, #23
1000658e:	0a5b      	lsrs	r3, r3, #9
10006590:	4318      	orrs	r0, r3
10006592:	d209      	bcs.n	100065a8 <dd_1>
10006594:	e02f      	b.n	100065f6 <dd_2>

10006596 <dd_0>:
10006596:	2204      	movs	r2, #4
10006598:	4494      	add	ip, r2
1000659a:	3380      	adds	r3, #128	@ 0x80
1000659c:	4175      	adcs	r5, r6
1000659e:	0aa9      	lsrs	r1, r5, #10
100065a0:	05a8      	lsls	r0, r5, #22
100065a2:	0a9b      	lsrs	r3, r3, #10
100065a4:	4318      	orrs	r0, r3
100065a6:	d326      	bcc.n	100065f6 <dd_2>

100065a8 <dd_1>:
100065a8:	4140      	adcs	r0, r0
100065aa:	4149      	adcs	r1, r1
100065ac:	0424      	lsls	r4, r4, #16
100065ae:	9a00      	ldr	r2, [sp, #0]
100065b0:	9b01      	ldr	r3, [sp, #4]
100065b2:	000d      	movs	r5, r1
100065b4:	4355      	muls	r5, r2
100065b6:	1b64      	subs	r4, r4, r5
100065b8:	4343      	muls	r3, r0
100065ba:	1ae4      	subs	r4, r4, r3
100065bc:	b295      	uxth	r5, r2
100065be:	b286      	uxth	r6, r0
100065c0:	4375      	muls	r5, r6
100065c2:	0c17      	lsrs	r7, r2, #16
100065c4:	437e      	muls	r6, r7
100065c6:	0c03      	lsrs	r3, r0, #16
100065c8:	435f      	muls	r7, r3
100065ca:	b292      	uxth	r2, r2
100065cc:	435a      	muls	r2, r3
100065ce:	18b6      	adds	r6, r6, r2
100065d0:	d302      	bcc.n	100065d8 <l24_1>
100065d2:	2201      	movs	r2, #1
100065d4:	0412      	lsls	r2, r2, #16
100065d6:	18bf      	adds	r7, r7, r2

100065d8 <l24_1>:
100065d8:	0432      	lsls	r2, r6, #16
100065da:	0c33      	lsrs	r3, r6, #16
100065dc:	1952      	adds	r2, r2, r5
100065de:	417b      	adcs	r3, r7
100065e0:	4252      	negs	r2, r2
100065e2:	419c      	sbcs	r4, r3
100065e4:	2c00      	cmp	r4, #0
100065e6:	d402      	bmi.n	100065ee <l24_1+0x16>
100065e8:	2200      	movs	r2, #0
100065ea:	3001      	adds	r0, #1
100065ec:	4151      	adcs	r1, r2
100065ee:	0840      	lsrs	r0, r0, #1
100065f0:	07ca      	lsls	r2, r1, #31
100065f2:	4310      	orrs	r0, r2
100065f4:	0849      	lsrs	r1, r1, #1

100065f6 <dd_2>:
100065f6:	b002      	add	sp, #8
100065f8:	4662      	mov	r2, ip
100065fa:	07d7      	lsls	r7, r2, #31
100065fc:	1092      	asrs	r2, r2, #2
100065fe:	4b08      	ldr	r3, [pc, #32]	@ (10006620 <dd_4+0x6>)
10006600:	18d2      	adds	r2, r2, r3
10006602:	4b08      	ldr	r3, [pc, #32]	@ (10006624 <dd_4+0xa>)
10006604:	429a      	cmp	r2, r3
10006606:	d203      	bcs.n	10006610 <dd_3>
10006608:	0512      	lsls	r2, r2, #20
1000660a:	1889      	adds	r1, r1, r2

1000660c <dd_5>:
1000660c:	19c9      	adds	r1, r1, r7
1000660e:	bdf0      	pop	{r4, r5, r6, r7, pc}

10006610 <dd_3>:
10006610:	2000      	movs	r0, #0
10006612:	2a00      	cmp	r2, #0
10006614:	dc01      	bgt.n	1000661a <dd_4>
10006616:	0039      	movs	r1, r7
10006618:	bdf0      	pop	{r4, r5, r6, r7, pc}

1000661a <dd_4>:
1000661a:	3301      	adds	r3, #1
1000661c:	0519      	lsls	r1, r3, #20
1000661e:	e7f5      	b.n	1000660c <dd_5>
10006620:	000003fd 	.word	0x000003fd
10006624:	000007fe 	.word	0x000007fe

10006628 <double2uint_shim>:
10006628:	2200      	movs	r2, #0

1000662a <double2ufix_shim>:
1000662a:	b500      	push	{lr}
1000662c:	3220      	adds	r2, #32
1000662e:	f000 f804 	bl	1000663a <double2ufix64_shim>
10006632:	0008      	movs	r0, r1
10006634:	bd00      	pop	{pc}
	...

10006638 <double2uint64_shim>:
10006638:	2200      	movs	r2, #0

1000663a <double2ufix64_shim>:
1000663a:	150b      	asrs	r3, r1, #20
1000663c:	d40a      	bmi.n	10006654 <ret_dzero>

1000663e <d2fix>:
1000663e:	b510      	push	{r4, lr}
10006640:	4694      	mov	ip, r2
10006642:	f000 f831 	bl	100066a8 <dunpacks>
10006646:	1414      	asrs	r4, r2, #16
10006648:	3401      	adds	r4, #1
1000664a:	da00      	bge.n	1000664e <d2fix+0x10>
1000664c:	2100      	movs	r1, #0
1000664e:	17cb      	asrs	r3, r1, #31
10006650:	4c14      	ldr	r4, [pc, #80]	@ (100066a4 <d2fix_a+0x4a>)
10006652:	4720      	bx	r4

10006654 <ret_dzero>:
10006654:	2000      	movs	r0, #0
10006656:	2100      	movs	r1, #0
10006658:	4770      	bx	lr

1000665a <d2fix_a>:
1000665a:	4462      	add	r2, ip
1000665c:	3a34      	subs	r2, #52	@ 0x34
1000665e:	d40c      	bmi.n	1000667a <d2fix_a+0x20>
10006660:	2a0c      	cmp	r2, #12
10006662:	da07      	bge.n	10006674 <d2fix_a+0x1a>
10006664:	0004      	movs	r4, r0
10006666:	4091      	lsls	r1, r2
10006668:	4090      	lsls	r0, r2
1000666a:	4252      	negs	r2, r2
1000666c:	3220      	adds	r2, #32
1000666e:	40d4      	lsrs	r4, r2
10006670:	4321      	orrs	r1, r4
10006672:	bd10      	pop	{r4, pc}
10006674:	43d8      	mvns	r0, r3
10006676:	43d9      	mvns	r1, r3
10006678:	bd10      	pop	{r4, pc}
1000667a:	3220      	adds	r2, #32
1000667c:	d407      	bmi.n	1000668e <d2fix_a+0x34>
1000667e:	460c      	mov	r4, r1
10006680:	4094      	lsls	r4, r2
10006682:	4252      	negs	r2, r2
10006684:	3220      	adds	r2, #32
10006686:	4111      	asrs	r1, r2
10006688:	40d0      	lsrs	r0, r2
1000668a:	4320      	orrs	r0, r4
1000668c:	bd10      	pop	{r4, pc}
1000668e:	0008      	movs	r0, r1
10006690:	17c9      	asrs	r1, r1, #31
10006692:	3220      	adds	r2, #32
10006694:	d403      	bmi.n	1000669e <d2fix_a+0x44>
10006696:	4252      	negs	r2, r2
10006698:	3220      	adds	r2, #32
1000669a:	4110      	asrs	r0, r2
1000669c:	bd10      	pop	{r4, pc}
1000669e:	0018      	movs	r0, r3
100066a0:	0019      	movs	r1, r3
100066a2:	bd10      	pop	{r4, pc}
100066a4:	1000665b 	.word	0x1000665b

100066a8 <dunpacks>:
100066a8:	0d0a      	lsrs	r2, r1, #20
100066aa:	0fcc      	lsrs	r4, r1, #31
100066ac:	1e53      	subs	r3, r2, #1
100066ae:	051b      	lsls	r3, r3, #20
100066b0:	1ac9      	subs	r1, r1, r3
100066b2:	0552      	lsls	r2, r2, #21
100066b4:	d303      	bcc.n	100066be <l60_1>
100066b6:	43c9      	mvns	r1, r1
100066b8:	4240      	negs	r0, r0
100066ba:	d300      	bcc.n	100066be <l60_1>
100066bc:	3101      	adds	r1, #1

100066be <l60_1>:
100066be:	0d52      	lsrs	r2, r2, #21
100066c0:	d003      	beq.n	100066ca <l60_2>
100066c2:	1c53      	adds	r3, r2, #1
100066c4:	0adb      	lsrs	r3, r3, #11
100066c6:	d007      	beq.n	100066d8 <l60_3>
100066c8:	1b12      	subs	r2, r2, r4

100066ca <l60_2>:
100066ca:	2000      	movs	r0, #0
100066cc:	0064      	lsls	r4, r4, #1
100066ce:	1c61      	adds	r1, r4, #1
100066d0:	0789      	lsls	r1, r1, #30
100066d2:	1289      	asrs	r1, r1, #10
100066d4:	3a80      	subs	r2, #128	@ 0x80
100066d6:	0312      	lsls	r2, r2, #12

100066d8 <l60_3>:
100066d8:	4b01      	ldr	r3, [pc, #4]	@ (100066e0 <l60_3+0x8>)
100066da:	1ad2      	subs	r2, r2, r3
100066dc:	4770      	bx	lr
100066de:	0000      	.short	0x0000
100066e0:	000003ff 	.word	0x000003ff

100066e4 <__wrap___aeabi_lmul>:
100066e4:	4351      	muls	r1, r2
100066e6:	4343      	muls	r3, r0
100066e8:	18c9      	adds	r1, r1, r3
100066ea:	468c      	mov	ip, r1
100066ec:	0c11      	lsrs	r1, r2, #16
100066ee:	b283      	uxth	r3, r0
100066f0:	434b      	muls	r3, r1
100066f2:	b410      	push	{r4}
100066f4:	0c04      	lsrs	r4, r0, #16
100066f6:	4361      	muls	r1, r4
100066f8:	b292      	uxth	r2, r2
100066fa:	b280      	uxth	r0, r0
100066fc:	4350      	muls	r0, r2
100066fe:	4362      	muls	r2, r4
10006700:	041c      	lsls	r4, r3, #16
10006702:	0c1b      	lsrs	r3, r3, #16
10006704:	1900      	adds	r0, r0, r4
10006706:	bc10      	pop	{r4}
10006708:	4159      	adcs	r1, r3
1000670a:	0413      	lsls	r3, r2, #16
1000670c:	0c12      	lsrs	r2, r2, #16
1000670e:	18c0      	adds	r0, r0, r3
10006710:	4151      	adcs	r1, r2
10006712:	4461      	add	r1, ip
10006714:	4770      	bx	lr
	...

10006718 <__aeabi_float_init>:
10006718:	2313      	movs	r3, #19
1000671a:	b510      	push	{r4, lr}
1000671c:	4812      	ldr	r0, [pc, #72]	@ (10006768 <__aeabi_float_init+0x50>)
1000671e:	781c      	ldrb	r4, [r3, #0]
10006720:	f7ff f81c 	bl	1000575c <rom_data_lookup>
10006724:	0001      	movs	r1, r0
10006726:	2c01      	cmp	r4, #1
10006728:	d00a      	beq.n	10006740 <__aeabi_float_init+0x28>
1000672a:	dd03      	ble.n	10006734 <__aeabi_float_init+0x1c>
1000672c:	2280      	movs	r2, #128	@ 0x80
1000672e:	480f      	ldr	r0, [pc, #60]	@ (1000676c <__aeabi_float_init+0x54>)
10006730:	f000 f848 	bl	100067c4 <__wrap___aeabi_memcpy>
10006734:	480e      	ldr	r0, [pc, #56]	@ (10006770 <__aeabi_float_init+0x58>)
10006736:	f7ff f809 	bl	1000574c <rom_func_lookup>
1000673a:	4b0e      	ldr	r3, [pc, #56]	@ (10006774 <__aeabi_float_init+0x5c>)
1000673c:	6018      	str	r0, [r3, #0]
1000673e:	bd10      	pop	{r4, pc}
10006740:	4c0a      	ldr	r4, [pc, #40]	@ (1000676c <__aeabi_float_init+0x54>)
10006742:	2254      	movs	r2, #84	@ 0x54
10006744:	0020      	movs	r0, r4
10006746:	f000 f83d 	bl	100067c4 <__wrap___aeabi_memcpy>
1000674a:	4b0b      	ldr	r3, [pc, #44]	@ (10006778 <__aeabi_float_init+0x60>)
1000674c:	6563      	str	r3, [r4, #84]	@ 0x54
1000674e:	65a3      	str	r3, [r4, #88]	@ 0x58
10006750:	65e3      	str	r3, [r4, #92]	@ 0x5c
10006752:	6623      	str	r3, [r4, #96]	@ 0x60
10006754:	6663      	str	r3, [r4, #100]	@ 0x64
10006756:	66a3      	str	r3, [r4, #104]	@ 0x68
10006758:	66e3      	str	r3, [r4, #108]	@ 0x6c
1000675a:	6723      	str	r3, [r4, #112]	@ 0x70
1000675c:	6763      	str	r3, [r4, #116]	@ 0x74
1000675e:	67a3      	str	r3, [r4, #120]	@ 0x78
10006760:	67e3      	str	r3, [r4, #124]	@ 0x7c
10006762:	6223      	str	r3, [r4, #32]
10006764:	61e3      	str	r3, [r4, #28]
10006766:	e7e5      	b.n	10006734 <__aeabi_float_init+0x1c>
10006768:	00004653 	.word	0x00004653
1000676c:	200014c8 	.word	0x200014c8
10006770:	0000334c 	.word	0x0000334c
10006774:	200037fc 	.word	0x200037fc
10006778:	1000677d 	.word	0x1000677d

1000677c <float_table_shim_on_use_helper>:
1000677c:	b507      	push	{r0, r1, r2, lr}
1000677e:	4660      	mov	r0, ip
10006780:	8801      	ldrh	r1, [r0, #0]
10006782:	0a0a      	lsrs	r2, r1, #8
10006784:	3002      	adds	r0, #2
10006786:	2adf      	cmp	r2, #223	@ 0xdf
10006788:	d1fa      	bne.n	10006780 <float_table_shim_on_use_helper+0x4>
1000678a:	b2c9      	uxtb	r1, r1
1000678c:	0882      	lsrs	r2, r0, #2
1000678e:	d304      	bcc.n	1000679a <float_table_shim_on_use_helper+0x1e>
10006790:	8802      	ldrh	r2, [r0, #0]
10006792:	8840      	ldrh	r0, [r0, #2]
10006794:	0400      	lsls	r0, r0, #16
10006796:	4310      	orrs	r0, r2
10006798:	e000      	b.n	1000679c <float_table_shim_on_use_helper+0x20>
1000679a:	6800      	ldr	r0, [r0, #0]
1000679c:	4a01      	ldr	r2, [pc, #4]	@ (100067a4 <float_table_shim_on_use_helper+0x28>)
1000679e:	5050      	str	r0, [r2, r1]
100067a0:	9003      	str	r0, [sp, #12]
100067a2:	bd07      	pop	{r0, r1, r2, pc}
100067a4:	200014c8 	.word	0x200014c8

100067a8 <__aeabi_mem_init>:
100067a8:	4801      	ldr	r0, [pc, #4]	@ (100067b0 <__aeabi_mem_init+0x8>)
100067aa:	2104      	movs	r1, #4
100067ac:	4b01      	ldr	r3, [pc, #4]	@ (100067b4 <__aeabi_mem_init+0xc>)
100067ae:	4718      	bx	r3
100067b0:	200010b0 	.word	0x200010b0
100067b4:	1000576d 	.word	0x1000576d

100067b8 <__wrap_memset>:
100067b8:	4b01      	ldr	r3, [pc, #4]	@ (100067c0 <__wrap_memset+0x8>)
100067ba:	681b      	ldr	r3, [r3, #0]
100067bc:	4718      	bx	r3
100067be:	0000      	.short	0x0000
100067c0:	200010b0 	.word	0x200010b0

100067c4 <__wrap___aeabi_memcpy>:
100067c4:	4b01      	ldr	r3, [pc, #4]	@ (100067cc <__wrap___aeabi_memcpy+0x8>)
100067c6:	685b      	ldr	r3, [r3, #4]
100067c8:	4718      	bx	r3
100067ca:	0000      	.short	0x0000
100067cc:	200010b0 	.word	0x200010b0

100067d0 <_out_buffer>:
100067d0:	429a      	cmp	r2, r3
100067d2:	d200      	bcs.n	100067d6 <_out_buffer+0x6>
100067d4:	5488      	strb	r0, [r1, r2]
100067d6:	4770      	bx	lr

100067d8 <_out_null>:
100067d8:	4770      	bx	lr
100067da:	46c0      	nop			@ (mov r8, r8)

100067dc <_out_rev>:
100067dc:	b5f8      	push	{r3, r4, r5, r6, r7, lr}
100067de:	4657      	mov	r7, sl
100067e0:	46de      	mov	lr, fp
100067e2:	464e      	mov	r6, r9
100067e4:	4645      	mov	r5, r8
100067e6:	b5e0      	push	{r5, r6, r7, lr}
100067e8:	4699      	mov	r9, r3
100067ea:	9b0a      	ldr	r3, [sp, #40]	@ 0x28
100067ec:	0007      	movs	r7, r0
100067ee:	469a      	mov	sl, r3
100067f0:	9b0d      	ldr	r3, [sp, #52]	@ 0x34
100067f2:	4688      	mov	r8, r1
100067f4:	4693      	mov	fp, r2
100067f6:	9c0b      	ldr	r4, [sp, #44]	@ 0x2c
100067f8:	079b      	lsls	r3, r3, #30
100067fa:	d13b      	bne.n	10006874 <_out_rev+0x98>
100067fc:	9b0c      	ldr	r3, [sp, #48]	@ 0x30
100067fe:	429c      	cmp	r4, r3
10006800:	d23d      	bcs.n	1000687e <_out_rev+0xa2>
10006802:	1b1e      	subs	r6, r3, r4
10006804:	940b      	str	r4, [sp, #44]	@ 0x2c
10006806:	0015      	movs	r5, r2
10006808:	000c      	movs	r4, r1
1000680a:	445e      	add	r6, fp
1000680c:	002a      	movs	r2, r5
1000680e:	464b      	mov	r3, r9
10006810:	3501      	adds	r5, #1
10006812:	0021      	movs	r1, r4
10006814:	2020      	movs	r0, #32
10006816:	47b8      	blx	r7
10006818:	42b5      	cmp	r5, r6
1000681a:	d1f7      	bne.n	1000680c <_out_rev+0x30>
1000681c:	46a0      	mov	r8, r4
1000681e:	9c0b      	ldr	r4, [sp, #44]	@ 0x2c
10006820:	2c00      	cmp	r4, #0
10006822:	d020      	beq.n	10006866 <_out_rev+0x8a>
10006824:	4645      	mov	r5, r8
10006826:	1936      	adds	r6, r6, r4
10006828:	4653      	mov	r3, sl
1000682a:	1b32      	subs	r2, r6, r4
1000682c:	3c01      	subs	r4, #1
1000682e:	5d18      	ldrb	r0, [r3, r4]
10006830:	0029      	movs	r1, r5
10006832:	464b      	mov	r3, r9
10006834:	47b8      	blx	r7
10006836:	2c00      	cmp	r4, #0
10006838:	d1f6      	bne.n	10006828 <_out_rev+0x4c>
1000683a:	002b      	movs	r3, r5
1000683c:	0035      	movs	r5, r6
1000683e:	4698      	mov	r8, r3
10006840:	9b0d      	ldr	r3, [sp, #52]	@ 0x34
10006842:	079b      	lsls	r3, r3, #30
10006844:	d50f      	bpl.n	10006866 <_out_rev+0x8a>
10006846:	465b      	mov	r3, fp
10006848:	1aec      	subs	r4, r5, r3
1000684a:	9b0c      	ldr	r3, [sp, #48]	@ 0x30
1000684c:	42a3      	cmp	r3, r4
1000684e:	d90a      	bls.n	10006866 <_out_rev+0x8a>
10006850:	4646      	mov	r6, r8
10006852:	4698      	mov	r8, r3
10006854:	002a      	movs	r2, r5
10006856:	464b      	mov	r3, r9
10006858:	0031      	movs	r1, r6
1000685a:	2020      	movs	r0, #32
1000685c:	3401      	adds	r4, #1
1000685e:	47b8      	blx	r7
10006860:	3501      	adds	r5, #1
10006862:	4544      	cmp	r4, r8
10006864:	d3f6      	bcc.n	10006854 <_out_rev+0x78>
10006866:	0028      	movs	r0, r5
10006868:	bcf0      	pop	{r4, r5, r6, r7}
1000686a:	46bb      	mov	fp, r7
1000686c:	46b2      	mov	sl, r6
1000686e:	46a9      	mov	r9, r5
10006870:	46a0      	mov	r8, r4
10006872:	bdf8      	pop	{r3, r4, r5, r6, r7, pc}
10006874:	0016      	movs	r6, r2
10006876:	0015      	movs	r5, r2
10006878:	2c00      	cmp	r4, #0
1000687a:	d1d3      	bne.n	10006824 <_out_rev+0x48>
1000687c:	e7e0      	b.n	10006840 <_out_rev+0x64>
1000687e:	0016      	movs	r6, r2
10006880:	0015      	movs	r5, r2
10006882:	2c00      	cmp	r4, #0
10006884:	d1ce      	bne.n	10006824 <_out_rev+0x48>
10006886:	e7ee      	b.n	10006866 <_out_rev+0x8a>

10006888 <_ntoa_format>:
10006888:	b5f0      	push	{r4, r5, r6, r7, lr}
1000688a:	4645      	mov	r5, r8
1000688c:	46de      	mov	lr, fp
1000688e:	4657      	mov	r7, sl
10006890:	464e      	mov	r6, r9
10006892:	b5e0      	push	{r5, r6, r7, lr}
10006894:	b085      	sub	sp, #20
10006896:	469c      	mov	ip, r3
10006898:	ab10      	add	r3, sp, #64	@ 0x40
1000689a:	781b      	ldrb	r3, [r3, #0]
1000689c:	9f14      	ldr	r7, [sp, #80]	@ 0x50
1000689e:	4693      	mov	fp, r2
100068a0:	4698      	mov	r8, r3
100068a2:	9c0f      	ldr	r4, [sp, #60]	@ 0x3c
100068a4:	9e12      	ldr	r6, [sp, #72]	@ 0x48
100068a6:	9d13      	ldr	r5, [sp, #76]	@ 0x4c
100068a8:	07bb      	lsls	r3, r7, #30
100068aa:	d44c      	bmi.n	10006946 <_ntoa_format+0xbe>
100068ac:	2d00      	cmp	r5, #0
100068ae:	d142      	bne.n	10006936 <_ntoa_format+0xae>
100068b0:	42b4      	cmp	r4, r6
100068b2:	d248      	bcs.n	10006946 <_ntoa_format+0xbe>
100068b4:	2301      	movs	r3, #1
100068b6:	403b      	ands	r3, r7
100068b8:	4699      	mov	r9, r3
100068ba:	9b0e      	ldr	r3, [sp, #56]	@ 0x38
100068bc:	3b01      	subs	r3, #1
100068be:	469a      	mov	sl, r3
100068c0:	2330      	movs	r3, #48	@ 0x30
100068c2:	e004      	b.n	100068ce <_ntoa_format+0x46>
100068c4:	4652      	mov	r2, sl
100068c6:	3401      	adds	r4, #1
100068c8:	5513      	strb	r3, [r2, r4]
100068ca:	42a6      	cmp	r6, r4
100068cc:	d901      	bls.n	100068d2 <_ntoa_format+0x4a>
100068ce:	2c20      	cmp	r4, #32
100068d0:	d1f8      	bne.n	100068c4 <_ntoa_format+0x3c>
100068d2:	464b      	mov	r3, r9
100068d4:	2b00      	cmp	r3, #0
100068d6:	d100      	bne.n	100068da <_ntoa_format+0x52>
100068d8:	e083      	b.n	100069e2 <_ntoa_format+0x15a>
100068da:	9b0e      	ldr	r3, [sp, #56]	@ 0x38
100068dc:	3b01      	subs	r3, #1
100068de:	4699      	mov	r9, r3
100068e0:	2330      	movs	r3, #48	@ 0x30
100068e2:	42a5      	cmp	r5, r4
100068e4:	d805      	bhi.n	100068f2 <_ntoa_format+0x6a>
100068e6:	e02e      	b.n	10006946 <_ntoa_format+0xbe>
100068e8:	464a      	mov	r2, r9
100068ea:	3401      	adds	r4, #1
100068ec:	5513      	strb	r3, [r2, r4]
100068ee:	42ac      	cmp	r4, r5
100068f0:	d029      	beq.n	10006946 <_ntoa_format+0xbe>
100068f2:	2c20      	cmp	r4, #32
100068f4:	d1f8      	bne.n	100068e8 <_ntoa_format+0x60>
100068f6:	06fb      	lsls	r3, r7, #27
100068f8:	d50c      	bpl.n	10006914 <_ntoa_format+0x8c>
100068fa:	057b      	lsls	r3, r7, #21
100068fc:	d454      	bmi.n	100069a8 <_ntoa_format+0x120>
100068fe:	42a6      	cmp	r6, r4
10006900:	d063      	beq.n	100069ca <_ntoa_format+0x142>
10006902:	42a5      	cmp	r5, r4
10006904:	d061      	beq.n	100069ca <_ntoa_format+0x142>
10006906:	9b11      	ldr	r3, [sp, #68]	@ 0x44
10006908:	2b10      	cmp	r3, #16
1000690a:	d050      	beq.n	100069ae <_ntoa_format+0x126>
1000690c:	2b02      	cmp	r3, #2
1000690e:	d057      	beq.n	100069c0 <_ntoa_format+0x138>
10006910:	2c20      	cmp	r4, #32
10006912:	d132      	bne.n	1000697a <_ntoa_format+0xf2>
10006914:	2320      	movs	r3, #32
10006916:	9301      	str	r3, [sp, #4]
10006918:	9b0e      	ldr	r3, [sp, #56]	@ 0x38
1000691a:	465a      	mov	r2, fp
1000691c:	9300      	str	r3, [sp, #0]
1000691e:	9703      	str	r7, [sp, #12]
10006920:	4663      	mov	r3, ip
10006922:	9502      	str	r5, [sp, #8]
10006924:	f7ff ff5a 	bl	100067dc <_out_rev>
10006928:	b005      	add	sp, #20
1000692a:	bcf0      	pop	{r4, r5, r6, r7}
1000692c:	46bb      	mov	fp, r7
1000692e:	46b2      	mov	sl, r6
10006930:	46a9      	mov	r9, r5
10006932:	46a0      	mov	r8, r4
10006934:	bdf0      	pop	{r4, r5, r6, r7, pc}
10006936:	2301      	movs	r3, #1
10006938:	403b      	ands	r3, r7
1000693a:	4699      	mov	r9, r3
1000693c:	2301      	movs	r3, #1
1000693e:	423b      	tst	r3, r7
10006940:	d12a      	bne.n	10006998 <_ntoa_format+0x110>
10006942:	42b4      	cmp	r4, r6
10006944:	d3b9      	bcc.n	100068ba <_ntoa_format+0x32>
10006946:	06fb      	lsls	r3, r7, #27
10006948:	d51c      	bpl.n	10006984 <_ntoa_format+0xfc>
1000694a:	057b      	lsls	r3, r7, #21
1000694c:	d4db      	bmi.n	10006906 <_ntoa_format+0x7e>
1000694e:	2c00      	cmp	r4, #0
10006950:	d1d5      	bne.n	100068fe <_ntoa_format+0x76>
10006952:	9b11      	ldr	r3, [sp, #68]	@ 0x44
10006954:	2b10      	cmp	r3, #16
10006956:	d05b      	beq.n	10006a10 <_ntoa_format+0x188>
10006958:	9b11      	ldr	r3, [sp, #68]	@ 0x44
1000695a:	2b02      	cmp	r3, #2
1000695c:	d06b      	beq.n	10006a36 <_ntoa_format+0x1ae>
1000695e:	2330      	movs	r3, #48	@ 0x30
10006960:	2401      	movs	r4, #1
10006962:	9a0e      	ldr	r2, [sp, #56]	@ 0x38
10006964:	7013      	strb	r3, [r2, #0]
10006966:	4643      	mov	r3, r8
10006968:	2b00      	cmp	r3, #0
1000696a:	d110      	bne.n	1000698e <_ntoa_format+0x106>
1000696c:	077b      	lsls	r3, r7, #29
1000696e:	d53e      	bpl.n	100069ee <_ntoa_format+0x166>
10006970:	262b      	movs	r6, #43	@ 0x2b
10006972:	9a0e      	ldr	r2, [sp, #56]	@ 0x38
10006974:	1c63      	adds	r3, r4, #1
10006976:	5516      	strb	r6, [r2, r4]
10006978:	e7cd      	b.n	10006916 <_ntoa_format+0x8e>
1000697a:	0023      	movs	r3, r4
1000697c:	3401      	adds	r4, #1
1000697e:	2630      	movs	r6, #48	@ 0x30
10006980:	9a0e      	ldr	r2, [sp, #56]	@ 0x38
10006982:	54d6      	strb	r6, [r2, r3]
10006984:	2c20      	cmp	r4, #32
10006986:	d0c5      	beq.n	10006914 <_ntoa_format+0x8c>
10006988:	4643      	mov	r3, r8
1000698a:	2b00      	cmp	r3, #0
1000698c:	d0ee      	beq.n	1000696c <_ntoa_format+0xe4>
1000698e:	262d      	movs	r6, #45	@ 0x2d
10006990:	9a0e      	ldr	r2, [sp, #56]	@ 0x38
10006992:	1c63      	adds	r3, r4, #1
10006994:	5516      	strb	r6, [r2, r4]
10006996:	e7be      	b.n	10006916 <_ntoa_format+0x8e>
10006998:	4643      	mov	r3, r8
1000699a:	2b00      	cmp	r3, #0
1000699c:	d02f      	beq.n	100069fe <_ntoa_format+0x176>
1000699e:	3d01      	subs	r5, #1
100069a0:	42b4      	cmp	r4, r6
100069a2:	d200      	bcs.n	100069a6 <_ntoa_format+0x11e>
100069a4:	e789      	b.n	100068ba <_ntoa_format+0x32>
100069a6:	e798      	b.n	100068da <_ntoa_format+0x52>
100069a8:	9b11      	ldr	r3, [sp, #68]	@ 0x44
100069aa:	2b10      	cmp	r3, #16
100069ac:	d1b2      	bne.n	10006914 <_ntoa_format+0x8c>
100069ae:	06bb      	lsls	r3, r7, #26
100069b0:	d537      	bpl.n	10006a22 <_ntoa_format+0x19a>
100069b2:	2c20      	cmp	r4, #32
100069b4:	d0ae      	beq.n	10006914 <_ntoa_format+0x8c>
100069b6:	2358      	movs	r3, #88	@ 0x58
100069b8:	9a0e      	ldr	r2, [sp, #56]	@ 0x38
100069ba:	5513      	strb	r3, [r2, r4]
100069bc:	3401      	adds	r4, #1
100069be:	e7a7      	b.n	10006910 <_ntoa_format+0x88>
100069c0:	2c20      	cmp	r4, #32
100069c2:	d0a7      	beq.n	10006914 <_ntoa_format+0x8c>
100069c4:	0023      	movs	r3, r4
100069c6:	3401      	adds	r4, #1
100069c8:	e007      	b.n	100069da <_ntoa_format+0x152>
100069ca:	1e63      	subs	r3, r4, #1
100069cc:	2c01      	cmp	r4, #1
100069ce:	d0c0      	beq.n	10006952 <_ntoa_format+0xca>
100069d0:	9a11      	ldr	r2, [sp, #68]	@ 0x44
100069d2:	2a10      	cmp	r2, #16
100069d4:	d031      	beq.n	10006a3a <_ntoa_format+0x1b2>
100069d6:	2a02      	cmp	r2, #2
100069d8:	d1d1      	bne.n	1000697e <_ntoa_format+0xf6>
100069da:	2662      	movs	r6, #98	@ 0x62
100069dc:	9a0e      	ldr	r2, [sp, #56]	@ 0x38
100069de:	54d6      	strb	r6, [r2, r3]
100069e0:	e796      	b.n	10006910 <_ntoa_format+0x88>
100069e2:	06fb      	lsls	r3, r7, #27
100069e4:	d5ce      	bpl.n	10006984 <_ntoa_format+0xfc>
100069e6:	057b      	lsls	r3, r7, #21
100069e8:	d400      	bmi.n	100069ec <_ntoa_format+0x164>
100069ea:	e788      	b.n	100068fe <_ntoa_format+0x76>
100069ec:	e78b      	b.n	10006906 <_ntoa_format+0x7e>
100069ee:	0023      	movs	r3, r4
100069f0:	073e      	lsls	r6, r7, #28
100069f2:	d590      	bpl.n	10006916 <_ntoa_format+0x8e>
100069f4:	2620      	movs	r6, #32
100069f6:	9a0e      	ldr	r2, [sp, #56]	@ 0x38
100069f8:	3301      	adds	r3, #1
100069fa:	5516      	strb	r6, [r2, r4]
100069fc:	e78b      	b.n	10006916 <_ntoa_format+0x8e>
100069fe:	230c      	movs	r3, #12
10006a00:	403b      	ands	r3, r7
10006a02:	1e5a      	subs	r2, r3, #1
10006a04:	4193      	sbcs	r3, r2
10006a06:	1aed      	subs	r5, r5, r3
10006a08:	42b4      	cmp	r4, r6
10006a0a:	d200      	bcs.n	10006a0e <_ntoa_format+0x186>
10006a0c:	e755      	b.n	100068ba <_ntoa_format+0x32>
10006a0e:	e764      	b.n	100068da <_ntoa_format+0x52>
10006a10:	06bb      	lsls	r3, r7, #26
10006a12:	d40e      	bmi.n	10006a32 <_ntoa_format+0x1aa>
10006a14:	2378      	movs	r3, #120	@ 0x78
10006a16:	9a0e      	ldr	r2, [sp, #56]	@ 0x38
10006a18:	2402      	movs	r4, #2
10006a1a:	7013      	strb	r3, [r2, #0]
10006a1c:	2330      	movs	r3, #48	@ 0x30
10006a1e:	7053      	strb	r3, [r2, #1]
10006a20:	e7a1      	b.n	10006966 <_ntoa_format+0xde>
10006a22:	2c20      	cmp	r4, #32
10006a24:	d100      	bne.n	10006a28 <_ntoa_format+0x1a0>
10006a26:	e775      	b.n	10006914 <_ntoa_format+0x8c>
10006a28:	2378      	movs	r3, #120	@ 0x78
10006a2a:	9a0e      	ldr	r2, [sp, #56]	@ 0x38
10006a2c:	5513      	strb	r3, [r2, r4]
10006a2e:	3401      	adds	r4, #1
10006a30:	e76e      	b.n	10006910 <_ntoa_format+0x88>
10006a32:	2358      	movs	r3, #88	@ 0x58
10006a34:	e7ef      	b.n	10006a16 <_ntoa_format+0x18e>
10006a36:	3360      	adds	r3, #96	@ 0x60
10006a38:	e7ed      	b.n	10006a16 <_ntoa_format+0x18e>
10006a3a:	9a0e      	ldr	r2, [sp, #56]	@ 0x38
10006a3c:	1ea6      	subs	r6, r4, #2
10006a3e:	4691      	mov	r9, r2
10006a40:	444e      	add	r6, r9
10006a42:	06ba      	lsls	r2, r7, #26
10006a44:	d502      	bpl.n	10006a4c <_ntoa_format+0x1c4>
10006a46:	2258      	movs	r2, #88	@ 0x58
10006a48:	7032      	strb	r2, [r6, #0]
10006a4a:	e798      	b.n	1000697e <_ntoa_format+0xf6>
10006a4c:	2278      	movs	r2, #120	@ 0x78
10006a4e:	7032      	strb	r2, [r6, #0]
10006a50:	e795      	b.n	1000697e <_ntoa_format+0xf6>
10006a52:	46c0      	nop			@ (mov r8, r8)

10006a54 <_out_char>:
10006a54:	b510      	push	{r4, lr}
10006a56:	2800      	cmp	r0, #0
10006a58:	d100      	bne.n	10006a5c <_out_char+0x8>
10006a5a:	bd10      	pop	{r4, pc}
10006a5c:	f001 fca8 	bl	100083b0 <__wrap_putchar>
10006a60:	e7fb      	b.n	10006a5a <_out_char+0x6>
10006a62:	46c0      	nop			@ (mov r8, r8)

10006a64 <_out_fct>:
10006a64:	000b      	movs	r3, r1
10006a66:	b510      	push	{r4, lr}
10006a68:	2800      	cmp	r0, #0
10006a6a:	d002      	beq.n	10006a72 <_out_fct+0xe>
10006a6c:	6849      	ldr	r1, [r1, #4]
10006a6e:	681b      	ldr	r3, [r3, #0]
10006a70:	4798      	blx	r3
10006a72:	bd10      	pop	{r4, pc}

10006a74 <_ftoa>:
10006a74:	b5f0      	push	{r4, r5, r6, r7, lr}
10006a76:	4657      	mov	r7, sl
10006a78:	46de      	mov	lr, fp
10006a7a:	464e      	mov	r6, r9
10006a7c:	4645      	mov	r5, r8
10006a7e:	b5e0      	push	{r5, r6, r7, lr}
10006a80:	b095      	sub	sp, #84	@ 0x54
10006a82:	4683      	mov	fp, r0
10006a84:	000f      	movs	r7, r1
10006a86:	4692      	mov	sl, r2
10006a88:	4698      	mov	r8, r3
10006a8a:	9a1e      	ldr	r2, [sp, #120]	@ 0x78
10006a8c:	9b1f      	ldr	r3, [sp, #124]	@ 0x7c
10006a8e:	0010      	movs	r0, r2
10006a90:	0019      	movs	r1, r3
10006a92:	9e20      	ldr	r6, [sp, #128]	@ 0x80
10006a94:	f7ff facb 	bl	1000602e <__wrap___aeabi_dcmpun>
10006a98:	2800      	cmp	r0, #0
10006a9a:	d000      	beq.n	10006a9e <_ftoa+0x2a>
10006a9c:	e1ea      	b.n	10006e74 <_ftoa+0x400>
10006a9e:	981e      	ldr	r0, [sp, #120]	@ 0x78
10006aa0:	991f      	ldr	r1, [sp, #124]	@ 0x7c
10006aa2:	2201      	movs	r2, #1
10006aa4:	4bc5      	ldr	r3, [pc, #788]	@ (10006dbc <_ftoa+0x348>)
10006aa6:	4252      	negs	r2, r2
10006aa8:	f7ff faa6 	bl	10005ff8 <__wrap___aeabi_dcmplt>
10006aac:	2800      	cmp	r0, #0
10006aae:	d000      	beq.n	10006ab2 <_ftoa+0x3e>
10006ab0:	e114      	b.n	10006cdc <_ftoa+0x268>
10006ab2:	981e      	ldr	r0, [sp, #120]	@ 0x78
10006ab4:	991f      	ldr	r1, [sp, #124]	@ 0x7c
10006ab6:	2201      	movs	r2, #1
10006ab8:	4bc1      	ldr	r3, [pc, #772]	@ (10006dc0 <_ftoa+0x34c>)
10006aba:	4252      	negs	r2, r2
10006abc:	f7ff fab2 	bl	10006024 <__wrap___aeabi_dcmpgt>
10006ac0:	2800      	cmp	r0, #0
10006ac2:	d000      	beq.n	10006ac6 <_ftoa+0x52>
10006ac4:	e0e9      	b.n	10006c9a <_ftoa+0x226>
10006ac6:	981e      	ldr	r0, [sp, #120]	@ 0x78
10006ac8:	991f      	ldr	r1, [sp, #124]	@ 0x7c
10006aca:	2200      	movs	r2, #0
10006acc:	4bbd      	ldr	r3, [pc, #756]	@ (10006dc4 <_ftoa+0x350>)
10006ace:	f7ff faa9 	bl	10006024 <__wrap___aeabi_dcmpgt>
10006ad2:	2800      	cmp	r0, #0
10006ad4:	d000      	beq.n	10006ad8 <_ftoa+0x64>
10006ad6:	e0c8      	b.n	10006c6a <_ftoa+0x1f6>
10006ad8:	981e      	ldr	r0, [sp, #120]	@ 0x78
10006ada:	991f      	ldr	r1, [sp, #124]	@ 0x7c
10006adc:	2200      	movs	r2, #0
10006ade:	4bba      	ldr	r3, [pc, #744]	@ (10006dc8 <_ftoa+0x354>)
10006ae0:	f7ff fa8a 	bl	10005ff8 <__wrap___aeabi_dcmplt>
10006ae4:	2800      	cmp	r0, #0
10006ae6:	d000      	beq.n	10006aea <_ftoa+0x76>
10006ae8:	e0bf      	b.n	10006c6a <_ftoa+0x1f6>
10006aea:	981e      	ldr	r0, [sp, #120]	@ 0x78
10006aec:	991f      	ldr	r1, [sp, #124]	@ 0x7c
10006aee:	2200      	movs	r2, #0
10006af0:	2300      	movs	r3, #0
10006af2:	f7ff fa81 	bl	10005ff8 <__wrap___aeabi_dcmplt>
10006af6:	2800      	cmp	r0, #0
10006af8:	d000      	beq.n	10006afc <_ftoa+0x88>
10006afa:	e0e4      	b.n	10006cc6 <_ftoa+0x252>
10006afc:	2300      	movs	r3, #0
10006afe:	930b      	str	r3, [sp, #44]	@ 0x2c
10006b00:	9b22      	ldr	r3, [sp, #136]	@ 0x88
10006b02:	055b      	lsls	r3, r3, #21
10006b04:	d400      	bmi.n	10006b08 <_ftoa+0x94>
10006b06:	2606      	movs	r6, #6
10006b08:	2400      	movs	r4, #0
10006b0a:	2330      	movs	r3, #48	@ 0x30
10006b0c:	e007      	b.n	10006b1e <_ftoa+0xaa>
10006b0e:	2117      	movs	r1, #23
10006b10:	aa06      	add	r2, sp, #24
10006b12:	3401      	adds	r4, #1
10006b14:	1852      	adds	r2, r2, r1
10006b16:	5513      	strb	r3, [r2, r4]
10006b18:	3e01      	subs	r6, #1
10006b1a:	2c20      	cmp	r4, #32
10006b1c:	d001      	beq.n	10006b22 <_ftoa+0xae>
10006b1e:	2e09      	cmp	r6, #9
10006b20:	d8f5      	bhi.n	10006b0e <_ftoa+0x9a>
10006b22:	981e      	ldr	r0, [sp, #120]	@ 0x78
10006b24:	991f      	ldr	r1, [sp, #124]	@ 0x7c
10006b26:	f7ff faab 	bl	10006080 <__wrap___aeabi_d2iz>
10006b2a:	4ba8      	ldr	r3, [pc, #672]	@ (10006dcc <_ftoa+0x358>)
10006b2c:	00f2      	lsls	r2, r6, #3
10006b2e:	189b      	adds	r3, r3, r2
10006b30:	681a      	ldr	r2, [r3, #0]
10006b32:	685b      	ldr	r3, [r3, #4]
10006b34:	0005      	movs	r5, r0
10006b36:	9208      	str	r2, [sp, #32]
10006b38:	9309      	str	r3, [sp, #36]	@ 0x24
10006b3a:	f7ff fa89 	bl	10006050 <__wrap___aeabi_i2d>
10006b3e:	0002      	movs	r2, r0
10006b40:	000b      	movs	r3, r1
10006b42:	981e      	ldr	r0, [sp, #120]	@ 0x78
10006b44:	991f      	ldr	r1, [sp, #124]	@ 0x7c
10006b46:	f7ff f9e4 	bl	10005f12 <__wrap___aeabi_dsub>
10006b4a:	9a08      	ldr	r2, [sp, #32]
10006b4c:	9b09      	ldr	r3, [sp, #36]	@ 0x24
10006b4e:	f7ff fa10 	bl	10005f72 <__wrap___aeabi_dmul>
10006b52:	9006      	str	r0, [sp, #24]
10006b54:	9107      	str	r1, [sp, #28]
10006b56:	f7ff fab7 	bl	100060c8 <__wrap___aeabi_d2uiz>
10006b5a:	4681      	mov	r9, r0
10006b5c:	f7ff fa74 	bl	10006048 <__wrap___aeabi_ui2d>
10006b60:	0002      	movs	r2, r0
10006b62:	000b      	movs	r3, r1
10006b64:	9806      	ldr	r0, [sp, #24]
10006b66:	9907      	ldr	r1, [sp, #28]
10006b68:	f7ff f9d3 	bl	10005f12 <__wrap___aeabi_dsub>
10006b6c:	2200      	movs	r2, #0
10006b6e:	4b98      	ldr	r3, [pc, #608]	@ (10006dd0 <_ftoa+0x35c>)
10006b70:	9006      	str	r0, [sp, #24]
10006b72:	9107      	str	r1, [sp, #28]
10006b74:	f7ff fa56 	bl	10006024 <__wrap___aeabi_dcmpgt>
10006b78:	2800      	cmp	r0, #0
10006b7a:	d100      	bne.n	10006b7e <_ftoa+0x10a>
10006b7c:	e10d      	b.n	10006d9a <_ftoa+0x326>
10006b7e:	2301      	movs	r3, #1
10006b80:	469c      	mov	ip, r3
10006b82:	44e1      	add	r9, ip
10006b84:	4648      	mov	r0, r9
10006b86:	f7ff fa5f 	bl	10006048 <__wrap___aeabi_ui2d>
10006b8a:	0002      	movs	r2, r0
10006b8c:	000b      	movs	r3, r1
10006b8e:	9808      	ldr	r0, [sp, #32]
10006b90:	9909      	ldr	r1, [sp, #36]	@ 0x24
10006b92:	f7ff fa37 	bl	10006004 <__wrap___aeabi_dcmple>
10006b96:	2800      	cmp	r0, #0
10006b98:	d002      	beq.n	10006ba0 <_ftoa+0x12c>
10006b9a:	2300      	movs	r3, #0
10006b9c:	4699      	mov	r9, r3
10006b9e:	3501      	adds	r5, #1
10006ba0:	2e00      	cmp	r6, #0
10006ba2:	d100      	bne.n	10006ba6 <_ftoa+0x132>
10006ba4:	e0d9      	b.n	10006d5a <_ftoa+0x2e6>
10006ba6:	9506      	str	r5, [sp, #24]
10006ba8:	464d      	mov	r5, r9
10006baa:	46b9      	mov	r9, r7
10006bac:	e014      	b.n	10006bd8 <_ftoa+0x164>
10006bae:	aa06      	add	r2, sp, #24
10006bb0:	4694      	mov	ip, r2
10006bb2:	2317      	movs	r3, #23
10006bb4:	210a      	movs	r1, #10
10006bb6:	4463      	add	r3, ip
10006bb8:	0028      	movs	r0, r5
10006bba:	3401      	adds	r4, #1
10006bbc:	191f      	adds	r7, r3, r4
10006bbe:	f7fe ff6d 	bl	10005a9c <__wrap___aeabi_uidiv>
10006bc2:	3130      	adds	r1, #48	@ 0x30
10006bc4:	7039      	strb	r1, [r7, #0]
10006bc6:	0028      	movs	r0, r5
10006bc8:	210a      	movs	r1, #10
10006bca:	3e01      	subs	r6, #1
10006bcc:	f7fe ff66 	bl	10005a9c <__wrap___aeabi_uidiv>
10006bd0:	2d09      	cmp	r5, #9
10006bd2:	d800      	bhi.n	10006bd6 <_ftoa+0x162>
10006bd4:	e117      	b.n	10006e06 <_ftoa+0x392>
10006bd6:	0005      	movs	r5, r0
10006bd8:	2c20      	cmp	r4, #32
10006bda:	d1e8      	bne.n	10006bae <_ftoa+0x13a>
10006bdc:	464f      	mov	r7, r9
10006bde:	9d06      	ldr	r5, [sp, #24]
10006be0:	2420      	movs	r4, #32
10006be2:	ae0c      	add	r6, sp, #48	@ 0x30
10006be4:	aa06      	add	r2, sp, #24
10006be6:	2317      	movs	r3, #23
10006be8:	4694      	mov	ip, r2
10006bea:	4463      	add	r3, ip
10006bec:	4699      	mov	r9, r3
10006bee:	465b      	mov	r3, fp
10006bf0:	46b3      	mov	fp, r6
10006bf2:	9306      	str	r3, [sp, #24]
10006bf4:	e00f      	b.n	10006c16 <_ftoa+0x1a2>
10006bf6:	464b      	mov	r3, r9
10006bf8:	0028      	movs	r0, r5
10006bfa:	210a      	movs	r1, #10
10006bfc:	3401      	adds	r4, #1
10006bfe:	18e6      	adds	r6, r4, r3
10006c00:	f7fe ff24 	bl	10005a4c <__wrap___aeabi_idiv>
10006c04:	3130      	adds	r1, #48	@ 0x30
10006c06:	0028      	movs	r0, r5
10006c08:	7031      	strb	r1, [r6, #0]
10006c0a:	210a      	movs	r1, #10
10006c0c:	f7fe ff1e 	bl	10005a4c <__wrap___aeabi_idiv>
10006c10:	1e05      	subs	r5, r0, #0
10006c12:	d100      	bne.n	10006c16 <_ftoa+0x1a2>
10006c14:	e0e4      	b.n	10006de0 <_ftoa+0x36c>
10006c16:	2c20      	cmp	r4, #32
10006c18:	d1ed      	bne.n	10006bf6 <_ftoa+0x182>
10006c1a:	9b06      	ldr	r3, [sp, #24]
10006c1c:	465e      	mov	r6, fp
10006c1e:	469b      	mov	fp, r3
10006c20:	2303      	movs	r3, #3
10006c22:	9a22      	ldr	r2, [sp, #136]	@ 0x88
10006c24:	4013      	ands	r3, r2
10006c26:	2b01      	cmp	r3, #1
10006c28:	d118      	bne.n	10006c5c <_ftoa+0x1e8>
10006c2a:	9b21      	ldr	r3, [sp, #132]	@ 0x84
10006c2c:	2b00      	cmp	r3, #0
10006c2e:	d015      	beq.n	10006c5c <_ftoa+0x1e8>
10006c30:	9b0b      	ldr	r3, [sp, #44]	@ 0x2c
10006c32:	2b00      	cmp	r3, #0
10006c34:	d100      	bne.n	10006c38 <_ftoa+0x1c4>
10006c36:	e0fd      	b.n	10006e34 <_ftoa+0x3c0>
10006c38:	9b21      	ldr	r3, [sp, #132]	@ 0x84
10006c3a:	3b01      	subs	r3, #1
10006c3c:	9321      	str	r3, [sp, #132]	@ 0x84
10006c3e:	2b20      	cmp	r3, #32
10006c40:	d90c      	bls.n	10006c5c <_ftoa+0x1e8>
10006c42:	2330      	movs	r3, #48	@ 0x30
10006c44:	9a21      	ldr	r2, [sp, #132]	@ 0x84
10006c46:	e007      	b.n	10006c58 <_ftoa+0x1e4>
10006c48:	2017      	movs	r0, #23
10006c4a:	a906      	add	r1, sp, #24
10006c4c:	3401      	adds	r4, #1
10006c4e:	1809      	adds	r1, r1, r0
10006c50:	550b      	strb	r3, [r1, r4]
10006c52:	4294      	cmp	r4, r2
10006c54:	d300      	bcc.n	10006c58 <_ftoa+0x1e4>
10006c56:	e0cc      	b.n	10006df2 <_ftoa+0x37e>
10006c58:	2c20      	cmp	r4, #32
10006c5a:	d1f5      	bne.n	10006c48 <_ftoa+0x1d4>
10006c5c:	9b22      	ldr	r3, [sp, #136]	@ 0x88
10006c5e:	9401      	str	r4, [sp, #4]
10006c60:	9303      	str	r3, [sp, #12]
10006c62:	9b21      	ldr	r3, [sp, #132]	@ 0x84
10006c64:	9600      	str	r6, [sp, #0]
10006c66:	9302      	str	r3, [sp, #8]
10006c68:	e022      	b.n	10006cb0 <_ftoa+0x23c>
10006c6a:	9b22      	ldr	r3, [sp, #136]	@ 0x88
10006c6c:	4652      	mov	r2, sl
10006c6e:	9304      	str	r3, [sp, #16]
10006c70:	9b21      	ldr	r3, [sp, #132]	@ 0x84
10006c72:	0039      	movs	r1, r7
10006c74:	9303      	str	r3, [sp, #12]
10006c76:	4658      	mov	r0, fp
10006c78:	9b1e      	ldr	r3, [sp, #120]	@ 0x78
10006c7a:	9c1f      	ldr	r4, [sp, #124]	@ 0x7c
10006c7c:	9602      	str	r6, [sp, #8]
10006c7e:	9300      	str	r3, [sp, #0]
10006c80:	9401      	str	r4, [sp, #4]
10006c82:	4643      	mov	r3, r8
10006c84:	f000 f94a 	bl	10006f1c <_etoa>
10006c88:	0004      	movs	r4, r0
10006c8a:	0020      	movs	r0, r4
10006c8c:	b015      	add	sp, #84	@ 0x54
10006c8e:	bcf0      	pop	{r4, r5, r6, r7}
10006c90:	46bb      	mov	fp, r7
10006c92:	46b2      	mov	sl, r6
10006c94:	46a9      	mov	r9, r5
10006c96:	46a0      	mov	r8, r4
10006c98:	bdf0      	pop	{r4, r5, r6, r7, pc}
10006c9a:	9b22      	ldr	r3, [sp, #136]	@ 0x88
10006c9c:	075b      	lsls	r3, r3, #29
10006c9e:	d40f      	bmi.n	10006cc0 <_ftoa+0x24c>
10006ca0:	2203      	movs	r2, #3
10006ca2:	4b4c      	ldr	r3, [pc, #304]	@ (10006dd4 <_ftoa+0x360>)
10006ca4:	9922      	ldr	r1, [sp, #136]	@ 0x88
10006ca6:	9201      	str	r2, [sp, #4]
10006ca8:	9103      	str	r1, [sp, #12]
10006caa:	9921      	ldr	r1, [sp, #132]	@ 0x84
10006cac:	9300      	str	r3, [sp, #0]
10006cae:	9102      	str	r1, [sp, #8]
10006cb0:	4643      	mov	r3, r8
10006cb2:	4652      	mov	r2, sl
10006cb4:	0039      	movs	r1, r7
10006cb6:	4658      	mov	r0, fp
10006cb8:	f7ff fd90 	bl	100067dc <_out_rev>
10006cbc:	0004      	movs	r4, r0
10006cbe:	e7e4      	b.n	10006c8a <_ftoa+0x216>
10006cc0:	2204      	movs	r2, #4
10006cc2:	4b45      	ldr	r3, [pc, #276]	@ (10006dd8 <_ftoa+0x364>)
10006cc4:	e7ee      	b.n	10006ca4 <_ftoa+0x230>
10006cc6:	9a1e      	ldr	r2, [sp, #120]	@ 0x78
10006cc8:	9b1f      	ldr	r3, [sp, #124]	@ 0x7c
10006cca:	2000      	movs	r0, #0
10006ccc:	2100      	movs	r1, #0
10006cce:	f7ff f920 	bl	10005f12 <__wrap___aeabi_dsub>
10006cd2:	2301      	movs	r3, #1
10006cd4:	901e      	str	r0, [sp, #120]	@ 0x78
10006cd6:	911f      	str	r1, [sp, #124]	@ 0x7c
10006cd8:	930b      	str	r3, [sp, #44]	@ 0x2c
10006cda:	e711      	b.n	10006b00 <_ftoa+0x8c>
10006cdc:	9b22      	ldr	r3, [sp, #136]	@ 0x88
10006cde:	4654      	mov	r4, sl
10006ce0:	079b      	lsls	r3, r3, #30
10006ce2:	d111      	bne.n	10006d08 <_ftoa+0x294>
10006ce4:	9b21      	ldr	r3, [sp, #132]	@ 0x84
10006ce6:	2b04      	cmp	r3, #4
10006ce8:	d90e      	bls.n	10006d08 <_ftoa+0x294>
10006cea:	9b21      	ldr	r3, [sp, #132]	@ 0x84
10006cec:	4655      	mov	r5, sl
10006cee:	469c      	mov	ip, r3
10006cf0:	465e      	mov	r6, fp
10006cf2:	3c04      	subs	r4, #4
10006cf4:	4464      	add	r4, ip
10006cf6:	002a      	movs	r2, r5
10006cf8:	4643      	mov	r3, r8
10006cfa:	3501      	adds	r5, #1
10006cfc:	0039      	movs	r1, r7
10006cfe:	2020      	movs	r0, #32
10006d00:	47b0      	blx	r6
10006d02:	42a5      	cmp	r5, r4
10006d04:	d1f7      	bne.n	10006cf6 <_ftoa+0x282>
10006d06:	46b3      	mov	fp, r6
10006d08:	4d34      	ldr	r5, [pc, #208]	@ (10006ddc <_ftoa+0x368>)
10006d0a:	0026      	movs	r6, r4
10006d0c:	1f2b      	subs	r3, r5, #4
10006d0e:	4699      	mov	r9, r3
10006d10:	465b      	mov	r3, fp
10006d12:	46a3      	mov	fp, r4
10006d14:	001c      	movs	r4, r3
10006d16:	0032      	movs	r2, r6
10006d18:	78e8      	ldrb	r0, [r5, #3]
10006d1a:	4643      	mov	r3, r8
10006d1c:	0039      	movs	r1, r7
10006d1e:	3d01      	subs	r5, #1
10006d20:	47a0      	blx	r4
10006d22:	3601      	adds	r6, #1
10006d24:	454d      	cmp	r5, r9
10006d26:	d1f6      	bne.n	10006d16 <_ftoa+0x2a2>
10006d28:	0023      	movs	r3, r4
10006d2a:	465c      	mov	r4, fp
10006d2c:	469b      	mov	fp, r3
10006d2e:	9b22      	ldr	r3, [sp, #136]	@ 0x88
10006d30:	3404      	adds	r4, #4
10006d32:	079b      	lsls	r3, r3, #30
10006d34:	d5a9      	bpl.n	10006c8a <_ftoa+0x216>
10006d36:	4653      	mov	r3, sl
10006d38:	9a21      	ldr	r2, [sp, #132]	@ 0x84
10006d3a:	1ae3      	subs	r3, r4, r3
10006d3c:	429a      	cmp	r2, r3
10006d3e:	d9a4      	bls.n	10006c8a <_ftoa+0x216>
10006d40:	465e      	mov	r6, fp
10006d42:	0015      	movs	r5, r2
10006d44:	0022      	movs	r2, r4
10006d46:	4643      	mov	r3, r8
10006d48:	0039      	movs	r1, r7
10006d4a:	2020      	movs	r0, #32
10006d4c:	47b0      	blx	r6
10006d4e:	4653      	mov	r3, sl
10006d50:	3401      	adds	r4, #1
10006d52:	1ae3      	subs	r3, r4, r3
10006d54:	429d      	cmp	r5, r3
10006d56:	d8f5      	bhi.n	10006d44 <_ftoa+0x2d0>
10006d58:	e797      	b.n	10006c8a <_ftoa+0x216>
10006d5a:	0028      	movs	r0, r5
10006d5c:	f7ff f978 	bl	10006050 <__wrap___aeabi_i2d>
10006d60:	0002      	movs	r2, r0
10006d62:	000b      	movs	r3, r1
10006d64:	981e      	ldr	r0, [sp, #120]	@ 0x78
10006d66:	991f      	ldr	r1, [sp, #124]	@ 0x7c
10006d68:	f7ff f8d3 	bl	10005f12 <__wrap___aeabi_dsub>
10006d6c:	2200      	movs	r2, #0
10006d6e:	4b18      	ldr	r3, [pc, #96]	@ (10006dd0 <_ftoa+0x35c>)
10006d70:	9006      	str	r0, [sp, #24]
10006d72:	9107      	str	r1, [sp, #28]
10006d74:	f7ff f940 	bl	10005ff8 <__wrap___aeabi_dcmplt>
10006d78:	ae0c      	add	r6, sp, #48	@ 0x30
10006d7a:	2800      	cmp	r0, #0
10006d7c:	d000      	beq.n	10006d80 <_ftoa+0x30c>
10006d7e:	e731      	b.n	10006be4 <_ftoa+0x170>
10006d80:	9806      	ldr	r0, [sp, #24]
10006d82:	9907      	ldr	r1, [sp, #28]
10006d84:	2200      	movs	r2, #0
10006d86:	4b12      	ldr	r3, [pc, #72]	@ (10006dd0 <_ftoa+0x35c>)
10006d88:	f7ff f94c 	bl	10006024 <__wrap___aeabi_dcmpgt>
10006d8c:	2800      	cmp	r0, #0
10006d8e:	d000      	beq.n	10006d92 <_ftoa+0x31e>
10006d90:	e728      	b.n	10006be4 <_ftoa+0x170>
10006d92:	2301      	movs	r3, #1
10006d94:	3501      	adds	r5, #1
10006d96:	439d      	bics	r5, r3
10006d98:	e724      	b.n	10006be4 <_ftoa+0x170>
10006d9a:	2200      	movs	r2, #0
10006d9c:	9806      	ldr	r0, [sp, #24]
10006d9e:	9907      	ldr	r1, [sp, #28]
10006da0:	4b0b      	ldr	r3, [pc, #44]	@ (10006dd0 <_ftoa+0x35c>)
10006da2:	f7ff f929 	bl	10005ff8 <__wrap___aeabi_dcmplt>
10006da6:	2800      	cmp	r0, #0
10006da8:	d000      	beq.n	10006dac <_ftoa+0x338>
10006daa:	e6f9      	b.n	10006ba0 <_ftoa+0x12c>
10006dac:	464b      	mov	r3, r9
10006dae:	2b00      	cmp	r3, #0
10006db0:	d15c      	bne.n	10006e6c <_ftoa+0x3f8>
10006db2:	2301      	movs	r3, #1
10006db4:	469c      	mov	ip, r3
10006db6:	44e1      	add	r9, ip
10006db8:	e6f2      	b.n	10006ba0 <_ftoa+0x12c>
10006dba:	46c0      	nop			@ (mov r8, r8)
10006dbc:	ffefffff 	.word	0xffefffff
10006dc0:	7fefffff 	.word	0x7fefffff
10006dc4:	41cdcd65 	.word	0x41cdcd65
10006dc8:	c1cdcd65 	.word	0xc1cdcd65
10006dcc:	1000cd58 	.word	0x1000cd58
10006dd0:	3fe00000 	.word	0x3fe00000
10006dd4:	1000c674 	.word	0x1000c674
10006dd8:	1000c66c 	.word	0x1000c66c
10006ddc:	1000c67c 	.word	0x1000c67c
10006de0:	9b06      	ldr	r3, [sp, #24]
10006de2:	465e      	mov	r6, fp
10006de4:	469b      	mov	fp, r3
10006de6:	2303      	movs	r3, #3
10006de8:	9a22      	ldr	r2, [sp, #136]	@ 0x88
10006dea:	4013      	ands	r3, r2
10006dec:	2b01      	cmp	r3, #1
10006dee:	d100      	bne.n	10006df2 <_ftoa+0x37e>
10006df0:	e081      	b.n	10006ef6 <_ftoa+0x482>
10006df2:	2c20      	cmp	r4, #32
10006df4:	d100      	bne.n	10006df8 <_ftoa+0x384>
10006df6:	e731      	b.n	10006c5c <_ftoa+0x1e8>
10006df8:	9b0b      	ldr	r3, [sp, #44]	@ 0x2c
10006dfa:	2b00      	cmp	r3, #0
10006dfc:	d027      	beq.n	10006e4e <_ftoa+0x3da>
10006dfe:	232d      	movs	r3, #45	@ 0x2d
10006e00:	5533      	strb	r3, [r6, r4]
10006e02:	3401      	adds	r4, #1
10006e04:	e72a      	b.n	10006c5c <_ftoa+0x1e8>
10006e06:	464f      	mov	r7, r9
10006e08:	9d06      	ldr	r5, [sp, #24]
10006e0a:	2c20      	cmp	r4, #32
10006e0c:	d100      	bne.n	10006e10 <_ftoa+0x39c>
10006e0e:	e6e7      	b.n	10006be0 <_ftoa+0x16c>
10006e10:	2230      	movs	r2, #48	@ 0x30
10006e12:	1933      	adds	r3, r6, r4
10006e14:	e007      	b.n	10006e26 <_ftoa+0x3b2>
10006e16:	2017      	movs	r0, #23
10006e18:	a906      	add	r1, sp, #24
10006e1a:	3401      	adds	r4, #1
10006e1c:	1809      	adds	r1, r1, r0
10006e1e:	550a      	strb	r2, [r1, r4]
10006e20:	2c20      	cmp	r4, #32
10006e22:	d100      	bne.n	10006e26 <_ftoa+0x3b2>
10006e24:	e6dc      	b.n	10006be0 <_ftoa+0x16c>
10006e26:	42a3      	cmp	r3, r4
10006e28:	d1f5      	bne.n	10006e16 <_ftoa+0x3a2>
10006e2a:	222e      	movs	r2, #46	@ 0x2e
10006e2c:	ae0c      	add	r6, sp, #48	@ 0x30
10006e2e:	3401      	adds	r4, #1
10006e30:	54f2      	strb	r2, [r6, r3]
10006e32:	e6d7      	b.n	10006be4 <_ftoa+0x170>
10006e34:	230c      	movs	r3, #12
10006e36:	9a22      	ldr	r2, [sp, #136]	@ 0x88
10006e38:	4213      	tst	r3, r2
10006e3a:	d057      	beq.n	10006eec <_ftoa+0x478>
10006e3c:	9b21      	ldr	r3, [sp, #132]	@ 0x84
10006e3e:	3b01      	subs	r3, #1
10006e40:	9321      	str	r3, [sp, #132]	@ 0x84
10006e42:	42a3      	cmp	r3, r4
10006e44:	d900      	bls.n	10006e48 <_ftoa+0x3d4>
10006e46:	e6fc      	b.n	10006c42 <_ftoa+0x1ce>
10006e48:	2c20      	cmp	r4, #32
10006e4a:	d100      	bne.n	10006e4e <_ftoa+0x3da>
10006e4c:	e706      	b.n	10006c5c <_ftoa+0x1e8>
10006e4e:	9b22      	ldr	r3, [sp, #136]	@ 0x88
10006e50:	075b      	lsls	r3, r3, #29
10006e52:	d503      	bpl.n	10006e5c <_ftoa+0x3e8>
10006e54:	232b      	movs	r3, #43	@ 0x2b
10006e56:	5533      	strb	r3, [r6, r4]
10006e58:	3401      	adds	r4, #1
10006e5a:	e6ff      	b.n	10006c5c <_ftoa+0x1e8>
10006e5c:	9b22      	ldr	r3, [sp, #136]	@ 0x88
10006e5e:	071b      	lsls	r3, r3, #28
10006e60:	d400      	bmi.n	10006e64 <_ftoa+0x3f0>
10006e62:	e6fb      	b.n	10006c5c <_ftoa+0x1e8>
10006e64:	2320      	movs	r3, #32
10006e66:	5533      	strb	r3, [r6, r4]
10006e68:	3401      	adds	r4, #1
10006e6a:	e6f7      	b.n	10006c5c <_ftoa+0x1e8>
10006e6c:	07db      	lsls	r3, r3, #31
10006e6e:	d400      	bmi.n	10006e72 <_ftoa+0x3fe>
10006e70:	e696      	b.n	10006ba0 <_ftoa+0x12c>
10006e72:	e79e      	b.n	10006db2 <_ftoa+0x33e>
10006e74:	9b22      	ldr	r3, [sp, #136]	@ 0x88
10006e76:	4655      	mov	r5, sl
10006e78:	079b      	lsls	r3, r3, #30
10006e7a:	d111      	bne.n	10006ea0 <_ftoa+0x42c>
10006e7c:	9b21      	ldr	r3, [sp, #132]	@ 0x84
10006e7e:	2b03      	cmp	r3, #3
10006e80:	d90e      	bls.n	10006ea0 <_ftoa+0x42c>
10006e82:	9b21      	ldr	r3, [sp, #132]	@ 0x84
10006e84:	4654      	mov	r4, sl
10006e86:	469c      	mov	ip, r3
10006e88:	465e      	mov	r6, fp
10006e8a:	3d03      	subs	r5, #3
10006e8c:	4465      	add	r5, ip
10006e8e:	0022      	movs	r2, r4
10006e90:	4643      	mov	r3, r8
10006e92:	3401      	adds	r4, #1
10006e94:	0039      	movs	r1, r7
10006e96:	2020      	movs	r0, #32
10006e98:	47b0      	blx	r6
10006e9a:	42ac      	cmp	r4, r5
10006e9c:	d1f7      	bne.n	10006e8e <_ftoa+0x41a>
10006e9e:	46b3      	mov	fp, r6
10006ea0:	46b9      	mov	r9, r7
10006ea2:	465f      	mov	r7, fp
10006ea4:	4e1c      	ldr	r6, [pc, #112]	@ (10006f18 <_ftoa+0x4a4>)
10006ea6:	1cec      	adds	r4, r5, #3
10006ea8:	002a      	movs	r2, r5
10006eaa:	78b0      	ldrb	r0, [r6, #2]
10006eac:	4643      	mov	r3, r8
10006eae:	4649      	mov	r1, r9
10006eb0:	3501      	adds	r5, #1
10006eb2:	47b8      	blx	r7
10006eb4:	3e01      	subs	r6, #1
10006eb6:	42ac      	cmp	r4, r5
10006eb8:	d1f6      	bne.n	10006ea8 <_ftoa+0x434>
10006eba:	9b22      	ldr	r3, [sp, #136]	@ 0x88
10006ebc:	46bb      	mov	fp, r7
10006ebe:	464f      	mov	r7, r9
10006ec0:	079b      	lsls	r3, r3, #30
10006ec2:	d400      	bmi.n	10006ec6 <_ftoa+0x452>
10006ec4:	e6e1      	b.n	10006c8a <_ftoa+0x216>
10006ec6:	4653      	mov	r3, sl
10006ec8:	9a21      	ldr	r2, [sp, #132]	@ 0x84
10006eca:	1ae3      	subs	r3, r4, r3
10006ecc:	429a      	cmp	r2, r3
10006ece:	d800      	bhi.n	10006ed2 <_ftoa+0x45e>
10006ed0:	e6db      	b.n	10006c8a <_ftoa+0x216>
10006ed2:	465e      	mov	r6, fp
10006ed4:	0015      	movs	r5, r2
10006ed6:	0022      	movs	r2, r4
10006ed8:	4643      	mov	r3, r8
10006eda:	0039      	movs	r1, r7
10006edc:	2020      	movs	r0, #32
10006ede:	47b0      	blx	r6
10006ee0:	4653      	mov	r3, sl
10006ee2:	3401      	adds	r4, #1
10006ee4:	1ae3      	subs	r3, r4, r3
10006ee6:	42ab      	cmp	r3, r5
10006ee8:	d3f5      	bcc.n	10006ed6 <_ftoa+0x462>
10006eea:	e6ce      	b.n	10006c8a <_ftoa+0x216>
10006eec:	9b21      	ldr	r3, [sp, #132]	@ 0x84
10006eee:	42a3      	cmp	r3, r4
10006ef0:	d900      	bls.n	10006ef4 <_ftoa+0x480>
10006ef2:	e6a6      	b.n	10006c42 <_ftoa+0x1ce>
10006ef4:	e6b2      	b.n	10006c5c <_ftoa+0x1e8>
10006ef6:	9b21      	ldr	r3, [sp, #132]	@ 0x84
10006ef8:	2b00      	cmp	r3, #0
10006efa:	d100      	bne.n	10006efe <_ftoa+0x48a>
10006efc:	e779      	b.n	10006df2 <_ftoa+0x37e>
10006efe:	9b0b      	ldr	r3, [sp, #44]	@ 0x2c
10006f00:	2b00      	cmp	r3, #0
10006f02:	d097      	beq.n	10006e34 <_ftoa+0x3c0>
10006f04:	9b21      	ldr	r3, [sp, #132]	@ 0x84
10006f06:	3b01      	subs	r3, #1
10006f08:	9321      	str	r3, [sp, #132]	@ 0x84
10006f0a:	429c      	cmp	r4, r3
10006f0c:	d200      	bcs.n	10006f10 <_ftoa+0x49c>
10006f0e:	e698      	b.n	10006c42 <_ftoa+0x1ce>
10006f10:	2c20      	cmp	r4, #32
10006f12:	d000      	beq.n	10006f16 <_ftoa+0x4a2>
10006f14:	e773      	b.n	10006dfe <_ftoa+0x38a>
10006f16:	e6a1      	b.n	10006c5c <_ftoa+0x1e8>
10006f18:	1000c678 	.word	0x1000c678

10006f1c <_etoa>:
10006f1c:	b5f0      	push	{r4, r5, r6, r7, lr}
10006f1e:	46de      	mov	lr, fp
10006f20:	4657      	mov	r7, sl
10006f22:	464e      	mov	r6, r9
10006f24:	4645      	mov	r5, r8
10006f26:	b5e0      	push	{r5, r6, r7, lr}
10006f28:	b099      	sub	sp, #100	@ 0x64
10006f2a:	4681      	mov	r9, r0
10006f2c:	468b      	mov	fp, r1
10006f2e:	4692      	mov	sl, r2
10006f30:	4698      	mov	r8, r3
10006f32:	9a22      	ldr	r2, [sp, #136]	@ 0x88
10006f34:	9b23      	ldr	r3, [sp, #140]	@ 0x8c
10006f36:	0010      	movs	r0, r2
10006f38:	0019      	movs	r1, r3
10006f3a:	f7ff f878 	bl	1000602e <__wrap___aeabi_dcmpun>
10006f3e:	2800      	cmp	r0, #0
10006f40:	d000      	beq.n	10006f44 <_etoa+0x28>
10006f42:	e0ca      	b.n	100070da <_etoa+0x1be>
10006f44:	9822      	ldr	r0, [sp, #136]	@ 0x88
10006f46:	9923      	ldr	r1, [sp, #140]	@ 0x8c
10006f48:	2201      	movs	r2, #1
10006f4a:	4b82      	ldr	r3, [pc, #520]	@ (10007154 <_etoa+0x238>)
10006f4c:	4252      	negs	r2, r2
10006f4e:	f7ff f869 	bl	10006024 <__wrap___aeabi_dcmpgt>
10006f52:	2800      	cmp	r0, #0
10006f54:	d000      	beq.n	10006f58 <_etoa+0x3c>
10006f56:	e0c0      	b.n	100070da <_etoa+0x1be>
10006f58:	9822      	ldr	r0, [sp, #136]	@ 0x88
10006f5a:	9923      	ldr	r1, [sp, #140]	@ 0x8c
10006f5c:	2201      	movs	r2, #1
10006f5e:	4b7e      	ldr	r3, [pc, #504]	@ (10007158 <_etoa+0x23c>)
10006f60:	4252      	negs	r2, r2
10006f62:	f7ff f849 	bl	10005ff8 <__wrap___aeabi_dcmplt>
10006f66:	2800      	cmp	r0, #0
10006f68:	d000      	beq.n	10006f6c <_etoa+0x50>
10006f6a:	e0b6      	b.n	100070da <_etoa+0x1be>
10006f6c:	9822      	ldr	r0, [sp, #136]	@ 0x88
10006f6e:	9923      	ldr	r1, [sp, #140]	@ 0x8c
10006f70:	2200      	movs	r2, #0
10006f72:	2300      	movs	r3, #0
10006f74:	f7ff f840 	bl	10005ff8 <__wrap___aeabi_dcmplt>
10006f78:	2800      	cmp	r0, #0
10006f7a:	d000      	beq.n	10006f7e <_etoa+0x62>
10006f7c:	e1c9      	b.n	10007312 <_etoa+0x3f6>
10006f7e:	9b22      	ldr	r3, [sp, #136]	@ 0x88
10006f80:	9c23      	ldr	r4, [sp, #140]	@ 0x8c
10006f82:	9308      	str	r3, [sp, #32]
10006f84:	9409      	str	r4, [sp, #36]	@ 0x24
10006f86:	9808      	ldr	r0, [sp, #32]
10006f88:	9909      	ldr	r1, [sp, #36]	@ 0x24
10006f8a:	2380      	movs	r3, #128	@ 0x80
10006f8c:	9a26      	ldr	r2, [sp, #152]	@ 0x98
10006f8e:	00db      	lsls	r3, r3, #3
10006f90:	401a      	ands	r2, r3
10006f92:	920d      	str	r2, [sp, #52]	@ 0x34
10006f94:	2280      	movs	r2, #128	@ 0x80
10006f96:	9c26      	ldr	r4, [sp, #152]	@ 0x98
10006f98:	0112      	lsls	r2, r2, #4
10006f9a:	4014      	ands	r4, r2
10006f9c:	0022      	movs	r2, r4
10006f9e:	940b      	str	r4, [sp, #44]	@ 0x2c
10006fa0:	9c26      	ldr	r4, [sp, #152]	@ 0x98
10006fa2:	0007      	movs	r7, r0
10006fa4:	000e      	movs	r6, r1
10006fa6:	421c      	tst	r4, r3
10006fa8:	d000      	beq.n	10006fac <_etoa+0x90>
10006faa:	e0ad      	b.n	10007108 <_etoa+0x1ec>
10006fac:	000b      	movs	r3, r1
10006fae:	4303      	orrs	r3, r0
10006fb0:	d000      	beq.n	10006fb4 <_etoa+0x98>
10006fb2:	e0d5      	b.n	10007160 <_etoa+0x244>
10006fb4:	2a00      	cmp	r2, #0
10006fb6:	d000      	beq.n	10006fba <_etoa+0x9e>
10006fb8:	e20a      	b.n	100073d0 <_etoa+0x4b4>
10006fba:	0022      	movs	r2, r4
10006fbc:	3306      	adds	r3, #6
10006fbe:	9324      	str	r3, [sp, #144]	@ 0x90
10006fc0:	2302      	movs	r3, #2
10006fc2:	4013      	ands	r3, r2
10006fc4:	930c      	str	r3, [sp, #48]	@ 0x30
10006fc6:	2302      	movs	r3, #2
10006fc8:	4213      	tst	r3, r2
10006fca:	d000      	beq.n	10006fce <_etoa+0xb2>
10006fcc:	e202      	b.n	100073d4 <_etoa+0x4b8>
10006fce:	9b25      	ldr	r3, [sp, #148]	@ 0x94
10006fd0:	2b04      	cmp	r3, #4
10006fd2:	d200      	bcs.n	10006fd6 <_etoa+0xba>
10006fd4:	e20f      	b.n	100073f6 <_etoa+0x4da>
10006fd6:	3b04      	subs	r3, #4
10006fd8:	930b      	str	r3, [sp, #44]	@ 0x2c
10006fda:	2300      	movs	r3, #0
10006fdc:	2504      	movs	r5, #4
10006fde:	930a      	str	r3, [sp, #40]	@ 0x28
10006fe0:	2200      	movs	r2, #0
10006fe2:	9822      	ldr	r0, [sp, #136]	@ 0x88
10006fe4:	9923      	ldr	r1, [sp, #140]	@ 0x8c
10006fe6:	2300      	movs	r3, #0
10006fe8:	f7ff f806 	bl	10005ff8 <__wrap___aeabi_dcmplt>
10006fec:	2800      	cmp	r0, #0
10006fee:	d000      	beq.n	10006ff2 <_etoa+0xd6>
10006ff0:	e203      	b.n	100073fa <_etoa+0x4de>
10006ff2:	4b5a      	ldr	r3, [pc, #360]	@ (1000715c <_etoa+0x240>)
10006ff4:	9a26      	ldr	r2, [sp, #152]	@ 0x98
10006ff6:	4013      	ands	r3, r2
10006ff8:	9304      	str	r3, [sp, #16]
10006ffa:	9b0b      	ldr	r3, [sp, #44]	@ 0x2c
10006ffc:	9303      	str	r3, [sp, #12]
10006ffe:	9b24      	ldr	r3, [sp, #144]	@ 0x90
10007000:	9302      	str	r3, [sp, #8]
10007002:	9b08      	ldr	r3, [sp, #32]
10007004:	9c09      	ldr	r4, [sp, #36]	@ 0x24
10007006:	9300      	str	r3, [sp, #0]
10007008:	9401      	str	r4, [sp, #4]
1000700a:	4659      	mov	r1, fp
1000700c:	4643      	mov	r3, r8
1000700e:	4652      	mov	r2, sl
10007010:	4648      	mov	r0, r9
10007012:	f7ff fd2f 	bl	10006a74 <_ftoa>
10007016:	0002      	movs	r2, r0
10007018:	2020      	movs	r0, #32
1000701a:	9b26      	ldr	r3, [sp, #152]	@ 0x98
1000701c:	271f      	movs	r7, #31
1000701e:	4003      	ands	r3, r0
10007020:	4259      	negs	r1, r3
10007022:	414b      	adcs	r3, r1
10007024:	425b      	negs	r3, r3
10007026:	4018      	ands	r0, r3
10007028:	1c53      	adds	r3, r2, #1
1000702a:	9308      	str	r3, [sp, #32]
1000702c:	4659      	mov	r1, fp
1000702e:	4643      	mov	r3, r8
10007030:	3045      	adds	r0, #69	@ 0x45
10007032:	47c8      	blx	r9
10007034:	9a0a      	ldr	r2, [sp, #40]	@ 0x28
10007036:	17d3      	asrs	r3, r2, #31
10007038:	18d4      	adds	r4, r2, r3
1000703a:	405c      	eors	r4, r3
1000703c:	0fd3      	lsrs	r3, r2, #31
1000703e:	930a      	str	r3, [sp, #40]	@ 0x28
10007040:	1e6b      	subs	r3, r5, #1
10007042:	930b      	str	r3, [sp, #44]	@ 0x2c
10007044:	ab08      	add	r3, sp, #32
10007046:	469c      	mov	ip, r3
10007048:	2500      	movs	r5, #0
1000704a:	4467      	add	r7, ip
1000704c:	e001      	b.n	10007052 <_etoa+0x136>
1000704e:	2d20      	cmp	r5, #32
10007050:	d00f      	beq.n	10007072 <_etoa+0x156>
10007052:	0020      	movs	r0, r4
10007054:	210a      	movs	r1, #10
10007056:	f7fe fd21 	bl	10005a9c <__wrap___aeabi_uidiv>
1000705a:	3501      	adds	r5, #1
1000705c:	197e      	adds	r6, r7, r5
1000705e:	3130      	adds	r1, #48	@ 0x30
10007060:	7031      	strb	r1, [r6, #0]
10007062:	0020      	movs	r0, r4
10007064:	210a      	movs	r1, #10
10007066:	f7fe fd19 	bl	10005a9c <__wrap___aeabi_uidiv>
1000706a:	0026      	movs	r6, r4
1000706c:	0004      	movs	r4, r0
1000706e:	2e09      	cmp	r6, #9
10007070:	d8ed      	bhi.n	1000704e <_etoa+0x132>
10007072:	2305      	movs	r3, #5
10007074:	9306      	str	r3, [sp, #24]
10007076:	9b0b      	ldr	r3, [sp, #44]	@ 0x2c
10007078:	4659      	mov	r1, fp
1000707a:	9305      	str	r3, [sp, #20]
1000707c:	2300      	movs	r3, #0
1000707e:	9304      	str	r3, [sp, #16]
10007080:	330a      	adds	r3, #10
10007082:	9303      	str	r3, [sp, #12]
10007084:	9b0a      	ldr	r3, [sp, #40]	@ 0x28
10007086:	4648      	mov	r0, r9
10007088:	9302      	str	r3, [sp, #8]
1000708a:	ab10      	add	r3, sp, #64	@ 0x40
1000708c:	9300      	str	r3, [sp, #0]
1000708e:	9a08      	ldr	r2, [sp, #32]
10007090:	4643      	mov	r3, r8
10007092:	9501      	str	r5, [sp, #4]
10007094:	f7ff fbf8 	bl	10006888 <_ntoa_format>
10007098:	9b0c      	ldr	r3, [sp, #48]	@ 0x30
1000709a:	2b00      	cmp	r3, #0
1000709c:	d02d      	beq.n	100070fa <_etoa+0x1de>
1000709e:	4653      	mov	r3, sl
100070a0:	1ac4      	subs	r4, r0, r3
100070a2:	9b25      	ldr	r3, [sp, #148]	@ 0x94
100070a4:	42a3      	cmp	r3, r4
100070a6:	d928      	bls.n	100070fa <_etoa+0x1de>
100070a8:	464d      	mov	r5, r9
100070aa:	465f      	mov	r7, fp
100070ac:	4681      	mov	r9, r0
100070ae:	001e      	movs	r6, r3
100070b0:	4653      	mov	r3, sl
100070b2:	0039      	movs	r1, r7
100070b4:	191a      	adds	r2, r3, r4
100070b6:	2020      	movs	r0, #32
100070b8:	4643      	mov	r3, r8
100070ba:	3401      	adds	r4, #1
100070bc:	47a8      	blx	r5
100070be:	42a6      	cmp	r6, r4
100070c0:	d8f6      	bhi.n	100070b0 <_etoa+0x194>
100070c2:	4653      	mov	r3, sl
100070c4:	4648      	mov	r0, r9
100070c6:	9925      	ldr	r1, [sp, #148]	@ 0x94
100070c8:	1ac2      	subs	r2, r0, r3
100070ca:	3201      	adds	r2, #1
100070cc:	2300      	movs	r3, #0
100070ce:	4291      	cmp	r1, r2
100070d0:	d300      	bcc.n	100070d4 <_etoa+0x1b8>
100070d2:	e186      	b.n	100073e2 <_etoa+0x4c6>
100070d4:	3001      	adds	r0, #1
100070d6:	1818      	adds	r0, r3, r0
100070d8:	e00f      	b.n	100070fa <_etoa+0x1de>
100070da:	9b26      	ldr	r3, [sp, #152]	@ 0x98
100070dc:	9304      	str	r3, [sp, #16]
100070de:	9b25      	ldr	r3, [sp, #148]	@ 0x94
100070e0:	9303      	str	r3, [sp, #12]
100070e2:	9b24      	ldr	r3, [sp, #144]	@ 0x90
100070e4:	9302      	str	r3, [sp, #8]
100070e6:	9b22      	ldr	r3, [sp, #136]	@ 0x88
100070e8:	9c23      	ldr	r4, [sp, #140]	@ 0x8c
100070ea:	9300      	str	r3, [sp, #0]
100070ec:	9401      	str	r4, [sp, #4]
100070ee:	4643      	mov	r3, r8
100070f0:	4652      	mov	r2, sl
100070f2:	4659      	mov	r1, fp
100070f4:	4648      	mov	r0, r9
100070f6:	f7ff fcbd 	bl	10006a74 <_ftoa>
100070fa:	b019      	add	sp, #100	@ 0x64
100070fc:	bcf0      	pop	{r4, r5, r6, r7}
100070fe:	46bb      	mov	fp, r7
10007100:	46b2      	mov	sl, r6
10007102:	46a9      	mov	r9, r5
10007104:	46a0      	mov	r8, r4
10007106:	bdf0      	pop	{r4, r5, r6, r7, pc}
10007108:	4301      	orrs	r1, r0
1000710a:	d12b      	bne.n	10007164 <_etoa+0x248>
1000710c:	9b0b      	ldr	r3, [sp, #44]	@ 0x2c
1000710e:	0022      	movs	r2, r4
10007110:	2b00      	cmp	r3, #0
10007112:	d100      	bne.n	10007116 <_etoa+0x1fa>
10007114:	e754      	b.n	10006fc0 <_etoa+0xa4>
10007116:	2300      	movs	r3, #0
10007118:	930a      	str	r3, [sp, #40]	@ 0x28
1000711a:	9b24      	ldr	r3, [sp, #144]	@ 0x90
1000711c:	9a0a      	ldr	r2, [sp, #40]	@ 0x28
1000711e:	2400      	movs	r4, #0
10007120:	4293      	cmp	r3, r2
10007122:	dd00      	ble.n	10007126 <_etoa+0x20a>
10007124:	e185      	b.n	10007432 <_etoa+0x516>
10007126:	9822      	ldr	r0, [sp, #136]	@ 0x88
10007128:	9923      	ldr	r1, [sp, #140]	@ 0x8c
1000712a:	2200      	movs	r2, #0
1000712c:	2300      	movs	r3, #0
1000712e:	f7fe ff63 	bl	10005ff8 <__wrap___aeabi_dcmplt>
10007132:	2800      	cmp	r0, #0
10007134:	d000      	beq.n	10007138 <_etoa+0x21c>
10007136:	e135      	b.n	100073a4 <_etoa+0x488>
10007138:	9b26      	ldr	r3, [sp, #152]	@ 0x98
1000713a:	4a08      	ldr	r2, [pc, #32]	@ (1000715c <_etoa+0x240>)
1000713c:	9402      	str	r4, [sp, #8]
1000713e:	401a      	ands	r2, r3
10007140:	2380      	movs	r3, #128	@ 0x80
10007142:	00db      	lsls	r3, r3, #3
10007144:	4313      	orrs	r3, r2
10007146:	9304      	str	r3, [sp, #16]
10007148:	9b25      	ldr	r3, [sp, #148]	@ 0x94
1000714a:	9303      	str	r3, [sp, #12]
1000714c:	9b08      	ldr	r3, [sp, #32]
1000714e:	9c09      	ldr	r4, [sp, #36]	@ 0x24
10007150:	e7cb      	b.n	100070ea <_etoa+0x1ce>
10007152:	46c0      	nop			@ (mov r8, r8)
10007154:	7fefffff 	.word	0x7fefffff
10007158:	ffefffff 	.word	0xffefffff
1000715c:	fffff7ff 	.word	0xfffff7ff
10007160:	2306      	movs	r3, #6
10007162:	9324      	str	r3, [sp, #144]	@ 0x90
10007164:	4bb4      	ldr	r3, [pc, #720]	@ (10007438 <_etoa+0x51c>)
10007166:	0070      	lsls	r0, r6, #1
10007168:	469c      	mov	ip, r3
1000716a:	0d40      	lsrs	r0, r0, #21
1000716c:	4460      	add	r0, ip
1000716e:	f7fe ff6f 	bl	10006050 <__wrap___aeabi_i2d>
10007172:	4ab2      	ldr	r2, [pc, #712]	@ (1000743c <_etoa+0x520>)
10007174:	4bb2      	ldr	r3, [pc, #712]	@ (10007440 <_etoa+0x524>)
10007176:	f7fe fefc 	bl	10005f72 <__wrap___aeabi_dmul>
1000717a:	4ab2      	ldr	r2, [pc, #712]	@ (10007444 <_etoa+0x528>)
1000717c:	4bb2      	ldr	r3, [pc, #712]	@ (10007448 <_etoa+0x52c>)
1000717e:	f7fe fed1 	bl	10005f24 <__wrap___aeabi_dadd>
10007182:	0336      	lsls	r6, r6, #12
10007184:	4bb1      	ldr	r3, [pc, #708]	@ (1000744c <_etoa+0x530>)
10007186:	0b36      	lsrs	r6, r6, #12
10007188:	4333      	orrs	r3, r6
1000718a:	0004      	movs	r4, r0
1000718c:	000d      	movs	r5, r1
1000718e:	0038      	movs	r0, r7
10007190:	0019      	movs	r1, r3
10007192:	2200      	movs	r2, #0
10007194:	4bae      	ldr	r3, [pc, #696]	@ (10007450 <_etoa+0x534>)
10007196:	f7fe febc 	bl	10005f12 <__wrap___aeabi_dsub>
1000719a:	4aae      	ldr	r2, [pc, #696]	@ (10007454 <_etoa+0x538>)
1000719c:	4bae      	ldr	r3, [pc, #696]	@ (10007458 <_etoa+0x53c>)
1000719e:	f7fe fee8 	bl	10005f72 <__wrap___aeabi_dmul>
100071a2:	0002      	movs	r2, r0
100071a4:	000b      	movs	r3, r1
100071a6:	0020      	movs	r0, r4
100071a8:	0029      	movs	r1, r5
100071aa:	f7fe febb 	bl	10005f24 <__wrap___aeabi_dadd>
100071ae:	f7fe ff67 	bl	10006080 <__wrap___aeabi_d2iz>
100071b2:	900a      	str	r0, [sp, #40]	@ 0x28
100071b4:	f7fe ff4c 	bl	10006050 <__wrap___aeabi_i2d>
100071b8:	4aa8      	ldr	r2, [pc, #672]	@ (1000745c <_etoa+0x540>)
100071ba:	4ba9      	ldr	r3, [pc, #676]	@ (10007460 <_etoa+0x544>)
100071bc:	0004      	movs	r4, r0
100071be:	000d      	movs	r5, r1
100071c0:	f7fe fed7 	bl	10005f72 <__wrap___aeabi_dmul>
100071c4:	2200      	movs	r2, #0
100071c6:	4ba7      	ldr	r3, [pc, #668]	@ (10007464 <_etoa+0x548>)
100071c8:	f7fe feac 	bl	10005f24 <__wrap___aeabi_dadd>
100071cc:	f7fe ff58 	bl	10006080 <__wrap___aeabi_d2iz>
100071d0:	4aa5      	ldr	r2, [pc, #660]	@ (10007468 <_etoa+0x54c>)
100071d2:	0006      	movs	r6, r0
100071d4:	4ba5      	ldr	r3, [pc, #660]	@ (1000746c <_etoa+0x550>)
100071d6:	0020      	movs	r0, r4
100071d8:	0029      	movs	r1, r5
100071da:	f7fe feca 	bl	10005f72 <__wrap___aeabi_dmul>
100071de:	0004      	movs	r4, r0
100071e0:	0030      	movs	r0, r6
100071e2:	000d      	movs	r5, r1
100071e4:	960c      	str	r6, [sp, #48]	@ 0x30
100071e6:	f7fe ff33 	bl	10006050 <__wrap___aeabi_i2d>
100071ea:	4aa1      	ldr	r2, [pc, #644]	@ (10007470 <_etoa+0x554>)
100071ec:	4ba1      	ldr	r3, [pc, #644]	@ (10007474 <_etoa+0x558>)
100071ee:	f7fe fec0 	bl	10005f72 <__wrap___aeabi_dmul>
100071f2:	0002      	movs	r2, r0
100071f4:	000b      	movs	r3, r1
100071f6:	0020      	movs	r0, r4
100071f8:	0029      	movs	r1, r5
100071fa:	f7fe fe8a 	bl	10005f12 <__wrap___aeabi_dsub>
100071fe:	0002      	movs	r2, r0
10007200:	000b      	movs	r3, r1
10007202:	0006      	movs	r6, r0
10007204:	000f      	movs	r7, r1
10007206:	f7fe feb4 	bl	10005f72 <__wrap___aeabi_dmul>
1000720a:	0032      	movs	r2, r6
1000720c:	0004      	movs	r4, r0
1000720e:	000d      	movs	r5, r1
10007210:	003b      	movs	r3, r7
10007212:	0030      	movs	r0, r6
10007214:	0039      	movs	r1, r7
10007216:	f7fe fe85 	bl	10005f24 <__wrap___aeabi_dadd>
1000721a:	2200      	movs	r2, #0
1000721c:	900e      	str	r0, [sp, #56]	@ 0x38
1000721e:	910f      	str	r1, [sp, #60]	@ 0x3c
10007220:	4b95      	ldr	r3, [pc, #596]	@ (10007478 <_etoa+0x55c>)
10007222:	0020      	movs	r0, r4
10007224:	0029      	movs	r1, r5
10007226:	f7fe fe86 	bl	10005f36 <__wrap___aeabi_ddiv>
1000722a:	2200      	movs	r2, #0
1000722c:	4b93      	ldr	r3, [pc, #588]	@ (1000747c <_etoa+0x560>)
1000722e:	f7fe fe79 	bl	10005f24 <__wrap___aeabi_dadd>
10007232:	0002      	movs	r2, r0
10007234:	000b      	movs	r3, r1
10007236:	0020      	movs	r0, r4
10007238:	0029      	movs	r1, r5
1000723a:	f7fe fe7c 	bl	10005f36 <__wrap___aeabi_ddiv>
1000723e:	2200      	movs	r2, #0
10007240:	4b8f      	ldr	r3, [pc, #572]	@ (10007480 <_etoa+0x564>)
10007242:	f7fe fe6f 	bl	10005f24 <__wrap___aeabi_dadd>
10007246:	0002      	movs	r2, r0
10007248:	000b      	movs	r3, r1
1000724a:	0020      	movs	r0, r4
1000724c:	0029      	movs	r1, r5
1000724e:	f7fe fe72 	bl	10005f36 <__wrap___aeabi_ddiv>
10007252:	000d      	movs	r5, r1
10007254:	2180      	movs	r1, #128	@ 0x80
10007256:	0004      	movs	r4, r0
10007258:	0032      	movs	r2, r6
1000725a:	003b      	movs	r3, r7
1000725c:	2000      	movs	r0, #0
1000725e:	05c9      	lsls	r1, r1, #23
10007260:	f7fe fe57 	bl	10005f12 <__wrap___aeabi_dsub>
10007264:	0002      	movs	r2, r0
10007266:	000b      	movs	r3, r1
10007268:	0020      	movs	r0, r4
1000726a:	0029      	movs	r1, r5
1000726c:	f7fe fe5a 	bl	10005f24 <__wrap___aeabi_dadd>
10007270:	0002      	movs	r2, r0
10007272:	000b      	movs	r3, r1
10007274:	980e      	ldr	r0, [sp, #56]	@ 0x38
10007276:	990f      	ldr	r1, [sp, #60]	@ 0x3c
10007278:	f7fe fe5d 	bl	10005f36 <__wrap___aeabi_ddiv>
1000727c:	2200      	movs	r2, #0
1000727e:	4b73      	ldr	r3, [pc, #460]	@ (1000744c <_etoa+0x530>)
10007280:	f7fe fe50 	bl	10005f24 <__wrap___aeabi_dadd>
10007284:	4b7f      	ldr	r3, [pc, #508]	@ (10007484 <_etoa+0x568>)
10007286:	9c0c      	ldr	r4, [sp, #48]	@ 0x30
10007288:	469c      	mov	ip, r3
1000728a:	4464      	add	r4, ip
1000728c:	2200      	movs	r2, #0
1000728e:	0523      	lsls	r3, r4, #20
10007290:	f7fe fe6f 	bl	10005f72 <__wrap___aeabi_dmul>
10007294:	0006      	movs	r6, r0
10007296:	000f      	movs	r7, r1
10007298:	0002      	movs	r2, r0
1000729a:	000b      	movs	r3, r1
1000729c:	9808      	ldr	r0, [sp, #32]
1000729e:	9909      	ldr	r1, [sp, #36]	@ 0x24
100072a0:	f7fe feaa 	bl	10005ff8 <__wrap___aeabi_dcmplt>
100072a4:	2800      	cmp	r0, #0
100072a6:	d00a      	beq.n	100072be <_etoa+0x3a2>
100072a8:	9b0a      	ldr	r3, [sp, #40]	@ 0x28
100072aa:	0030      	movs	r0, r6
100072ac:	3b01      	subs	r3, #1
100072ae:	0039      	movs	r1, r7
100072b0:	930a      	str	r3, [sp, #40]	@ 0x28
100072b2:	2200      	movs	r2, #0
100072b4:	4b71      	ldr	r3, [pc, #452]	@ (1000747c <_etoa+0x560>)
100072b6:	f7fe fe3e 	bl	10005f36 <__wrap___aeabi_ddiv>
100072ba:	0006      	movs	r6, r0
100072bc:	000f      	movs	r7, r1
100072be:	9a0a      	ldr	r2, [sp, #40]	@ 0x28
100072c0:	0033      	movs	r3, r6
100072c2:	3263      	adds	r2, #99	@ 0x63
100072c4:	0039      	movs	r1, r7
100072c6:	2ac6      	cmp	r2, #198	@ 0xc6
100072c8:	d812      	bhi.n	100072f0 <_etoa+0x3d4>
100072ca:	2202      	movs	r2, #2
100072cc:	9826      	ldr	r0, [sp, #152]	@ 0x98
100072ce:	2504      	movs	r5, #4
100072d0:	4010      	ands	r0, r2
100072d2:	9a0b      	ldr	r2, [sp, #44]	@ 0x2c
100072d4:	900c      	str	r0, [sp, #48]	@ 0x30
100072d6:	2a00      	cmp	r2, #0
100072d8:	d125      	bne.n	10007326 <_etoa+0x40a>
100072da:	9b25      	ldr	r3, [sp, #148]	@ 0x94
100072dc:	2b04      	cmp	r3, #4
100072de:	d905      	bls.n	100072ec <_etoa+0x3d0>
100072e0:	2800      	cmp	r0, #0
100072e2:	d000      	beq.n	100072e6 <_etoa+0x3ca>
100072e4:	e0a1      	b.n	1000742a <_etoa+0x50e>
100072e6:	9b25      	ldr	r3, [sp, #148]	@ 0x94
100072e8:	3b04      	subs	r3, #4
100072ea:	930b      	str	r3, [sp, #44]	@ 0x2c
100072ec:	2504      	movs	r5, #4
100072ee:	e041      	b.n	10007374 <_etoa+0x458>
100072f0:	2202      	movs	r2, #2
100072f2:	9826      	ldr	r0, [sp, #152]	@ 0x98
100072f4:	4010      	ands	r0, r2
100072f6:	9a0b      	ldr	r2, [sp, #44]	@ 0x2c
100072f8:	900c      	str	r0, [sp, #48]	@ 0x30
100072fa:	2a00      	cmp	r2, #0
100072fc:	d112      	bne.n	10007324 <_etoa+0x408>
100072fe:	9b25      	ldr	r3, [sp, #148]	@ 0x94
10007300:	2b05      	cmp	r3, #5
10007302:	d976      	bls.n	100073f2 <_etoa+0x4d6>
10007304:	2800      	cmp	r0, #0
10007306:	d172      	bne.n	100073ee <_etoa+0x4d2>
10007308:	9b25      	ldr	r3, [sp, #148]	@ 0x94
1000730a:	2505      	movs	r5, #5
1000730c:	3b05      	subs	r3, #5
1000730e:	930b      	str	r3, [sp, #44]	@ 0x2c
10007310:	e034      	b.n	1000737c <_etoa+0x460>
10007312:	2280      	movs	r2, #128	@ 0x80
10007314:	0612      	lsls	r2, r2, #24
10007316:	4694      	mov	ip, r2
10007318:	9b22      	ldr	r3, [sp, #136]	@ 0x88
1000731a:	9308      	str	r3, [sp, #32]
1000731c:	9b23      	ldr	r3, [sp, #140]	@ 0x8c
1000731e:	4463      	add	r3, ip
10007320:	9309      	str	r3, [sp, #36]	@ 0x24
10007322:	e630      	b.n	10006f86 <_etoa+0x6a>
10007324:	2505      	movs	r5, #5
10007326:	430b      	orrs	r3, r1
10007328:	d100      	bne.n	1000732c <_etoa+0x410>
1000732a:	e6f6      	b.n	1000711a <_etoa+0x1fe>
1000732c:	9808      	ldr	r0, [sp, #32]
1000732e:	9909      	ldr	r1, [sp, #36]	@ 0x24
10007330:	4a55      	ldr	r2, [pc, #340]	@ (10007488 <_etoa+0x56c>)
10007332:	4b56      	ldr	r3, [pc, #344]	@ (1000748c <_etoa+0x570>)
10007334:	f7fe fe6e 	bl	10006014 <__wrap___aeabi_dcmpge>
10007338:	2800      	cmp	r0, #0
1000733a:	d008      	beq.n	1000734e <_etoa+0x432>
1000733c:	9808      	ldr	r0, [sp, #32]
1000733e:	9909      	ldr	r1, [sp, #36]	@ 0x24
10007340:	2200      	movs	r2, #0
10007342:	4b53      	ldr	r3, [pc, #332]	@ (10007490 <_etoa+0x574>)
10007344:	f7fe fe58 	bl	10005ff8 <__wrap___aeabi_dcmplt>
10007348:	2800      	cmp	r0, #0
1000734a:	d000      	beq.n	1000734e <_etoa+0x432>
1000734c:	e6e5      	b.n	1000711a <_etoa+0x1fe>
1000734e:	9b24      	ldr	r3, [sp, #144]	@ 0x90
10007350:	2b00      	cmp	r3, #0
10007352:	d01c      	beq.n	1000738e <_etoa+0x472>
10007354:	9b0d      	ldr	r3, [sp, #52]	@ 0x34
10007356:	2b00      	cmp	r3, #0
10007358:	d019      	beq.n	1000738e <_etoa+0x472>
1000735a:	9b24      	ldr	r3, [sp, #144]	@ 0x90
1000735c:	3b01      	subs	r3, #1
1000735e:	9324      	str	r3, [sp, #144]	@ 0x90
10007360:	9b25      	ldr	r3, [sp, #148]	@ 0x94
10007362:	42ab      	cmp	r3, r5
10007364:	d904      	bls.n	10007370 <_etoa+0x454>
10007366:	9b0c      	ldr	r3, [sp, #48]	@ 0x30
10007368:	2b00      	cmp	r3, #0
1000736a:	d05a      	beq.n	10007422 <_etoa+0x506>
1000736c:	2302      	movs	r3, #2
1000736e:	930c      	str	r3, [sp, #48]	@ 0x30
10007370:	2300      	movs	r3, #0
10007372:	930b      	str	r3, [sp, #44]	@ 0x2c
10007374:	9b0a      	ldr	r3, [sp, #40]	@ 0x28
10007376:	2b00      	cmp	r3, #0
10007378:	d100      	bne.n	1000737c <_etoa+0x460>
1000737a:	e631      	b.n	10006fe0 <_etoa+0xc4>
1000737c:	9808      	ldr	r0, [sp, #32]
1000737e:	9909      	ldr	r1, [sp, #36]	@ 0x24
10007380:	0032      	movs	r2, r6
10007382:	003b      	movs	r3, r7
10007384:	f7fe fdd7 	bl	10005f36 <__wrap___aeabi_ddiv>
10007388:	9008      	str	r0, [sp, #32]
1000738a:	9109      	str	r1, [sp, #36]	@ 0x24
1000738c:	e628      	b.n	10006fe0 <_etoa+0xc4>
1000738e:	9b25      	ldr	r3, [sp, #148]	@ 0x94
10007390:	42ab      	cmp	r3, r5
10007392:	d9ed      	bls.n	10007370 <_etoa+0x454>
10007394:	9b0c      	ldr	r3, [sp, #48]	@ 0x30
10007396:	2b00      	cmp	r3, #0
10007398:	d043      	beq.n	10007422 <_etoa+0x506>
1000739a:	2300      	movs	r3, #0
1000739c:	930b      	str	r3, [sp, #44]	@ 0x2c
1000739e:	3302      	adds	r3, #2
100073a0:	930c      	str	r3, [sp, #48]	@ 0x30
100073a2:	e7e7      	b.n	10007374 <_etoa+0x458>
100073a4:	2080      	movs	r0, #128	@ 0x80
100073a6:	9b26      	ldr	r3, [sp, #152]	@ 0x98
100073a8:	4a3a      	ldr	r2, [pc, #232]	@ (10007494 <_etoa+0x578>)
100073aa:	0600      	lsls	r0, r0, #24
100073ac:	401a      	ands	r2, r3
100073ae:	2380      	movs	r3, #128	@ 0x80
100073b0:	4684      	mov	ip, r0
100073b2:	9402      	str	r4, [sp, #8]
100073b4:	9c08      	ldr	r4, [sp, #32]
100073b6:	9d09      	ldr	r5, [sp, #36]	@ 0x24
100073b8:	0029      	movs	r1, r5
100073ba:	00db      	lsls	r3, r3, #3
100073bc:	4313      	orrs	r3, r2
100073be:	9304      	str	r3, [sp, #16]
100073c0:	9b25      	ldr	r3, [sp, #148]	@ 0x94
100073c2:	4461      	add	r1, ip
100073c4:	0022      	movs	r2, r4
100073c6:	9303      	str	r3, [sp, #12]
100073c8:	000b      	movs	r3, r1
100073ca:	9200      	str	r2, [sp, #0]
100073cc:	9301      	str	r3, [sp, #4]
100073ce:	e68e      	b.n	100070ee <_etoa+0x1d2>
100073d0:	2405      	movs	r4, #5
100073d2:	e6a8      	b.n	10007126 <_etoa+0x20a>
100073d4:	2300      	movs	r3, #0
100073d6:	930b      	str	r3, [sp, #44]	@ 0x2c
100073d8:	930a      	str	r3, [sp, #40]	@ 0x28
100073da:	3302      	adds	r3, #2
100073dc:	2504      	movs	r5, #4
100073de:	930c      	str	r3, [sp, #48]	@ 0x30
100073e0:	e5fe      	b.n	10006fe0 <_etoa+0xc4>
100073e2:	4653      	mov	r3, sl
100073e4:	468c      	mov	ip, r1
100073e6:	3b01      	subs	r3, #1
100073e8:	4463      	add	r3, ip
100073ea:	1a1b      	subs	r3, r3, r0
100073ec:	e672      	b.n	100070d4 <_etoa+0x1b8>
100073ee:	2302      	movs	r3, #2
100073f0:	930c      	str	r3, [sp, #48]	@ 0x30
100073f2:	2505      	movs	r5, #5
100073f4:	e7c2      	b.n	1000737c <_etoa+0x460>
100073f6:	2304      	movs	r3, #4
100073f8:	e5ed      	b.n	10006fd6 <_etoa+0xba>
100073fa:	2080      	movs	r0, #128	@ 0x80
100073fc:	9e08      	ldr	r6, [sp, #32]
100073fe:	9f09      	ldr	r7, [sp, #36]	@ 0x24
10007400:	0600      	lsls	r0, r0, #24
10007402:	0039      	movs	r1, r7
10007404:	4684      	mov	ip, r0
10007406:	9a26      	ldr	r2, [sp, #152]	@ 0x98
10007408:	4b22      	ldr	r3, [pc, #136]	@ (10007494 <_etoa+0x578>)
1000740a:	4461      	add	r1, ip
1000740c:	4013      	ands	r3, r2
1000740e:	9304      	str	r3, [sp, #16]
10007410:	9b0b      	ldr	r3, [sp, #44]	@ 0x2c
10007412:	0032      	movs	r2, r6
10007414:	9303      	str	r3, [sp, #12]
10007416:	9b24      	ldr	r3, [sp, #144]	@ 0x90
10007418:	9302      	str	r3, [sp, #8]
1000741a:	000b      	movs	r3, r1
1000741c:	9200      	str	r2, [sp, #0]
1000741e:	9301      	str	r3, [sp, #4]
10007420:	e5f3      	b.n	1000700a <_etoa+0xee>
10007422:	9b25      	ldr	r3, [sp, #148]	@ 0x94
10007424:	1b5b      	subs	r3, r3, r5
10007426:	930b      	str	r3, [sp, #44]	@ 0x2c
10007428:	e7a4      	b.n	10007374 <_etoa+0x458>
1000742a:	2302      	movs	r3, #2
1000742c:	2504      	movs	r5, #4
1000742e:	930c      	str	r3, [sp, #48]	@ 0x30
10007430:	e7a0      	b.n	10007374 <_etoa+0x458>
10007432:	1a9c      	subs	r4, r3, r2
10007434:	3c01      	subs	r4, #1
10007436:	e676      	b.n	10007126 <_etoa+0x20a>
10007438:	fffffc01 	.word	0xfffffc01
1000743c:	509f79fb 	.word	0x509f79fb
10007440:	3fd34413 	.word	0x3fd34413
10007444:	8b60c8b3 	.word	0x8b60c8b3
10007448:	3fc68a28 	.word	0x3fc68a28
1000744c:	3ff00000 	.word	0x3ff00000
10007450:	3ff80000 	.word	0x3ff80000
10007454:	636f4361 	.word	0x636f4361
10007458:	3fd287a7 	.word	0x3fd287a7
1000745c:	0979a371 	.word	0x0979a371
10007460:	400a934f 	.word	0x400a934f
10007464:	3fe00000 	.word	0x3fe00000
10007468:	bbb55516 	.word	0xbbb55516
1000746c:	40026bb1 	.word	0x40026bb1
10007470:	fefa39ef 	.word	0xfefa39ef
10007474:	3fe62e42 	.word	0x3fe62e42
10007478:	402c0000 	.word	0x402c0000
1000747c:	40240000 	.word	0x40240000
10007480:	40180000 	.word	0x40180000
10007484:	000003ff 	.word	0x000003ff
10007488:	eb1c432d 	.word	0xeb1c432d
1000748c:	3f1a36e2 	.word	0x3f1a36e2
10007490:	412e8480 	.word	0x412e8480
10007494:	fffff7ff 	.word	0xfffff7ff

10007498 <_vsnprintf>:
10007498:	b5f0      	push	{r4, r5, r6, r7, lr}
1000749a:	46de      	mov	lr, fp
1000749c:	4657      	mov	r7, sl
1000749e:	464e      	mov	r6, r9
100074a0:	4645      	mov	r5, r8
100074a2:	b5e0      	push	{r5, r6, r7, lr}
100074a4:	b0a5      	sub	sp, #148	@ 0x94
100074a6:	001e      	movs	r6, r3
100074a8:	9b2e      	ldr	r3, [sp, #184]	@ 0xb8
100074aa:	4692      	mov	sl, r2
100074ac:	930c      	str	r3, [sp, #48]	@ 0x30
100074ae:	4acd      	ldr	r2, [pc, #820]	@ (100077e4 <_vsnprintf+0x34c>)
100074b0:	4bcd      	ldr	r3, [pc, #820]	@ (100077e8 <_vsnprintf+0x350>)
100074b2:	4680      	mov	r8, r0
100074b4:	468b      	mov	fp, r1
100074b6:	601a      	str	r2, [r3, #0]
100074b8:	2900      	cmp	r1, #0
100074ba:	d100      	bne.n	100074be <_vsnprintf+0x26>
100074bc:	e1ea      	b.n	10007894 <_vsnprintf+0x3fc>
100074be:	2300      	movs	r3, #0
100074c0:	7830      	ldrb	r0, [r6, #0]
100074c2:	4699      	mov	r9, r3
100074c4:	2800      	cmp	r0, #0
100074c6:	d100      	bne.n	100074ca <_vsnprintf+0x32>
100074c8:	e1ec      	b.n	100078a4 <_vsnprintf+0x40c>
100074ca:	4bc8      	ldr	r3, [pc, #800]	@ (100077ec <_vsnprintf+0x354>)
100074cc:	464c      	mov	r4, r9
100074ce:	930b      	str	r3, [sp, #44]	@ 0x2c
100074d0:	4bc7      	ldr	r3, [pc, #796]	@ (100077f0 <_vsnprintf+0x358>)
100074d2:	4645      	mov	r5, r8
100074d4:	4657      	mov	r7, sl
100074d6:	930e      	str	r3, [sp, #56]	@ 0x38
100074d8:	e00a      	b.n	100074f0 <_vsnprintf+0x58>
100074da:	1c63      	adds	r3, r4, #1
100074dc:	4698      	mov	r8, r3
100074de:	0022      	movs	r2, r4
100074e0:	003b      	movs	r3, r7
100074e2:	4659      	mov	r1, fp
100074e4:	47a8      	blx	r5
100074e6:	4644      	mov	r4, r8
100074e8:	7830      	ldrb	r0, [r6, #0]
100074ea:	2800      	cmp	r0, #0
100074ec:	d100      	bne.n	100074f0 <_vsnprintf+0x58>
100074ee:	e087      	b.n	10007600 <_vsnprintf+0x168>
100074f0:	3601      	adds	r6, #1
100074f2:	2825      	cmp	r0, #37	@ 0x25
100074f4:	d1f1      	bne.n	100074da <_vsnprintf+0x42>
100074f6:	2308      	movs	r3, #8
100074f8:	469a      	mov	sl, r3
100074fa:	3b04      	subs	r3, #4
100074fc:	4699      	mov	r9, r3
100074fe:	3b02      	subs	r3, #2
10007500:	4698      	mov	r8, r3
10007502:	3b01      	subs	r3, #1
10007504:	2200      	movs	r2, #0
10007506:	469c      	mov	ip, r3
10007508:	940d      	str	r4, [sp, #52]	@ 0x34
1000750a:	7830      	ldrb	r0, [r6, #0]
1000750c:	1c71      	adds	r1, r6, #1
1000750e:	0003      	movs	r3, r0
10007510:	3b20      	subs	r3, #32
10007512:	b2db      	uxtb	r3, r3
10007514:	2b10      	cmp	r3, #16
10007516:	d803      	bhi.n	10007520 <_vsnprintf+0x88>
10007518:	9c0b      	ldr	r4, [sp, #44]	@ 0x2c
1000751a:	009b      	lsls	r3, r3, #2
1000751c:	58e3      	ldr	r3, [r4, r3]
1000751e:	469f      	mov	pc, r3
10007520:	0003      	movs	r3, r0
10007522:	3b30      	subs	r3, #48	@ 0x30
10007524:	4689      	mov	r9, r1
10007526:	9c0d      	ldr	r4, [sp, #52]	@ 0x34
10007528:	2b09      	cmp	r3, #9
1000752a:	d93a      	bls.n	100075a2 <_vsnprintf+0x10a>
1000752c:	2300      	movs	r3, #0
1000752e:	4698      	mov	r8, r3
10007530:	282a      	cmp	r0, #42	@ 0x2a
10007532:	d100      	bne.n	10007536 <_vsnprintf+0x9e>
10007534:	e0c1      	b.n	100076ba <_vsnprintf+0x222>
10007536:	2300      	movs	r3, #0
10007538:	469a      	mov	sl, r3
1000753a:	282e      	cmp	r0, #46	@ 0x2e
1000753c:	d04b      	beq.n	100075d6 <_vsnprintf+0x13e>
1000753e:	0003      	movs	r3, r0
10007540:	3b68      	subs	r3, #104	@ 0x68
10007542:	b2db      	uxtb	r3, r3
10007544:	2b12      	cmp	r3, #18
10007546:	d81e      	bhi.n	10007586 <_vsnprintf+0xee>
10007548:	990e      	ldr	r1, [sp, #56]	@ 0x38
1000754a:	009b      	lsls	r3, r3, #2
1000754c:	58cb      	ldr	r3, [r1, r3]
1000754e:	469f      	mov	pc, r3
10007550:	4663      	mov	r3, ip
10007552:	000e      	movs	r6, r1
10007554:	431a      	orrs	r2, r3
10007556:	e7d8      	b.n	1000750a <_vsnprintf+0x72>
10007558:	4643      	mov	r3, r8
1000755a:	000e      	movs	r6, r1
1000755c:	431a      	orrs	r2, r3
1000755e:	e7d4      	b.n	1000750a <_vsnprintf+0x72>
10007560:	464b      	mov	r3, r9
10007562:	000e      	movs	r6, r1
10007564:	431a      	orrs	r2, r3
10007566:	e7d0      	b.n	1000750a <_vsnprintf+0x72>
10007568:	2310      	movs	r3, #16
1000756a:	000e      	movs	r6, r1
1000756c:	431a      	orrs	r2, r3
1000756e:	e7cc      	b.n	1000750a <_vsnprintf+0x72>
10007570:	4653      	mov	r3, sl
10007572:	000e      	movs	r6, r1
10007574:	431a      	orrs	r2, r3
10007576:	e7c8      	b.n	1000750a <_vsnprintf+0x72>
10007578:	2380      	movs	r3, #128	@ 0x80
1000757a:	005b      	lsls	r3, r3, #1
1000757c:	431a      	orrs	r2, r3
1000757e:	3bff      	subs	r3, #255	@ 0xff
10007580:	469c      	mov	ip, r3
10007582:	7870      	ldrb	r0, [r6, #1]
10007584:	44e1      	add	r9, ip
10007586:	464e      	mov	r6, r9
10007588:	2867      	cmp	r0, #103	@ 0x67
1000758a:	d84f      	bhi.n	1000762c <_vsnprintf+0x194>
1000758c:	2824      	cmp	r0, #36	@ 0x24
1000758e:	d9a4      	bls.n	100074da <_vsnprintf+0x42>
10007590:	0003      	movs	r3, r0
10007592:	3b25      	subs	r3, #37	@ 0x25
10007594:	b2db      	uxtb	r3, r3
10007596:	2b42      	cmp	r3, #66	@ 0x42
10007598:	d89f      	bhi.n	100074da <_vsnprintf+0x42>
1000759a:	4996      	ldr	r1, [pc, #600]	@ (100077f4 <_vsnprintf+0x35c>)
1000759c:	009b      	lsls	r3, r3, #2
1000759e:	58cb      	ldr	r3, [r1, r3]
100075a0:	469f      	mov	pc, r3
100075a2:	2300      	movs	r3, #0
100075a4:	4694      	mov	ip, r2
100075a6:	001e      	movs	r6, r3
100075a8:	e000      	b.n	100075ac <_vsnprintf+0x114>
100075aa:	3101      	adds	r1, #1
100075ac:	00b3      	lsls	r3, r6, #2
100075ae:	199b      	adds	r3, r3, r6
100075b0:	005b      	lsls	r3, r3, #1
100075b2:	181e      	adds	r6, r3, r0
100075b4:	7808      	ldrb	r0, [r1, #0]
100075b6:	3e30      	subs	r6, #48	@ 0x30
100075b8:	0003      	movs	r3, r0
100075ba:	3b30      	subs	r3, #48	@ 0x30
100075bc:	2b09      	cmp	r3, #9
100075be:	d9f4      	bls.n	100075aa <_vsnprintf+0x112>
100075c0:	2301      	movs	r3, #1
100075c2:	4662      	mov	r2, ip
100075c4:	4689      	mov	r9, r1
100075c6:	469c      	mov	ip, r3
100075c8:	2300      	movs	r3, #0
100075ca:	46b0      	mov	r8, r6
100075cc:	469a      	mov	sl, r3
100075ce:	000e      	movs	r6, r1
100075d0:	44e1      	add	r9, ip
100075d2:	282e      	cmp	r0, #46	@ 0x2e
100075d4:	d1b3      	bne.n	1000753e <_vsnprintf+0xa6>
100075d6:	2130      	movs	r1, #48	@ 0x30
100075d8:	2080      	movs	r0, #128	@ 0x80
100075da:	4249      	negs	r1, r1
100075dc:	468c      	mov	ip, r1
100075de:	00c0      	lsls	r0, r0, #3
100075e0:	4302      	orrs	r2, r0
100075e2:	7870      	ldrb	r0, [r6, #1]
100075e4:	464b      	mov	r3, r9
100075e6:	4484      	add	ip, r0
100075e8:	4661      	mov	r1, ip
100075ea:	2909      	cmp	r1, #9
100075ec:	d800      	bhi.n	100075f0 <_vsnprintf+0x158>
100075ee:	e16c      	b.n	100078ca <_vsnprintf+0x432>
100075f0:	282a      	cmp	r0, #42	@ 0x2a
100075f2:	d100      	bne.n	100075f6 <_vsnprintf+0x15e>
100075f4:	e17a      	b.n	100078ec <_vsnprintf+0x454>
100075f6:	2301      	movs	r3, #1
100075f8:	469c      	mov	ip, r3
100075fa:	464e      	mov	r6, r9
100075fc:	44e1      	add	r9, ip
100075fe:	e79e      	b.n	1000753e <_vsnprintf+0xa6>
10007600:	46a1      	mov	r9, r4
10007602:	46a8      	mov	r8, r5
10007604:	46ba      	mov	sl, r7
10007606:	45ca      	cmp	sl, r9
10007608:	d803      	bhi.n	10007612 <_vsnprintf+0x17a>
1000760a:	2301      	movs	r3, #1
1000760c:	425b      	negs	r3, r3
1000760e:	4453      	add	r3, sl
10007610:	4699      	mov	r9, r3
10007612:	4653      	mov	r3, sl
10007614:	464a      	mov	r2, r9
10007616:	4659      	mov	r1, fp
10007618:	2000      	movs	r0, #0
1000761a:	47c0      	blx	r8
1000761c:	0020      	movs	r0, r4
1000761e:	b025      	add	sp, #148	@ 0x94
10007620:	bcf0      	pop	{r4, r5, r6, r7}
10007622:	46bb      	mov	fp, r7
10007624:	46b2      	mov	sl, r6
10007626:	46a9      	mov	r9, r5
10007628:	46a0      	mov	r8, r4
1000762a:	bdf0      	pop	{r4, r5, r6, r7, pc}
1000762c:	0003      	movs	r3, r0
1000762e:	3b69      	subs	r3, #105	@ 0x69
10007630:	b2db      	uxtb	r3, r3
10007632:	930d      	str	r3, [sp, #52]	@ 0x34
10007634:	2b0f      	cmp	r3, #15
10007636:	d900      	bls.n	1000763a <_vsnprintf+0x1a2>
10007638:	e74f      	b.n	100074da <_vsnprintf+0x42>
1000763a:	2101      	movs	r1, #1
1000763c:	4099      	lsls	r1, r3
1000763e:	468c      	mov	ip, r1
10007640:	496d      	ldr	r1, [pc, #436]	@ (100077f8 <_vsnprintf+0x360>)
10007642:	4689      	mov	r9, r1
10007644:	4661      	mov	r1, ip
10007646:	464b      	mov	r3, r9
10007648:	4019      	ands	r1, r3
1000764a:	910f      	str	r1, [sp, #60]	@ 0x3c
1000764c:	4663      	mov	r3, ip
1000764e:	4649      	mov	r1, r9
10007650:	420b      	tst	r3, r1
10007652:	d000      	beq.n	10007656 <_vsnprintf+0x1be>
10007654:	e128      	b.n	100078a8 <_vsnprintf+0x410>
10007656:	9b0d      	ldr	r3, [sp, #52]	@ 0x34
10007658:	2b0a      	cmp	r3, #10
1000765a:	d03a      	beq.n	100076d2 <_vsnprintf+0x23a>
1000765c:	2b07      	cmp	r3, #7
1000765e:	d000      	beq.n	10007662 <_vsnprintf+0x1ca>
10007660:	e73b      	b.n	100074da <_vsnprintf+0x42>
10007662:	9b0c      	ldr	r3, [sp, #48]	@ 0x30
10007664:	0019      	movs	r1, r3
10007666:	c908      	ldmia	r1!, {r3}
10007668:	4688      	mov	r8, r1
1000766a:	2b00      	cmp	r3, #0
1000766c:	d100      	bne.n	10007670 <_vsnprintf+0x1d8>
1000766e:	e14b      	b.n	10007908 <_vsnprintf+0x470>
10007670:	2021      	movs	r0, #33	@ 0x21
10007672:	4302      	orrs	r2, r0
10007674:	4691      	mov	r9, r2
10007676:	a914      	add	r1, sp, #80	@ 0x50
10007678:	468c      	mov	ip, r1
1000767a:	221f      	movs	r2, #31
1000767c:	210f      	movs	r1, #15
1000767e:	4462      	add	r2, ip
10007680:	468c      	mov	ip, r1
10007682:	4651      	mov	r1, sl
10007684:	950d      	str	r5, [sp, #52]	@ 0x34
10007686:	910c      	str	r1, [sp, #48]	@ 0x30
10007688:	46a2      	mov	sl, r4
1000768a:	0015      	movs	r5, r2
1000768c:	990f      	ldr	r1, [sp, #60]	@ 0x3c
1000768e:	e002      	b.n	10007696 <_vsnprintf+0x1fe>
10007690:	2920      	cmp	r1, #32
10007692:	d00c      	beq.n	100076ae <_vsnprintf+0x216>
10007694:	0013      	movs	r3, r2
10007696:	4664      	mov	r4, ip
10007698:	401c      	ands	r4, r3
1000769a:	0020      	movs	r0, r4
1000769c:	3037      	adds	r0, #55	@ 0x37
1000769e:	2c09      	cmp	r4, #9
100076a0:	d800      	bhi.n	100076a4 <_vsnprintf+0x20c>
100076a2:	3807      	subs	r0, #7
100076a4:	3101      	adds	r1, #1
100076a6:	5468      	strb	r0, [r5, r1]
100076a8:	091a      	lsrs	r2, r3, #4
100076aa:	2b0f      	cmp	r3, #15
100076ac:	d8f0      	bhi.n	10007690 <_vsnprintf+0x1f8>
100076ae:	9b0c      	ldr	r3, [sp, #48]	@ 0x30
100076b0:	4654      	mov	r4, sl
100076b2:	9d0d      	ldr	r5, [sp, #52]	@ 0x34
100076b4:	469a      	mov	sl, r3
100076b6:	910f      	str	r1, [sp, #60]	@ 0x3c
100076b8:	e133      	b.n	10007922 <_vsnprintf+0x48a>
100076ba:	9b0c      	ldr	r3, [sp, #48]	@ 0x30
100076bc:	cb02      	ldmia	r3!, {r1}
100076be:	4688      	mov	r8, r1
100076c0:	2900      	cmp	r1, #0
100076c2:	db47      	blt.n	10007754 <_vsnprintf+0x2bc>
100076c4:	930c      	str	r3, [sp, #48]	@ 0x30
100076c6:	2301      	movs	r3, #1
100076c8:	469c      	mov	ip, r3
100076ca:	7870      	ldrb	r0, [r6, #1]
100076cc:	464e      	mov	r6, r9
100076ce:	44e1      	add	r9, ip
100076d0:	e731      	b.n	10007536 <_vsnprintf+0x9e>
100076d2:	9b0c      	ldr	r3, [sp, #48]	@ 0x30
100076d4:	cb02      	ldmia	r3!, {r1}
100076d6:	9314      	str	r3, [sp, #80]	@ 0x50
100076d8:	4653      	mov	r3, sl
100076da:	2b00      	cmp	r3, #0
100076dc:	d100      	bne.n	100076e0 <_vsnprintf+0x248>
100076de:	e138      	b.n	10007952 <_vsnprintf+0x4ba>
100076e0:	469c      	mov	ip, r3
100076e2:	7808      	ldrb	r0, [r1, #0]
100076e4:	000b      	movs	r3, r1
100076e6:	900c      	str	r0, [sp, #48]	@ 0x30
100076e8:	448c      	add	ip, r1
100076ea:	2800      	cmp	r0, #0
100076ec:	d101      	bne.n	100076f2 <_vsnprintf+0x25a>
100076ee:	f000 fc98 	bl	10008022 <_vsnprintf+0xb8a>
100076f2:	4689      	mov	r9, r1
100076f4:	4661      	mov	r1, ip
100076f6:	4694      	mov	ip, r2
100076f8:	e003      	b.n	10007702 <_vsnprintf+0x26a>
100076fa:	785a      	ldrb	r2, [r3, #1]
100076fc:	3301      	adds	r3, #1
100076fe:	2a00      	cmp	r2, #0
10007700:	d001      	beq.n	10007706 <_vsnprintf+0x26e>
10007702:	428b      	cmp	r3, r1
10007704:	d1f9      	bne.n	100076fa <_vsnprintf+0x262>
10007706:	4649      	mov	r1, r9
10007708:	4662      	mov	r2, ip
1000770a:	1a5b      	subs	r3, r3, r1
1000770c:	900c      	str	r0, [sp, #48]	@ 0x30
1000770e:	930f      	str	r3, [sp, #60]	@ 0x3c
10007710:	0553      	lsls	r3, r2, #21
10007712:	d500      	bpl.n	10007716 <_vsnprintf+0x27e>
10007714:	e120      	b.n	10007958 <_vsnprintf+0x4c0>
10007716:	2302      	movs	r3, #2
10007718:	0018      	movs	r0, r3
1000771a:	4010      	ands	r0, r2
1000771c:	900d      	str	r0, [sp, #52]	@ 0x34
1000771e:	4213      	tst	r3, r2
10007720:	d100      	bne.n	10007724 <_vsnprintf+0x28c>
10007722:	e3cb      	b.n	10007ebc <_vsnprintf+0xa24>
10007724:	930d      	str	r3, [sp, #52]	@ 0x34
10007726:	1b0b      	subs	r3, r1, r4
10007728:	46b1      	mov	r9, r6
1000772a:	469a      	mov	sl, r3
1000772c:	465e      	mov	r6, fp
1000772e:	980c      	ldr	r0, [sp, #48]	@ 0x30
10007730:	0022      	movs	r2, r4
10007732:	003b      	movs	r3, r7
10007734:	0031      	movs	r1, r6
10007736:	47a8      	blx	r5
10007738:	4653      	mov	r3, sl
1000773a:	3401      	adds	r4, #1
1000773c:	5d18      	ldrb	r0, [r3, r4]
1000773e:	2800      	cmp	r0, #0
10007740:	d1f6      	bne.n	10007730 <_vsnprintf+0x298>
10007742:	46b3      	mov	fp, r6
10007744:	464e      	mov	r6, r9
10007746:	9b0d      	ldr	r3, [sp, #52]	@ 0x34
10007748:	2b00      	cmp	r3, #0
1000774a:	d000      	beq.n	1000774e <_vsnprintf+0x2b6>
1000774c:	e1c7      	b.n	10007ade <_vsnprintf+0x646>
1000774e:	9b14      	ldr	r3, [sp, #80]	@ 0x50
10007750:	930c      	str	r3, [sp, #48]	@ 0x30
10007752:	e6c9      	b.n	100074e8 <_vsnprintf+0x50>
10007754:	930c      	str	r3, [sp, #48]	@ 0x30
10007756:	2301      	movs	r3, #1
10007758:	469c      	mov	ip, r3
1000775a:	3828      	subs	r0, #40	@ 0x28
1000775c:	4249      	negs	r1, r1
1000775e:	4302      	orrs	r2, r0
10007760:	4688      	mov	r8, r1
10007762:	7870      	ldrb	r0, [r6, #1]
10007764:	464e      	mov	r6, r9
10007766:	44e1      	add	r9, ip
10007768:	e6e5      	b.n	10007536 <_vsnprintf+0x9e>
1000776a:	7870      	ldrb	r0, [r6, #1]
1000776c:	286c      	cmp	r0, #108	@ 0x6c
1000776e:	d100      	bne.n	10007772 <_vsnprintf+0x2da>
10007770:	e17f      	b.n	10007a72 <_vsnprintf+0x5da>
10007772:	2380      	movs	r3, #128	@ 0x80
10007774:	005b      	lsls	r3, r3, #1
10007776:	431a      	orrs	r2, r3
10007778:	3bff      	subs	r3, #255	@ 0xff
1000777a:	469c      	mov	ip, r3
1000777c:	44e1      	add	r9, ip
1000777e:	e702      	b.n	10007586 <_vsnprintf+0xee>
10007780:	2380      	movs	r3, #128	@ 0x80
10007782:	009b      	lsls	r3, r3, #2
10007784:	431a      	orrs	r2, r3
10007786:	2301      	movs	r3, #1
10007788:	469c      	mov	ip, r3
1000778a:	7870      	ldrb	r0, [r6, #1]
1000778c:	44e1      	add	r9, ip
1000778e:	e6fa      	b.n	10007586 <_vsnprintf+0xee>
10007790:	7870      	ldrb	r0, [r6, #1]
10007792:	2868      	cmp	r0, #104	@ 0x68
10007794:	d100      	bne.n	10007798 <_vsnprintf+0x300>
10007796:	e173      	b.n	10007a80 <_vsnprintf+0x5e8>
10007798:	2380      	movs	r3, #128	@ 0x80
1000779a:	431a      	orrs	r2, r3
1000779c:	3b7f      	subs	r3, #127	@ 0x7f
1000779e:	469c      	mov	ip, r3
100077a0:	44e1      	add	r9, ip
100077a2:	e6f0      	b.n	10007586 <_vsnprintf+0xee>
100077a4:	2867      	cmp	r0, #103	@ 0x67
100077a6:	d100      	bne.n	100077aa <_vsnprintf+0x312>
100077a8:	e103      	b.n	100079b2 <_vsnprintf+0x51a>
100077aa:	2847      	cmp	r0, #71	@ 0x47
100077ac:	d100      	bne.n	100077b0 <_vsnprintf+0x318>
100077ae:	e15a      	b.n	10007a66 <_vsnprintf+0x5ce>
100077b0:	2845      	cmp	r0, #69	@ 0x45
100077b2:	d100      	bne.n	100077b6 <_vsnprintf+0x31e>
100077b4:	e15a      	b.n	10007a6c <_vsnprintf+0x5d4>
100077b6:	9204      	str	r2, [sp, #16]
100077b8:	2107      	movs	r1, #7
100077ba:	4642      	mov	r2, r8
100077bc:	9b0c      	ldr	r3, [sp, #48]	@ 0x30
100077be:	9203      	str	r2, [sp, #12]
100077c0:	3307      	adds	r3, #7
100077c2:	4652      	mov	r2, sl
100077c4:	438b      	bics	r3, r1
100077c6:	0019      	movs	r1, r3
100077c8:	9202      	str	r2, [sp, #8]
100077ca:	c90c      	ldmia	r1!, {r2, r3}
100077cc:	0028      	movs	r0, r5
100077ce:	9200      	str	r2, [sp, #0]
100077d0:	9301      	str	r3, [sp, #4]
100077d2:	910c      	str	r1, [sp, #48]	@ 0x30
100077d4:	0022      	movs	r2, r4
100077d6:	003b      	movs	r3, r7
100077d8:	4659      	mov	r1, fp
100077da:	f7ff fb9f 	bl	10006f1c <_etoa>
100077de:	0004      	movs	r4, r0
100077e0:	e682      	b.n	100074e8 <_vsnprintf+0x50>
100077e2:	46c0      	nop			@ (mov r8, r8)
100077e4:	10007499 	.word	0x10007499
100077e8:	20002fc8 	.word	0x20002fc8
100077ec:	1000cbbc 	.word	0x1000cbbc
100077f0:	1000cc00 	.word	0x1000cc00
100077f4:	1000cc4c 	.word	0x1000cc4c
100077f8:	00009041 	.word	0x00009041
100077fc:	2846      	cmp	r0, #70	@ 0x46
100077fe:	d100      	bne.n	10007802 <_vsnprintf+0x36a>
10007800:	e0db      	b.n	100079ba <_vsnprintf+0x522>
10007802:	9204      	str	r2, [sp, #16]
10007804:	2107      	movs	r1, #7
10007806:	4642      	mov	r2, r8
10007808:	9b0c      	ldr	r3, [sp, #48]	@ 0x30
1000780a:	9203      	str	r2, [sp, #12]
1000780c:	3307      	adds	r3, #7
1000780e:	4652      	mov	r2, sl
10007810:	438b      	bics	r3, r1
10007812:	0019      	movs	r1, r3
10007814:	9202      	str	r2, [sp, #8]
10007816:	c90c      	ldmia	r1!, {r2, r3}
10007818:	0028      	movs	r0, r5
1000781a:	9200      	str	r2, [sp, #0]
1000781c:	9301      	str	r3, [sp, #4]
1000781e:	910c      	str	r1, [sp, #48]	@ 0x30
10007820:	0022      	movs	r2, r4
10007822:	003b      	movs	r3, r7
10007824:	4659      	mov	r1, fp
10007826:	f7ff f925 	bl	10006a74 <_ftoa>
1000782a:	0004      	movs	r4, r0
1000782c:	e65c      	b.n	100074e8 <_vsnprintf+0x50>
1000782e:	1c63      	adds	r3, r4, #1
10007830:	4698      	mov	r8, r3
10007832:	0022      	movs	r2, r4
10007834:	003b      	movs	r3, r7
10007836:	4659      	mov	r1, fp
10007838:	2025      	movs	r0, #37	@ 0x25
1000783a:	47a8      	blx	r5
1000783c:	4644      	mov	r4, r8
1000783e:	e653      	b.n	100074e8 <_vsnprintf+0x50>
10007840:	9b0c      	ldr	r3, [sp, #48]	@ 0x30
10007842:	3304      	adds	r3, #4
10007844:	930d      	str	r3, [sp, #52]	@ 0x34
10007846:	1c63      	adds	r3, r4, #1
10007848:	4699      	mov	r9, r3
1000784a:	0792      	lsls	r2, r2, #30
1000784c:	d400      	bmi.n	10007850 <_vsnprintf+0x3b8>
1000784e:	e122      	b.n	10007a96 <_vsnprintf+0x5fe>
10007850:	9b0c      	ldr	r3, [sp, #48]	@ 0x30
10007852:	0022      	movs	r2, r4
10007854:	7818      	ldrb	r0, [r3, #0]
10007856:	4659      	mov	r1, fp
10007858:	003b      	movs	r3, r7
1000785a:	47a8      	blx	r5
1000785c:	4643      	mov	r3, r8
1000785e:	4444      	add	r4, r8
10007860:	2b01      	cmp	r3, #1
10007862:	d800      	bhi.n	10007866 <_vsnprintf+0x3ce>
10007864:	e285      	b.n	10007d72 <_vsnprintf+0x8da>
10007866:	0033      	movs	r3, r6
10007868:	46b8      	mov	r8, r7
1000786a:	002e      	movs	r6, r5
1000786c:	465f      	mov	r7, fp
1000786e:	0025      	movs	r5, r4
10007870:	464c      	mov	r4, r9
10007872:	4699      	mov	r9, r3
10007874:	0022      	movs	r2, r4
10007876:	4643      	mov	r3, r8
10007878:	3401      	adds	r4, #1
1000787a:	0039      	movs	r1, r7
1000787c:	2020      	movs	r0, #32
1000787e:	47b0      	blx	r6
10007880:	42ac      	cmp	r4, r5
10007882:	d1f7      	bne.n	10007874 <_vsnprintf+0x3dc>
10007884:	002c      	movs	r4, r5
10007886:	46bb      	mov	fp, r7
10007888:	0035      	movs	r5, r6
1000788a:	4647      	mov	r7, r8
1000788c:	464e      	mov	r6, r9
1000788e:	9b0d      	ldr	r3, [sp, #52]	@ 0x34
10007890:	930c      	str	r3, [sp, #48]	@ 0x30
10007892:	e629      	b.n	100074e8 <_vsnprintf+0x50>
10007894:	4bdb      	ldr	r3, [pc, #876]	@ (10007c04 <_vsnprintf+0x76c>)
10007896:	7830      	ldrb	r0, [r6, #0]
10007898:	4698      	mov	r8, r3
1000789a:	2300      	movs	r3, #0
1000789c:	4699      	mov	r9, r3
1000789e:	2800      	cmp	r0, #0
100078a0:	d000      	beq.n	100078a4 <_vsnprintf+0x40c>
100078a2:	e612      	b.n	100074ca <_vsnprintf+0x32>
100078a4:	2400      	movs	r4, #0
100078a6:	e6ae      	b.n	10007606 <_vsnprintf+0x16e>
100078a8:	286f      	cmp	r0, #111	@ 0x6f
100078aa:	d100      	bne.n	100078ae <_vsnprintf+0x416>
100078ac:	e088      	b.n	100079c0 <_vsnprintf+0x528>
100078ae:	d800      	bhi.n	100078b2 <_vsnprintf+0x41a>
100078b0:	e30b      	b.n	10007eca <_vsnprintf+0xa32>
100078b2:	2310      	movs	r3, #16
100078b4:	2878      	cmp	r0, #120	@ 0x78
100078b6:	d100      	bne.n	100078ba <_vsnprintf+0x422>
100078b8:	e0cf      	b.n	10007a5a <_vsnprintf+0x5c2>
100078ba:	439a      	bics	r2, r3
100078bc:	230a      	movs	r3, #10
100078be:	469c      	mov	ip, r3
100078c0:	2300      	movs	r3, #0
100078c2:	930f      	str	r3, [sp, #60]	@ 0x3c
100078c4:	330a      	adds	r3, #10
100078c6:	930d      	str	r3, [sp, #52]	@ 0x34
100078c8:	e080      	b.n	100079cc <_vsnprintf+0x534>
100078ca:	4656      	mov	r6, sl
100078cc:	00b1      	lsls	r1, r6, #2
100078ce:	1989      	adds	r1, r1, r6
100078d0:	0049      	lsls	r1, r1, #1
100078d2:	3301      	adds	r3, #1
100078d4:	180e      	adds	r6, r1, r0
100078d6:	7818      	ldrb	r0, [r3, #0]
100078d8:	3e30      	subs	r6, #48	@ 0x30
100078da:	0001      	movs	r1, r0
100078dc:	3930      	subs	r1, #48	@ 0x30
100078de:	2909      	cmp	r1, #9
100078e0:	d9f4      	bls.n	100078cc <_vsnprintf+0x434>
100078e2:	46b2      	mov	sl, r6
100078e4:	001e      	movs	r6, r3
100078e6:	3301      	adds	r3, #1
100078e8:	4699      	mov	r9, r3
100078ea:	e628      	b.n	1000753e <_vsnprintf+0xa6>
100078ec:	9b0c      	ldr	r3, [sp, #48]	@ 0x30
100078ee:	3602      	adds	r6, #2
100078f0:	cb02      	ldmia	r3!, {r1}
100078f2:	468a      	mov	sl, r1
100078f4:	43c9      	mvns	r1, r1
100078f6:	4650      	mov	r0, sl
100078f8:	17c9      	asrs	r1, r1, #31
100078fa:	4008      	ands	r0, r1
100078fc:	4682      	mov	sl, r0
100078fe:	930c      	str	r3, [sp, #48]	@ 0x30
10007900:	7830      	ldrb	r0, [r6, #0]
10007902:	1c73      	adds	r3, r6, #1
10007904:	4699      	mov	r9, r3
10007906:	e61a      	b.n	1000753e <_vsnprintf+0xa6>
10007908:	2310      	movs	r3, #16
1000790a:	0010      	movs	r0, r2
1000790c:	4398      	bics	r0, r3
1000790e:	3311      	adds	r3, #17
10007910:	4318      	orrs	r0, r3
10007912:	4681      	mov	r9, r0
10007914:	2080      	movs	r0, #128	@ 0x80
10007916:	0013      	movs	r3, r2
10007918:	00c0      	lsls	r0, r0, #3
1000791a:	4003      	ands	r3, r0
1000791c:	4202      	tst	r2, r0
1000791e:	d100      	bne.n	10007922 <_vsnprintf+0x48a>
10007920:	e6a9      	b.n	10007676 <_vsnprintf+0x1de>
10007922:	464b      	mov	r3, r9
10007924:	9306      	str	r3, [sp, #24]
10007926:	2308      	movs	r3, #8
10007928:	9305      	str	r3, [sp, #20]
1000792a:	4653      	mov	r3, sl
1000792c:	9304      	str	r3, [sp, #16]
1000792e:	2310      	movs	r3, #16
10007930:	9303      	str	r3, [sp, #12]
10007932:	2300      	movs	r3, #0
10007934:	9302      	str	r3, [sp, #8]
10007936:	9b0f      	ldr	r3, [sp, #60]	@ 0x3c
10007938:	0022      	movs	r2, r4
1000793a:	9301      	str	r3, [sp, #4]
1000793c:	ab1c      	add	r3, sp, #112	@ 0x70
1000793e:	9300      	str	r3, [sp, #0]
10007940:	4659      	mov	r1, fp
10007942:	003b      	movs	r3, r7
10007944:	0028      	movs	r0, r5
10007946:	f7fe ff9f 	bl	10006888 <_ntoa_format>
1000794a:	4643      	mov	r3, r8
1000794c:	0004      	movs	r4, r0
1000794e:	930c      	str	r3, [sp, #48]	@ 0x30
10007950:	e5ca      	b.n	100074e8 <_vsnprintf+0x50>
10007952:	2301      	movs	r3, #1
10007954:	425b      	negs	r3, r3
10007956:	e6c3      	b.n	100076e0 <_vsnprintf+0x248>
10007958:	9b0f      	ldr	r3, [sp, #60]	@ 0x3c
1000795a:	4553      	cmp	r3, sl
1000795c:	d901      	bls.n	10007962 <_vsnprintf+0x4ca>
1000795e:	4653      	mov	r3, sl
10007960:	930f      	str	r3, [sp, #60]	@ 0x3c
10007962:	2302      	movs	r3, #2
10007964:	0018      	movs	r0, r3
10007966:	4010      	ands	r0, r2
10007968:	900d      	str	r0, [sp, #52]	@ 0x34
1000796a:	4213      	tst	r3, r2
1000796c:	d100      	bne.n	10007970 <_vsnprintf+0x4d8>
1000796e:	e1b7      	b.n	10007ce0 <_vsnprintf+0x848>
10007970:	930d      	str	r3, [sp, #52]	@ 0x34
10007972:	46d1      	mov	r9, sl
10007974:	1b0b      	subs	r3, r1, r4
10007976:	469a      	mov	sl, r3
10007978:	0033      	movs	r3, r6
1000797a:	44a1      	add	r9, r4
1000797c:	002e      	movs	r6, r5
1000797e:	0022      	movs	r2, r4
10007980:	464d      	mov	r5, r9
10007982:	980c      	ldr	r0, [sp, #48]	@ 0x30
10007984:	46b9      	mov	r9, r7
10007986:	465f      	mov	r7, fp
10007988:	469b      	mov	fp, r3
1000798a:	e008      	b.n	1000799e <_vsnprintf+0x506>
1000798c:	464b      	mov	r3, r9
1000798e:	0039      	movs	r1, r7
10007990:	1c54      	adds	r4, r2, #1
10007992:	47b0      	blx	r6
10007994:	4653      	mov	r3, sl
10007996:	5d18      	ldrb	r0, [r3, r4]
10007998:	2800      	cmp	r0, #0
1000799a:	d077      	beq.n	10007a8c <_vsnprintf+0x5f4>
1000799c:	0022      	movs	r2, r4
1000799e:	4295      	cmp	r5, r2
100079a0:	d1f4      	bne.n	1000798c <_vsnprintf+0x4f4>
100079a2:	465b      	mov	r3, fp
100079a4:	46bb      	mov	fp, r7
100079a6:	464f      	mov	r7, r9
100079a8:	46a9      	mov	r9, r5
100079aa:	0035      	movs	r5, r6
100079ac:	464c      	mov	r4, r9
100079ae:	001e      	movs	r6, r3
100079b0:	e6c9      	b.n	10007746 <_vsnprintf+0x2ae>
100079b2:	2380      	movs	r3, #128	@ 0x80
100079b4:	011b      	lsls	r3, r3, #4
100079b6:	431a      	orrs	r2, r3
100079b8:	e6fd      	b.n	100077b6 <_vsnprintf+0x31e>
100079ba:	2320      	movs	r3, #32
100079bc:	431a      	orrs	r2, r3
100079be:	e720      	b.n	10007802 <_vsnprintf+0x36a>
100079c0:	2308      	movs	r3, #8
100079c2:	469c      	mov	ip, r3
100079c4:	2300      	movs	r3, #0
100079c6:	930f      	str	r3, [sp, #60]	@ 0x3c
100079c8:	3308      	adds	r3, #8
100079ca:	930d      	str	r3, [sp, #52]	@ 0x34
100079cc:	2380      	movs	r3, #128	@ 0x80
100079ce:	0011      	movs	r1, r2
100079d0:	00db      	lsls	r3, r3, #3
100079d2:	4019      	ands	r1, r3
100079d4:	421a      	tst	r2, r3
100079d6:	d100      	bne.n	100079da <_vsnprintf+0x542>
100079d8:	e116      	b.n	10007c08 <_vsnprintf+0x770>
100079da:	230d      	movs	r3, #13
100079dc:	439a      	bics	r2, r3
100079de:	0010      	movs	r0, r2
100079e0:	2380      	movs	r3, #128	@ 0x80
100079e2:	0002      	movs	r2, r0
100079e4:	009b      	lsls	r3, r3, #2
100079e6:	401a      	ands	r2, r3
100079e8:	9214      	str	r2, [sp, #80]	@ 0x50
100079ea:	4218      	tst	r0, r3
100079ec:	d000      	beq.n	100079f0 <_vsnprintf+0x558>
100079ee:	e1c2      	b.n	10007d76 <_vsnprintf+0x8de>
100079f0:	2380      	movs	r3, #128	@ 0x80
100079f2:	0002      	movs	r2, r0
100079f4:	005b      	lsls	r3, r3, #1
100079f6:	401a      	ands	r2, r3
100079f8:	4691      	mov	r9, r2
100079fa:	9a0c      	ldr	r2, [sp, #48]	@ 0x30
100079fc:	3204      	adds	r2, #4
100079fe:	920f      	str	r2, [sp, #60]	@ 0x3c
10007a00:	4218      	tst	r0, r3
10007a02:	d000      	beq.n	10007a06 <_vsnprintf+0x56e>
10007a04:	e2b7      	b.n	10007f76 <_vsnprintf+0xade>
10007a06:	0643      	lsls	r3, r0, #25
10007a08:	d500      	bpl.n	10007a0c <_vsnprintf+0x574>
10007a0a:	e19f      	b.n	10007d4c <_vsnprintf+0x8b4>
10007a0c:	0603      	lsls	r3, r0, #24
10007a0e:	d400      	bmi.n	10007a12 <_vsnprintf+0x57a>
10007a10:	e319      	b.n	10008046 <_vsnprintf+0xbae>
10007a12:	9b0c      	ldr	r3, [sp, #48]	@ 0x30
10007a14:	881b      	ldrh	r3, [r3, #0]
10007a16:	9309      	str	r3, [sp, #36]	@ 0x24
10007a18:	2b00      	cmp	r3, #0
10007a1a:	d000      	beq.n	10007a1e <_vsnprintf+0x586>
10007a1c:	e1fc      	b.n	10007e18 <_vsnprintf+0x980>
10007a1e:	3310      	adds	r3, #16
10007a20:	4398      	bics	r0, r3
10007a22:	2900      	cmp	r1, #0
10007a24:	d100      	bne.n	10007a28 <_vsnprintf+0x590>
10007a26:	e1f7      	b.n	10007e18 <_vsnprintf+0x980>
10007a28:	2300      	movs	r3, #0
10007a2a:	4699      	mov	r9, r3
10007a2c:	4643      	mov	r3, r8
10007a2e:	9305      	str	r3, [sp, #20]
10007a30:	4653      	mov	r3, sl
10007a32:	9304      	str	r3, [sp, #16]
10007a34:	9b0d      	ldr	r3, [sp, #52]	@ 0x34
10007a36:	9006      	str	r0, [sp, #24]
10007a38:	9303      	str	r3, [sp, #12]
10007a3a:	2300      	movs	r3, #0
10007a3c:	e0d2      	b.n	10007be4 <_vsnprintf+0x74c>
10007a3e:	2858      	cmp	r0, #88	@ 0x58
10007a40:	d008      	beq.n	10007a54 <_vsnprintf+0x5bc>
10007a42:	2862      	cmp	r0, #98	@ 0x62
10007a44:	d167      	bne.n	10007b16 <_vsnprintf+0x67e>
10007a46:	2302      	movs	r3, #2
10007a48:	469c      	mov	ip, r3
10007a4a:	2300      	movs	r3, #0
10007a4c:	930f      	str	r3, [sp, #60]	@ 0x3c
10007a4e:	3302      	adds	r3, #2
10007a50:	930d      	str	r3, [sp, #52]	@ 0x34
10007a52:	e7bb      	b.n	100079cc <_vsnprintf+0x534>
10007a54:	2320      	movs	r3, #32
10007a56:	431a      	orrs	r2, r3
10007a58:	3b10      	subs	r3, #16
10007a5a:	469c      	mov	ip, r3
10007a5c:	2300      	movs	r3, #0
10007a5e:	930f      	str	r3, [sp, #60]	@ 0x3c
10007a60:	3310      	adds	r3, #16
10007a62:	930d      	str	r3, [sp, #52]	@ 0x34
10007a64:	e7b2      	b.n	100079cc <_vsnprintf+0x534>
10007a66:	2380      	movs	r3, #128	@ 0x80
10007a68:	011b      	lsls	r3, r3, #4
10007a6a:	431a      	orrs	r2, r3
10007a6c:	2320      	movs	r3, #32
10007a6e:	431a      	orrs	r2, r3
10007a70:	e6a1      	b.n	100077b6 <_vsnprintf+0x31e>
10007a72:	23c0      	movs	r3, #192	@ 0xc0
10007a74:	009b      	lsls	r3, r3, #2
10007a76:	431a      	orrs	r2, r3
10007a78:	1cf3      	adds	r3, r6, #3
10007a7a:	4699      	mov	r9, r3
10007a7c:	78b0      	ldrb	r0, [r6, #2]
10007a7e:	e582      	b.n	10007586 <_vsnprintf+0xee>
10007a80:	23c0      	movs	r3, #192	@ 0xc0
10007a82:	431a      	orrs	r2, r3
10007a84:	1cf3      	adds	r3, r6, #3
10007a86:	4699      	mov	r9, r3
10007a88:	78b0      	ldrb	r0, [r6, #2]
10007a8a:	e57c      	b.n	10007586 <_vsnprintf+0xee>
10007a8c:	0035      	movs	r5, r6
10007a8e:	465e      	mov	r6, fp
10007a90:	46bb      	mov	fp, r7
10007a92:	464f      	mov	r7, r9
10007a94:	e657      	b.n	10007746 <_vsnprintf+0x2ae>
10007a96:	4643      	mov	r3, r8
10007a98:	2b01      	cmp	r3, #1
10007a9a:	d800      	bhi.n	10007a9e <_vsnprintf+0x606>
10007a9c:	e163      	b.n	10007d66 <_vsnprintf+0x8ce>
10007a9e:	1e63      	subs	r3, r4, #1
10007aa0:	4443      	add	r3, r8
10007aa2:	469a      	mov	sl, r3
10007aa4:	0033      	movs	r3, r6
10007aa6:	46b9      	mov	r9, r7
10007aa8:	002e      	movs	r6, r5
10007aaa:	465f      	mov	r7, fp
10007aac:	4655      	mov	r5, sl
10007aae:	469b      	mov	fp, r3
10007ab0:	46a2      	mov	sl, r4
10007ab2:	0022      	movs	r2, r4
10007ab4:	464b      	mov	r3, r9
10007ab6:	3401      	adds	r4, #1
10007ab8:	0039      	movs	r1, r7
10007aba:	2020      	movs	r0, #32
10007abc:	47b0      	blx	r6
10007abe:	42ac      	cmp	r4, r5
10007ac0:	d1f7      	bne.n	10007ab2 <_vsnprintf+0x61a>
10007ac2:	0035      	movs	r5, r6
10007ac4:	465e      	mov	r6, fp
10007ac6:	46bb      	mov	fp, r7
10007ac8:	464f      	mov	r7, r9
10007aca:	46a1      	mov	r9, r4
10007acc:	4654      	mov	r4, sl
10007ace:	9b0c      	ldr	r3, [sp, #48]	@ 0x30
10007ad0:	464a      	mov	r2, r9
10007ad2:	7818      	ldrb	r0, [r3, #0]
10007ad4:	4659      	mov	r1, fp
10007ad6:	003b      	movs	r3, r7
10007ad8:	4444      	add	r4, r8
10007ada:	47a8      	blx	r5
10007adc:	e6d7      	b.n	1000788e <_vsnprintf+0x3f6>
10007ade:	46a1      	mov	r9, r4
10007ae0:	9b0f      	ldr	r3, [sp, #60]	@ 0x3c
10007ae2:	4598      	cmp	r8, r3
10007ae4:	d800      	bhi.n	10007ae8 <_vsnprintf+0x650>
10007ae6:	e632      	b.n	1000774e <_vsnprintf+0x2b6>
10007ae8:	4444      	add	r4, r8
10007aea:	1ae4      	subs	r4, r4, r3
10007aec:	0033      	movs	r3, r6
10007aee:	46b8      	mov	r8, r7
10007af0:	002e      	movs	r6, r5
10007af2:	465f      	mov	r7, fp
10007af4:	0025      	movs	r5, r4
10007af6:	464c      	mov	r4, r9
10007af8:	4699      	mov	r9, r3
10007afa:	0022      	movs	r2, r4
10007afc:	4643      	mov	r3, r8
10007afe:	3401      	adds	r4, #1
10007b00:	0039      	movs	r1, r7
10007b02:	2020      	movs	r0, #32
10007b04:	47b0      	blx	r6
10007b06:	42ac      	cmp	r4, r5
10007b08:	d1f7      	bne.n	10007afa <_vsnprintf+0x662>
10007b0a:	002c      	movs	r4, r5
10007b0c:	46bb      	mov	fp, r7
10007b0e:	0035      	movs	r5, r6
10007b10:	4647      	mov	r7, r8
10007b12:	464e      	mov	r6, r9
10007b14:	e61b      	b.n	1000774e <_vsnprintf+0x2b6>
10007b16:	2380      	movs	r3, #128	@ 0x80
10007b18:	0010      	movs	r0, r2
10007b1a:	00db      	lsls	r3, r3, #3
10007b1c:	4018      	ands	r0, r3
10007b1e:	421a      	tst	r2, r3
10007b20:	d100      	bne.n	10007b24 <_vsnprintf+0x68c>
10007b22:	e10f      	b.n	10007d44 <_vsnprintf+0x8ac>
10007b24:	2111      	movs	r1, #17
10007b26:	0018      	movs	r0, r3
10007b28:	438a      	bics	r2, r1
10007b2a:	920d      	str	r2, [sp, #52]	@ 0x34
10007b2c:	9a0d      	ldr	r2, [sp, #52]	@ 0x34
10007b2e:	2380      	movs	r3, #128	@ 0x80
10007b30:	0011      	movs	r1, r2
10007b32:	009b      	lsls	r3, r3, #2
10007b34:	4019      	ands	r1, r3
10007b36:	468c      	mov	ip, r1
10007b38:	421a      	tst	r2, r3
10007b3a:	d169      	bne.n	10007c10 <_vsnprintf+0x778>
10007b3c:	2380      	movs	r3, #128	@ 0x80
10007b3e:	0011      	movs	r1, r2
10007b40:	005b      	lsls	r3, r3, #1
10007b42:	4019      	ands	r1, r3
10007b44:	4689      	mov	r9, r1
10007b46:	990c      	ldr	r1, [sp, #48]	@ 0x30
10007b48:	3104      	adds	r1, #4
10007b4a:	910f      	str	r1, [sp, #60]	@ 0x3c
10007b4c:	421a      	tst	r2, r3
10007b4e:	d000      	beq.n	10007b52 <_vsnprintf+0x6ba>
10007b50:	e1ca      	b.n	10007ee8 <_vsnprintf+0xa50>
10007b52:	0013      	movs	r3, r2
10007b54:	065b      	lsls	r3, r3, #25
10007b56:	d500      	bpl.n	10007b5a <_vsnprintf+0x6c2>
10007b58:	e0f0      	b.n	10007d3c <_vsnprintf+0x8a4>
10007b5a:	0013      	movs	r3, r2
10007b5c:	061b      	lsls	r3, r3, #24
10007b5e:	d400      	bmi.n	10007b62 <_vsnprintf+0x6ca>
10007b60:	e259      	b.n	10008016 <_vsnprintf+0xb7e>
10007b62:	9b0c      	ldr	r3, [sp, #48]	@ 0x30
10007b64:	2200      	movs	r2, #0
10007b66:	5e9b      	ldrsh	r3, [r3, r2]
10007b68:	17d9      	asrs	r1, r3, #31
10007b6a:	185a      	adds	r2, r3, r1
10007b6c:	404a      	eors	r2, r1
10007b6e:	b292      	uxth	r2, r2
10007b70:	0fd9      	lsrs	r1, r3, #31
10007b72:	910c      	str	r1, [sp, #48]	@ 0x30
10007b74:	2b00      	cmp	r3, #0
10007b76:	d100      	bne.n	10007b7a <_vsnprintf+0x6e2>
10007b78:	e1f9      	b.n	10007f6e <_vsnprintf+0xad6>
10007b7a:	0010      	movs	r0, r2
10007b7c:	aa14      	add	r2, sp, #80	@ 0x50
10007b7e:	4694      	mov	ip, r2
10007b80:	4642      	mov	r2, r8
10007b82:	231f      	movs	r3, #31
10007b84:	9214      	str	r2, [sp, #80]	@ 0x50
10007b86:	4652      	mov	r2, sl
10007b88:	4463      	add	r3, ip
10007b8a:	46a8      	mov	r8, r5
10007b8c:	9416      	str	r4, [sp, #88]	@ 0x58
10007b8e:	464d      	mov	r5, r9
10007b90:	0004      	movs	r4, r0
10007b92:	46b9      	mov	r9, r7
10007b94:	46b2      	mov	sl, r6
10007b96:	001f      	movs	r7, r3
10007b98:	9215      	str	r2, [sp, #84]	@ 0x54
10007b9a:	e001      	b.n	10007ba0 <_vsnprintf+0x708>
10007b9c:	2d20      	cmp	r5, #32
10007b9e:	d00f      	beq.n	10007bc0 <_vsnprintf+0x728>
10007ba0:	0020      	movs	r0, r4
10007ba2:	210a      	movs	r1, #10
10007ba4:	f7fd ff7a 	bl	10005a9c <__wrap___aeabi_uidiv>
10007ba8:	3501      	adds	r5, #1
10007baa:	197e      	adds	r6, r7, r5
10007bac:	3130      	adds	r1, #48	@ 0x30
10007bae:	7031      	strb	r1, [r6, #0]
10007bb0:	0020      	movs	r0, r4
10007bb2:	210a      	movs	r1, #10
10007bb4:	f7fd ff72 	bl	10005a9c <__wrap___aeabi_uidiv>
10007bb8:	0026      	movs	r6, r4
10007bba:	0004      	movs	r4, r0
10007bbc:	2e09      	cmp	r6, #9
10007bbe:	d8ed      	bhi.n	10007b9c <_vsnprintf+0x704>
10007bc0:	9b14      	ldr	r3, [sp, #80]	@ 0x50
10007bc2:	464f      	mov	r7, r9
10007bc4:	46a9      	mov	r9, r5
10007bc6:	4645      	mov	r5, r8
10007bc8:	4698      	mov	r8, r3
10007bca:	9b15      	ldr	r3, [sp, #84]	@ 0x54
10007bcc:	4656      	mov	r6, sl
10007bce:	469a      	mov	sl, r3
10007bd0:	9c16      	ldr	r4, [sp, #88]	@ 0x58
10007bd2:	9b0d      	ldr	r3, [sp, #52]	@ 0x34
10007bd4:	9306      	str	r3, [sp, #24]
10007bd6:	4643      	mov	r3, r8
10007bd8:	9305      	str	r3, [sp, #20]
10007bda:	4653      	mov	r3, sl
10007bdc:	9304      	str	r3, [sp, #16]
10007bde:	230a      	movs	r3, #10
10007be0:	9303      	str	r3, [sp, #12]
10007be2:	9b0c      	ldr	r3, [sp, #48]	@ 0x30
10007be4:	9302      	str	r3, [sp, #8]
10007be6:	464b      	mov	r3, r9
10007be8:	9301      	str	r3, [sp, #4]
10007bea:	ab1c      	add	r3, sp, #112	@ 0x70
10007bec:	0022      	movs	r2, r4
10007bee:	9300      	str	r3, [sp, #0]
10007bf0:	4659      	mov	r1, fp
10007bf2:	003b      	movs	r3, r7
10007bf4:	0028      	movs	r0, r5
10007bf6:	f7fe fe47 	bl	10006888 <_ntoa_format>
10007bfa:	9b0f      	ldr	r3, [sp, #60]	@ 0x3c
10007bfc:	0004      	movs	r4, r0
10007bfe:	930c      	str	r3, [sp, #48]	@ 0x30
10007c00:	e472      	b.n	100074e8 <_vsnprintf+0x50>
10007c02:	46c0      	nop			@ (mov r8, r8)
10007c04:	100067d9 	.word	0x100067d9
10007c08:	230c      	movs	r3, #12
10007c0a:	439a      	bics	r2, r3
10007c0c:	0010      	movs	r0, r2
10007c0e:	e6e7      	b.n	100079e0 <_vsnprintf+0x548>
10007c10:	2207      	movs	r2, #7
10007c12:	9b0c      	ldr	r3, [sp, #48]	@ 0x30
10007c14:	3307      	adds	r3, #7
10007c16:	4393      	bics	r3, r2
10007c18:	3201      	adds	r2, #1
10007c1a:	4694      	mov	ip, r2
10007c1c:	449c      	add	ip, r3
10007c1e:	4662      	mov	r2, ip
10007c20:	920c      	str	r2, [sp, #48]	@ 0x30
10007c22:	cb0c      	ldmia	r3, {r2, r3}
10007c24:	0fd9      	lsrs	r1, r3, #31
10007c26:	910f      	str	r1, [sp, #60]	@ 0x3c
10007c28:	0011      	movs	r1, r2
10007c2a:	4319      	orrs	r1, r3
10007c2c:	d100      	bne.n	10007c30 <_vsnprintf+0x798>
10007c2e:	e091      	b.n	10007d54 <_vsnprintf+0x8bc>
10007c30:	17d9      	asrs	r1, r3, #31
10007c32:	9113      	str	r1, [sp, #76]	@ 0x4c
10007c34:	9112      	str	r1, [sp, #72]	@ 0x48
10007c36:	4051      	eors	r1, r2
10007c38:	9110      	str	r1, [sp, #64]	@ 0x40
10007c3a:	9913      	ldr	r1, [sp, #76]	@ 0x4c
10007c3c:	4059      	eors	r1, r3
10007c3e:	9111      	str	r1, [sp, #68]	@ 0x44
10007c40:	9810      	ldr	r0, [sp, #64]	@ 0x40
10007c42:	9911      	ldr	r1, [sp, #68]	@ 0x44
10007c44:	9a12      	ldr	r2, [sp, #72]	@ 0x48
10007c46:	9b13      	ldr	r3, [sp, #76]	@ 0x4c
10007c48:	1a80      	subs	r0, r0, r2
10007c4a:	4199      	sbcs	r1, r3
10007c4c:	9010      	str	r0, [sp, #64]	@ 0x40
10007c4e:	9111      	str	r1, [sp, #68]	@ 0x44
10007c50:	aa14      	add	r2, sp, #80	@ 0x50
10007c52:	2300      	movs	r3, #0
10007c54:	4694      	mov	ip, r2
10007c56:	4642      	mov	r2, r8
10007c58:	4699      	mov	r9, r3
10007c5a:	9214      	str	r2, [sp, #80]	@ 0x50
10007c5c:	4652      	mov	r2, sl
10007c5e:	331f      	adds	r3, #31
10007c60:	4463      	add	r3, ip
10007c62:	46a8      	mov	r8, r5
10007c64:	46b2      	mov	sl, r6
10007c66:	9416      	str	r4, [sp, #88]	@ 0x58
10007c68:	464e      	mov	r6, r9
10007c6a:	9c10      	ldr	r4, [sp, #64]	@ 0x40
10007c6c:	9d11      	ldr	r5, [sp, #68]	@ 0x44
10007c6e:	46b9      	mov	r9, r7
10007c70:	9215      	str	r2, [sp, #84]	@ 0x54
10007c72:	001f      	movs	r7, r3
10007c74:	e001      	b.n	10007c7a <_vsnprintf+0x7e2>
10007c76:	2e20      	cmp	r6, #32
10007c78:	d010      	beq.n	10007c9c <_vsnprintf+0x804>
10007c7a:	0020      	movs	r0, r4
10007c7c:	0029      	movs	r1, r5
10007c7e:	220a      	movs	r2, #10
10007c80:	2300      	movs	r3, #0
10007c82:	f7fd ff49 	bl	10005b18 <__wrap___aeabi_uldivmod>
10007c86:	3601      	adds	r6, #1
10007c88:	3230      	adds	r2, #48	@ 0x30
10007c8a:	002b      	movs	r3, r5
10007c8c:	55ba      	strb	r2, [r7, r6]
10007c8e:	000d      	movs	r5, r1
10007c90:	0022      	movs	r2, r4
10007c92:	0004      	movs	r4, r0
10007c94:	2b00      	cmp	r3, #0
10007c96:	d1ee      	bne.n	10007c76 <_vsnprintf+0x7de>
10007c98:	2a09      	cmp	r2, #9
10007c9a:	d8ec      	bhi.n	10007c76 <_vsnprintf+0x7de>
10007c9c:	9b14      	ldr	r3, [sp, #80]	@ 0x50
10007c9e:	9410      	str	r4, [sp, #64]	@ 0x40
10007ca0:	9511      	str	r5, [sp, #68]	@ 0x44
10007ca2:	4645      	mov	r5, r8
10007ca4:	4698      	mov	r8, r3
10007ca6:	9b15      	ldr	r3, [sp, #84]	@ 0x54
10007ca8:	464f      	mov	r7, r9
10007caa:	46b1      	mov	r9, r6
10007cac:	4656      	mov	r6, sl
10007cae:	469a      	mov	sl, r3
10007cb0:	9c16      	ldr	r4, [sp, #88]	@ 0x58
10007cb2:	9b0d      	ldr	r3, [sp, #52]	@ 0x34
10007cb4:	9306      	str	r3, [sp, #24]
10007cb6:	4643      	mov	r3, r8
10007cb8:	9305      	str	r3, [sp, #20]
10007cba:	4653      	mov	r3, sl
10007cbc:	9304      	str	r3, [sp, #16]
10007cbe:	230a      	movs	r3, #10
10007cc0:	9303      	str	r3, [sp, #12]
10007cc2:	9b0f      	ldr	r3, [sp, #60]	@ 0x3c
10007cc4:	9302      	str	r3, [sp, #8]
10007cc6:	464b      	mov	r3, r9
10007cc8:	9301      	str	r3, [sp, #4]
10007cca:	ab1c      	add	r3, sp, #112	@ 0x70
10007ccc:	0022      	movs	r2, r4
10007cce:	9300      	str	r3, [sp, #0]
10007cd0:	4659      	mov	r1, fp
10007cd2:	003b      	movs	r3, r7
10007cd4:	0028      	movs	r0, r5
10007cd6:	f7fe fdd7 	bl	10006888 <_ntoa_format>
10007cda:	0004      	movs	r4, r0
10007cdc:	f7ff fc04 	bl	100074e8 <_vsnprintf+0x50>
10007ce0:	9b0f      	ldr	r3, [sp, #60]	@ 0x3c
10007ce2:	4598      	cmp	r8, r3
10007ce4:	d800      	bhi.n	10007ce8 <_vsnprintf+0x850>
10007ce6:	e1c1      	b.n	1000806c <_vsnprintf+0xbd4>
10007ce8:	2380      	movs	r3, #128	@ 0x80
10007cea:	00db      	lsls	r3, r3, #3
10007cec:	930d      	str	r3, [sp, #52]	@ 0x34
10007cee:	4643      	mov	r3, r8
10007cf0:	9a0f      	ldr	r2, [sp, #60]	@ 0x3c
10007cf2:	191b      	adds	r3, r3, r4
10007cf4:	1a9b      	subs	r3, r3, r2
10007cf6:	4699      	mov	r9, r3
10007cf8:	0033      	movs	r3, r6
10007cfa:	002e      	movs	r6, r5
10007cfc:	464d      	mov	r5, r9
10007cfe:	46b9      	mov	r9, r7
10007d00:	465f      	mov	r7, fp
10007d02:	469b      	mov	fp, r3
10007d04:	910c      	str	r1, [sp, #48]	@ 0x30
10007d06:	0022      	movs	r2, r4
10007d08:	464b      	mov	r3, r9
10007d0a:	3401      	adds	r4, #1
10007d0c:	0039      	movs	r1, r7
10007d0e:	2020      	movs	r0, #32
10007d10:	47b0      	blx	r6
10007d12:	42ac      	cmp	r4, r5
10007d14:	d1f7      	bne.n	10007d06 <_vsnprintf+0x86e>
10007d16:	4643      	mov	r3, r8
10007d18:	990c      	ldr	r1, [sp, #48]	@ 0x30
10007d1a:	3301      	adds	r3, #1
10007d1c:	930f      	str	r3, [sp, #60]	@ 0x3c
10007d1e:	780b      	ldrb	r3, [r1, #0]
10007d20:	0035      	movs	r5, r6
10007d22:	930c      	str	r3, [sp, #48]	@ 0x30
10007d24:	465e      	mov	r6, fp
10007d26:	46bb      	mov	fp, r7
10007d28:	464f      	mov	r7, r9
10007d2a:	2b00      	cmp	r3, #0
10007d2c:	d100      	bne.n	10007d30 <_vsnprintf+0x898>
10007d2e:	e50e      	b.n	1000774e <_vsnprintf+0x2b6>
10007d30:	9b0d      	ldr	r3, [sp, #52]	@ 0x34
10007d32:	2b00      	cmp	r3, #0
10007d34:	d100      	bne.n	10007d38 <_vsnprintf+0x8a0>
10007d36:	e4f6      	b.n	10007726 <_vsnprintf+0x28e>
10007d38:	2300      	movs	r3, #0
10007d3a:	e619      	b.n	10007970 <_vsnprintf+0x4d8>
10007d3c:	9b0c      	ldr	r3, [sp, #48]	@ 0x30
10007d3e:	781b      	ldrb	r3, [r3, #0]
10007d40:	001a      	movs	r2, r3
10007d42:	e715      	b.n	10007b70 <_vsnprintf+0x6d8>
10007d44:	2310      	movs	r3, #16
10007d46:	439a      	bics	r2, r3
10007d48:	920d      	str	r2, [sp, #52]	@ 0x34
10007d4a:	e6ef      	b.n	10007b2c <_vsnprintf+0x694>
10007d4c:	9b0c      	ldr	r3, [sp, #48]	@ 0x30
10007d4e:	781b      	ldrb	r3, [r3, #0]
10007d50:	9309      	str	r3, [sp, #36]	@ 0x24
10007d52:	e661      	b.n	10007a18 <_vsnprintf+0x580>
10007d54:	2300      	movs	r3, #0
10007d56:	4699      	mov	r9, r3
10007d58:	2800      	cmp	r0, #0
10007d5a:	d1aa      	bne.n	10007cb2 <_vsnprintf+0x81a>
10007d5c:	2200      	movs	r2, #0
10007d5e:	2300      	movs	r3, #0
10007d60:	9210      	str	r2, [sp, #64]	@ 0x40
10007d62:	9311      	str	r3, [sp, #68]	@ 0x44
10007d64:	e774      	b.n	10007c50 <_vsnprintf+0x7b8>
10007d66:	9b0c      	ldr	r3, [sp, #48]	@ 0x30
10007d68:	0022      	movs	r2, r4
10007d6a:	7818      	ldrb	r0, [r3, #0]
10007d6c:	4659      	mov	r1, fp
10007d6e:	003b      	movs	r3, r7
10007d70:	47a8      	blx	r5
10007d72:	464c      	mov	r4, r9
10007d74:	e58b      	b.n	1000788e <_vsnprintf+0x3f6>
10007d76:	9a0c      	ldr	r2, [sp, #48]	@ 0x30
10007d78:	3bfa      	subs	r3, #250	@ 0xfa
10007d7a:	3bff      	subs	r3, #255	@ 0xff
10007d7c:	3207      	adds	r2, #7
10007d7e:	439a      	bics	r2, r3
10007d80:	3301      	adds	r3, #1
10007d82:	4699      	mov	r9, r3
10007d84:	4491      	add	r9, r2
10007d86:	464b      	mov	r3, r9
10007d88:	930c      	str	r3, [sp, #48]	@ 0x30
10007d8a:	6813      	ldr	r3, [r2, #0]
10007d8c:	6852      	ldr	r2, [r2, #4]
10007d8e:	9215      	str	r2, [sp, #84]	@ 0x54
10007d90:	431a      	orrs	r2, r3
10007d92:	d106      	bne.n	10007da2 <_vsnprintf+0x90a>
10007d94:	3210      	adds	r2, #16
10007d96:	4390      	bics	r0, r2
10007d98:	2200      	movs	r2, #0
10007d9a:	9209      	str	r2, [sp, #36]	@ 0x24
10007d9c:	2900      	cmp	r1, #0
10007d9e:	d000      	beq.n	10007da2 <_vsnprintf+0x90a>
10007da0:	e081      	b.n	10007ea6 <_vsnprintf+0xa0e>
10007da2:	2261      	movs	r2, #97	@ 0x61
10007da4:	0681      	lsls	r1, r0, #26
10007da6:	d500      	bpl.n	10007daa <_vsnprintf+0x912>
10007da8:	2241      	movs	r2, #65	@ 0x41
10007daa:	b2d2      	uxtb	r2, r2
10007dac:	920a      	str	r2, [sp, #40]	@ 0x28
10007dae:	aa14      	add	r2, sp, #80	@ 0x50
10007db0:	4691      	mov	r9, r2
10007db2:	9a0a      	ldr	r2, [sp, #40]	@ 0x28
10007db4:	2100      	movs	r1, #0
10007db6:	3a0a      	subs	r2, #10
10007db8:	9214      	str	r2, [sp, #80]	@ 0x50
10007dba:	4642      	mov	r2, r8
10007dbc:	9217      	str	r2, [sp, #92]	@ 0x5c
10007dbe:	4652      	mov	r2, sl
10007dc0:	9218      	str	r2, [sp, #96]	@ 0x60
10007dc2:	465a      	mov	r2, fp
10007dc4:	9109      	str	r1, [sp, #36]	@ 0x24
10007dc6:	46b3      	mov	fp, r6
10007dc8:	311f      	adds	r1, #31
10007dca:	001e      	movs	r6, r3
10007dcc:	9b0f      	ldr	r3, [sp, #60]	@ 0x3c
10007dce:	4449      	add	r1, r9
10007dd0:	46ba      	mov	sl, r7
10007dd2:	9419      	str	r4, [sp, #100]	@ 0x64
10007dd4:	951a      	str	r5, [sp, #104]	@ 0x68
10007dd6:	2400      	movs	r4, #0
10007dd8:	4667      	mov	r7, ip
10007dda:	4698      	mov	r8, r3
10007ddc:	4689      	mov	r9, r1
10007dde:	9d15      	ldr	r5, [sp, #84]	@ 0x54
10007de0:	9016      	str	r0, [sp, #88]	@ 0x58
10007de2:	921b      	str	r2, [sp, #108]	@ 0x6c
10007de4:	e00a      	b.n	10007dfc <_vsnprintf+0x964>
10007de6:	3230      	adds	r2, #48	@ 0x30
10007de8:	b2d2      	uxtb	r2, r2
10007dea:	464b      	mov	r3, r9
10007dec:	3401      	adds	r4, #1
10007dee:	551a      	strb	r2, [r3, r4]
10007df0:	45a8      	cmp	r8, r5
10007df2:	d04a      	beq.n	10007e8a <_vsnprintf+0x9f2>
10007df4:	2c20      	cmp	r4, #32
10007df6:	d04a      	beq.n	10007e8e <_vsnprintf+0x9f6>
10007df8:	0006      	movs	r6, r0
10007dfa:	000d      	movs	r5, r1
10007dfc:	003a      	movs	r2, r7
10007dfe:	2300      	movs	r3, #0
10007e00:	0030      	movs	r0, r6
10007e02:	0029      	movs	r1, r5
10007e04:	f7fd fe88 	bl	10005b18 <__wrap___aeabi_uldivmod>
10007e08:	b2d2      	uxtb	r2, r2
10007e0a:	2a09      	cmp	r2, #9
10007e0c:	d9eb      	bls.n	10007de6 <_vsnprintf+0x94e>
10007e0e:	9b14      	ldr	r3, [sp, #80]	@ 0x50
10007e10:	469c      	mov	ip, r3
10007e12:	4462      	add	r2, ip
10007e14:	b2d2      	uxtb	r2, r2
10007e16:	e7e8      	b.n	10007dea <_vsnprintf+0x952>
10007e18:	2361      	movs	r3, #97	@ 0x61
10007e1a:	0682      	lsls	r2, r0, #26
10007e1c:	d500      	bpl.n	10007e20 <_vsnprintf+0x988>
10007e1e:	2341      	movs	r3, #65	@ 0x41
10007e20:	b2db      	uxtb	r3, r3
10007e22:	3b0a      	subs	r3, #10
10007e24:	930c      	str	r3, [sp, #48]	@ 0x30
10007e26:	4643      	mov	r3, r8
10007e28:	a914      	add	r1, sp, #80	@ 0x50
10007e2a:	221f      	movs	r2, #31
10007e2c:	468c      	mov	ip, r1
10007e2e:	9315      	str	r3, [sp, #84]	@ 0x54
10007e30:	4653      	mov	r3, sl
10007e32:	4462      	add	r2, ip
10007e34:	46a0      	mov	r8, r4
10007e36:	46b2      	mov	sl, r6
10007e38:	464c      	mov	r4, r9
10007e3a:	9717      	str	r7, [sp, #92]	@ 0x5c
10007e3c:	46a9      	mov	r9, r5
10007e3e:	0017      	movs	r7, r2
10007e40:	9d09      	ldr	r5, [sp, #36]	@ 0x24
10007e42:	9e0d      	ldr	r6, [sp, #52]	@ 0x34
10007e44:	9014      	str	r0, [sp, #80]	@ 0x50
10007e46:	9316      	str	r3, [sp, #88]	@ 0x58
10007e48:	e008      	b.n	10007e5c <_vsnprintf+0x9c4>
10007e4a:	3330      	adds	r3, #48	@ 0x30
10007e4c:	b2db      	uxtb	r3, r3
10007e4e:	3401      	adds	r4, #1
10007e50:	553b      	strb	r3, [r7, r4]
10007e52:	42b5      	cmp	r5, r6
10007e54:	d30e      	bcc.n	10007e74 <_vsnprintf+0x9dc>
10007e56:	2c20      	cmp	r4, #32
10007e58:	d00c      	beq.n	10007e74 <_vsnprintf+0x9dc>
10007e5a:	0005      	movs	r5, r0
10007e5c:	0031      	movs	r1, r6
10007e5e:	0028      	movs	r0, r5
10007e60:	f7fd fe1c 	bl	10005a9c <__wrap___aeabi_uidiv>
10007e64:	b2cb      	uxtb	r3, r1
10007e66:	2909      	cmp	r1, #9
10007e68:	d9ef      	bls.n	10007e4a <_vsnprintf+0x9b2>
10007e6a:	9a0c      	ldr	r2, [sp, #48]	@ 0x30
10007e6c:	4694      	mov	ip, r2
10007e6e:	4463      	add	r3, ip
10007e70:	b2db      	uxtb	r3, r3
10007e72:	e7ec      	b.n	10007e4e <_vsnprintf+0x9b6>
10007e74:	9b15      	ldr	r3, [sp, #84]	@ 0x54
10007e76:	464d      	mov	r5, r9
10007e78:	46a1      	mov	r9, r4
10007e7a:	4644      	mov	r4, r8
10007e7c:	4698      	mov	r8, r3
10007e7e:	9b16      	ldr	r3, [sp, #88]	@ 0x58
10007e80:	4656      	mov	r6, sl
10007e82:	9814      	ldr	r0, [sp, #80]	@ 0x50
10007e84:	469a      	mov	sl, r3
10007e86:	9f17      	ldr	r7, [sp, #92]	@ 0x5c
10007e88:	e5d0      	b.n	10007a2c <_vsnprintf+0x594>
10007e8a:	42b7      	cmp	r7, r6
10007e8c:	d9b2      	bls.n	10007df4 <_vsnprintf+0x95c>
10007e8e:	9b17      	ldr	r3, [sp, #92]	@ 0x5c
10007e90:	4657      	mov	r7, sl
10007e92:	4698      	mov	r8, r3
10007e94:	9b18      	ldr	r3, [sp, #96]	@ 0x60
10007e96:	465e      	mov	r6, fp
10007e98:	469a      	mov	sl, r3
10007e9a:	9b1b      	ldr	r3, [sp, #108]	@ 0x6c
10007e9c:	9409      	str	r4, [sp, #36]	@ 0x24
10007e9e:	469b      	mov	fp, r3
10007ea0:	9816      	ldr	r0, [sp, #88]	@ 0x58
10007ea2:	9c19      	ldr	r4, [sp, #100]	@ 0x64
10007ea4:	9d1a      	ldr	r5, [sp, #104]	@ 0x68
10007ea6:	4643      	mov	r3, r8
10007ea8:	9305      	str	r3, [sp, #20]
10007eaa:	4653      	mov	r3, sl
10007eac:	9304      	str	r3, [sp, #16]
10007eae:	9b0d      	ldr	r3, [sp, #52]	@ 0x34
10007eb0:	9006      	str	r0, [sp, #24]
10007eb2:	9303      	str	r3, [sp, #12]
10007eb4:	2300      	movs	r3, #0
10007eb6:	9302      	str	r3, [sp, #8]
10007eb8:	9b09      	ldr	r3, [sp, #36]	@ 0x24
10007eba:	e705      	b.n	10007cc8 <_vsnprintf+0x830>
10007ebc:	9b0f      	ldr	r3, [sp, #60]	@ 0x3c
10007ebe:	4598      	cmp	r8, r3
10007ec0:	d900      	bls.n	10007ec4 <_vsnprintf+0xa2c>
10007ec2:	e714      	b.n	10007cee <_vsnprintf+0x856>
10007ec4:	3301      	adds	r3, #1
10007ec6:	930f      	str	r3, [sp, #60]	@ 0x3c
10007ec8:	e42d      	b.n	10007726 <_vsnprintf+0x28e>
10007eca:	2310      	movs	r3, #16
10007ecc:	0011      	movs	r1, r2
10007ece:	4399      	bics	r1, r3
10007ed0:	910d      	str	r1, [sp, #52]	@ 0x34
10007ed2:	2869      	cmp	r0, #105	@ 0x69
10007ed4:	d000      	beq.n	10007ed8 <_vsnprintf+0xa40>
10007ed6:	e0ba      	b.n	1000804e <_vsnprintf+0xbb6>
10007ed8:	2380      	movs	r3, #128	@ 0x80
10007eda:	0010      	movs	r0, r2
10007edc:	00db      	lsls	r3, r3, #3
10007ede:	4018      	ands	r0, r3
10007ee0:	421a      	tst	r2, r3
10007ee2:	d100      	bne.n	10007ee6 <_vsnprintf+0xa4e>
10007ee4:	e622      	b.n	10007b2c <_vsnprintf+0x694>
10007ee6:	e61d      	b.n	10007b24 <_vsnprintf+0x68c>
10007ee8:	9b0c      	ldr	r3, [sp, #48]	@ 0x30
10007eea:	681b      	ldr	r3, [r3, #0]
10007eec:	0fda      	lsrs	r2, r3, #31
10007eee:	0011      	movs	r1, r2
10007ef0:	2b00      	cmp	r3, #0
10007ef2:	d100      	bne.n	10007ef6 <_vsnprintf+0xa5e>
10007ef4:	e08c      	b.n	10008010 <_vsnprintf+0xb78>
10007ef6:	17da      	asrs	r2, r3, #31
10007ef8:	1898      	adds	r0, r3, r2
10007efa:	4050      	eors	r0, r2
10007efc:	aa14      	add	r2, sp, #80	@ 0x50
10007efe:	4691      	mov	r9, r2
10007f00:	4642      	mov	r2, r8
10007f02:	231f      	movs	r3, #31
10007f04:	9214      	str	r2, [sp, #80]	@ 0x50
10007f06:	4652      	mov	r2, sl
10007f08:	444b      	add	r3, r9
10007f0a:	46a0      	mov	r8, r4
10007f0c:	46a9      	mov	r9, r5
10007f0e:	9716      	str	r7, [sp, #88]	@ 0x58
10007f10:	0004      	movs	r4, r0
10007f12:	4665      	mov	r5, ip
10007f14:	46b2      	mov	sl, r6
10007f16:	001f      	movs	r7, r3
10007f18:	910c      	str	r1, [sp, #48]	@ 0x30
10007f1a:	9215      	str	r2, [sp, #84]	@ 0x54
10007f1c:	e001      	b.n	10007f22 <_vsnprintf+0xa8a>
10007f1e:	2d20      	cmp	r5, #32
10007f20:	d00f      	beq.n	10007f42 <_vsnprintf+0xaaa>
10007f22:	0020      	movs	r0, r4
10007f24:	210a      	movs	r1, #10
10007f26:	f7fd fdb9 	bl	10005a9c <__wrap___aeabi_uidiv>
10007f2a:	3501      	adds	r5, #1
10007f2c:	197e      	adds	r6, r7, r5
10007f2e:	3130      	adds	r1, #48	@ 0x30
10007f30:	7031      	strb	r1, [r6, #0]
10007f32:	0020      	movs	r0, r4
10007f34:	210a      	movs	r1, #10
10007f36:	f7fd fdb1 	bl	10005a9c <__wrap___aeabi_uidiv>
10007f3a:	0026      	movs	r6, r4
10007f3c:	0004      	movs	r4, r0
10007f3e:	2e09      	cmp	r6, #9
10007f40:	d8ed      	bhi.n	10007f1e <_vsnprintf+0xa86>
10007f42:	9b14      	ldr	r3, [sp, #80]	@ 0x50
10007f44:	4644      	mov	r4, r8
10007f46:	4698      	mov	r8, r3
10007f48:	9b0c      	ldr	r3, [sp, #48]	@ 0x30
10007f4a:	46ac      	mov	ip, r5
10007f4c:	0019      	movs	r1, r3
10007f4e:	9b15      	ldr	r3, [sp, #84]	@ 0x54
10007f50:	4656      	mov	r6, sl
10007f52:	464d      	mov	r5, r9
10007f54:	469a      	mov	sl, r3
10007f56:	9f16      	ldr	r7, [sp, #88]	@ 0x58
10007f58:	9b0d      	ldr	r3, [sp, #52]	@ 0x34
10007f5a:	9102      	str	r1, [sp, #8]
10007f5c:	9306      	str	r3, [sp, #24]
10007f5e:	4643      	mov	r3, r8
10007f60:	9305      	str	r3, [sp, #20]
10007f62:	4653      	mov	r3, sl
10007f64:	9304      	str	r3, [sp, #16]
10007f66:	230a      	movs	r3, #10
10007f68:	9303      	str	r3, [sp, #12]
10007f6a:	4663      	mov	r3, ip
10007f6c:	e63c      	b.n	10007be8 <_vsnprintf+0x750>
10007f6e:	2800      	cmp	r0, #0
10007f70:	d000      	beq.n	10007f74 <_vsnprintf+0xadc>
10007f72:	e62e      	b.n	10007bd2 <_vsnprintf+0x73a>
10007f74:	e602      	b.n	10007b7c <_vsnprintf+0x6e4>
10007f76:	9b0c      	ldr	r3, [sp, #48]	@ 0x30
10007f78:	681b      	ldr	r3, [r3, #0]
10007f7a:	4699      	mov	r9, r3
10007f7c:	2b00      	cmp	r3, #0
10007f7e:	d103      	bne.n	10007f88 <_vsnprintf+0xaf0>
10007f80:	3310      	adds	r3, #16
10007f82:	4398      	bics	r0, r3
10007f84:	2900      	cmp	r1, #0
10007f86:	d138      	bne.n	10007ffa <_vsnprintf+0xb62>
10007f88:	2361      	movs	r3, #97	@ 0x61
10007f8a:	0682      	lsls	r2, r0, #26
10007f8c:	d500      	bpl.n	10007f90 <_vsnprintf+0xaf8>
10007f8e:	2341      	movs	r3, #65	@ 0x41
10007f90:	b2db      	uxtb	r3, r3
10007f92:	3b0a      	subs	r3, #10
10007f94:	930c      	str	r3, [sp, #48]	@ 0x30
10007f96:	4643      	mov	r3, r8
10007f98:	9316      	str	r3, [sp, #88]	@ 0x58
10007f9a:	4653      	mov	r3, sl
10007f9c:	a914      	add	r1, sp, #80	@ 0x50
10007f9e:	221f      	movs	r2, #31
10007fa0:	468c      	mov	ip, r1
10007fa2:	9317      	str	r3, [sp, #92]	@ 0x5c
10007fa4:	002b      	movs	r3, r5
10007fa6:	4462      	add	r2, ip
10007fa8:	46a0      	mov	r8, r4
10007faa:	464d      	mov	r5, r9
10007fac:	46b2      	mov	sl, r6
10007fae:	9718      	str	r7, [sp, #96]	@ 0x60
10007fb0:	4699      	mov	r9, r3
10007fb2:	0017      	movs	r7, r2
10007fb4:	9c14      	ldr	r4, [sp, #80]	@ 0x50
10007fb6:	9e0d      	ldr	r6, [sp, #52]	@ 0x34
10007fb8:	9015      	str	r0, [sp, #84]	@ 0x54
10007fba:	e008      	b.n	10007fce <_vsnprintf+0xb36>
10007fbc:	3330      	adds	r3, #48	@ 0x30
10007fbe:	b2db      	uxtb	r3, r3
10007fc0:	3401      	adds	r4, #1
10007fc2:	553b      	strb	r3, [r7, r4]
10007fc4:	42b5      	cmp	r5, r6
10007fc6:	d30e      	bcc.n	10007fe6 <_vsnprintf+0xb4e>
10007fc8:	2c20      	cmp	r4, #32
10007fca:	d00c      	beq.n	10007fe6 <_vsnprintf+0xb4e>
10007fcc:	0005      	movs	r5, r0
10007fce:	0031      	movs	r1, r6
10007fd0:	0028      	movs	r0, r5
10007fd2:	f7fd fd63 	bl	10005a9c <__wrap___aeabi_uidiv>
10007fd6:	b2cb      	uxtb	r3, r1
10007fd8:	2909      	cmp	r1, #9
10007fda:	d9ef      	bls.n	10007fbc <_vsnprintf+0xb24>
10007fdc:	9a0c      	ldr	r2, [sp, #48]	@ 0x30
10007fde:	4694      	mov	ip, r2
10007fe0:	4463      	add	r3, ip
10007fe2:	b2db      	uxtb	r3, r3
10007fe4:	e7ec      	b.n	10007fc0 <_vsnprintf+0xb28>
10007fe6:	9b16      	ldr	r3, [sp, #88]	@ 0x58
10007fe8:	9414      	str	r4, [sp, #80]	@ 0x50
10007fea:	4644      	mov	r4, r8
10007fec:	4698      	mov	r8, r3
10007fee:	9b17      	ldr	r3, [sp, #92]	@ 0x5c
10007ff0:	4656      	mov	r6, sl
10007ff2:	464d      	mov	r5, r9
10007ff4:	469a      	mov	sl, r3
10007ff6:	9815      	ldr	r0, [sp, #84]	@ 0x54
10007ff8:	9f18      	ldr	r7, [sp, #96]	@ 0x60
10007ffa:	4643      	mov	r3, r8
10007ffc:	9305      	str	r3, [sp, #20]
10007ffe:	4653      	mov	r3, sl
10008000:	9304      	str	r3, [sp, #16]
10008002:	9b0d      	ldr	r3, [sp, #52]	@ 0x34
10008004:	9006      	str	r0, [sp, #24]
10008006:	9303      	str	r3, [sp, #12]
10008008:	2300      	movs	r3, #0
1000800a:	9302      	str	r3, [sp, #8]
1000800c:	9b14      	ldr	r3, [sp, #80]	@ 0x50
1000800e:	e5eb      	b.n	10007be8 <_vsnprintf+0x750>
10008010:	2800      	cmp	r0, #0
10008012:	d1a1      	bne.n	10007f58 <_vsnprintf+0xac0>
10008014:	e772      	b.n	10007efc <_vsnprintf+0xa64>
10008016:	9b0c      	ldr	r3, [sp, #48]	@ 0x30
10008018:	681b      	ldr	r3, [r3, #0]
1000801a:	17d9      	asrs	r1, r3, #31
1000801c:	185a      	adds	r2, r3, r1
1000801e:	404a      	eors	r2, r1
10008020:	e5a6      	b.n	10007b70 <_vsnprintf+0x6d8>
10008022:	2380      	movs	r3, #128	@ 0x80
10008024:	0010      	movs	r0, r2
10008026:	00db      	lsls	r3, r3, #3
10008028:	4018      	ands	r0, r3
1000802a:	469c      	mov	ip, r3
1000802c:	900f      	str	r0, [sp, #60]	@ 0x3c
1000802e:	421a      	tst	r2, r3
10008030:	d00f      	beq.n	10008052 <_vsnprintf+0xbba>
10008032:	2002      	movs	r0, #2
10008034:	0003      	movs	r3, r0
10008036:	4013      	ands	r3, r2
10008038:	930f      	str	r3, [sp, #60]	@ 0x3c
1000803a:	4210      	tst	r0, r2
1000803c:	d019      	beq.n	10008072 <_vsnprintf+0xbda>
1000803e:	2300      	movs	r3, #0
10008040:	46a1      	mov	r9, r4
10008042:	930f      	str	r3, [sp, #60]	@ 0x3c
10008044:	e54c      	b.n	10007ae0 <_vsnprintf+0x648>
10008046:	9b0c      	ldr	r3, [sp, #48]	@ 0x30
10008048:	681b      	ldr	r3, [r3, #0]
1000804a:	9309      	str	r3, [sp, #36]	@ 0x24
1000804c:	e4e4      	b.n	10007a18 <_vsnprintf+0x580>
1000804e:	000a      	movs	r2, r1
10008050:	e434      	b.n	100078bc <_vsnprintf+0x424>
10008052:	2302      	movs	r3, #2
10008054:	0018      	movs	r0, r3
10008056:	4010      	ands	r0, r2
10008058:	900d      	str	r0, [sp, #52]	@ 0x34
1000805a:	4213      	tst	r3, r2
1000805c:	d000      	beq.n	10008060 <_vsnprintf+0xbc8>
1000805e:	e53e      	b.n	10007ade <_vsnprintf+0x646>
10008060:	4643      	mov	r3, r8
10008062:	2b00      	cmp	r3, #0
10008064:	d000      	beq.n	10008068 <_vsnprintf+0xbd0>
10008066:	e642      	b.n	10007cee <_vsnprintf+0x856>
10008068:	f7ff fb71 	bl	1000774e <_vsnprintf+0x2b6>
1000806c:	3301      	adds	r3, #1
1000806e:	930f      	str	r3, [sp, #60]	@ 0x3c
10008070:	e47f      	b.n	10007972 <_vsnprintf+0x4da>
10008072:	4663      	mov	r3, ip
10008074:	930d      	str	r3, [sp, #52]	@ 0x34
10008076:	e7f3      	b.n	10008060 <_vsnprintf+0xbc8>

10008078 <__wrap_sprintf>:
10008078:	b40e      	push	{r1, r2, r3}
1000807a:	2201      	movs	r2, #1
1000807c:	b530      	push	{r4, r5, lr}
1000807e:	b084      	sub	sp, #16
10008080:	ac07      	add	r4, sp, #28
10008082:	cc08      	ldmia	r4!, {r3}
10008084:	4d06      	ldr	r5, [pc, #24]	@ (100080a0 <__wrap_sprintf+0x28>)
10008086:	0001      	movs	r1, r0
10008088:	9400      	str	r4, [sp, #0]
1000808a:	0028      	movs	r0, r5
1000808c:	4252      	negs	r2, r2
1000808e:	9403      	str	r4, [sp, #12]
10008090:	f7ff fa02 	bl	10007498 <_vsnprintf>
10008094:	b004      	add	sp, #16
10008096:	bc30      	pop	{r4, r5}
10008098:	bc08      	pop	{r3}
1000809a:	b003      	add	sp, #12
1000809c:	4718      	bx	r3
1000809e:	46c0      	nop			@ (mov r8, r8)
100080a0:	100067d1 	.word	0x100067d1

100080a4 <__wrap_snprintf>:
100080a4:	b40c      	push	{r2, r3}
100080a6:	b530      	push	{r4, r5, lr}
100080a8:	b085      	sub	sp, #20
100080aa:	ac08      	add	r4, sp, #32
100080ac:	cc08      	ldmia	r4!, {r3}
100080ae:	4d06      	ldr	r5, [pc, #24]	@ (100080c8 <__wrap_snprintf+0x24>)
100080b0:	000a      	movs	r2, r1
100080b2:	9400      	str	r4, [sp, #0]
100080b4:	0001      	movs	r1, r0
100080b6:	0028      	movs	r0, r5
100080b8:	9403      	str	r4, [sp, #12]
100080ba:	f7ff f9ed 	bl	10007498 <_vsnprintf>
100080be:	b005      	add	sp, #20
100080c0:	bc30      	pop	{r4, r5}
100080c2:	bc08      	pop	{r3}
100080c4:	b002      	add	sp, #8
100080c6:	4718      	bx	r3
100080c8:	100067d1 	.word	0x100067d1

100080cc <vfctprintf>:
100080cc:	b510      	push	{r4, lr}
100080ce:	000c      	movs	r4, r1
100080d0:	b084      	sub	sp, #16
100080d2:	9403      	str	r4, [sp, #12]
100080d4:	2401      	movs	r4, #1
100080d6:	a902      	add	r1, sp, #8
100080d8:	9002      	str	r0, [sp, #8]
100080da:	9300      	str	r3, [sp, #0]
100080dc:	4803      	ldr	r0, [pc, #12]	@ (100080ec <vfctprintf+0x20>)
100080de:	0013      	movs	r3, r2
100080e0:	4262      	negs	r2, r4
100080e2:	f7ff f9d9 	bl	10007498 <_vsnprintf>
100080e6:	b004      	add	sp, #16
100080e8:	bd10      	pop	{r4, pc}
100080ea:	46c0      	nop			@ (mov r8, r8)
100080ec:	10006a65 	.word	0x10006a65

100080f0 <weak_raw_vprintf>:
100080f0:	b510      	push	{r4, lr}
100080f2:	4a09      	ldr	r2, [pc, #36]	@ (10008118 <weak_raw_vprintf+0x28>)
100080f4:	0003      	movs	r3, r0
100080f6:	6814      	ldr	r4, [r2, #0]
100080f8:	b084      	sub	sp, #16
100080fa:	2c00      	cmp	r4, #0
100080fc:	d008      	beq.n	10008110 <weak_raw_vprintf+0x20>
100080fe:	2201      	movs	r2, #1
10008100:	9100      	str	r1, [sp, #0]
10008102:	4806      	ldr	r0, [pc, #24]	@ (1000811c <weak_raw_vprintf+0x2c>)
10008104:	4252      	negs	r2, r2
10008106:	a903      	add	r1, sp, #12
10008108:	47a0      	blx	r4
1000810a:	2001      	movs	r0, #1
1000810c:	b004      	add	sp, #16
1000810e:	bd10      	pop	{r4, pc}
10008110:	f000 f998 	bl	10008444 <__wrap_puts>
10008114:	2000      	movs	r0, #0
10008116:	e7f9      	b.n	1000810c <weak_raw_vprintf+0x1c>
10008118:	20002fc8 	.word	0x20002fc8
1000811c:	10006a55 	.word	0x10006a55

10008120 <_exit>:
10008120:	be00      	bkpt	0x0000
10008122:	e7fd      	b.n	10008120 <_exit>

10008124 <exit>:
10008124:	b510      	push	{r4, lr}
10008126:	f7ff fffb 	bl	10008120 <_exit>
1000812a:	46c0      	nop			@ (mov r8, r8)

1000812c <runtime_init>:
1000812c:	b570      	push	{r4, r5, r6, lr}
1000812e:	f7fd fb69 	bl	10005804 <runtime_run_initializers>
10008132:	4d07      	ldr	r5, [pc, #28]	@ (10008150 <runtime_init+0x24>)
10008134:	4e07      	ldr	r6, [pc, #28]	@ (10008154 <runtime_init+0x28>)
10008136:	42b5      	cmp	r5, r6
10008138:	d209      	bcs.n	1000814e <runtime_init+0x22>
1000813a:	2400      	movs	r4, #0
1000813c:	3e01      	subs	r6, #1
1000813e:	1b76      	subs	r6, r6, r5
10008140:	08b6      	lsrs	r6, r6, #2
10008142:	cd08      	ldmia	r5!, {r3}
10008144:	4798      	blx	r3
10008146:	0023      	movs	r3, r4
10008148:	3401      	adds	r4, #1
1000814a:	42b3      	cmp	r3, r6
1000814c:	d1f9      	bne.n	10008142 <runtime_init+0x16>
1000814e:	bd70      	pop	{r4, r5, r6, pc}
10008150:	1000b014 	.word	0x1000b014
10008154:	1000b020 	.word	0x1000b020

10008158 <stdio_out_chars_no_crlf>:
10008158:	0003      	movs	r3, r0
1000815a:	b510      	push	{r4, lr}
1000815c:	0008      	movs	r0, r1
1000815e:	0011      	movs	r1, r2
10008160:	681b      	ldr	r3, [r3, #0]
10008162:	4798      	blx	r3
10008164:	bd10      	pop	{r4, pc}
10008166:	46c0      	nop			@ (mov r8, r8)

10008168 <stdio_out_chars_crlf>:
10008168:	b5f0      	push	{r4, r5, r6, r7, lr}
1000816a:	46c6      	mov	lr, r8
1000816c:	b500      	push	{lr}
1000816e:	7d43      	ldrb	r3, [r0, #21]
10008170:	0007      	movs	r7, r0
10008172:	000c      	movs	r4, r1
10008174:	0016      	movs	r6, r2
10008176:	2b00      	cmp	r3, #0
10008178:	d046      	beq.n	10008208 <stdio_out_chars_crlf+0xa0>
1000817a:	2a00      	cmp	r2, #0
1000817c:	dd17      	ble.n	100081ae <stdio_out_chars_crlf+0x46>
1000817e:	780b      	ldrb	r3, [r1, #0]
10008180:	2b0a      	cmp	r3, #10
10008182:	d024      	beq.n	100081ce <stdio_out_chars_crlf+0x66>
10008184:	2300      	movs	r3, #0
10008186:	4698      	mov	r8, r3
10008188:	2e01      	cmp	r6, #1
1000818a:	d013      	beq.n	100081b4 <stdio_out_chars_crlf+0x4c>
1000818c:	2501      	movs	r5, #1
1000818e:	0029      	movs	r1, r5
10008190:	5c63      	ldrb	r3, [r4, r1]
10008192:	3501      	adds	r5, #1
10008194:	2b0a      	cmp	r3, #10
10008196:	d026      	beq.n	100081e6 <stdio_out_chars_crlf+0x7e>
10008198:	42b5      	cmp	r5, r6
1000819a:	d1f8      	bne.n	1000818e <stdio_out_chars_crlf+0x26>
1000819c:	4546      	cmp	r6, r8
1000819e:	dc09      	bgt.n	100081b4 <stdio_out_chars_crlf+0x4c>
100081a0:	19a4      	adds	r4, r4, r6
100081a2:	3c01      	subs	r4, #1
100081a4:	7823      	ldrb	r3, [r4, #0]
100081a6:	3b0d      	subs	r3, #13
100081a8:	425a      	negs	r2, r3
100081aa:	4153      	adcs	r3, r2
100081ac:	753b      	strb	r3, [r7, #20]
100081ae:	bc80      	pop	{r7}
100081b0:	46b8      	mov	r8, r7
100081b2:	bdf0      	pop	{r4, r5, r6, r7, pc}
100081b4:	4643      	mov	r3, r8
100081b6:	18e0      	adds	r0, r4, r3
100081b8:	19a4      	adds	r4, r4, r6
100081ba:	1af1      	subs	r1, r6, r3
100081bc:	3c01      	subs	r4, #1
100081be:	683b      	ldr	r3, [r7, #0]
100081c0:	4798      	blx	r3
100081c2:	7823      	ldrb	r3, [r4, #0]
100081c4:	3b0d      	subs	r3, #13
100081c6:	425a      	negs	r2, r3
100081c8:	4153      	adcs	r3, r2
100081ca:	753b      	strb	r3, [r7, #20]
100081cc:	e7ef      	b.n	100081ae <stdio_out_chars_crlf+0x46>
100081ce:	7d03      	ldrb	r3, [r0, #20]
100081d0:	2b00      	cmp	r3, #0
100081d2:	d1d7      	bne.n	10008184 <stdio_out_chars_crlf+0x1c>
100081d4:	2102      	movs	r1, #2
100081d6:	480f      	ldr	r0, [pc, #60]	@ (10008214 <stdio_out_chars_crlf+0xac>)
100081d8:	683b      	ldr	r3, [r7, #0]
100081da:	4798      	blx	r3
100081dc:	2e01      	cmp	r6, #1
100081de:	d0df      	beq.n	100081a0 <stdio_out_chars_crlf+0x38>
100081e0:	2301      	movs	r3, #1
100081e2:	4698      	mov	r8, r3
100081e4:	e7d2      	b.n	1000818c <stdio_out_chars_crlf+0x24>
100081e6:	1e63      	subs	r3, r4, #1
100081e8:	5c5b      	ldrb	r3, [r3, r1]
100081ea:	2b0d      	cmp	r3, #13
100081ec:	d0d4      	beq.n	10008198 <stdio_out_chars_crlf+0x30>
100081ee:	4588      	cmp	r8, r1
100081f0:	da04      	bge.n	100081fc <stdio_out_chars_crlf+0x94>
100081f2:	4643      	mov	r3, r8
100081f4:	1ac9      	subs	r1, r1, r3
100081f6:	18e0      	adds	r0, r4, r3
100081f8:	683b      	ldr	r3, [r7, #0]
100081fa:	4798      	blx	r3
100081fc:	2102      	movs	r1, #2
100081fe:	4805      	ldr	r0, [pc, #20]	@ (10008214 <stdio_out_chars_crlf+0xac>)
10008200:	683b      	ldr	r3, [r7, #0]
10008202:	46a8      	mov	r8, r5
10008204:	4798      	blx	r3
10008206:	e7c7      	b.n	10008198 <stdio_out_chars_crlf+0x30>
10008208:	6803      	ldr	r3, [r0, #0]
1000820a:	0011      	movs	r1, r2
1000820c:	0020      	movs	r0, r4
1000820e:	4798      	blx	r3
10008210:	e7cd      	b.n	100081ae <stdio_out_chars_crlf+0x46>
10008212:	46c0      	nop			@ (mov r8, r8)
10008214:	1000cda8 	.word	0x1000cda8

10008218 <stdio_buffered_printer>:
10008218:	b5f0      	push	{r4, r5, r6, r7, lr}
1000821a:	46c6      	mov	lr, r8
1000821c:	680b      	ldr	r3, [r1, #0]
1000821e:	0006      	movs	r6, r0
10008220:	000c      	movs	r4, r1
10008222:	b500      	push	{lr}
10008224:	2b80      	cmp	r3, #128	@ 0x80
10008226:	d006      	beq.n	10008236 <stdio_buffered_printer+0x1e>
10008228:	1c5a      	adds	r2, r3, #1
1000822a:	6022      	str	r2, [r4, #0]
1000822c:	18e4      	adds	r4, r4, r3
1000822e:	7126      	strb	r6, [r4, #4]
10008230:	bc80      	pop	{r7}
10008232:	46b8      	mov	r8, r7
10008234:	bdf0      	pop	{r4, r5, r6, r7, pc}
10008236:	4b0f      	ldr	r3, [pc, #60]	@ (10008274 <stdio_buffered_printer+0x5c>)
10008238:	681d      	ldr	r5, [r3, #0]
1000823a:	2d00      	cmp	r5, #0
1000823c:	d016      	beq.n	1000826c <stdio_buffered_printer+0x54>
1000823e:	1d0b      	adds	r3, r1, #4
10008240:	4698      	mov	r8, r3
10008242:	4f0d      	ldr	r7, [pc, #52]	@ (10008278 <stdio_buffered_printer+0x60>)
10008244:	e002      	b.n	1000824c <stdio_buffered_printer+0x34>
10008246:	692d      	ldr	r5, [r5, #16]
10008248:	2d00      	cmp	r5, #0
1000824a:	d00f      	beq.n	1000826c <stdio_buffered_printer+0x54>
1000824c:	682b      	ldr	r3, [r5, #0]
1000824e:	2b00      	cmp	r3, #0
10008250:	d0f9      	beq.n	10008246 <stdio_buffered_printer+0x2e>
10008252:	683b      	ldr	r3, [r7, #0]
10008254:	2b00      	cmp	r3, #0
10008256:	d001      	beq.n	1000825c <stdio_buffered_printer+0x44>
10008258:	42ab      	cmp	r3, r5
1000825a:	d1f4      	bne.n	10008246 <stdio_buffered_printer+0x2e>
1000825c:	0028      	movs	r0, r5
1000825e:	4641      	mov	r1, r8
10008260:	6822      	ldr	r2, [r4, #0]
10008262:	f7ff ff81 	bl	10008168 <stdio_out_chars_crlf>
10008266:	692d      	ldr	r5, [r5, #16]
10008268:	2d00      	cmp	r5, #0
1000826a:	d1ef      	bne.n	1000824c <stdio_buffered_printer+0x34>
1000826c:	2201      	movs	r2, #1
1000826e:	2300      	movs	r3, #0
10008270:	e7db      	b.n	1000822a <stdio_buffered_printer+0x12>
10008272:	46c0      	nop			@ (mov r8, r8)
10008274:	2000238c 	.word	0x2000238c
10008278:	20002394 	.word	0x20002394

1000827c <stdio_put_string>:
1000827c:	b5f0      	push	{r4, r5, r6, r7, lr}
1000827e:	4645      	mov	r5, r8
10008280:	46de      	mov	lr, fp
10008282:	464e      	mov	r6, r9
10008284:	4657      	mov	r7, sl
10008286:	b5e0      	push	{r5, r6, r7, lr}
10008288:	b083      	sub	sp, #12
1000828a:	4691      	mov	r9, r2
1000828c:	001c      	movs	r4, r3
1000828e:	4680      	mov	r8, r0
10008290:	000d      	movs	r5, r1
10008292:	f7fd f8f3 	bl	1000547c <time_us_64>
10008296:	2300      	movs	r3, #0
10008298:	4a30      	ldr	r2, [pc, #192]	@ (1000835c <stdio_put_string+0xe0>)
1000829a:	1812      	adds	r2, r2, r0
1000829c:	414b      	adcs	r3, r1
1000829e:	2b00      	cmp	r3, #0
100082a0:	da02      	bge.n	100082a8 <stdio_put_string+0x2c>
100082a2:	2201      	movs	r2, #1
100082a4:	4b2e      	ldr	r3, [pc, #184]	@ (10008360 <stdio_put_string+0xe4>)
100082a6:	4252      	negs	r2, r2
100082a8:	492e      	ldr	r1, [pc, #184]	@ (10008364 <stdio_put_string+0xe8>)
100082aa:	0008      	movs	r0, r1
100082ac:	468a      	mov	sl, r1
100082ae:	f002 fe7b 	bl	1000afa8 <__mutex_try_enter_block_until_veneer>
100082b2:	0007      	movs	r7, r0
100082b4:	1c6b      	adds	r3, r5, #1
100082b6:	d103      	bne.n	100082c0 <stdio_put_string+0x44>
100082b8:	4640      	mov	r0, r8
100082ba:	f002 f931 	bl	1000a520 <strlen>
100082be:	0005      	movs	r5, r0
100082c0:	2c00      	cmp	r4, #0
100082c2:	d027      	beq.n	10008314 <stdio_put_string+0x98>
100082c4:	4e28      	ldr	r6, [pc, #160]	@ (10008368 <stdio_put_string+0xec>)
100082c6:	4b29      	ldr	r3, [pc, #164]	@ (1000836c <stdio_put_string+0xf0>)
100082c8:	681c      	ldr	r4, [r3, #0]
100082ca:	2c00      	cmp	r4, #0
100082cc:	d018      	beq.n	10008300 <stdio_put_string+0x84>
100082ce:	464b      	mov	r3, r9
100082d0:	2b00      	cmp	r3, #0
100082d2:	d121      	bne.n	10008318 <stdio_put_string+0x9c>
100082d4:	4b26      	ldr	r3, [pc, #152]	@ (10008370 <stdio_put_string+0xf4>)
100082d6:	4699      	mov	r9, r3
100082d8:	e002      	b.n	100082e0 <stdio_put_string+0x64>
100082da:	6924      	ldr	r4, [r4, #16]
100082dc:	2c00      	cmp	r4, #0
100082de:	d00f      	beq.n	10008300 <stdio_put_string+0x84>
100082e0:	6823      	ldr	r3, [r4, #0]
100082e2:	2b00      	cmp	r3, #0
100082e4:	d0f9      	beq.n	100082da <stdio_put_string+0x5e>
100082e6:	464b      	mov	r3, r9
100082e8:	681b      	ldr	r3, [r3, #0]
100082ea:	2b00      	cmp	r3, #0
100082ec:	d001      	beq.n	100082f2 <stdio_put_string+0x76>
100082ee:	429c      	cmp	r4, r3
100082f0:	d1f3      	bne.n	100082da <stdio_put_string+0x5e>
100082f2:	0020      	movs	r0, r4
100082f4:	002a      	movs	r2, r5
100082f6:	4641      	mov	r1, r8
100082f8:	47b0      	blx	r6
100082fa:	6924      	ldr	r4, [r4, #16]
100082fc:	2c00      	cmp	r4, #0
100082fe:	d1ef      	bne.n	100082e0 <stdio_put_string+0x64>
10008300:	2f00      	cmp	r7, #0
10008302:	d126      	bne.n	10008352 <stdio_put_string+0xd6>
10008304:	0028      	movs	r0, r5
10008306:	b003      	add	sp, #12
10008308:	bcf0      	pop	{r4, r5, r6, r7}
1000830a:	46bb      	mov	fp, r7
1000830c:	46b2      	mov	sl, r6
1000830e:	46a9      	mov	r9, r5
10008310:	46a0      	mov	r8, r4
10008312:	bdf0      	pop	{r4, r5, r6, r7, pc}
10008314:	4e17      	ldr	r6, [pc, #92]	@ (10008374 <stdio_put_string+0xf8>)
10008316:	e7d6      	b.n	100082c6 <stdio_put_string+0x4a>
10008318:	4b15      	ldr	r3, [pc, #84]	@ (10008370 <stdio_put_string+0xf4>)
1000831a:	4699      	mov	r9, r3
1000831c:	230a      	movs	r3, #10
1000831e:	469b      	mov	fp, r3
10008320:	e002      	b.n	10008328 <stdio_put_string+0xac>
10008322:	6924      	ldr	r4, [r4, #16]
10008324:	2c00      	cmp	r4, #0
10008326:	d0eb      	beq.n	10008300 <stdio_put_string+0x84>
10008328:	6823      	ldr	r3, [r4, #0]
1000832a:	2b00      	cmp	r3, #0
1000832c:	d0f9      	beq.n	10008322 <stdio_put_string+0xa6>
1000832e:	464b      	mov	r3, r9
10008330:	681b      	ldr	r3, [r3, #0]
10008332:	2b00      	cmp	r3, #0
10008334:	d001      	beq.n	1000833a <stdio_put_string+0xbe>
10008336:	42a3      	cmp	r3, r4
10008338:	d1f3      	bne.n	10008322 <stdio_put_string+0xa6>
1000833a:	002a      	movs	r2, r5
1000833c:	4641      	mov	r1, r8
1000833e:	0020      	movs	r0, r4
10008340:	47b0      	blx	r6
10008342:	466b      	mov	r3, sp
10008344:	465a      	mov	r2, fp
10008346:	0020      	movs	r0, r4
10008348:	71da      	strb	r2, [r3, #7]
1000834a:	1dd9      	adds	r1, r3, #7
1000834c:	2201      	movs	r2, #1
1000834e:	47b0      	blx	r6
10008350:	e7e7      	b.n	10008322 <stdio_put_string+0xa6>
10008352:	4650      	mov	r0, sl
10008354:	f002 fde8 	bl	1000af28 <__mutex_exit_veneer>
10008358:	e7d4      	b.n	10008304 <stdio_put_string+0x88>
1000835a:	46c0      	nop			@ (mov r8, r8)
1000835c:	000f4240 	.word	0x000f4240
10008360:	7fffffff 	.word	0x7fffffff
10008364:	20001238 	.word	0x20001238
10008368:	10008169 	.word	0x10008169
1000836c:	2000238c 	.word	0x2000238c
10008370:	20002394 	.word	0x20002394
10008374:	10008159 	.word	0x10008159

10008378 <stdio_set_driver_enabled>:
10008378:	4a0a      	ldr	r2, [pc, #40]	@ (100083a4 <stdio_set_driver_enabled+0x2c>)
1000837a:	6813      	ldr	r3, [r2, #0]
1000837c:	2b00      	cmp	r3, #0
1000837e:	d105      	bne.n	1000838c <stdio_set_driver_enabled+0x14>
10008380:	e00c      	b.n	1000839c <stdio_set_driver_enabled+0x24>
10008382:	001a      	movs	r2, r3
10008384:	691b      	ldr	r3, [r3, #16]
10008386:	3210      	adds	r2, #16
10008388:	2b00      	cmp	r3, #0
1000838a:	d007      	beq.n	1000839c <stdio_set_driver_enabled+0x24>
1000838c:	4283      	cmp	r3, r0
1000838e:	d1f8      	bne.n	10008382 <stdio_set_driver_enabled+0xa>
10008390:	2900      	cmp	r1, #0
10008392:	d102      	bne.n	1000839a <stdio_set_driver_enabled+0x22>
10008394:	6918      	ldr	r0, [r3, #16]
10008396:	6010      	str	r0, [r2, #0]
10008398:	6119      	str	r1, [r3, #16]
1000839a:	4770      	bx	lr
1000839c:	2900      	cmp	r1, #0
1000839e:	d0fc      	beq.n	1000839a <stdio_set_driver_enabled+0x22>
100083a0:	6010      	str	r0, [r2, #0]
100083a2:	e7fa      	b.n	1000839a <stdio_set_driver_enabled+0x22>
100083a4:	2000238c 	.word	0x2000238c

100083a8 <stdio_init_all>:
100083a8:	b510      	push	{r4, lr}
100083aa:	f000 f9d1 	bl	10008750 <stdio_usb_init>
100083ae:	bd10      	pop	{r4, pc}

100083b0 <__wrap_putchar>:
100083b0:	b5f0      	push	{r4, r5, r6, r7, lr}
100083b2:	46ce      	mov	lr, r9
100083b4:	4647      	mov	r7, r8
100083b6:	b580      	push	{r7, lr}
100083b8:	b083      	sub	sp, #12
100083ba:	466b      	mov	r3, sp
100083bc:	0006      	movs	r6, r0
100083be:	1ddd      	adds	r5, r3, #7
100083c0:	7028      	strb	r0, [r5, #0]
100083c2:	f7fd f85b 	bl	1000547c <time_us_64>
100083c6:	2300      	movs	r3, #0
100083c8:	4a19      	ldr	r2, [pc, #100]	@ (10008430 <__wrap_putchar+0x80>)
100083ca:	1812      	adds	r2, r2, r0
100083cc:	414b      	adcs	r3, r1
100083ce:	2b00      	cmp	r3, #0
100083d0:	da02      	bge.n	100083d8 <__wrap_putchar+0x28>
100083d2:	2201      	movs	r2, #1
100083d4:	4b17      	ldr	r3, [pc, #92]	@ (10008434 <__wrap_putchar+0x84>)
100083d6:	4252      	negs	r2, r2
100083d8:	4917      	ldr	r1, [pc, #92]	@ (10008438 <__wrap_putchar+0x88>)
100083da:	0008      	movs	r0, r1
100083dc:	4688      	mov	r8, r1
100083de:	f002 fde3 	bl	1000afa8 <__mutex_try_enter_block_until_veneer>
100083e2:	4b16      	ldr	r3, [pc, #88]	@ (1000843c <__wrap_putchar+0x8c>)
100083e4:	4681      	mov	r9, r0
100083e6:	681c      	ldr	r4, [r3, #0]
100083e8:	2c00      	cmp	r4, #0
100083ea:	d014      	beq.n	10008416 <__wrap_putchar+0x66>
100083ec:	4f14      	ldr	r7, [pc, #80]	@ (10008440 <__wrap_putchar+0x90>)
100083ee:	e002      	b.n	100083f6 <__wrap_putchar+0x46>
100083f0:	6924      	ldr	r4, [r4, #16]
100083f2:	2c00      	cmp	r4, #0
100083f4:	d00f      	beq.n	10008416 <__wrap_putchar+0x66>
100083f6:	6823      	ldr	r3, [r4, #0]
100083f8:	2b00      	cmp	r3, #0
100083fa:	d0f9      	beq.n	100083f0 <__wrap_putchar+0x40>
100083fc:	683b      	ldr	r3, [r7, #0]
100083fe:	2b00      	cmp	r3, #0
10008400:	d001      	beq.n	10008406 <__wrap_putchar+0x56>
10008402:	429c      	cmp	r4, r3
10008404:	d1f4      	bne.n	100083f0 <__wrap_putchar+0x40>
10008406:	0020      	movs	r0, r4
10008408:	2201      	movs	r2, #1
1000840a:	0029      	movs	r1, r5
1000840c:	f7ff feac 	bl	10008168 <stdio_out_chars_crlf>
10008410:	6924      	ldr	r4, [r4, #16]
10008412:	2c00      	cmp	r4, #0
10008414:	d1ef      	bne.n	100083f6 <__wrap_putchar+0x46>
10008416:	464b      	mov	r3, r9
10008418:	2b00      	cmp	r3, #0
1000841a:	d105      	bne.n	10008428 <__wrap_putchar+0x78>
1000841c:	0030      	movs	r0, r6
1000841e:	b003      	add	sp, #12
10008420:	bcc0      	pop	{r6, r7}
10008422:	46b9      	mov	r9, r7
10008424:	46b0      	mov	r8, r6
10008426:	bdf0      	pop	{r4, r5, r6, r7, pc}
10008428:	4640      	mov	r0, r8
1000842a:	f002 fd7d 	bl	1000af28 <__mutex_exit_veneer>
1000842e:	e7f5      	b.n	1000841c <__wrap_putchar+0x6c>
10008430:	000f4240 	.word	0x000f4240
10008434:	7fffffff 	.word	0x7fffffff
10008438:	20001238 	.word	0x20001238
1000843c:	2000238c 	.word	0x2000238c
10008440:	20002394 	.word	0x20002394

10008444 <__wrap_puts>:
10008444:	b570      	push	{r4, r5, r6, lr}
10008446:	0004      	movs	r4, r0
10008448:	f002 f86a 	bl	1000a520 <strlen>
1000844c:	2301      	movs	r3, #1
1000844e:	0001      	movs	r1, r0
10008450:	0005      	movs	r5, r0
10008452:	2201      	movs	r2, #1
10008454:	0020      	movs	r0, r4
10008456:	f7ff ff11 	bl	1000827c <stdio_put_string>
1000845a:	4b08      	ldr	r3, [pc, #32]	@ (1000847c <__wrap_puts+0x38>)
1000845c:	681c      	ldr	r4, [r3, #0]
1000845e:	2c00      	cmp	r4, #0
10008460:	d006      	beq.n	10008470 <__wrap_puts+0x2c>
10008462:	6863      	ldr	r3, [r4, #4]
10008464:	2b00      	cmp	r3, #0
10008466:	d005      	beq.n	10008474 <__wrap_puts+0x30>
10008468:	4798      	blx	r3
1000846a:	6924      	ldr	r4, [r4, #16]
1000846c:	2c00      	cmp	r4, #0
1000846e:	d1f8      	bne.n	10008462 <__wrap_puts+0x1e>
10008470:	0028      	movs	r0, r5
10008472:	bd70      	pop	{r4, r5, r6, pc}
10008474:	6924      	ldr	r4, [r4, #16]
10008476:	2c00      	cmp	r4, #0
10008478:	d1f3      	bne.n	10008462 <__wrap_puts+0x1e>
1000847a:	e7f9      	b.n	10008470 <__wrap_puts+0x2c>
1000847c:	2000238c 	.word	0x2000238c

10008480 <__wrap_vprintf>:
10008480:	b5f0      	push	{r4, r5, r6, r7, lr}
10008482:	46ce      	mov	lr, r9
10008484:	4647      	mov	r7, r8
10008486:	b580      	push	{r7, lr}
10008488:	b0a3      	sub	sp, #140	@ 0x8c
1000848a:	0004      	movs	r4, r0
1000848c:	000d      	movs	r5, r1
1000848e:	f7fc fff5 	bl	1000547c <time_us_64>
10008492:	2300      	movs	r3, #0
10008494:	4a27      	ldr	r2, [pc, #156]	@ (10008534 <__wrap_vprintf+0xb4>)
10008496:	1812      	adds	r2, r2, r0
10008498:	414b      	adcs	r3, r1
1000849a:	2b00      	cmp	r3, #0
1000849c:	da02      	bge.n	100084a4 <__wrap_vprintf+0x24>
1000849e:	2201      	movs	r2, #1
100084a0:	4b25      	ldr	r3, [pc, #148]	@ (10008538 <__wrap_vprintf+0xb8>)
100084a2:	4252      	negs	r2, r2
100084a4:	4e25      	ldr	r6, [pc, #148]	@ (1000853c <__wrap_vprintf+0xbc>)
100084a6:	0030      	movs	r0, r6
100084a8:	f002 fd7e 	bl	1000afa8 <__mutex_try_enter_block_until_veneer>
100084ac:	2300      	movs	r3, #0
100084ae:	0022      	movs	r2, r4
100084b0:	9301      	str	r3, [sp, #4]
100084b2:	0007      	movs	r7, r0
100084b4:	002b      	movs	r3, r5
100084b6:	4822      	ldr	r0, [pc, #136]	@ (10008540 <__wrap_vprintf+0xc0>)
100084b8:	a901      	add	r1, sp, #4
100084ba:	f7ff fe07 	bl	100080cc <vfctprintf>
100084be:	4b21      	ldr	r3, [pc, #132]	@ (10008544 <__wrap_vprintf+0xc4>)
100084c0:	4680      	mov	r8, r0
100084c2:	4699      	mov	r9, r3
100084c4:	681c      	ldr	r4, [r3, #0]
100084c6:	9b01      	ldr	r3, [sp, #4]
100084c8:	2b00      	cmp	r3, #0
100084ca:	d01a      	beq.n	10008502 <__wrap_vprintf+0x82>
100084cc:	2c00      	cmp	r4, #0
100084ce:	d02f      	beq.n	10008530 <__wrap_vprintf+0xb0>
100084d0:	4d1d      	ldr	r5, [pc, #116]	@ (10008548 <__wrap_vprintf+0xc8>)
100084d2:	e002      	b.n	100084da <__wrap_vprintf+0x5a>
100084d4:	6924      	ldr	r4, [r4, #16]
100084d6:	2c00      	cmp	r4, #0
100084d8:	d00f      	beq.n	100084fa <__wrap_vprintf+0x7a>
100084da:	6823      	ldr	r3, [r4, #0]
100084dc:	2b00      	cmp	r3, #0
100084de:	d0f9      	beq.n	100084d4 <__wrap_vprintf+0x54>
100084e0:	682b      	ldr	r3, [r5, #0]
100084e2:	2b00      	cmp	r3, #0
100084e4:	d001      	beq.n	100084ea <__wrap_vprintf+0x6a>
100084e6:	42a3      	cmp	r3, r4
100084e8:	d1f4      	bne.n	100084d4 <__wrap_vprintf+0x54>
100084ea:	0020      	movs	r0, r4
100084ec:	9a01      	ldr	r2, [sp, #4]
100084ee:	a902      	add	r1, sp, #8
100084f0:	f7ff fe3a 	bl	10008168 <stdio_out_chars_crlf>
100084f4:	6924      	ldr	r4, [r4, #16]
100084f6:	2c00      	cmp	r4, #0
100084f8:	d1ef      	bne.n	100084da <__wrap_vprintf+0x5a>
100084fa:	464b      	mov	r3, r9
100084fc:	681c      	ldr	r4, [r3, #0]
100084fe:	2300      	movs	r3, #0
10008500:	9301      	str	r3, [sp, #4]
10008502:	2c00      	cmp	r4, #0
10008504:	d006      	beq.n	10008514 <__wrap_vprintf+0x94>
10008506:	6863      	ldr	r3, [r4, #4]
10008508:	2b00      	cmp	r3, #0
1000850a:	d00b      	beq.n	10008524 <__wrap_vprintf+0xa4>
1000850c:	4798      	blx	r3
1000850e:	6924      	ldr	r4, [r4, #16]
10008510:	2c00      	cmp	r4, #0
10008512:	d1f8      	bne.n	10008506 <__wrap_vprintf+0x86>
10008514:	2f00      	cmp	r7, #0
10008516:	d107      	bne.n	10008528 <__wrap_vprintf+0xa8>
10008518:	4640      	mov	r0, r8
1000851a:	b023      	add	sp, #140	@ 0x8c
1000851c:	bcc0      	pop	{r6, r7}
1000851e:	46b9      	mov	r9, r7
10008520:	46b0      	mov	r8, r6
10008522:	bdf0      	pop	{r4, r5, r6, r7, pc}
10008524:	6924      	ldr	r4, [r4, #16]
10008526:	e7ec      	b.n	10008502 <__wrap_vprintf+0x82>
10008528:	0030      	movs	r0, r6
1000852a:	f002 fcfd 	bl	1000af28 <__mutex_exit_veneer>
1000852e:	e7f3      	b.n	10008518 <__wrap_vprintf+0x98>
10008530:	9401      	str	r4, [sp, #4]
10008532:	e7ef      	b.n	10008514 <__wrap_vprintf+0x94>
10008534:	000f4240 	.word	0x000f4240
10008538:	7fffffff 	.word	0x7fffffff
1000853c:	20001238 	.word	0x20001238
10008540:	10008219 	.word	0x10008219
10008544:	2000238c 	.word	0x2000238c
10008548:	20002394 	.word	0x20002394

1000854c <__wrap_printf>:
1000854c:	b40f      	push	{r0, r1, r2, r3}
1000854e:	b500      	push	{lr}
10008550:	b083      	sub	sp, #12
10008552:	a904      	add	r1, sp, #16
10008554:	c901      	ldmia	r1!, {r0}
10008556:	9101      	str	r1, [sp, #4]
10008558:	f7ff ff92 	bl	10008480 <__wrap_vprintf>
1000855c:	b003      	add	sp, #12
1000855e:	bc08      	pop	{r3}
10008560:	b004      	add	sp, #16
10008562:	4718      	bx	r3

10008564 <stdio_usb_set_chars_available_callback>:
10008564:	4b02      	ldr	r3, [pc, #8]	@ (10008570 <stdio_usb_set_chars_available_callback+0xc>)
10008566:	6018      	str	r0, [r3, #0]
10008568:	4b02      	ldr	r3, [pc, #8]	@ (10008574 <stdio_usb_set_chars_available_callback+0x10>)
1000856a:	6019      	str	r1, [r3, #0]
1000856c:	4770      	bx	lr
1000856e:	46c0      	nop			@ (mov r8, r8)
10008570:	20002354 	.word	0x20002354
10008574:	20002358 	.word	0x20002358

10008578 <stdio_usb_in_chars>:
10008578:	b570      	push	{r4, r5, r6, lr}
1000857a:	0004      	movs	r4, r0
1000857c:	2000      	movs	r0, #0
1000857e:	000e      	movs	r6, r1
10008580:	f001 f92c 	bl	100097dc <tud_cdc_n_connected>
10008584:	2800      	cmp	r0, #0
10008586:	d034      	beq.n	100085f2 <stdio_usb_in_chars+0x7a>
10008588:	2000      	movs	r0, #0
1000858a:	f001 f941 	bl	10009810 <tud_cdc_n_available>
1000858e:	2800      	cmp	r0, #0
10008590:	d02f      	beq.n	100085f2 <stdio_usb_in_chars+0x7a>
10008592:	f7fc ff73 	bl	1000547c <time_us_64>
10008596:	2300      	movs	r3, #0
10008598:	4a17      	ldr	r2, [pc, #92]	@ (100085f8 <stdio_usb_in_chars+0x80>)
1000859a:	1812      	adds	r2, r2, r0
1000859c:	414b      	adcs	r3, r1
1000859e:	2b00      	cmp	r3, #0
100085a0:	db16      	blt.n	100085d0 <stdio_usb_in_chars+0x58>
100085a2:	4d16      	ldr	r5, [pc, #88]	@ (100085fc <stdio_usb_in_chars+0x84>)
100085a4:	0028      	movs	r0, r5
100085a6:	f002 fcff 	bl	1000afa8 <__mutex_try_enter_block_until_veneer>
100085aa:	2800      	cmp	r0, #0
100085ac:	d021      	beq.n	100085f2 <stdio_usb_in_chars+0x7a>
100085ae:	2000      	movs	r0, #0
100085b0:	f001 f914 	bl	100097dc <tud_cdc_n_connected>
100085b4:	2800      	cmp	r0, #0
100085b6:	d10f      	bne.n	100085d8 <stdio_usb_in_chars+0x60>
100085b8:	2001      	movs	r0, #1
100085ba:	2100      	movs	r1, #0
100085bc:	4240      	negs	r0, r0
100085be:	f000 fb45 	bl	10008c4c <tud_task_ext>
100085c2:	2403      	movs	r4, #3
100085c4:	4264      	negs	r4, r4
100085c6:	0028      	movs	r0, r5
100085c8:	f002 fcae 	bl	1000af28 <__mutex_exit_veneer>
100085cc:	0020      	movs	r0, r4
100085ce:	bd70      	pop	{r4, r5, r6, pc}
100085d0:	2201      	movs	r2, #1
100085d2:	4b0b      	ldr	r3, [pc, #44]	@ (10008600 <stdio_usb_in_chars+0x88>)
100085d4:	4252      	negs	r2, r2
100085d6:	e7e4      	b.n	100085a2 <stdio_usb_in_chars+0x2a>
100085d8:	2000      	movs	r0, #0
100085da:	f001 f919 	bl	10009810 <tud_cdc_n_available>
100085de:	2800      	cmp	r0, #0
100085e0:	d0ea      	beq.n	100085b8 <stdio_usb_in_chars+0x40>
100085e2:	0021      	movs	r1, r4
100085e4:	0032      	movs	r2, r6
100085e6:	2000      	movs	r0, #0
100085e8:	f001 f920 	bl	1000982c <tud_cdc_n_read>
100085ec:	1e04      	subs	r4, r0, #0
100085ee:	d1ea      	bne.n	100085c6 <stdio_usb_in_chars+0x4e>
100085f0:	e7e7      	b.n	100085c2 <stdio_usb_in_chars+0x4a>
100085f2:	2403      	movs	r4, #3
100085f4:	4264      	negs	r4, r4
100085f6:	e7e9      	b.n	100085cc <stdio_usb_in_chars+0x54>
100085f8:	000f4240 	.word	0x000f4240
100085fc:	20003804 	.word	0x20003804
10008600:	7fffffff 	.word	0x7fffffff

10008604 <stdio_usb_out_flush>:
10008604:	b510      	push	{r4, lr}
10008606:	f7fc ff39 	bl	1000547c <time_us_64>
1000860a:	2300      	movs	r3, #0
1000860c:	4a0d      	ldr	r2, [pc, #52]	@ (10008644 <stdio_usb_out_flush+0x40>)
1000860e:	1812      	adds	r2, r2, r0
10008610:	414b      	adcs	r3, r1
10008612:	2b00      	cmp	r3, #0
10008614:	da02      	bge.n	1000861c <stdio_usb_out_flush+0x18>
10008616:	2201      	movs	r2, #1
10008618:	4b0b      	ldr	r3, [pc, #44]	@ (10008648 <stdio_usb_out_flush+0x44>)
1000861a:	4252      	negs	r2, r2
1000861c:	4c0b      	ldr	r4, [pc, #44]	@ (1000864c <stdio_usb_out_flush+0x48>)
1000861e:	0020      	movs	r0, r4
10008620:	f002 fcc2 	bl	1000afa8 <__mutex_try_enter_block_until_veneer>
10008624:	2800      	cmp	r0, #0
10008626:	d00c      	beq.n	10008642 <stdio_usb_out_flush+0x3e>
10008628:	2001      	movs	r0, #1
1000862a:	2100      	movs	r1, #0
1000862c:	4240      	negs	r0, r0
1000862e:	f000 fb0d 	bl	10008c4c <tud_task_ext>
10008632:	2000      	movs	r0, #0
10008634:	f001 f948 	bl	100098c8 <tud_cdc_n_write_flush>
10008638:	2800      	cmp	r0, #0
1000863a:	d1f5      	bne.n	10008628 <stdio_usb_out_flush+0x24>
1000863c:	0020      	movs	r0, r4
1000863e:	f002 fc73 	bl	1000af28 <__mutex_exit_veneer>
10008642:	bd10      	pop	{r4, pc}
10008644:	000f4240 	.word	0x000f4240
10008648:	7fffffff 	.word	0x7fffffff
1000864c:	20003804 	.word	0x20003804

10008650 <stdio_usb_out_chars>:
10008650:	b5f8      	push	{r3, r4, r5, r6, r7, lr}
10008652:	46de      	mov	lr, fp
10008654:	4657      	mov	r7, sl
10008656:	b580      	push	{r7, lr}
10008658:	0005      	movs	r5, r0
1000865a:	000c      	movs	r4, r1
1000865c:	f7fc ff0e 	bl	1000547c <time_us_64>
10008660:	2300      	movs	r3, #0
10008662:	4a36      	ldr	r2, [pc, #216]	@ (1000873c <stdio_usb_out_chars+0xec>)
10008664:	1812      	adds	r2, r2, r0
10008666:	414b      	adcs	r3, r1
10008668:	2b00      	cmp	r3, #0
1000866a:	da02      	bge.n	10008672 <stdio_usb_out_chars+0x22>
1000866c:	2201      	movs	r2, #1
1000866e:	4b34      	ldr	r3, [pc, #208]	@ (10008740 <stdio_usb_out_chars+0xf0>)
10008670:	4252      	negs	r2, r2
10008672:	4934      	ldr	r1, [pc, #208]	@ (10008744 <stdio_usb_out_chars+0xf4>)
10008674:	0008      	movs	r0, r1
10008676:	468a      	mov	sl, r1
10008678:	f002 fc96 	bl	1000afa8 <__mutex_try_enter_block_until_veneer>
1000867c:	2800      	cmp	r0, #0
1000867e:	d103      	bne.n	10008688 <stdio_usb_out_chars+0x38>
10008680:	bcc0      	pop	{r6, r7}
10008682:	46bb      	mov	fp, r7
10008684:	46b2      	mov	sl, r6
10008686:	bdf8      	pop	{r3, r4, r5, r6, r7, pc}
10008688:	2000      	movs	r0, #0
1000868a:	f001 f8a7 	bl	100097dc <tud_cdc_n_connected>
1000868e:	2800      	cmp	r0, #0
10008690:	d04a      	beq.n	10008728 <stdio_usb_out_chars+0xd8>
10008692:	2600      	movs	r6, #0
10008694:	2c00      	cmp	r4, #0
10008696:	dd43      	ble.n	10008720 <stdio_usb_out_chars+0xd0>
10008698:	4b2b      	ldr	r3, [pc, #172]	@ (10008748 <stdio_usb_out_chars+0xf8>)
1000869a:	469b      	mov	fp, r3
1000869c:	e014      	b.n	100086c8 <stdio_usb_out_chars+0x78>
1000869e:	19a9      	adds	r1, r5, r6
100086a0:	2000      	movs	r0, #0
100086a2:	f001 f94f 	bl	10009944 <tud_cdc_n_write>
100086a6:	0007      	movs	r7, r0
100086a8:	2001      	movs	r0, #1
100086aa:	2100      	movs	r1, #0
100086ac:	4240      	negs	r0, r0
100086ae:	f000 facd 	bl	10008c4c <tud_task_ext>
100086b2:	2000      	movs	r0, #0
100086b4:	f001 f908 	bl	100098c8 <tud_cdc_n_write_flush>
100086b8:	f7fc fee0 	bl	1000547c <time_us_64>
100086bc:	4b22      	ldr	r3, [pc, #136]	@ (10008748 <stdio_usb_out_chars+0xf8>)
100086be:	19f6      	adds	r6, r6, r7
100086c0:	6018      	str	r0, [r3, #0]
100086c2:	6059      	str	r1, [r3, #4]
100086c4:	42b4      	cmp	r4, r6
100086c6:	dd2b      	ble.n	10008720 <stdio_usb_out_chars+0xd0>
100086c8:	2000      	movs	r0, #0
100086ca:	f001 f95d 	bl	10009988 <tud_cdc_n_write_available>
100086ce:	1ba7      	subs	r7, r4, r6
100086d0:	0002      	movs	r2, r0
100086d2:	42b8      	cmp	r0, r7
100086d4:	dd00      	ble.n	100086d8 <stdio_usb_out_chars+0x88>
100086d6:	003a      	movs	r2, r7
100086d8:	2a00      	cmp	r2, #0
100086da:	d1e0      	bne.n	1000869e <stdio_usb_out_chars+0x4e>
100086dc:	2001      	movs	r0, #1
100086de:	2100      	movs	r1, #0
100086e0:	4240      	negs	r0, r0
100086e2:	f000 fab3 	bl	10008c4c <tud_task_ext>
100086e6:	2000      	movs	r0, #0
100086e8:	f001 f8ee 	bl	100098c8 <tud_cdc_n_write_flush>
100086ec:	2000      	movs	r0, #0
100086ee:	f001 f875 	bl	100097dc <tud_cdc_n_connected>
100086f2:	2800      	cmp	r0, #0
100086f4:	d014      	beq.n	10008720 <stdio_usb_out_chars+0xd0>
100086f6:	2000      	movs	r0, #0
100086f8:	f001 f946 	bl	10009988 <tud_cdc_n_write_available>
100086fc:	2800      	cmp	r0, #0
100086fe:	d1e1      	bne.n	100086c4 <stdio_usb_out_chars+0x74>
10008700:	f7fc febc 	bl	1000547c <time_us_64>
10008704:	465b      	mov	r3, fp
10008706:	000f      	movs	r7, r1
10008708:	681a      	ldr	r2, [r3, #0]
1000870a:	685b      	ldr	r3, [r3, #4]
1000870c:	2100      	movs	r1, #0
1000870e:	4684      	mov	ip, r0
10008710:	480e      	ldr	r0, [pc, #56]	@ (1000874c <stdio_usb_out_chars+0xfc>)
10008712:	1812      	adds	r2, r2, r0
10008714:	414b      	adcs	r3, r1
10008716:	429f      	cmp	r7, r3
10008718:	d802      	bhi.n	10008720 <stdio_usb_out_chars+0xd0>
1000871a:	d1d3      	bne.n	100086c4 <stdio_usb_out_chars+0x74>
1000871c:	4594      	cmp	ip, r2
1000871e:	d9d1      	bls.n	100086c4 <stdio_usb_out_chars+0x74>
10008720:	4650      	mov	r0, sl
10008722:	f002 fc01 	bl	1000af28 <__mutex_exit_veneer>
10008726:	e7ab      	b.n	10008680 <stdio_usb_out_chars+0x30>
10008728:	2000      	movs	r0, #0
1000872a:	2100      	movs	r1, #0
1000872c:	4b06      	ldr	r3, [pc, #24]	@ (10008748 <stdio_usb_out_chars+0xf8>)
1000872e:	6018      	str	r0, [r3, #0]
10008730:	6059      	str	r1, [r3, #4]
10008732:	4650      	mov	r0, sl
10008734:	f002 fbf8 	bl	1000af28 <__mutex_exit_veneer>
10008738:	e7a2      	b.n	10008680 <stdio_usb_out_chars+0x30>
1000873a:	46c0      	nop			@ (mov r8, r8)
1000873c:	000f4240 	.word	0x000f4240
10008740:	7fffffff 	.word	0x7fffffff
10008744:	20003804 	.word	0x20003804
10008748:	200013c0 	.word	0x200013c0
1000874c:	0007a120 	.word	0x0007a120

10008750 <stdio_usb_init>:
10008750:	23d0      	movs	r3, #208	@ 0xd0
10008752:	b510      	push	{r4, lr}
10008754:	061b      	lsls	r3, r3, #24
10008756:	681c      	ldr	r4, [r3, #0]
10008758:	f7fc fc6c 	bl	10005034 <alarm_pool_get_default>
1000875c:	f7fc fd00 	bl	10005160 <alarm_pool_core_num>
10008760:	2300      	movs	r3, #0
10008762:	42a0      	cmp	r0, r4
10008764:	d10a      	bne.n	1000877c <stdio_usb_init+0x2c>
10008766:	4b08      	ldr	r3, [pc, #32]	@ (10008788 <stdio_usb_init+0x38>)
10008768:	4808      	ldr	r0, [pc, #32]	@ (1000878c <stdio_usb_init+0x3c>)
1000876a:	781b      	ldrb	r3, [r3, #0]
1000876c:	6803      	ldr	r3, [r0, #0]
1000876e:	2b00      	cmp	r3, #0
10008770:	d006      	beq.n	10008780 <stdio_usb_init+0x30>
10008772:	2101      	movs	r1, #1
10008774:	4806      	ldr	r0, [pc, #24]	@ (10008790 <stdio_usb_init+0x40>)
10008776:	f7ff fdff 	bl	10008378 <stdio_set_driver_enabled>
1000877a:	2301      	movs	r3, #1
1000877c:	0018      	movs	r0, r3
1000877e:	bd10      	pop	{r4, pc}
10008780:	f7fc fa44 	bl	10004c0c <mutex_init>
10008784:	e7f5      	b.n	10008772 <stdio_usb_init+0x22>
10008786:	46c0      	nop			@ (mov r8, r8)
10008788:	1000cfb0 	.word	0x1000cfb0
1000878c:	20003804 	.word	0x20003804
10008790:	200010c0 	.word	0x200010c0

10008794 <_retrieve_unique_id_on_boot>:
10008794:	b510      	push	{r4, lr}
10008796:	4802      	ldr	r0, [pc, #8]	@ (100087a0 <_retrieve_unique_id_on_boot+0xc>)
10008798:	f000 f80c 	bl	100087b4 <flash_get_unique_id>
1000879c:	bd10      	pop	{r4, pc}
1000879e:	46c0      	nop			@ (mov r8, r8)
100087a0:	200037e0 	.word	0x200037e0

100087a4 <pico_get_unique_board_id>:
100087a4:	b510      	push	{r4, lr}
100087a6:	2208      	movs	r2, #8
100087a8:	4901      	ldr	r1, [pc, #4]	@ (100087b0 <pico_get_unique_board_id+0xc>)
100087aa:	f7fe f80b 	bl	100067c4 <__wrap___aeabi_memcpy>
100087ae:	bd10      	pop	{r4, pc}
100087b0:	200037e0 	.word	0x200037e0

100087b4 <flash_get_unique_id>:
100087b4:	b510      	push	{r4, lr}
100087b6:	b088      	sub	sp, #32
100087b8:	0004      	movs	r4, r0
100087ba:	220d      	movs	r2, #13
100087bc:	2100      	movs	r1, #0
100087be:	4668      	mov	r0, sp
100087c0:	f7fd fffa 	bl	100067b8 <__wrap_memset>
100087c4:	220d      	movs	r2, #13
100087c6:	2100      	movs	r1, #0
100087c8:	a804      	add	r0, sp, #16
100087ca:	f7fd fff5 	bl	100067b8 <__wrap_memset>
100087ce:	234b      	movs	r3, #75	@ 0x4b
100087d0:	466a      	mov	r2, sp
100087d2:	4668      	mov	r0, sp
100087d4:	7013      	strb	r3, [r2, #0]
100087d6:	a904      	add	r1, sp, #16
100087d8:	220d      	movs	r2, #13
100087da:	f002 fb9d 	bl	1000af18 <__flash_do_cmd_veneer>
100087de:	2115      	movs	r1, #21
100087e0:	2208      	movs	r2, #8
100087e2:	0020      	movs	r0, r4
100087e4:	4469      	add	r1, sp
100087e6:	f7fd ffed 	bl	100067c4 <__wrap___aeabi_memcpy>
100087ea:	b008      	add	sp, #32
100087ec:	bd10      	pop	{r4, pc}
100087ee:	46c0      	nop			@ (mov r8, r8)

100087f0 <dcd_init>:
100087f0:	b5f8      	push	{r3, r4, r5, r6, r7, lr}
100087f2:	f000 f94d 	bl	10008a90 <rp2040_usb_init>
100087f6:	230c      	movs	r3, #12
100087f8:	4d19      	ldr	r5, [pc, #100]	@ (10008860 <dcd_init+0x70>)
100087fa:	22ff      	movs	r2, #255	@ 0xff
100087fc:	67ab      	str	r3, [r5, #120]	@ 0x78
100087fe:	2005      	movs	r0, #5
10008800:	4918      	ldr	r1, [pc, #96]	@ (10008864 <dcd_init+0x74>)
10008802:	f7fc f87f 	bl	10004904 <irq_add_shared_handler>
10008806:	4c18      	ldr	r4, [pc, #96]	@ (10008868 <dcd_init+0x78>)
10008808:	2240      	movs	r2, #64	@ 0x40
1000880a:	2100      	movs	r1, #0
1000880c:	0020      	movs	r0, r4
1000880e:	f7fd ffd3 	bl	100067b8 <__wrap_memset>
10008812:	2740      	movs	r7, #64	@ 0x40
10008814:	2300      	movs	r3, #0
10008816:	2601      	movs	r6, #1
10008818:	2121      	movs	r1, #33	@ 0x21
1000881a:	4a14      	ldr	r2, [pc, #80]	@ (1000886c <dcd_init+0x7c>)
1000881c:	7066      	strb	r6, [r4, #1]
1000881e:	8327      	strh	r7, [r4, #24]
10008820:	60a2      	str	r2, [r4, #8]
10008822:	6013      	str	r3, [r2, #0]
10008824:	5463      	strb	r3, [r4, r1]
10008826:	315f      	adds	r1, #95	@ 0x5f
10008828:	8461      	strh	r1, [r4, #34]	@ 0x22
1000882a:	3945      	subs	r1, #69	@ 0x45
1000882c:	5463      	strb	r3, [r4, r1]
1000882e:	4a10      	ldr	r2, [pc, #64]	@ (10008870 <dcd_init+0x80>)
10008830:	4910      	ldr	r1, [pc, #64]	@ (10008874 <dcd_init+0x84>)
10008832:	6063      	str	r3, [r4, #4]
10008834:	60e2      	str	r2, [r4, #12]
10008836:	8727      	strh	r7, [r4, #56]	@ 0x38
10008838:	62a1      	str	r1, [r4, #40]	@ 0x28
1000883a:	600b      	str	r3, [r1, #0]
1000883c:	6263      	str	r3, [r4, #36]	@ 0x24
1000883e:	62e2      	str	r2, [r4, #44]	@ 0x2c
10008840:	f002 fb82 	bl	1000af48 <__reset_non_control_endpoints_veneer>
10008844:	2380      	movs	r3, #128	@ 0x80
10008846:	059b      	lsls	r3, r3, #22
10008848:	642e      	str	r6, [r5, #64]	@ 0x40
1000884a:	64eb      	str	r3, [r5, #76]	@ 0x4c
1000884c:	2390      	movs	r3, #144	@ 0x90
1000884e:	4a0a      	ldr	r2, [pc, #40]	@ (10008878 <dcd_init+0x88>)
10008850:	2001      	movs	r0, #1
10008852:	50ea      	str	r2, [r5, r3]
10008854:	2280      	movs	r2, #128	@ 0x80
10008856:	4b09      	ldr	r3, [pc, #36]	@ (1000887c <dcd_init+0x8c>)
10008858:	0252      	lsls	r2, r2, #9
1000885a:	64da      	str	r2, [r3, #76]	@ 0x4c
1000885c:	bdf8      	pop	{r3, r4, r5, r6, r7, pc}
1000885e:	46c0      	nop			@ (mov r8, r8)
10008860:	50110000 	.word	0x50110000
10008864:	20000599 	.word	0x20000599
10008868:	200023bc 	.word	0x200023bc
1000886c:	50100084 	.word	0x50100084
10008870:	50100100 	.word	0x50100100
10008874:	50100080 	.word	0x50100080
10008878:	0001d010 	.word	0x0001d010
1000887c:	50112000 	.word	0x50112000

10008880 <dcd_int_enable>:
10008880:	b510      	push	{r4, lr}
10008882:	2101      	movs	r1, #1
10008884:	2005      	movs	r0, #5
10008886:	f7fc f801 	bl	1000488c <irq_set_enabled>
1000888a:	bd10      	pop	{r4, pc}

1000888c <dcd_int_disable>:
1000888c:	b510      	push	{r4, lr}
1000888e:	2100      	movs	r1, #0
10008890:	2005      	movs	r0, #5
10008892:	f7fb fffb 	bl	1000488c <irq_set_enabled>
10008896:	bd10      	pop	{r4, pc}

10008898 <dcd_set_address>:
10008898:	b510      	push	{r4, lr}
1000889a:	2200      	movs	r2, #0
1000889c:	2100      	movs	r1, #0
1000889e:	4802      	ldr	r0, [pc, #8]	@ (100088a8 <dcd_set_address+0x10>)
100088a0:	f000 f916 	bl	10008ad0 <hw_endpoint_xfer_start>
100088a4:	bd10      	pop	{r4, pc}
100088a6:	46c0      	nop			@ (mov r8, r8)
100088a8:	200023dc 	.word	0x200023dc

100088ac <dcd_sof_enable>:
100088ac:	4b04      	ldr	r3, [pc, #16]	@ (100088c0 <dcd_sof_enable+0x14>)
100088ae:	7019      	strb	r1, [r3, #0]
100088b0:	2900      	cmp	r1, #0
100088b2:	d004      	beq.n	100088be <dcd_sof_enable+0x12>
100088b4:	2180      	movs	r1, #128	@ 0x80
100088b6:	2390      	movs	r3, #144	@ 0x90
100088b8:	4a02      	ldr	r2, [pc, #8]	@ (100088c4 <dcd_sof_enable+0x18>)
100088ba:	0289      	lsls	r1, r1, #10
100088bc:	50d1      	str	r1, [r2, r3]
100088be:	4770      	bx	lr
100088c0:	20003c35 	.word	0x20003c35
100088c4:	50112000 	.word	0x50112000

100088c8 <dcd_edpt0_status_complete>:
100088c8:	780b      	ldrb	r3, [r1, #0]
100088ca:	065b      	lsls	r3, r3, #25
100088cc:	d102      	bne.n	100088d4 <dcd_edpt0_status_complete+0xc>
100088ce:	784b      	ldrb	r3, [r1, #1]
100088d0:	2b05      	cmp	r3, #5
100088d2:	d000      	beq.n	100088d6 <dcd_edpt0_status_complete+0xe>
100088d4:	4770      	bx	lr
100088d6:	788a      	ldrb	r2, [r1, #2]
100088d8:	4b01      	ldr	r3, [pc, #4]	@ (100088e0 <dcd_edpt0_status_complete+0x18>)
100088da:	601a      	str	r2, [r3, #0]
100088dc:	e7fa      	b.n	100088d4 <dcd_edpt0_status_complete+0xc>
100088de:	46c0      	nop			@ (mov r8, r8)
100088e0:	50110000 	.word	0x50110000

100088e4 <dcd_edpt_open>:
100088e4:	b5f0      	push	{r4, r5, r6, r7, lr}
100088e6:	46c6      	mov	lr, r8
100088e8:	78c8      	ldrb	r0, [r1, #3]
100088ea:	b500      	push	{lr}
100088ec:	0780      	lsls	r0, r0, #30
100088ee:	0f83      	lsrs	r3, r0, #30
100088f0:	0018      	movs	r0, r3
100088f2:	2b01      	cmp	r3, #1
100088f4:	d060      	beq.n	100089b8 <dcd_edpt_open+0xd4>
100088f6:	788f      	ldrb	r7, [r1, #2]
100088f8:	790a      	ldrb	r2, [r1, #4]
100088fa:	794b      	ldrb	r3, [r1, #5]
100088fc:	217f      	movs	r1, #127	@ 0x7f
100088fe:	4039      	ands	r1, r7
10008900:	09fc      	lsrs	r4, r7, #7
10008902:	021b      	lsls	r3, r3, #8
10008904:	004e      	lsls	r6, r1, #1
10008906:	4313      	orrs	r3, r2
10008908:	4d33      	ldr	r5, [pc, #204]	@ (100089d8 <dcd_edpt_open+0xf4>)
1000890a:	1932      	adds	r2, r6, r4
1000890c:	0152      	lsls	r2, r2, #5
1000890e:	18aa      	adds	r2, r5, r2
10008910:	7097      	strb	r7, [r2, #2]
10008912:	2701      	movs	r7, #1
10008914:	4067      	eors	r7, r4
10008916:	7057      	strb	r7, [r2, #1]
10008918:	2700      	movs	r7, #0
1000891a:	055b      	lsls	r3, r3, #21
1000891c:	0d5b      	lsrs	r3, r3, #21
1000891e:	70d7      	strb	r7, [r2, #3]
10008920:	8313      	strh	r3, [r2, #24]
10008922:	76d0      	strb	r0, [r2, #27]
10008924:	46b8      	mov	r8, r7
10008926:	00ca      	lsls	r2, r1, #3
10008928:	2c01      	cmp	r4, #1
1000892a:	d032      	beq.n	10008992 <dcd_edpt_open+0xae>
1000892c:	4f2b      	ldr	r7, [pc, #172]	@ (100089dc <dcd_edpt_open+0xf8>)
1000892e:	46bc      	mov	ip, r7
10008930:	018f      	lsls	r7, r1, #6
10008932:	4462      	add	r2, ip
10008934:	46bc      	mov	ip, r7
10008936:	44ac      	add	ip, r5
10008938:	4667      	mov	r7, ip
1000893a:	60ba      	str	r2, [r7, #8]
1000893c:	4647      	mov	r7, r8
1000893e:	6017      	str	r7, [r2, #0]
10008940:	2900      	cmp	r1, #0
10008942:	d032      	beq.n	100089aa <dcd_edpt_open+0xc6>
10008944:	4a26      	ldr	r2, [pc, #152]	@ (100089e0 <dcd_edpt_open+0xfc>)
10008946:	00c9      	lsls	r1, r1, #3
10008948:	4690      	mov	r8, r2
1000894a:	4662      	mov	r2, ip
1000894c:	4441      	add	r1, r8
1000894e:	6051      	str	r1, [r2, #4]
10008950:	223f      	movs	r2, #63	@ 0x3f
10008952:	333f      	adds	r3, #63	@ 0x3f
10008954:	4393      	bics	r3, r2
10008956:	2802      	cmp	r0, #2
10008958:	d037      	beq.n	100089ca <dcd_edpt_open+0xe6>
1000895a:	4922      	ldr	r1, [pc, #136]	@ (100089e4 <dcd_edpt_open+0x100>)
1000895c:	1937      	adds	r7, r6, r4
1000895e:	680a      	ldr	r2, [r1, #0]
10008960:	017f      	lsls	r7, r7, #5
10008962:	18d3      	adds	r3, r2, r3
10008964:	600b      	str	r3, [r1, #0]
10008966:	4920      	ldr	r1, [pc, #128]	@ (100089e8 <dcd_edpt_open+0x104>)
10008968:	19ef      	adds	r7, r5, r7
1000896a:	60fa      	str	r2, [r7, #12]
1000896c:	428b      	cmp	r3, r1
1000896e:	d82e      	bhi.n	100089ce <dcd_edpt_open+0xea>
10008970:	1936      	adds	r6, r6, r4
10008972:	0176      	lsls	r6, r6, #5
10008974:	19ad      	adds	r5, r5, r6
10008976:	7eeb      	ldrb	r3, [r5, #27]
10008978:	491c      	ldr	r1, [pc, #112]	@ (100089ec <dcd_edpt_open+0x108>)
1000897a:	069b      	lsls	r3, r3, #26
1000897c:	404a      	eors	r2, r1
1000897e:	4313      	orrs	r3, r2
10008980:	2280      	movs	r2, #128	@ 0x80
10008982:	0612      	lsls	r2, r2, #24
10008984:	4313      	orrs	r3, r2
10008986:	686a      	ldr	r2, [r5, #4]
10008988:	6013      	str	r3, [r2, #0]
1000898a:	2001      	movs	r0, #1
1000898c:	bc80      	pop	{r7}
1000898e:	46b8      	mov	r8, r7
10008990:	bdf0      	pop	{r4, r5, r6, r7, pc}
10008992:	4f17      	ldr	r7, [pc, #92]	@ (100089f0 <dcd_edpt_open+0x10c>)
10008994:	46bc      	mov	ip, r7
10008996:	018f      	lsls	r7, r1, #6
10008998:	4462      	add	r2, ip
1000899a:	46bc      	mov	ip, r7
1000899c:	44ac      	add	ip, r5
1000899e:	4667      	mov	r7, ip
100089a0:	62ba      	str	r2, [r7, #40]	@ 0x28
100089a2:	4647      	mov	r7, r8
100089a4:	6017      	str	r7, [r2, #0]
100089a6:	2900      	cmp	r1, #0
100089a8:	d108      	bne.n	100089bc <dcd_edpt_open+0xd8>
100089aa:	2300      	movs	r3, #0
100089ac:	0164      	lsls	r4, r4, #5
100089ae:	192c      	adds	r4, r5, r4
100089b0:	6063      	str	r3, [r4, #4]
100089b2:	4b10      	ldr	r3, [pc, #64]	@ (100089f4 <dcd_edpt_open+0x110>)
100089b4:	60e3      	str	r3, [r4, #12]
100089b6:	e7e8      	b.n	1000898a <dcd_edpt_open+0xa6>
100089b8:	2000      	movs	r0, #0
100089ba:	e7e7      	b.n	1000898c <dcd_edpt_open+0xa8>
100089bc:	4a0b      	ldr	r2, [pc, #44]	@ (100089ec <dcd_edpt_open+0x108>)
100089be:	00c9      	lsls	r1, r1, #3
100089c0:	4690      	mov	r8, r2
100089c2:	4662      	mov	r2, ip
100089c4:	4441      	add	r1, r8
100089c6:	6251      	str	r1, [r2, #36]	@ 0x24
100089c8:	e7c2      	b.n	10008950 <dcd_edpt_open+0x6c>
100089ca:	005b      	lsls	r3, r3, #1
100089cc:	e7c5      	b.n	1000895a <dcd_edpt_open+0x76>
100089ce:	f7fc ff13 	bl	100057f8 <hard_assertion_failure>
100089d2:	68fa      	ldr	r2, [r7, #12]
100089d4:	e7cc      	b.n	10008970 <dcd_edpt_open+0x8c>
100089d6:	46c0      	nop			@ (mov r8, r8)
100089d8:	200023bc 	.word	0x200023bc
100089dc:	50100084 	.word	0x50100084
100089e0:	50100004 	.word	0x50100004
100089e4:	20002fcc 	.word	0x20002fcc
100089e8:	50100fff 	.word	0x50100fff
100089ec:	50100000 	.word	0x50100000
100089f0:	50100080 	.word	0x50100080
100089f4:	50100100 	.word	0x50100100

100089f8 <dcd_edpt_close_all>:
100089f8:	b510      	push	{r4, lr}
100089fa:	f002 faa5 	bl	1000af48 <__reset_non_control_endpoints_veneer>
100089fe:	bd10      	pop	{r4, pc}

10008a00 <dcd_edpt_xfer>:
10008a00:	b510      	push	{r4, lr}
10008a02:	207f      	movs	r0, #127	@ 0x7f
10008a04:	000c      	movs	r4, r1
10008a06:	4020      	ands	r0, r4
10008a08:	0040      	lsls	r0, r0, #1
10008a0a:	09e4      	lsrs	r4, r4, #7
10008a0c:	0011      	movs	r1, r2
10008a0e:	1900      	adds	r0, r0, r4
10008a10:	001a      	movs	r2, r3
10008a12:	4b03      	ldr	r3, [pc, #12]	@ (10008a20 <dcd_edpt_xfer+0x20>)
10008a14:	0140      	lsls	r0, r0, #5
10008a16:	18c0      	adds	r0, r0, r3
10008a18:	f000 f85a 	bl	10008ad0 <hw_endpoint_xfer_start>
10008a1c:	2001      	movs	r0, #1
10008a1e:	bd10      	pop	{r4, pc}
10008a20:	200023bc 	.word	0x200023bc

10008a24 <dcd_edpt_stall>:
10008a24:	237f      	movs	r3, #127	@ 0x7f
10008a26:	0018      	movs	r0, r3
10008a28:	b500      	push	{lr}
10008a2a:	4008      	ands	r0, r1
10008a2c:	b083      	sub	sp, #12
10008a2e:	420b      	tst	r3, r1
10008a30:	d104      	bne.n	10008a3c <dcd_edpt_stall+0x18>
10008a32:	424b      	negs	r3, r1
10008a34:	414b      	adcs	r3, r1
10008a36:	4a08      	ldr	r2, [pc, #32]	@ (10008a58 <dcd_edpt_stall+0x34>)
10008a38:	3301      	adds	r3, #1
10008a3a:	6693      	str	r3, [r2, #104]	@ 0x68
10008a3c:	2280      	movs	r2, #128	@ 0x80
10008a3e:	09c9      	lsrs	r1, r1, #7
10008a40:	0040      	lsls	r0, r0, #1
10008a42:	4b06      	ldr	r3, [pc, #24]	@ (10008a5c <dcd_edpt_stall+0x38>)
10008a44:	1840      	adds	r0, r0, r1
10008a46:	0140      	lsls	r0, r0, #5
10008a48:	2100      	movs	r1, #0
10008a4a:	18c0      	adds	r0, r0, r3
10008a4c:	0112      	lsls	r2, r2, #4
10008a4e:	f002 fabb 	bl	1000afc8 <___hw_endpoint_buffer_control_update32_veneer>
10008a52:	b003      	add	sp, #12
10008a54:	bd00      	pop	{pc}
10008a56:	46c0      	nop			@ (mov r8, r8)
10008a58:	50112000 	.word	0x50112000
10008a5c:	200023bc 	.word	0x200023bc

10008a60 <dcd_edpt_clear_stall>:
10008a60:	227f      	movs	r2, #127	@ 0x7f
10008a62:	0013      	movs	r3, r2
10008a64:	b510      	push	{r4, lr}
10008a66:	400b      	ands	r3, r1
10008a68:	420a      	tst	r2, r1
10008a6a:	d100      	bne.n	10008a6e <dcd_edpt_clear_stall+0xe>
10008a6c:	bd10      	pop	{r4, pc}
10008a6e:	09c9      	lsrs	r1, r1, #7
10008a70:	005b      	lsls	r3, r3, #1
10008a72:	185b      	adds	r3, r3, r1
10008a74:	4804      	ldr	r0, [pc, #16]	@ (10008a88 <dcd_edpt_clear_stall+0x28>)
10008a76:	015b      	lsls	r3, r3, #5
10008a78:	18c0      	adds	r0, r0, r3
10008a7a:	2300      	movs	r3, #0
10008a7c:	2200      	movs	r2, #0
10008a7e:	4903      	ldr	r1, [pc, #12]	@ (10008a8c <dcd_edpt_clear_stall+0x2c>)
10008a80:	70c3      	strb	r3, [r0, #3]
10008a82:	f002 faa1 	bl	1000afc8 <___hw_endpoint_buffer_control_update32_veneer>
10008a86:	e7f1      	b.n	10008a6c <dcd_edpt_clear_stall+0xc>
10008a88:	200023bc 	.word	0x200023bc
10008a8c:	fffff7ff 	.word	0xfffff7ff

10008a90 <rp2040_usb_init>:
10008a90:	2280      	movs	r2, #128	@ 0x80
10008a92:	4b0a      	ldr	r3, [pc, #40]	@ (10008abc <rp2040_usb_init+0x2c>)
10008a94:	0452      	lsls	r2, r2, #17
10008a96:	b510      	push	{r4, lr}
10008a98:	601a      	str	r2, [r3, #0]
10008a9a:	4b09      	ldr	r3, [pc, #36]	@ (10008ac0 <rp2040_usb_init+0x30>)
10008a9c:	4909      	ldr	r1, [pc, #36]	@ (10008ac4 <rp2040_usb_init+0x34>)
10008a9e:	601a      	str	r2, [r3, #0]
10008aa0:	0010      	movs	r0, r2
10008aa2:	680b      	ldr	r3, [r1, #0]
10008aa4:	4398      	bics	r0, r3
10008aa6:	d1fb      	bne.n	10008aa0 <rp2040_usb_init+0x10>
10008aa8:	2280      	movs	r2, #128	@ 0x80
10008aaa:	2100      	movs	r1, #0
10008aac:	0152      	lsls	r2, r2, #5
10008aae:	4806      	ldr	r0, [pc, #24]	@ (10008ac8 <rp2040_usb_init+0x38>)
10008ab0:	f7fd fe82 	bl	100067b8 <__wrap_memset>
10008ab4:	2209      	movs	r2, #9
10008ab6:	4b05      	ldr	r3, [pc, #20]	@ (10008acc <rp2040_usb_init+0x3c>)
10008ab8:	675a      	str	r2, [r3, #116]	@ 0x74
10008aba:	bd10      	pop	{r4, pc}
10008abc:	4000e000 	.word	0x4000e000
10008ac0:	4000f000 	.word	0x4000f000
10008ac4:	4000c008 	.word	0x4000c008
10008ac8:	50100000 	.word	0x50100000
10008acc:	50110000 	.word	0x50110000

10008ad0 <hw_endpoint_xfer_start>:
10008ad0:	2300      	movs	r3, #0
10008ad2:	b510      	push	{r4, lr}
10008ad4:	82c3      	strh	r3, [r0, #22]
10008ad6:	3301      	adds	r3, #1
10008ad8:	8282      	strh	r2, [r0, #20]
10008ada:	7683      	strb	r3, [r0, #26]
10008adc:	6101      	str	r1, [r0, #16]
10008ade:	0004      	movs	r4, r0
10008ae0:	f002 fa3a 	bl	1000af58 <__e15_is_bulkin_ep_veneer>
10008ae4:	2800      	cmp	r0, #0
10008ae6:	d004      	beq.n	10008af2 <hw_endpoint_xfer_start+0x22>
10008ae8:	2180      	movs	r1, #128	@ 0x80
10008aea:	2390      	movs	r3, #144	@ 0x90
10008aec:	4a07      	ldr	r2, [pc, #28]	@ (10008b0c <hw_endpoint_xfer_start+0x3c>)
10008aee:	0289      	lsls	r1, r1, #10
10008af0:	50d1      	str	r1, [r2, r3]
10008af2:	0020      	movs	r0, r4
10008af4:	f002 fa40 	bl	1000af78 <__e15_is_critical_frame_period_veneer>
10008af8:	2800      	cmp	r0, #0
10008afa:	d002      	beq.n	10008b02 <hw_endpoint_xfer_start+0x32>
10008afc:	2301      	movs	r3, #1
10008afe:	7723      	strb	r3, [r4, #28]
10008b00:	bd10      	pop	{r4, pc}
10008b02:	0020      	movs	r0, r4
10008b04:	f002 fa58 	bl	1000afb8 <__hw_endpoint_start_next_buffer_veneer>
10008b08:	e7fa      	b.n	10008b00 <hw_endpoint_xfer_start+0x30>
10008b0a:	46c0      	nop			@ (mov r8, r8)
10008b0c:	50112000 	.word	0x50112000

10008b10 <tud_vendor_control_xfer_cb>:
10008b10:	2000      	movs	r0, #0
10008b12:	4770      	bx	lr

10008b14 <usbd_int_set>:
10008b14:	b510      	push	{r4, lr}
10008b16:	4b06      	ldr	r3, [pc, #24]	@ (10008b30 <usbd_int_set+0x1c>)
10008b18:	781b      	ldrb	r3, [r3, #0]
10008b1a:	2800      	cmp	r0, #0
10008b1c:	d003      	beq.n	10008b26 <usbd_int_set+0x12>
10008b1e:	0018      	movs	r0, r3
10008b20:	f7ff feae 	bl	10008880 <dcd_int_enable>
10008b24:	bd10      	pop	{r4, pc}
10008b26:	0018      	movs	r0, r3
10008b28:	f7ff feb0 	bl	1000888c <dcd_int_disable>
10008b2c:	e7fa      	b.n	10008b24 <usbd_int_set+0x10>
10008b2e:	46c0      	nop			@ (mov r8, r8)
10008b30:	200010e8 	.word	0x200010e8

10008b34 <tud_event_hook_cb>:
10008b34:	4770      	bx	lr
10008b36:	46c0      	nop			@ (mov r8, r8)

10008b38 <tud_sof_cb>:
10008b38:	4770      	bx	lr
10008b3a:	46c0      	nop			@ (mov r8, r8)

10008b3c <tud_descriptor_bos_cb>:
10008b3c:	2000      	movs	r0, #0
10008b3e:	4770      	bx	lr

10008b40 <tud_descriptor_device_qualifier_cb>:
10008b40:	2000      	movs	r0, #0
10008b42:	4770      	bx	lr

10008b44 <tud_descriptor_other_speed_configuration_cb>:
10008b44:	2000      	movs	r0, #0
10008b46:	4770      	bx	lr

10008b48 <tud_mount_cb>:
10008b48:	4770      	bx	lr
10008b4a:	46c0      	nop			@ (mov r8, r8)

10008b4c <tud_umount_cb>:
10008b4c:	4770      	bx	lr
10008b4e:	46c0      	nop			@ (mov r8, r8)

10008b50 <tud_suspend_cb>:
10008b50:	4770      	bx	lr
10008b52:	46c0      	nop			@ (mov r8, r8)

10008b54 <tud_resume_cb>:
10008b54:	4770      	bx	lr
10008b56:	46c0      	nop			@ (mov r8, r8)

10008b58 <tud_mounted>:
10008b58:	4b02      	ldr	r3, [pc, #8]	@ (10008b64 <tud_mounted+0xc>)
10008b5a:	7858      	ldrb	r0, [r3, #1]
10008b5c:	1e43      	subs	r3, r0, #1
10008b5e:	4198      	sbcs	r0, r3
10008b60:	b2c0      	uxtb	r0, r0
10008b62:	4770      	bx	lr
10008b64:	20002134 	.word	0x20002134

10008b68 <tud_suspended>:
10008b68:	4b02      	ldr	r3, [pc, #8]	@ (10008b74 <tud_suspended+0xc>)
10008b6a:	7818      	ldrb	r0, [r3, #0]
10008b6c:	0740      	lsls	r0, r0, #29
10008b6e:	0fc0      	lsrs	r0, r0, #31
10008b70:	4770      	bx	lr
10008b72:	46c0      	nop			@ (mov r8, r8)
10008b74:	20002134 	.word	0x20002134

10008b78 <tud_rhport_init>:
10008b78:	b5f0      	push	{r4, r5, r6, r7, lr}
10008b7a:	46d6      	mov	lr, sl
10008b7c:	464f      	mov	r7, r9
10008b7e:	4646      	mov	r6, r8
10008b80:	b5c0      	push	{r6, r7, lr}
10008b82:	4b29      	ldr	r3, [pc, #164]	@ (10008c28 <tud_rhport_init+0xb0>)
10008b84:	0007      	movs	r7, r0
10008b86:	469a      	mov	sl, r3
10008b88:	781b      	ldrb	r3, [r3, #0]
10008b8a:	000e      	movs	r6, r1
10008b8c:	2bff      	cmp	r3, #255	@ 0xff
10008b8e:	d144      	bne.n	10008c1a <tud_rhport_init+0xa2>
10008b90:	2900      	cmp	r1, #0
10008b92:	d035      	beq.n	10008c00 <tud_rhport_init+0x88>
10008b94:	2254      	movs	r2, #84	@ 0x54
10008b96:	2100      	movs	r1, #0
10008b98:	4824      	ldr	r0, [pc, #144]	@ (10008c2c <tud_rhport_init+0xb4>)
10008b9a:	f7fd fe0d 	bl	100067b8 <__wrap_memset>
10008b9e:	2200      	movs	r2, #0
10008ba0:	4c23      	ldr	r4, [pc, #140]	@ (10008c30 <tud_rhport_init+0xb8>)
10008ba2:	4b24      	ldr	r3, [pc, #144]	@ (10008c34 <tud_rhport_init+0xbc>)
10008ba4:	0020      	movs	r0, r4
10008ba6:	701a      	strb	r2, [r3, #0]
10008ba8:	f001 fb14 	bl	1000a1d4 <tu_fifo_clear>
10008bac:	4b22      	ldr	r3, [pc, #136]	@ (10008c38 <tud_rhport_init+0xc0>)
10008bae:	3c04      	subs	r4, #4
10008bb0:	601c      	str	r4, [r3, #0]
10008bb2:	4b22      	ldr	r3, [pc, #136]	@ (10008c3c <tud_rhport_init+0xc4>)
10008bb4:	4d22      	ldr	r5, [pc, #136]	@ (10008c40 <tud_rhport_init+0xc8>)
10008bb6:	2b00      	cmp	r3, #0
10008bb8:	d004      	beq.n	10008bc4 <tud_rhport_init+0x4c>
10008bba:	0028      	movs	r0, r5
10008bbc:	e000      	b.n	10008bc0 <tud_rhport_init+0x48>
10008bbe:	bf00      	nop
10008bc0:	4b20      	ldr	r3, [pc, #128]	@ (10008c44 <tud_rhport_init+0xcc>)
10008bc2:	6018      	str	r0, [r3, #0]
10008bc4:	4a20      	ldr	r2, [pc, #128]	@ (10008c48 <tud_rhport_init+0xd0>)
10008bc6:	2400      	movs	r4, #0
10008bc8:	4691      	mov	r9, r2
10008bca:	4a1e      	ldr	r2, [pc, #120]	@ (10008c44 <tud_rhport_init+0xcc>)
10008bcc:	782b      	ldrb	r3, [r5, #0]
10008bce:	4690      	mov	r8, r2
10008bd0:	e00e      	b.n	10008bf0 <tud_rhport_init+0x78>
10008bd2:	4643      	mov	r3, r8
10008bd4:	681b      	ldr	r3, [r3, #0]
10008bd6:	0162      	lsls	r2, r4, #5
10008bd8:	189b      	adds	r3, r3, r2
10008bda:	2b00      	cmp	r3, #0
10008bdc:	d010      	beq.n	10008c00 <tud_rhport_init+0x88>
10008bde:	685b      	ldr	r3, [r3, #4]
10008be0:	2b00      	cmp	r3, #0
10008be2:	d00d      	beq.n	10008c00 <tud_rhport_init+0x88>
10008be4:	4798      	blx	r3
10008be6:	3401      	adds	r4, #1
10008be8:	782b      	ldrb	r3, [r5, #0]
10008bea:	b2e4      	uxtb	r4, r4
10008bec:	42a3      	cmp	r3, r4
10008bee:	d309      	bcc.n	10008c04 <tud_rhport_init+0x8c>
10008bf0:	42a3      	cmp	r3, r4
10008bf2:	d8ee      	bhi.n	10008bd2 <tud_rhport_init+0x5a>
10008bf4:	1ae3      	subs	r3, r4, r3
10008bf6:	015b      	lsls	r3, r3, #5
10008bf8:	444b      	add	r3, r9
10008bfa:	685b      	ldr	r3, [r3, #4]
10008bfc:	2b00      	cmp	r3, #0
10008bfe:	d1f1      	bne.n	10008be4 <tud_rhport_init+0x6c>
10008c00:	2000      	movs	r0, #0
10008c02:	e00b      	b.n	10008c1c <tud_rhport_init+0xa4>
10008c04:	4653      	mov	r3, sl
10008c06:	0031      	movs	r1, r6
10008c08:	0038      	movs	r0, r7
10008c0a:	701f      	strb	r7, [r3, #0]
10008c0c:	f7ff fdf0 	bl	100087f0 <dcd_init>
10008c10:	2800      	cmp	r0, #0
10008c12:	d0f5      	beq.n	10008c00 <tud_rhport_init+0x88>
10008c14:	0038      	movs	r0, r7
10008c16:	f7ff fe33 	bl	10008880 <dcd_int_enable>
10008c1a:	2001      	movs	r0, #1
10008c1c:	bce0      	pop	{r5, r6, r7}
10008c1e:	46ba      	mov	sl, r7
10008c20:	46b1      	mov	r9, r6
10008c22:	46a8      	mov	r8, r5
10008c24:	bdf0      	pop	{r4, r5, r6, r7, pc}
10008c26:	46c0      	nop			@ (mov r8, r8)
10008c28:	200010e8 	.word	0x200010e8
10008c2c:	20002134 	.word	0x20002134
10008c30:	200010dc 	.word	0x200010dc
10008c34:	20003c36 	.word	0x20003c36
10008c38:	20002188 	.word	0x20002188
10008c3c:	00000000 	.word	0x00000000
10008c40:	20003c34 	.word	0x20003c34
10008c44:	20001dec 	.word	0x20001dec
10008c48:	1000ce60 	.word	0x1000ce60

10008c4c <tud_task_ext>:
10008c4c:	b5f0      	push	{r4, r5, r6, r7, lr}
10008c4e:	46de      	mov	lr, fp
10008c50:	4657      	mov	r7, sl
10008c52:	464e      	mov	r6, r9
10008c54:	4645      	mov	r5, r8
10008c56:	b5e0      	push	{r5, r6, r7, lr}
10008c58:	4bc5      	ldr	r3, [pc, #788]	@ (10008f70 <tud_task_ext+0x324>)
10008c5a:	b091      	sub	sp, #68	@ 0x44
10008c5c:	9303      	str	r3, [sp, #12]
10008c5e:	781b      	ldrb	r3, [r3, #0]
10008c60:	2bff      	cmp	r3, #255	@ 0xff
10008c62:	d100      	bne.n	10008c66 <tud_task_ext+0x1a>
10008c64:	e13d      	b.n	10008ee2 <tud_task_ext+0x296>
10008c66:	4bc3      	ldr	r3, [pc, #780]	@ (10008f74 <tud_task_ext+0x328>)
10008c68:	4ec3      	ldr	r6, [pc, #780]	@ (10008f78 <tud_task_ext+0x32c>)
10008c6a:	469b      	mov	fp, r3
10008c6c:	465f      	mov	r7, fp
10008c6e:	4bc3      	ldr	r3, [pc, #780]	@ (10008f7c <tud_task_ext+0x330>)
10008c70:	ac0d      	add	r4, sp, #52	@ 0x34
10008c72:	9302      	str	r3, [sp, #8]
10008c74:	4bc2      	ldr	r3, [pc, #776]	@ (10008f80 <tud_task_ext+0x334>)
10008c76:	9301      	str	r3, [sp, #4]
10008c78:	6833      	ldr	r3, [r6, #0]
10008c7a:	2000      	movs	r0, #0
10008c7c:	001d      	movs	r5, r3
10008c7e:	4698      	mov	r8, r3
10008c80:	cd08      	ldmia	r5!, {r3}
10008c82:	4798      	blx	r3
10008c84:	0028      	movs	r0, r5
10008c86:	0021      	movs	r1, r4
10008c88:	f001 f91c 	bl	10009ec4 <tu_fifo_read>
10008c8c:	4643      	mov	r3, r8
10008c8e:	0005      	movs	r5, r0
10008c90:	681b      	ldr	r3, [r3, #0]
10008c92:	2001      	movs	r0, #1
10008c94:	4798      	blx	r3
10008c96:	2d00      	cmp	r5, #0
10008c98:	d100      	bne.n	10008c9c <tud_task_ext+0x50>
10008c9a:	e122      	b.n	10008ee2 <tud_task_ext+0x296>
10008c9c:	7863      	ldrb	r3, [r4, #1]
10008c9e:	2b08      	cmp	r3, #8
10008ca0:	d8ea      	bhi.n	10008c78 <tud_task_ext+0x2c>
10008ca2:	009b      	lsls	r3, r3, #2
10008ca4:	58fb      	ldr	r3, [r7, r3]
10008ca6:	469f      	mov	pc, r3
10008ca8:	6863      	ldr	r3, [r4, #4]
10008caa:	2b00      	cmp	r3, #0
10008cac:	d0e4      	beq.n	10008c78 <tud_task_ext+0x2c>
10008cae:	68a0      	ldr	r0, [r4, #8]
10008cb0:	4798      	blx	r3
10008cb2:	e7e1      	b.n	10008c78 <tud_task_ext+0x2c>
10008cb4:	227f      	movs	r2, #127	@ 0x7f
10008cb6:	7921      	ldrb	r1, [r4, #4]
10008cb8:	4db0      	ldr	r5, [pc, #704]	@ (10008f7c <tud_task_ext+0x330>)
10008cba:	400a      	ands	r2, r1
10008cbc:	0053      	lsls	r3, r2, #1
10008cbe:	18eb      	adds	r3, r5, r3
10008cc0:	4698      	mov	r8, r3
10008cc2:	09c8      	lsrs	r0, r1, #7
10008cc4:	4480      	add	r8, r0
10008cc6:	4640      	mov	r0, r8
10008cc8:	2301      	movs	r3, #1
10008cca:	3030      	adds	r0, #48	@ 0x30
10008ccc:	7905      	ldrb	r5, [r0, #4]
10008cce:	439d      	bics	r5, r3
10008cd0:	7105      	strb	r5, [r0, #4]
10008cd2:	7905      	ldrb	r5, [r0, #4]
10008cd4:	3303      	adds	r3, #3
10008cd6:	439d      	bics	r5, r3
10008cd8:	7105      	strb	r5, [r0, #4]
10008cda:	2a00      	cmp	r2, #0
10008cdc:	d100      	bne.n	10008ce0 <tud_task_ext+0x94>
10008cde:	e107      	b.n	10008ef0 <tud_task_ext+0x2a4>
10008ce0:	4643      	mov	r3, r8
10008ce2:	4aa8      	ldr	r2, [pc, #672]	@ (10008f84 <tud_task_ext+0x338>)
10008ce4:	7d1b      	ldrb	r3, [r3, #20]
10008ce6:	7812      	ldrb	r2, [r2, #0]
10008ce8:	4293      	cmp	r3, r2
10008cea:	d300      	bcc.n	10008cee <tud_task_ext+0xa2>
10008cec:	e0f7      	b.n	10008ede <tud_task_ext+0x292>
10008cee:	4aa6      	ldr	r2, [pc, #664]	@ (10008f88 <tud_task_ext+0x33c>)
10008cf0:	015b      	lsls	r3, r3, #5
10008cf2:	6815      	ldr	r5, [r2, #0]
10008cf4:	18ed      	adds	r5, r5, r3
10008cf6:	2d00      	cmp	r5, #0
10008cf8:	d100      	bne.n	10008cfc <tud_task_ext+0xb0>
10008cfa:	e0f2      	b.n	10008ee2 <tud_task_ext+0x296>
10008cfc:	68a3      	ldr	r3, [r4, #8]
10008cfe:	7962      	ldrb	r2, [r4, #5]
10008d00:	7820      	ldrb	r0, [r4, #0]
10008d02:	69ad      	ldr	r5, [r5, #24]
10008d04:	47a8      	blx	r5
10008d06:	e7b7      	b.n	10008c78 <tud_task_ext+0x2c>
10008d08:	4aa0      	ldr	r2, [pc, #640]	@ (10008f8c <tud_task_ext+0x340>)
10008d0a:	7813      	ldrb	r3, [r2, #0]
10008d0c:	2b00      	cmp	r3, #0
10008d0e:	d100      	bne.n	10008d12 <tud_task_ext+0xc6>
10008d10:	e0e7      	b.n	10008ee2 <tud_task_ext+0x296>
10008d12:	7813      	ldrb	r3, [r2, #0]
10008d14:	3b01      	subs	r3, #1
10008d16:	b2db      	uxtb	r3, r3
10008d18:	7013      	strb	r3, [r2, #0]
10008d1a:	7813      	ldrb	r3, [r2, #0]
10008d1c:	2b00      	cmp	r3, #0
10008d1e:	d1ab      	bne.n	10008c78 <tud_task_ext+0x2c>
10008d20:	2201      	movs	r2, #1
10008d22:	4d96      	ldr	r5, [pc, #600]	@ (10008f7c <tud_task_ext+0x330>)
10008d24:	2101      	movs	r1, #1
10008d26:	782b      	ldrb	r3, [r5, #0]
10008d28:	2004      	movs	r0, #4
10008d2a:	4313      	orrs	r3, r2
10008d2c:	702b      	strb	r3, [r5, #0]
10008d2e:	2334      	movs	r3, #52	@ 0x34
10008d30:	5cea      	ldrb	r2, [r5, r3]
10008d32:	438a      	bics	r2, r1
10008d34:	54ea      	strb	r2, [r5, r3]
10008d36:	5cea      	ldrb	r2, [r5, r3]
10008d38:	4382      	bics	r2, r0
10008d3a:	54ea      	strb	r2, [r5, r3]
10008d3c:	3301      	adds	r3, #1
10008d3e:	5cea      	ldrb	r2, [r5, r3]
10008d40:	438a      	bics	r2, r1
10008d42:	54ea      	strb	r2, [r5, r3]
10008d44:	5cea      	ldrb	r2, [r5, r3]
10008d46:	4382      	bics	r2, r0
10008d48:	54ea      	strb	r2, [r5, r3]
10008d4a:	7823      	ldrb	r3, [r4, #0]
10008d4c:	2000      	movs	r0, #0
10008d4e:	469b      	mov	fp, r3
10008d50:	f000 fc82 	bl	10009658 <usbd_control_set_complete_callback>
10008d54:	2260      	movs	r2, #96	@ 0x60
10008d56:	7923      	ldrb	r3, [r4, #4]
10008d58:	401a      	ands	r2, r3
10008d5a:	2a60      	cmp	r2, #96	@ 0x60
10008d5c:	d100      	bne.n	10008d60 <tud_task_ext+0x114>
10008d5e:	e0f2      	b.n	10008f46 <tud_task_ext+0x2fa>
10008d60:	2a40      	cmp	r2, #64	@ 0x40
10008d62:	d100      	bne.n	10008d66 <tud_task_ext+0x11a>
10008d64:	e0f8      	b.n	10008f58 <tud_task_ext+0x30c>
10008d66:	06db      	lsls	r3, r3, #27
10008d68:	0edb      	lsrs	r3, r3, #27
10008d6a:	2b01      	cmp	r3, #1
10008d6c:	d100      	bne.n	10008d70 <tud_task_ext+0x124>
10008d6e:	e115      	b.n	10008f9c <tud_task_ext+0x350>
10008d70:	2b02      	cmp	r3, #2
10008d72:	d100      	bne.n	10008d76 <tud_task_ext+0x12a>
10008d74:	e0cb      	b.n	10008f0e <tud_task_ext+0x2c2>
10008d76:	2b00      	cmp	r3, #0
10008d78:	d000      	beq.n	10008d7c <tud_task_ext+0x130>
10008d7a:	e0e4      	b.n	10008f46 <tud_task_ext+0x2fa>
10008d7c:	2a20      	cmp	r2, #32
10008d7e:	d100      	bne.n	10008d82 <tud_task_ext+0x136>
10008d80:	e20f      	b.n	100091a2 <tud_task_ext+0x556>
10008d82:	2a00      	cmp	r2, #0
10008d84:	d000      	beq.n	10008d88 <tud_task_ext+0x13c>
10008d86:	e0de      	b.n	10008f46 <tud_task_ext+0x2fa>
10008d88:	7963      	ldrb	r3, [r4, #5]
10008d8a:	2b09      	cmp	r3, #9
10008d8c:	d900      	bls.n	10008d90 <tud_task_ext+0x144>
10008d8e:	e0da      	b.n	10008f46 <tud_task_ext+0x2fa>
10008d90:	4a7f      	ldr	r2, [pc, #508]	@ (10008f90 <tud_task_ext+0x344>)
10008d92:	009b      	lsls	r3, r3, #2
10008d94:	58d3      	ldr	r3, [r2, r3]
10008d96:	469f      	mov	pc, r3
10008d98:	4d78      	ldr	r5, [pc, #480]	@ (10008f7c <tud_task_ext+0x330>)
10008d9a:	782b      	ldrb	r3, [r5, #0]
10008d9c:	07db      	lsls	r3, r3, #31
10008d9e:	d400      	bmi.n	10008da2 <tud_task_ext+0x156>
10008da0:	e76a      	b.n	10008c78 <tud_task_ext+0x2c>
10008da2:	f7ff fed7 	bl	10008b54 <tud_resume_cb>
10008da6:	e767      	b.n	10008c78 <tud_task_ext+0x2c>
10008da8:	9b02      	ldr	r3, [sp, #8]
10008daa:	78db      	ldrb	r3, [r3, #3]
10008dac:	07db      	lsls	r3, r3, #31
10008dae:	d400      	bmi.n	10008db2 <tud_task_ext+0x166>
10008db0:	e762      	b.n	10008c78 <tud_task_ext+0x2c>
10008db2:	6860      	ldr	r0, [r4, #4]
10008db4:	f7ff fec0 	bl	10008b38 <tud_sof_cb>
10008db8:	e75e      	b.n	10008c78 <tud_task_ext+0x2c>
10008dba:	4d70      	ldr	r5, [pc, #448]	@ (10008f7c <tud_task_ext+0x330>)
10008dbc:	782b      	ldrb	r3, [r5, #0]
10008dbe:	07db      	lsls	r3, r3, #31
10008dc0:	d400      	bmi.n	10008dc4 <tud_task_ext+0x178>
10008dc2:	e759      	b.n	10008c78 <tud_task_ext+0x2c>
10008dc4:	7828      	ldrb	r0, [r5, #0]
10008dc6:	0700      	lsls	r0, r0, #28
10008dc8:	0fc0      	lsrs	r0, r0, #31
10008dca:	f7ff fec1 	bl	10008b50 <tud_suspend_cb>
10008dce:	e753      	b.n	10008c78 <tud_task_ext+0x2c>
10008dd0:	7823      	ldrb	r3, [r4, #0]
10008dd2:	4a6b      	ldr	r2, [pc, #428]	@ (10008f80 <tud_task_ext+0x334>)
10008dd4:	4699      	mov	r9, r3
10008dd6:	4693      	mov	fp, r2
10008dd8:	4b6a      	ldr	r3, [pc, #424]	@ (10008f84 <tud_task_ext+0x338>)
10008dda:	4a6b      	ldr	r2, [pc, #428]	@ (10008f88 <tud_task_ext+0x33c>)
10008ddc:	4698      	mov	r8, r3
10008dde:	4692      	mov	sl, r2
10008de0:	003a      	movs	r2, r7
10008de2:	2500      	movs	r5, #0
10008de4:	4647      	mov	r7, r8
10008de6:	781b      	ldrb	r3, [r3, #0]
10008de8:	46b0      	mov	r8, r6
10008dea:	464e      	mov	r6, r9
10008dec:	4691      	mov	r9, r2
10008dee:	e00e      	b.n	10008e0e <tud_task_ext+0x1c2>
10008df0:	4653      	mov	r3, sl
10008df2:	681b      	ldr	r3, [r3, #0]
10008df4:	016a      	lsls	r2, r5, #5
10008df6:	189b      	adds	r3, r3, r2
10008df8:	2b00      	cmp	r3, #0
10008dfa:	d100      	bne.n	10008dfe <tud_task_ext+0x1b2>
10008dfc:	e07e      	b.n	10008efc <tud_task_ext+0x2b0>
10008dfe:	68db      	ldr	r3, [r3, #12]
10008e00:	0030      	movs	r0, r6
10008e02:	4798      	blx	r3
10008e04:	3501      	adds	r5, #1
10008e06:	783b      	ldrb	r3, [r7, #0]
10008e08:	b2ed      	uxtb	r5, r5
10008e0a:	42ab      	cmp	r3, r5
10008e0c:	d30c      	bcc.n	10008e28 <tud_task_ext+0x1dc>
10008e0e:	42ab      	cmp	r3, r5
10008e10:	d8ee      	bhi.n	10008df0 <tud_task_ext+0x1a4>
10008e12:	1aeb      	subs	r3, r5, r3
10008e14:	015b      	lsls	r3, r3, #5
10008e16:	445b      	add	r3, fp
10008e18:	68db      	ldr	r3, [r3, #12]
10008e1a:	0030      	movs	r0, r6
10008e1c:	4798      	blx	r3
10008e1e:	3501      	adds	r5, #1
10008e20:	783b      	ldrb	r3, [r7, #0]
10008e22:	b2ed      	uxtb	r5, r5
10008e24:	42ab      	cmp	r3, r5
10008e26:	d2f2      	bcs.n	10008e0e <tud_task_ext+0x1c2>
10008e28:	4d54      	ldr	r5, [pc, #336]	@ (10008f7c <tud_task_ext+0x330>)
10008e2a:	2254      	movs	r2, #84	@ 0x54
10008e2c:	2100      	movs	r1, #0
10008e2e:	0028      	movs	r0, r5
10008e30:	f7fd fcc2 	bl	100067b8 <__wrap_memset>
10008e34:	2210      	movs	r2, #16
10008e36:	21ff      	movs	r1, #255	@ 0xff
10008e38:	1d28      	adds	r0, r5, #4
10008e3a:	f7fd fcbd 	bl	100067b8 <__wrap_memset>
10008e3e:	0028      	movs	r0, r5
10008e40:	2220      	movs	r2, #32
10008e42:	21ff      	movs	r1, #255	@ 0xff
10008e44:	3014      	adds	r0, #20
10008e46:	4646      	mov	r6, r8
10008e48:	464f      	mov	r7, r9
10008e4a:	f7fd fcb5 	bl	100067b8 <__wrap_memset>
10008e4e:	f000 fbf9 	bl	10009644 <usbd_control_reset>
10008e52:	7923      	ldrb	r3, [r4, #4]
10008e54:	70ab      	strb	r3, [r5, #2]
10008e56:	e70f      	b.n	10008c78 <tud_task_ext+0x2c>
10008e58:	7823      	ldrb	r3, [r4, #0]
10008e5a:	4a4b      	ldr	r2, [pc, #300]	@ (10008f88 <tud_task_ext+0x33c>)
10008e5c:	4699      	mov	r9, r3
10008e5e:	4b49      	ldr	r3, [pc, #292]	@ (10008f84 <tud_task_ext+0x338>)
10008e60:	4692      	mov	sl, r2
10008e62:	4698      	mov	r8, r3
10008e64:	0032      	movs	r2, r6
10008e66:	46bb      	mov	fp, r7
10008e68:	464e      	mov	r6, r9
10008e6a:	2500      	movs	r5, #0
10008e6c:	4647      	mov	r7, r8
10008e6e:	4691      	mov	r9, r2
10008e70:	781b      	ldrb	r3, [r3, #0]
10008e72:	e00d      	b.n	10008e90 <tud_task_ext+0x244>
10008e74:	4653      	mov	r3, sl
10008e76:	681b      	ldr	r3, [r3, #0]
10008e78:	016a      	lsls	r2, r5, #5
10008e7a:	189b      	adds	r3, r3, r2
10008e7c:	2b00      	cmp	r3, #0
10008e7e:	d041      	beq.n	10008f04 <tud_task_ext+0x2b8>
10008e80:	68db      	ldr	r3, [r3, #12]
10008e82:	0030      	movs	r0, r6
10008e84:	4798      	blx	r3
10008e86:	3501      	adds	r5, #1
10008e88:	783b      	ldrb	r3, [r7, #0]
10008e8a:	b2ed      	uxtb	r5, r5
10008e8c:	42ab      	cmp	r3, r5
10008e8e:	d30e      	bcc.n	10008eae <tud_task_ext+0x262>
10008e90:	429d      	cmp	r5, r3
10008e92:	d3ef      	bcc.n	10008e74 <tud_task_ext+0x228>
10008e94:	9a01      	ldr	r2, [sp, #4]
10008e96:	1aeb      	subs	r3, r5, r3
10008e98:	4694      	mov	ip, r2
10008e9a:	015b      	lsls	r3, r3, #5
10008e9c:	4463      	add	r3, ip
10008e9e:	68db      	ldr	r3, [r3, #12]
10008ea0:	0030      	movs	r0, r6
10008ea2:	4798      	blx	r3
10008ea4:	3501      	adds	r5, #1
10008ea6:	783b      	ldrb	r3, [r7, #0]
10008ea8:	b2ed      	uxtb	r5, r5
10008eaa:	42ab      	cmp	r3, r5
10008eac:	d2f0      	bcs.n	10008e90 <tud_task_ext+0x244>
10008eae:	9d02      	ldr	r5, [sp, #8]
10008eb0:	2254      	movs	r2, #84	@ 0x54
10008eb2:	2100      	movs	r1, #0
10008eb4:	0028      	movs	r0, r5
10008eb6:	f7fd fc7f 	bl	100067b8 <__wrap_memset>
10008eba:	2210      	movs	r2, #16
10008ebc:	21ff      	movs	r1, #255	@ 0xff
10008ebe:	4835      	ldr	r0, [pc, #212]	@ (10008f94 <tud_task_ext+0x348>)
10008ec0:	f7fd fc7a 	bl	100067b8 <__wrap_memset>
10008ec4:	0028      	movs	r0, r5
10008ec6:	2220      	movs	r2, #32
10008ec8:	21ff      	movs	r1, #255	@ 0xff
10008eca:	3014      	adds	r0, #20
10008ecc:	464e      	mov	r6, r9
10008ece:	465f      	mov	r7, fp
10008ed0:	f7fd fc72 	bl	100067b8 <__wrap_memset>
10008ed4:	f000 fbb6 	bl	10009644 <usbd_control_reset>
10008ed8:	f7ff fe38 	bl	10008b4c <tud_umount_cb>
10008edc:	e6cc      	b.n	10008c78 <tud_task_ext+0x2c>
10008ede:	4293      	cmp	r3, r2
10008ee0:	d013      	beq.n	10008f0a <tud_task_ext+0x2be>
10008ee2:	b011      	add	sp, #68	@ 0x44
10008ee4:	bcf0      	pop	{r4, r5, r6, r7}
10008ee6:	46bb      	mov	fp, r7
10008ee8:	46b2      	mov	sl, r6
10008eea:	46a9      	mov	r9, r5
10008eec:	46a0      	mov	r8, r4
10008eee:	bdf0      	pop	{r4, r5, r6, r7, pc}
10008ef0:	68a3      	ldr	r3, [r4, #8]
10008ef2:	7962      	ldrb	r2, [r4, #5]
10008ef4:	7820      	ldrb	r0, [r4, #0]
10008ef6:	f000 fbc3 	bl	10009680 <usbd_control_xfer_cb>
10008efa:	e6bd      	b.n	10008c78 <tud_task_ext+0x2c>
10008efc:	4646      	mov	r6, r8
10008efe:	464f      	mov	r7, r9
10008f00:	4d1e      	ldr	r5, [pc, #120]	@ (10008f7c <tud_task_ext+0x330>)
10008f02:	e7a4      	b.n	10008e4e <tud_task_ext+0x202>
10008f04:	464e      	mov	r6, r9
10008f06:	465f      	mov	r7, fp
10008f08:	e7e4      	b.n	10008ed4 <tud_task_ext+0x288>
10008f0a:	4d1d      	ldr	r5, [pc, #116]	@ (10008f80 <tud_task_ext+0x334>)
10008f0c:	e6f6      	b.n	10008cfc <tud_task_ext+0xb0>
10008f0e:	2370      	movs	r3, #112	@ 0x70
10008f10:	7a21      	ldrb	r1, [r4, #8]
10008f12:	420b      	tst	r3, r1
10008f14:	d117      	bne.n	10008f46 <tud_task_ext+0x2fa>
10008f16:	09c8      	lsrs	r0, r1, #7
10008f18:	4682      	mov	sl, r0
10008f1a:	330f      	adds	r3, #15
10008f1c:	400b      	ands	r3, r1
10008f1e:	005b      	lsls	r3, r3, #1
10008f20:	4698      	mov	r8, r3
10008f22:	4818      	ldr	r0, [pc, #96]	@ (10008f84 <tud_task_ext+0x338>)
10008f24:	18eb      	adds	r3, r5, r3
10008f26:	4453      	add	r3, sl
10008f28:	7d1b      	ldrb	r3, [r3, #20]
10008f2a:	7800      	ldrb	r0, [r0, #0]
10008f2c:	4283      	cmp	r3, r0
10008f2e:	d260      	bcs.n	10008ff2 <tud_task_ext+0x3a6>
10008f30:	4815      	ldr	r0, [pc, #84]	@ (10008f88 <tud_task_ext+0x33c>)
10008f32:	015b      	lsls	r3, r3, #5
10008f34:	6800      	ldr	r0, [r0, #0]
10008f36:	4681      	mov	r9, r0
10008f38:	4499      	add	r9, r3
10008f3a:	2a00      	cmp	r2, #0
10008f3c:	d100      	bne.n	10008f40 <tud_task_ext+0x2f4>
10008f3e:	e14f      	b.n	100091e0 <tud_task_ext+0x594>
10008f40:	464b      	mov	r3, r9
10008f42:	2b00      	cmp	r3, #0
10008f44:	d15d      	bne.n	10009002 <tud_task_ext+0x3b6>
10008f46:	7820      	ldrb	r0, [r4, #0]
10008f48:	2100      	movs	r1, #0
10008f4a:	f7ff fd6b 	bl	10008a24 <dcd_edpt_stall>
10008f4e:	2180      	movs	r1, #128	@ 0x80
10008f50:	7820      	ldrb	r0, [r4, #0]
10008f52:	f7ff fd67 	bl	10008a24 <dcd_edpt_stall>
10008f56:	e68f      	b.n	10008c78 <tud_task_ext+0x2c>
10008f58:	480f      	ldr	r0, [pc, #60]	@ (10008f98 <tud_task_ext+0x34c>)
10008f5a:	f000 fb7d 	bl	10009658 <usbd_control_set_complete_callback>
10008f5e:	2101      	movs	r1, #1
10008f60:	4658      	mov	r0, fp
10008f62:	aa0e      	add	r2, sp, #56	@ 0x38
10008f64:	f7ff fdd4 	bl	10008b10 <tud_vendor_control_xfer_cb>
10008f68:	2800      	cmp	r0, #0
10008f6a:	d000      	beq.n	10008f6e <tud_task_ext+0x322>
10008f6c:	e684      	b.n	10008c78 <tud_task_ext+0x2c>
10008f6e:	e7ea      	b.n	10008f46 <tud_task_ext+0x2fa>
10008f70:	200010e8 	.word	0x200010e8
10008f74:	1000cdb8 	.word	0x1000cdb8
10008f78:	20002188 	.word	0x20002188
10008f7c:	20002134 	.word	0x20002134
10008f80:	1000ce60 	.word	0x1000ce60
10008f84:	20003c34 	.word	0x20003c34
10008f88:	20001dec 	.word	0x20001dec
10008f8c:	20003c36 	.word	0x20003c36
10008f90:	1000cddc 	.word	0x1000cddc
10008f94:	20002138 	.word	0x20002138
10008f98:	10008b11 	.word	0x10008b11
10008f9c:	7a23      	ldrb	r3, [r4, #8]
10008f9e:	2b0f      	cmp	r3, #15
10008fa0:	d8d1      	bhi.n	10008f46 <tud_task_ext+0x2fa>
10008fa2:	4ad6      	ldr	r2, [pc, #856]	@ (100092fc <tud_task_ext+0x6b0>)
10008fa4:	18eb      	adds	r3, r5, r3
10008fa6:	791b      	ldrb	r3, [r3, #4]
10008fa8:	7812      	ldrb	r2, [r2, #0]
10008faa:	4293      	cmp	r3, r2
10008fac:	d334      	bcc.n	10009018 <tud_task_ext+0x3cc>
10008fae:	d1ca      	bne.n	10008f46 <tud_task_ext+0x2fa>
10008fb0:	4dd3      	ldr	r5, [pc, #844]	@ (10009300 <tud_task_ext+0x6b4>)
10008fb2:	6968      	ldr	r0, [r5, #20]
10008fb4:	f000 fb50 	bl	10009658 <usbd_control_set_complete_callback>
10008fb8:	2101      	movs	r1, #1
10008fba:	4658      	mov	r0, fp
10008fbc:	696b      	ldr	r3, [r5, #20]
10008fbe:	aa0e      	add	r2, sp, #56	@ 0x38
10008fc0:	4798      	blx	r3
10008fc2:	2800      	cmp	r0, #0
10008fc4:	d000      	beq.n	10008fc8 <tud_task_ext+0x37c>
10008fc6:	e657      	b.n	10008c78 <tud_task_ext+0x2c>
10008fc8:	2260      	movs	r2, #96	@ 0x60
10008fca:	0015      	movs	r5, r2
10008fcc:	7923      	ldrb	r3, [r4, #4]
10008fce:	401d      	ands	r5, r3
10008fd0:	421a      	tst	r2, r3
10008fd2:	d1b8      	bne.n	10008f46 <tud_task_ext+0x2fa>
10008fd4:	7963      	ldrb	r3, [r4, #5]
10008fd6:	3b0a      	subs	r3, #10
10008fd8:	2b01      	cmp	r3, #1
10008fda:	d8b4      	bhi.n	10008f46 <tud_task_ext+0x2fa>
10008fdc:	f000 fb3c 	bl	10009658 <usbd_control_set_complete_callback>
10008fe0:	7963      	ldrb	r3, [r4, #5]
10008fe2:	2b0a      	cmp	r3, #10
10008fe4:	d100      	bne.n	10008fe8 <tud_task_ext+0x39c>
10008fe6:	e17f      	b.n	100092e8 <tud_task_ext+0x69c>
10008fe8:	4658      	mov	r0, fp
10008fea:	a90e      	add	r1, sp, #56	@ 0x38
10008fec:	f000 fac0 	bl	10009570 <tud_control_status>
10008ff0:	e642      	b.n	10008c78 <tud_task_ext+0x2c>
10008ff2:	4283      	cmp	r3, r0
10008ff4:	d000      	beq.n	10008ff8 <tud_task_ext+0x3ac>
10008ff6:	e0ee      	b.n	100091d6 <tud_task_ext+0x58a>
10008ff8:	4bc1      	ldr	r3, [pc, #772]	@ (10009300 <tud_task_ext+0x6b4>)
10008ffa:	4699      	mov	r9, r3
10008ffc:	2a00      	cmp	r2, #0
10008ffe:	d100      	bne.n	10009002 <tud_task_ext+0x3b6>
10009000:	e0ee      	b.n	100091e0 <tud_task_ext+0x594>
10009002:	464b      	mov	r3, r9
10009004:	6958      	ldr	r0, [r3, #20]
10009006:	f000 fb27 	bl	10009658 <usbd_control_set_complete_callback>
1000900a:	464b      	mov	r3, r9
1000900c:	2101      	movs	r1, #1
1000900e:	4658      	mov	r0, fp
10009010:	695b      	ldr	r3, [r3, #20]
10009012:	aa0e      	add	r2, sp, #56	@ 0x38
10009014:	4798      	blx	r3
10009016:	e7a7      	b.n	10008f68 <tud_task_ext+0x31c>
10009018:	4aba      	ldr	r2, [pc, #744]	@ (10009304 <tud_task_ext+0x6b8>)
1000901a:	015b      	lsls	r3, r3, #5
1000901c:	6815      	ldr	r5, [r2, #0]
1000901e:	18ed      	adds	r5, r5, r3
10009020:	2d00      	cmp	r5, #0
10009022:	d1c6      	bne.n	10008fb2 <tud_task_ext+0x366>
10009024:	e78f      	b.n	10008f46 <tud_task_ext+0x2fa>
10009026:	79a3      	ldrb	r3, [r4, #6]
10009028:	4699      	mov	r9, r3
1000902a:	786b      	ldrb	r3, [r5, #1]
1000902c:	4599      	cmp	r9, r3
1000902e:	d0db      	beq.n	10008fe8 <tud_task_ext+0x39c>
10009030:	786b      	ldrb	r3, [r5, #1]
10009032:	2b00      	cmp	r3, #0
10009034:	d000      	beq.n	10009038 <tud_task_ext+0x3ec>
10009036:	e12a      	b.n	1000928e <tud_task_ext+0x642>
10009038:	464b      	mov	r3, r9
1000903a:	706b      	strb	r3, [r5, #1]
1000903c:	2b00      	cmp	r3, #0
1000903e:	d100      	bne.n	10009042 <tud_task_ext+0x3f6>
10009040:	e122      	b.n	10009288 <tud_task_ext+0x63c>
10009042:	4648      	mov	r0, r9
10009044:	3801      	subs	r0, #1
10009046:	b2c0      	uxtb	r0, r0
10009048:	f7fb fa94 	bl	10004574 <tud_descriptor_configuration_cb>
1000904c:	2800      	cmp	r0, #0
1000904e:	d100      	bne.n	10009052 <tud_task_ext+0x406>
10009050:	e174      	b.n	1000933c <tud_task_ext+0x6f0>
10009052:	7843      	ldrb	r3, [r0, #1]
10009054:	9307      	str	r3, [sp, #28]
10009056:	2b02      	cmp	r3, #2
10009058:	d000      	beq.n	1000905c <tud_task_ext+0x410>
1000905a:	e16f      	b.n	1000933c <tud_task_ext+0x6f0>
1000905c:	2201      	movs	r2, #1
1000905e:	79c1      	ldrb	r1, [r0, #7]
10009060:	46b1      	mov	r9, r6
10009062:	118b      	asrs	r3, r1, #6
10009064:	1149      	asrs	r1, r1, #5
10009066:	4013      	ands	r3, r2
10009068:	400a      	ands	r2, r1
1000906a:	2130      	movs	r1, #48	@ 0x30
1000906c:	0112      	lsls	r2, r2, #4
1000906e:	015b      	lsls	r3, r3, #5
10009070:	4313      	orrs	r3, r2
10009072:	782a      	ldrb	r2, [r5, #0]
10009074:	46a8      	mov	r8, r5
10009076:	438a      	bics	r2, r1
10009078:	4313      	orrs	r3, r2
1000907a:	702b      	strb	r3, [r5, #0]
1000907c:	2309      	movs	r3, #9
1000907e:	469a      	mov	sl, r3
10009080:	4482      	add	sl, r0
10009082:	4656      	mov	r6, sl
10009084:	46ba      	mov	sl, r7
10009086:	78c3      	ldrb	r3, [r0, #3]
10009088:	7882      	ldrb	r2, [r0, #2]
1000908a:	021b      	lsls	r3, r3, #8
1000908c:	4313      	orrs	r3, r2
1000908e:	18c3      	adds	r3, r0, r3
10009090:	9305      	str	r3, [sp, #20]
10009092:	4b9a      	ldr	r3, [pc, #616]	@ (100092fc <tud_task_ext+0x6b0>)
10009094:	9304      	str	r3, [sp, #16]
10009096:	4b9a      	ldr	r3, [pc, #616]	@ (10009300 <tud_task_ext+0x6b4>)
10009098:	9308      	str	r3, [sp, #32]
1000909a:	4b9a      	ldr	r3, [pc, #616]	@ (10009304 <tud_task_ext+0x6b8>)
1000909c:	9309      	str	r3, [sp, #36]	@ 0x24
1000909e:	4b9a      	ldr	r3, [pc, #616]	@ (10009308 <tud_task_ext+0x6bc>)
100090a0:	930a      	str	r3, [sp, #40]	@ 0x28
100090a2:	9b05      	ldr	r3, [sp, #20]
100090a4:	42b3      	cmp	r3, r6
100090a6:	d800      	bhi.n	100090aa <tud_task_ext+0x45e>
100090a8:	e14b      	b.n	10009342 <tud_task_ext+0x6f6>
100090aa:	7873      	ldrb	r3, [r6, #1]
100090ac:	2201      	movs	r2, #1
100090ae:	2b0b      	cmp	r3, #11
100090b0:	d103      	bne.n	100090ba <tud_task_ext+0x46e>
100090b2:	7833      	ldrb	r3, [r6, #0]
100090b4:	78f2      	ldrb	r2, [r6, #3]
100090b6:	18f6      	adds	r6, r6, r3
100090b8:	7873      	ldrb	r3, [r6, #1]
100090ba:	2b04      	cmp	r3, #4
100090bc:	d000      	beq.n	100090c0 <tud_task_ext+0x474>
100090be:	e13a      	b.n	10009336 <tud_task_ext+0x6ea>
100090c0:	9b05      	ldr	r3, [sp, #20]
100090c2:	2700      	movs	r7, #0
100090c4:	1b9b      	subs	r3, r3, r6
100090c6:	b29b      	uxth	r3, r3
100090c8:	9306      	str	r3, [sp, #24]
100090ca:	9b04      	ldr	r3, [sp, #16]
100090cc:	920b      	str	r2, [sp, #44]	@ 0x2c
100090ce:	781d      	ldrb	r5, [r3, #0]
100090d0:	e019      	b.n	10009106 <tud_task_ext+0x4ba>
100090d2:	9a09      	ldr	r2, [sp, #36]	@ 0x24
100090d4:	017b      	lsls	r3, r7, #5
100090d6:	6815      	ldr	r5, [r2, #0]
100090d8:	18ed      	adds	r5, r5, r3
100090da:	2d00      	cmp	r5, #0
100090dc:	d100      	bne.n	100090e0 <tud_task_ext+0x494>
100090de:	e12a      	b.n	10009336 <tud_task_ext+0x6ea>
100090e0:	0031      	movs	r1, r6
100090e2:	4658      	mov	r0, fp
100090e4:	692b      	ldr	r3, [r5, #16]
100090e6:	9a06      	ldr	r2, [sp, #24]
100090e8:	4798      	blx	r3
100090ea:	4684      	mov	ip, r0
100090ec:	2808      	cmp	r0, #8
100090ee:	d903      	bls.n	100090f8 <tud_task_ext+0x4ac>
100090f0:	9a06      	ldr	r2, [sp, #24]
100090f2:	4282      	cmp	r2, r0
100090f4:	d300      	bcc.n	100090f8 <tud_task_ext+0x4ac>
100090f6:	e10b      	b.n	10009310 <tud_task_ext+0x6c4>
100090f8:	9b04      	ldr	r3, [sp, #16]
100090fa:	3701      	adds	r7, #1
100090fc:	781d      	ldrb	r5, [r3, #0]
100090fe:	b2ff      	uxtb	r7, r7
10009100:	42bd      	cmp	r5, r7
10009102:	d200      	bcs.n	10009106 <tud_task_ext+0x4ba>
10009104:	e117      	b.n	10009336 <tud_task_ext+0x6ea>
10009106:	42bd      	cmp	r5, r7
10009108:	d8e3      	bhi.n	100090d2 <tud_task_ext+0x486>
1000910a:	9b08      	ldr	r3, [sp, #32]
1000910c:	1b7d      	subs	r5, r7, r5
1000910e:	469c      	mov	ip, r3
10009110:	016d      	lsls	r5, r5, #5
10009112:	4465      	add	r5, ip
10009114:	e7e4      	b.n	100090e0 <tud_task_ext+0x494>
10009116:	786b      	ldrb	r3, [r5, #1]
10009118:	aa0c      	add	r2, sp, #48	@ 0x30
1000911a:	3202      	adds	r2, #2
1000911c:	7013      	strb	r3, [r2, #0]
1000911e:	4658      	mov	r0, fp
10009120:	2301      	movs	r3, #1
10009122:	a90e      	add	r1, sp, #56	@ 0x38
10009124:	f000 fa3a 	bl	1000959c <tud_control_xfer>
10009128:	e5a6      	b.n	10008c78 <tud_task_ext+0x2c>
1000912a:	88e3      	ldrh	r3, [r4, #6]
1000912c:	0a1a      	lsrs	r2, r3, #8
1000912e:	b2d8      	uxtb	r0, r3
10009130:	2a0f      	cmp	r2, #15
10009132:	d900      	bls.n	10009136 <tud_task_ext+0x4ea>
10009134:	e707      	b.n	10008f46 <tud_task_ext+0x2fa>
10009136:	4975      	ldr	r1, [pc, #468]	@ (1000930c <tud_task_ext+0x6c0>)
10009138:	0093      	lsls	r3, r2, #2
1000913a:	58cb      	ldr	r3, [r1, r3]
1000913c:	469f      	mov	pc, r3
1000913e:	a80e      	add	r0, sp, #56	@ 0x38
10009140:	f000 fa90 	bl	10009664 <usbd_control_set_request>
10009144:	4658      	mov	r0, fp
10009146:	79a1      	ldrb	r1, [r4, #6]
10009148:	f7ff fba6 	bl	10008898 <dcd_set_address>
1000914c:	2202      	movs	r2, #2
1000914e:	782b      	ldrb	r3, [r5, #0]
10009150:	4313      	orrs	r3, r2
10009152:	702b      	strb	r3, [r5, #0]
10009154:	e590      	b.n	10008c78 <tud_task_ext+0x2c>
10009156:	88e3      	ldrh	r3, [r4, #6]
10009158:	2b01      	cmp	r3, #1
1000915a:	d000      	beq.n	1000915e <tud_task_ext+0x512>
1000915c:	e6f3      	b.n	10008f46 <tud_task_ext+0x2fa>
1000915e:	2208      	movs	r2, #8
10009160:	782b      	ldrb	r3, [r5, #0]
10009162:	4658      	mov	r0, fp
10009164:	4393      	bics	r3, r2
10009166:	a90e      	add	r1, sp, #56	@ 0x38
10009168:	702b      	strb	r3, [r5, #0]
1000916a:	f000 fa01 	bl	10009570 <tud_control_status>
1000916e:	e583      	b.n	10008c78 <tud_task_ext+0x2c>
10009170:	2002      	movs	r0, #2
10009172:	7829      	ldrb	r1, [r5, #0]
10009174:	ab0c      	add	r3, sp, #48	@ 0x30
10009176:	1c9a      	adds	r2, r3, #2
10009178:	068b      	lsls	r3, r1, #26
1000917a:	0889      	lsrs	r1, r1, #2
1000917c:	0fdb      	lsrs	r3, r3, #31
1000917e:	4001      	ands	r1, r0
10009180:	430b      	orrs	r3, r1
10009182:	8013      	strh	r3, [r2, #0]
10009184:	4658      	mov	r0, fp
10009186:	2302      	movs	r3, #2
10009188:	a90e      	add	r1, sp, #56	@ 0x38
1000918a:	f000 fa07 	bl	1000959c <tud_control_xfer>
1000918e:	e573      	b.n	10008c78 <tud_task_ext+0x2c>
10009190:	88e3      	ldrh	r3, [r4, #6]
10009192:	2b01      	cmp	r3, #1
10009194:	d000      	beq.n	10009198 <tud_task_ext+0x54c>
10009196:	e6d6      	b.n	10008f46 <tud_task_ext+0x2fa>
10009198:	2208      	movs	r2, #8
1000919a:	782b      	ldrb	r3, [r5, #0]
1000919c:	4313      	orrs	r3, r2
1000919e:	702b      	strb	r3, [r5, #0]
100091a0:	e722      	b.n	10008fe8 <tud_task_ext+0x39c>
100091a2:	7a23      	ldrb	r3, [r4, #8]
100091a4:	2b0f      	cmp	r3, #15
100091a6:	d900      	bls.n	100091aa <tud_task_ext+0x55e>
100091a8:	e6cd      	b.n	10008f46 <tud_task_ext+0x2fa>
100091aa:	4a54      	ldr	r2, [pc, #336]	@ (100092fc <tud_task_ext+0x6b0>)
100091ac:	18eb      	adds	r3, r5, r3
100091ae:	791b      	ldrb	r3, [r3, #4]
100091b0:	7812      	ldrb	r2, [r2, #0]
100091b2:	4293      	cmp	r3, r2
100091b4:	d228      	bcs.n	10009208 <tud_task_ext+0x5bc>
100091b6:	4a53      	ldr	r2, [pc, #332]	@ (10009304 <tud_task_ext+0x6b8>)
100091b8:	015b      	lsls	r3, r3, #5
100091ba:	6815      	ldr	r5, [r2, #0]
100091bc:	18ed      	adds	r5, r5, r3
100091be:	2d00      	cmp	r5, #0
100091c0:	d100      	bne.n	100091c4 <tud_task_ext+0x578>
100091c2:	e6c0      	b.n	10008f46 <tud_task_ext+0x2fa>
100091c4:	6968      	ldr	r0, [r5, #20]
100091c6:	f000 fa47 	bl	10009658 <usbd_control_set_complete_callback>
100091ca:	2101      	movs	r1, #1
100091cc:	4658      	mov	r0, fp
100091ce:	696b      	ldr	r3, [r5, #20]
100091d0:	aa0e      	add	r2, sp, #56	@ 0x38
100091d2:	4798      	blx	r3
100091d4:	e6c8      	b.n	10008f68 <tud_task_ext+0x31c>
100091d6:	2a00      	cmp	r2, #0
100091d8:	d000      	beq.n	100091dc <tud_task_ext+0x590>
100091da:	e6b4      	b.n	10008f46 <tud_task_ext+0x2fa>
100091dc:	2300      	movs	r3, #0
100091de:	4699      	mov	r9, r3
100091e0:	7962      	ldrb	r2, [r4, #5]
100091e2:	2002      	movs	r0, #2
100091e4:	0013      	movs	r3, r2
100091e6:	9204      	str	r2, [sp, #16]
100091e8:	4383      	bics	r3, r0
100091ea:	2b01      	cmp	r3, #1
100091ec:	d011      	beq.n	10009212 <tud_task_ext+0x5c6>
100091ee:	2a00      	cmp	r2, #0
100091f0:	d000      	beq.n	100091f4 <tud_task_ext+0x5a8>
100091f2:	e6a8      	b.n	10008f46 <tud_task_ext+0x2fa>
100091f4:	002b      	movs	r3, r5
100091f6:	4443      	add	r3, r8
100091f8:	4453      	add	r3, sl
100091fa:	3330      	adds	r3, #48	@ 0x30
100091fc:	791b      	ldrb	r3, [r3, #4]
100091fe:	aa0c      	add	r2, sp, #48	@ 0x30
10009200:	079b      	lsls	r3, r3, #30
10009202:	0fdb      	lsrs	r3, r3, #31
10009204:	3202      	adds	r2, #2
10009206:	e7bc      	b.n	10009182 <tud_task_ext+0x536>
10009208:	4293      	cmp	r3, r2
1000920a:	d000      	beq.n	1000920e <tud_task_ext+0x5c2>
1000920c:	e69b      	b.n	10008f46 <tud_task_ext+0x2fa>
1000920e:	4d3c      	ldr	r5, [pc, #240]	@ (10009300 <tud_task_ext+0x6b4>)
10009210:	e7d8      	b.n	100091c4 <tud_task_ext+0x578>
10009212:	88e3      	ldrh	r3, [r4, #6]
10009214:	2b00      	cmp	r3, #0
10009216:	d112      	bne.n	1000923e <tud_task_ext+0x5f2>
10009218:	9b03      	ldr	r3, [sp, #12]
1000921a:	7818      	ldrb	r0, [r3, #0]
1000921c:	9b04      	ldr	r3, [sp, #16]
1000921e:	2b01      	cmp	r3, #1
10009220:	d023      	beq.n	1000926a <tud_task_ext+0x61e>
10009222:	f7ff fbff 	bl	10008a24 <dcd_edpt_stall>
10009226:	4643      	mov	r3, r8
10009228:	2102      	movs	r1, #2
1000922a:	18eb      	adds	r3, r5, r3
1000922c:	4453      	add	r3, sl
1000922e:	3330      	adds	r3, #48	@ 0x30
10009230:	791a      	ldrb	r2, [r3, #4]
10009232:	430a      	orrs	r2, r1
10009234:	2101      	movs	r1, #1
10009236:	711a      	strb	r2, [r3, #4]
10009238:	791a      	ldrb	r2, [r3, #4]
1000923a:	430a      	orrs	r2, r1
1000923c:	711a      	strb	r2, [r3, #4]
1000923e:	464b      	mov	r3, r9
10009240:	2b00      	cmp	r3, #0
10009242:	d100      	bne.n	10009246 <tud_task_ext+0x5fa>
10009244:	e518      	b.n	10008c78 <tud_task_ext+0x2c>
10009246:	6958      	ldr	r0, [r3, #20]
10009248:	f000 fa06 	bl	10009658 <usbd_control_set_complete_callback>
1000924c:	464b      	mov	r3, r9
1000924e:	2101      	movs	r1, #1
10009250:	695b      	ldr	r3, [r3, #20]
10009252:	aa0e      	add	r2, sp, #56	@ 0x38
10009254:	4658      	mov	r0, fp
10009256:	4798      	blx	r3
10009258:	2000      	movs	r0, #0
1000925a:	f000 f9fd 	bl	10009658 <usbd_control_set_complete_callback>
1000925e:	2335      	movs	r3, #53	@ 0x35
10009260:	5ceb      	ldrb	r3, [r5, r3]
10009262:	07db      	lsls	r3, r3, #31
10009264:	d500      	bpl.n	10009268 <tud_task_ext+0x61c>
10009266:	e507      	b.n	10008c78 <tud_task_ext+0x2c>
10009268:	e6be      	b.n	10008fe8 <tud_task_ext+0x39c>
1000926a:	f7ff fbf9 	bl	10008a60 <dcd_edpt_clear_stall>
1000926e:	4643      	mov	r3, r8
10009270:	2102      	movs	r1, #2
10009272:	18eb      	adds	r3, r5, r3
10009274:	4453      	add	r3, sl
10009276:	3330      	adds	r3, #48	@ 0x30
10009278:	791a      	ldrb	r2, [r3, #4]
1000927a:	438a      	bics	r2, r1
1000927c:	711a      	strb	r2, [r3, #4]
1000927e:	791a      	ldrb	r2, [r3, #4]
10009280:	9904      	ldr	r1, [sp, #16]
10009282:	438a      	bics	r2, r1
10009284:	711a      	strb	r2, [r3, #4]
10009286:	e7da      	b.n	1000923e <tud_task_ext+0x5f2>
10009288:	f7ff fc60 	bl	10008b4c <tud_umount_cb>
1000928c:	e6ac      	b.n	10008fe8 <tud_task_ext+0x39c>
1000928e:	2100      	movs	r1, #0
10009290:	4658      	mov	r0, fp
10009292:	f7ff fb0b 	bl	100088ac <dcd_sof_enable>
10009296:	4658      	mov	r0, fp
10009298:	f7ff fbae 	bl	100089f8 <dcd_edpt_close_all>
1000929c:	2200      	movs	r2, #0
1000929e:	4692      	mov	sl, r2
100092a0:	4a17      	ldr	r2, [pc, #92]	@ (10009300 <tud_task_ext+0x6b4>)
100092a2:	78ab      	ldrb	r3, [r5, #2]
100092a4:	9205      	str	r2, [sp, #20]
100092a6:	4a17      	ldr	r2, [pc, #92]	@ (10009304 <tud_task_ext+0x6b8>)
100092a8:	9304      	str	r3, [sp, #16]
100092aa:	9206      	str	r2, [sp, #24]
100092ac:	002a      	movs	r2, r5
100092ae:	4b13      	ldr	r3, [pc, #76]	@ (100092fc <tud_task_ext+0x6b0>)
100092b0:	4655      	mov	r5, sl
100092b2:	4698      	mov	r8, r3
100092b4:	4692      	mov	sl, r2
100092b6:	781b      	ldrb	r3, [r3, #0]
100092b8:	e00e      	b.n	100092d8 <tud_task_ext+0x68c>
100092ba:	9b06      	ldr	r3, [sp, #24]
100092bc:	016a      	lsls	r2, r5, #5
100092be:	681b      	ldr	r3, [r3, #0]
100092c0:	189b      	adds	r3, r3, r2
100092c2:	2b00      	cmp	r3, #0
100092c4:	d056      	beq.n	10009374 <tud_task_ext+0x728>
100092c6:	68db      	ldr	r3, [r3, #12]
100092c8:	4658      	mov	r0, fp
100092ca:	4798      	blx	r3
100092cc:	4643      	mov	r3, r8
100092ce:	3501      	adds	r5, #1
100092d0:	781b      	ldrb	r3, [r3, #0]
100092d2:	b2ed      	uxtb	r5, r5
100092d4:	42ab      	cmp	r3, r5
100092d6:	d339      	bcc.n	1000934c <tud_task_ext+0x700>
100092d8:	42ab      	cmp	r3, r5
100092da:	d8ee      	bhi.n	100092ba <tud_task_ext+0x66e>
100092dc:	9a05      	ldr	r2, [sp, #20]
100092de:	1aeb      	subs	r3, r5, r3
100092e0:	4694      	mov	ip, r2
100092e2:	015b      	lsls	r3, r3, #5
100092e4:	4463      	add	r3, ip
100092e6:	e7ee      	b.n	100092c6 <tud_task_ext+0x67a>
100092e8:	ab0c      	add	r3, sp, #48	@ 0x30
100092ea:	1c9a      	adds	r2, r3, #2
100092ec:	4658      	mov	r0, fp
100092ee:	2301      	movs	r3, #1
100092f0:	a90e      	add	r1, sp, #56	@ 0x38
100092f2:	7015      	strb	r5, [r2, #0]
100092f4:	f000 f952 	bl	1000959c <tud_control_xfer>
100092f8:	e4be      	b.n	10008c78 <tud_task_ext+0x2c>
100092fa:	46c0      	nop			@ (mov r8, r8)
100092fc:	20003c34 	.word	0x20003c34
10009300:	1000ce60 	.word	0x1000ce60
10009304:	20001dec 	.word	0x20001dec
10009308:	20002148 	.word	0x20002148
1000930c:	1000ce04 	.word	0x1000ce04
10009310:	9a0b      	ldr	r2, [sp, #44]	@ 0x2c
10009312:	2a01      	cmp	r2, #1
10009314:	d04d      	beq.n	100093b2 <tud_task_ext+0x766>
10009316:	2a00      	cmp	r2, #0
10009318:	d03c      	beq.n	10009394 <tud_task_ext+0x748>
1000931a:	2300      	movs	r3, #0
1000931c:	78b0      	ldrb	r0, [r6, #2]
1000931e:	e004      	b.n	1000932a <tud_task_ext+0x6de>
10009320:	3301      	adds	r3, #1
10009322:	b2db      	uxtb	r3, r3
10009324:	710f      	strb	r7, [r1, #4]
10009326:	4293      	cmp	r3, r2
10009328:	d234      	bcs.n	10009394 <tud_task_ext+0x748>
1000932a:	18c1      	adds	r1, r0, r3
1000932c:	b2c9      	uxtb	r1, r1
1000932e:	4441      	add	r1, r8
10009330:	790d      	ldrb	r5, [r1, #4]
10009332:	2dff      	cmp	r5, #255	@ 0xff
10009334:	d0f4      	beq.n	10009320 <tud_task_ext+0x6d4>
10009336:	464e      	mov	r6, r9
10009338:	4645      	mov	r5, r8
1000933a:	4657      	mov	r7, sl
1000933c:	2300      	movs	r3, #0
1000933e:	706b      	strb	r3, [r5, #1]
10009340:	e601      	b.n	10008f46 <tud_task_ext+0x2fa>
10009342:	464e      	mov	r6, r9
10009344:	4657      	mov	r7, sl
10009346:	f7ff fbff 	bl	10008b48 <tud_mount_cb>
1000934a:	e64d      	b.n	10008fe8 <tud_task_ext+0x39c>
1000934c:	4655      	mov	r5, sl
1000934e:	2254      	movs	r2, #84	@ 0x54
10009350:	2100      	movs	r1, #0
10009352:	0028      	movs	r0, r5
10009354:	f7fd fa30 	bl	100067b8 <__wrap_memset>
10009358:	2210      	movs	r2, #16
1000935a:	21ff      	movs	r1, #255	@ 0xff
1000935c:	1d28      	adds	r0, r5, #4
1000935e:	f7fd fa2b 	bl	100067b8 <__wrap_memset>
10009362:	0028      	movs	r0, r5
10009364:	2220      	movs	r2, #32
10009366:	21ff      	movs	r1, #255	@ 0xff
10009368:	3014      	adds	r0, #20
1000936a:	f7fd fa25 	bl	100067b8 <__wrap_memset>
1000936e:	9b04      	ldr	r3, [sp, #16]
10009370:	70ab      	strb	r3, [r5, #2]
10009372:	e661      	b.n	10009038 <tud_task_ext+0x3ec>
10009374:	4655      	mov	r5, sl
10009376:	e7fa      	b.n	1000936e <tud_task_ext+0x722>
10009378:	f7ff fbe0 	bl	10008b3c <tud_descriptor_bos_cb>
1000937c:	1e02      	subs	r2, r0, #0
1000937e:	d100      	bne.n	10009382 <tud_task_ext+0x736>
10009380:	e5e1      	b.n	10008f46 <tud_task_ext+0x2fa>
10009382:	78d3      	ldrb	r3, [r2, #3]
10009384:	7891      	ldrb	r1, [r2, #2]
10009386:	021b      	lsls	r3, r3, #8
10009388:	430b      	orrs	r3, r1
1000938a:	4658      	mov	r0, fp
1000938c:	a90e      	add	r1, sp, #56	@ 0x38
1000938e:	f000 f905 	bl	1000959c <tud_control_xfer>
10009392:	e5e9      	b.n	10008f68 <tud_task_ext+0x31c>
10009394:	4665      	mov	r5, ip
10009396:	003b      	movs	r3, r7
10009398:	0031      	movs	r1, r6
1000939a:	002a      	movs	r2, r5
1000939c:	980a      	ldr	r0, [sp, #40]	@ 0x28
1000939e:	f000 fd2d 	bl	10009dfc <tu_edpt_bind_driver>
100093a2:	46ac      	mov	ip, r5
100093a4:	9b04      	ldr	r3, [sp, #16]
100093a6:	4466      	add	r6, ip
100093a8:	781b      	ldrb	r3, [r3, #0]
100093aa:	42bb      	cmp	r3, r7
100093ac:	d300      	bcc.n	100093b0 <tud_task_ext+0x764>
100093ae:	e678      	b.n	100090a2 <tud_task_ext+0x456>
100093b0:	e7c1      	b.n	10009336 <tud_task_ext+0x6ea>
100093b2:	4b17      	ldr	r3, [pc, #92]	@ (10009410 <tud_task_ext+0x7c4>)
100093b4:	6929      	ldr	r1, [r5, #16]
100093b6:	4299      	cmp	r1, r3
100093b8:	d1af      	bne.n	1000931a <tud_task_ext+0x6ce>
100093ba:	9a07      	ldr	r2, [sp, #28]
100093bc:	e7ad      	b.n	1000931a <tud_task_ext+0x6ce>
100093be:	f7ff fbbf 	bl	10008b40 <tud_descriptor_device_qualifier_cb>
100093c2:	1e02      	subs	r2, r0, #0
100093c4:	d100      	bne.n	100093c8 <tud_task_ext+0x77c>
100093c6:	e5be      	b.n	10008f46 <tud_task_ext+0x2fa>
100093c8:	4658      	mov	r0, fp
100093ca:	7813      	ldrb	r3, [r2, #0]
100093cc:	a90e      	add	r1, sp, #56	@ 0x38
100093ce:	f000 f8e5 	bl	1000959c <tud_control_xfer>
100093d2:	e5c9      	b.n	10008f68 <tud_task_ext+0x31c>
100093d4:	8921      	ldrh	r1, [r4, #8]
100093d6:	f7fb f8d1 	bl	1000457c <tud_descriptor_string_cb>
100093da:	1e02      	subs	r2, r0, #0
100093dc:	d1f4      	bne.n	100093c8 <tud_task_ext+0x77c>
100093de:	e5b2      	b.n	10008f46 <tud_task_ext+0x2fa>
100093e0:	2a02      	cmp	r2, #2
100093e2:	d00f      	beq.n	10009404 <tud_task_ext+0x7b8>
100093e4:	f7ff fbae 	bl	10008b44 <tud_descriptor_other_speed_configuration_cb>
100093e8:	1e02      	subs	r2, r0, #0
100093ea:	d1ca      	bne.n	10009382 <tud_task_ext+0x736>
100093ec:	e5ab      	b.n	10008f46 <tud_task_ext+0x2fa>
100093ee:	f7fb f8bd 	bl	1000456c <tud_descriptor_device_cb>
100093f2:	1e02      	subs	r2, r0, #0
100093f4:	d100      	bne.n	100093f8 <tud_task_ext+0x7ac>
100093f6:	e5a6      	b.n	10008f46 <tud_task_ext+0x2fa>
100093f8:	2312      	movs	r3, #18
100093fa:	4658      	mov	r0, fp
100093fc:	a90e      	add	r1, sp, #56	@ 0x38
100093fe:	f000 f8cd 	bl	1000959c <tud_control_xfer>
10009402:	e5b1      	b.n	10008f68 <tud_task_ext+0x31c>
10009404:	f7fb f8b6 	bl	10004574 <tud_descriptor_configuration_cb>
10009408:	1e02      	subs	r2, r0, #0
1000940a:	d1ba      	bne.n	10009382 <tud_task_ext+0x736>
1000940c:	e59b      	b.n	10008f46 <tud_task_ext+0x2fa>
1000940e:	46c0      	nop			@ (mov r8, r8)
10009410:	10009a51 	.word	0x10009a51

10009414 <usbd_open_edpt_pair>:
10009414:	b5f8      	push	{r3, r4, r5, r6, r7, lr}
10009416:	4657      	mov	r7, sl
10009418:	464e      	mov	r6, r9
1000941a:	46de      	mov	lr, fp
1000941c:	4645      	mov	r5, r8
1000941e:	000c      	movs	r4, r1
10009420:	b5e0      	push	{r5, r6, r7, lr}
10009422:	0016      	movs	r6, r2
10009424:	001f      	movs	r7, r3
10009426:	2a00      	cmp	r2, #0
10009428:	d03c      	beq.n	100094a4 <usbd_open_edpt_pair+0x90>
1000942a:	2370      	movs	r3, #112	@ 0x70
1000942c:	4698      	mov	r8, r3
1000942e:	4b1e      	ldr	r3, [pc, #120]	@ (100094a8 <usbd_open_edpt_pair+0x94>)
10009430:	2500      	movs	r5, #0
10009432:	469b      	mov	fp, r3
10009434:	4b1d      	ldr	r3, [pc, #116]	@ (100094ac <usbd_open_edpt_pair+0x98>)
10009436:	469a      	mov	sl, r3
10009438:	e01a      	b.n	10009470 <usbd_open_edpt_pair+0x5c>
1000943a:	465b      	mov	r3, fp
1000943c:	781b      	ldrb	r3, [r3, #0]
1000943e:	0020      	movs	r0, r4
10009440:	4699      	mov	r9, r3
10009442:	4653      	mov	r3, sl
10009444:	7899      	ldrb	r1, [r3, #2]
10009446:	f000 fc9b 	bl	10009d80 <tu_edpt_validate>
1000944a:	2800      	cmp	r0, #0
1000944c:	d01c      	beq.n	10009488 <usbd_open_edpt_pair+0x74>
1000944e:	0021      	movs	r1, r4
10009450:	4648      	mov	r0, r9
10009452:	f7ff fa47 	bl	100088e4 <dcd_edpt_open>
10009456:	2800      	cmp	r0, #0
10009458:	d016      	beq.n	10009488 <usbd_open_edpt_pair+0x74>
1000945a:	78a3      	ldrb	r3, [r4, #2]
1000945c:	09da      	lsrs	r2, r3, #7
1000945e:	2a01      	cmp	r2, #1
10009460:	d019      	beq.n	10009496 <usbd_open_edpt_pair+0x82>
10009462:	9a0a      	ldr	r2, [sp, #40]	@ 0x28
10009464:	3501      	adds	r5, #1
10009466:	7013      	strb	r3, [r2, #0]
10009468:	7823      	ldrb	r3, [r4, #0]
1000946a:	18e4      	adds	r4, r4, r3
1000946c:	42b5      	cmp	r5, r6
1000946e:	da19      	bge.n	100094a4 <usbd_open_edpt_pair+0x90>
10009470:	7863      	ldrb	r3, [r4, #1]
10009472:	2b05      	cmp	r3, #5
10009474:	d108      	bne.n	10009488 <usbd_open_edpt_pair+0x74>
10009476:	78e3      	ldrb	r3, [r4, #3]
10009478:	079b      	lsls	r3, r3, #30
1000947a:	0f9b      	lsrs	r3, r3, #30
1000947c:	42bb      	cmp	r3, r7
1000947e:	d103      	bne.n	10009488 <usbd_open_edpt_pair+0x74>
10009480:	4642      	mov	r2, r8
10009482:	78a3      	ldrb	r3, [r4, #2]
10009484:	421a      	tst	r2, r3
10009486:	d0d8      	beq.n	1000943a <usbd_open_edpt_pair+0x26>
10009488:	2000      	movs	r0, #0
1000948a:	bcf0      	pop	{r4, r5, r6, r7}
1000948c:	46bb      	mov	fp, r7
1000948e:	46b2      	mov	sl, r6
10009490:	46a9      	mov	r9, r5
10009492:	46a0      	mov	r8, r4
10009494:	bdf8      	pop	{r3, r4, r5, r6, r7, pc}
10009496:	9a0b      	ldr	r2, [sp, #44]	@ 0x2c
10009498:	3501      	adds	r5, #1
1000949a:	7013      	strb	r3, [r2, #0]
1000949c:	7823      	ldrb	r3, [r4, #0]
1000949e:	18e4      	adds	r4, r4, r3
100094a0:	42b5      	cmp	r5, r6
100094a2:	dbe5      	blt.n	10009470 <usbd_open_edpt_pair+0x5c>
100094a4:	2001      	movs	r0, #1
100094a6:	e7f0      	b.n	1000948a <usbd_open_edpt_pair+0x76>
100094a8:	200010e8 	.word	0x200010e8
100094ac:	20002134 	.word	0x20002134

100094b0 <usbd_edpt_open>:
100094b0:	2270      	movs	r2, #112	@ 0x70
100094b2:	b570      	push	{r4, r5, r6, lr}
100094b4:	788b      	ldrb	r3, [r1, #2]
100094b6:	000c      	movs	r4, r1
100094b8:	421a      	tst	r2, r3
100094ba:	d001      	beq.n	100094c0 <usbd_edpt_open+0x10>
100094bc:	2000      	movs	r0, #0
100094be:	bd70      	pop	{r4, r5, r6, pc}
100094c0:	4b06      	ldr	r3, [pc, #24]	@ (100094dc <usbd_edpt_open+0x2c>)
100094c2:	0020      	movs	r0, r4
100094c4:	781d      	ldrb	r5, [r3, #0]
100094c6:	4b06      	ldr	r3, [pc, #24]	@ (100094e0 <usbd_edpt_open+0x30>)
100094c8:	7899      	ldrb	r1, [r3, #2]
100094ca:	f000 fc59 	bl	10009d80 <tu_edpt_validate>
100094ce:	2800      	cmp	r0, #0
100094d0:	d0f4      	beq.n	100094bc <usbd_edpt_open+0xc>
100094d2:	0021      	movs	r1, r4
100094d4:	0028      	movs	r0, r5
100094d6:	f7ff fa05 	bl	100088e4 <dcd_edpt_open>
100094da:	e7f0      	b.n	100094be <usbd_edpt_open+0xe>
100094dc:	200010e8 	.word	0x200010e8
100094e0:	20002134 	.word	0x20002134

100094e4 <usbd_edpt_claim>:
100094e4:	207f      	movs	r0, #127	@ 0x7f
100094e6:	b510      	push	{r4, lr}
100094e8:	4008      	ands	r0, r1
100094ea:	09c9      	lsrs	r1, r1, #7
100094ec:	4b04      	ldr	r3, [pc, #16]	@ (10009500 <usbd_edpt_claim+0x1c>)
100094ee:	3134      	adds	r1, #52	@ 0x34
100094f0:	0040      	lsls	r0, r0, #1
100094f2:	1840      	adds	r0, r0, r1
100094f4:	18c0      	adds	r0, r0, r3
100094f6:	2100      	movs	r1, #0
100094f8:	f000 fc16 	bl	10009d28 <tu_edpt_claim>
100094fc:	bd10      	pop	{r4, pc}
100094fe:	46c0      	nop			@ (mov r8, r8)
10009500:	20002134 	.word	0x20002134

10009504 <usbd_edpt_release>:
10009504:	207f      	movs	r0, #127	@ 0x7f
10009506:	b510      	push	{r4, lr}
10009508:	4008      	ands	r0, r1
1000950a:	09c9      	lsrs	r1, r1, #7
1000950c:	4b04      	ldr	r3, [pc, #16]	@ (10009520 <usbd_edpt_release+0x1c>)
1000950e:	3134      	adds	r1, #52	@ 0x34
10009510:	0040      	lsls	r0, r0, #1
10009512:	1840      	adds	r0, r0, r1
10009514:	18c0      	adds	r0, r0, r3
10009516:	2100      	movs	r1, #0
10009518:	f000 fc20 	bl	10009d5c <tu_edpt_release>
1000951c:	bd10      	pop	{r4, pc}
1000951e:	46c0      	nop			@ (mov r8, r8)
10009520:	20002134 	.word	0x20002134

10009524 <usbd_edpt_xfer>:
10009524:	b570      	push	{r4, r5, r6, lr}
10009526:	247f      	movs	r4, #127	@ 0x7f
10009528:	480f      	ldr	r0, [pc, #60]	@ (10009568 <usbd_edpt_xfer+0x44>)
1000952a:	400c      	ands	r4, r1
1000952c:	0064      	lsls	r4, r4, #1
1000952e:	1904      	adds	r4, r0, r4
10009530:	09cd      	lsrs	r5, r1, #7
10009532:	1964      	adds	r4, r4, r5
10009534:	3430      	adds	r4, #48	@ 0x30
10009536:	7920      	ldrb	r0, [r4, #4]
10009538:	07c0      	lsls	r0, r0, #31
1000953a:	d501      	bpl.n	10009540 <usbd_edpt_xfer+0x1c>
1000953c:	2000      	movs	r0, #0
1000953e:	bd70      	pop	{r4, r5, r6, pc}
10009540:	2601      	movs	r6, #1
10009542:	7925      	ldrb	r5, [r4, #4]
10009544:	4809      	ldr	r0, [pc, #36]	@ (1000956c <usbd_edpt_xfer+0x48>)
10009546:	4335      	orrs	r5, r6
10009548:	7800      	ldrb	r0, [r0, #0]
1000954a:	7125      	strb	r5, [r4, #4]
1000954c:	f7ff fa58 	bl	10008a00 <dcd_edpt_xfer>
10009550:	2800      	cmp	r0, #0
10009552:	d1f4      	bne.n	1000953e <usbd_edpt_xfer+0x1a>
10009554:	2201      	movs	r2, #1
10009556:	7923      	ldrb	r3, [r4, #4]
10009558:	4393      	bics	r3, r2
1000955a:	7123      	strb	r3, [r4, #4]
1000955c:	7923      	ldrb	r3, [r4, #4]
1000955e:	3203      	adds	r2, #3
10009560:	4393      	bics	r3, r2
10009562:	7123      	strb	r3, [r4, #4]
10009564:	e7ea      	b.n	1000953c <usbd_edpt_xfer+0x18>
10009566:	46c0      	nop			@ (mov r8, r8)
10009568:	20002134 	.word	0x20002134
1000956c:	200010e8 	.word	0x200010e8

10009570 <tud_control_status>:
10009570:	b570      	push	{r4, r5, r6, lr}
10009572:	4c09      	ldr	r4, [pc, #36]	@ (10009598 <tud_control_status+0x28>)
10009574:	0006      	movs	r6, r0
10009576:	2208      	movs	r2, #8
10009578:	0020      	movs	r0, r4
1000957a:	000d      	movs	r5, r1
1000957c:	f7fd f922 	bl	100067c4 <__wrap___aeabi_memcpy>
10009580:	2300      	movs	r3, #0
10009582:	2180      	movs	r1, #128	@ 0x80
10009584:	60e3      	str	r3, [r4, #12]
10009586:	60a3      	str	r3, [r4, #8]
10009588:	782b      	ldrb	r3, [r5, #0]
1000958a:	0030      	movs	r0, r6
1000958c:	4399      	bics	r1, r3
1000958e:	2200      	movs	r2, #0
10009590:	2300      	movs	r3, #0
10009592:	f7ff ffc7 	bl	10009524 <usbd_edpt_xfer>
10009596:	bd70      	pop	{r4, r5, r6, pc}
10009598:	200020dc 	.word	0x200020dc

1000959c <tud_control_xfer>:
1000959c:	b5f8      	push	{r3, r4, r5, r6, r7, lr}
1000959e:	46ce      	mov	lr, r9
100095a0:	4647      	mov	r7, r8
100095a2:	4690      	mov	r8, r2
100095a4:	4e25      	ldr	r6, [pc, #148]	@ (1000963c <tud_control_xfer+0xa0>)
100095a6:	b580      	push	{r7, lr}
100095a8:	4681      	mov	r9, r0
100095aa:	2208      	movs	r2, #8
100095ac:	0030      	movs	r0, r6
100095ae:	000d      	movs	r5, r1
100095b0:	001f      	movs	r7, r3
100095b2:	f7fd f907 	bl	100067c4 <__wrap___aeabi_memcpy>
100095b6:	4643      	mov	r3, r8
100095b8:	60b3      	str	r3, [r6, #8]
100095ba:	2300      	movs	r3, #0
100095bc:	81f3      	strh	r3, [r6, #14]
100095be:	79ec      	ldrb	r4, [r5, #7]
100095c0:	79ab      	ldrb	r3, [r5, #6]
100095c2:	0224      	lsls	r4, r4, #8
100095c4:	431c      	orrs	r4, r3
100095c6:	1c23      	adds	r3, r4, #0
100095c8:	42bc      	cmp	r4, r7
100095ca:	d900      	bls.n	100095ce <tud_control_xfer+0x32>
100095cc:	1c3b      	adds	r3, r7, #0
100095ce:	b29f      	uxth	r7, r3
100095d0:	81b3      	strh	r3, [r6, #12]
100095d2:	2c00      	cmp	r4, #0
100095d4:	d00d      	beq.n	100095f2 <tud_control_xfer+0x56>
100095d6:	2f00      	cmp	r7, #0
100095d8:	d017      	beq.n	1000960a <tud_control_xfer+0x6e>
100095da:	4642      	mov	r2, r8
100095dc:	2a00      	cmp	r2, #0
100095de:	d02b      	beq.n	10009638 <tud_control_xfer+0x9c>
100095e0:	2f40      	cmp	r7, #64	@ 0x40
100095e2:	d81b      	bhi.n	1000961c <tud_control_xfer+0x80>
100095e4:	b29f      	uxth	r7, r3
100095e6:	7833      	ldrb	r3, [r6, #0]
100095e8:	2b7f      	cmp	r3, #127	@ 0x7f
100095ea:	d81c      	bhi.n	10009626 <tud_control_xfer+0x8a>
100095ec:	2100      	movs	r1, #0
100095ee:	4a14      	ldr	r2, [pc, #80]	@ (10009640 <tud_control_xfer+0xa4>)
100095f0:	e00f      	b.n	10009612 <tud_control_xfer+0x76>
100095f2:	2180      	movs	r1, #128	@ 0x80
100095f4:	782b      	ldrb	r3, [r5, #0]
100095f6:	2200      	movs	r2, #0
100095f8:	4399      	bics	r1, r3
100095fa:	4648      	mov	r0, r9
100095fc:	2300      	movs	r3, #0
100095fe:	f7ff ff91 	bl	10009524 <usbd_edpt_xfer>
10009602:	bcc0      	pop	{r6, r7}
10009604:	46b9      	mov	r9, r7
10009606:	46b0      	mov	r8, r6
10009608:	bdf8      	pop	{r3, r4, r5, r6, r7, pc}
1000960a:	237f      	movs	r3, #127	@ 0x7f
1000960c:	2200      	movs	r2, #0
1000960e:	7831      	ldrb	r1, [r6, #0]
10009610:	4399      	bics	r1, r3
10009612:	003b      	movs	r3, r7
10009614:	4648      	mov	r0, r9
10009616:	f7ff ff85 	bl	10009524 <usbd_edpt_xfer>
1000961a:	e7f2      	b.n	10009602 <tud_control_xfer+0x66>
1000961c:	2340      	movs	r3, #64	@ 0x40
1000961e:	b29f      	uxth	r7, r3
10009620:	7833      	ldrb	r3, [r6, #0]
10009622:	2b7f      	cmp	r3, #127	@ 0x7f
10009624:	d9e2      	bls.n	100095ec <tud_control_xfer+0x50>
10009626:	4c06      	ldr	r4, [pc, #24]	@ (10009640 <tud_control_xfer+0xa4>)
10009628:	003a      	movs	r2, r7
1000962a:	4641      	mov	r1, r8
1000962c:	0020      	movs	r0, r4
1000962e:	f7fd f8c9 	bl	100067c4 <__wrap___aeabi_memcpy>
10009632:	2180      	movs	r1, #128	@ 0x80
10009634:	0022      	movs	r2, r4
10009636:	e7ec      	b.n	10009612 <tud_control_xfer+0x76>
10009638:	2000      	movs	r0, #0
1000963a:	e7e2      	b.n	10009602 <tud_control_xfer+0x66>
1000963c:	200020dc 	.word	0x200020dc
10009640:	2000209c 	.word	0x2000209c

10009644 <usbd_control_reset>:
10009644:	b510      	push	{r4, lr}
10009646:	2214      	movs	r2, #20
10009648:	2100      	movs	r1, #0
1000964a:	4802      	ldr	r0, [pc, #8]	@ (10009654 <usbd_control_reset+0x10>)
1000964c:	f7fd f8b4 	bl	100067b8 <__wrap_memset>
10009650:	bd10      	pop	{r4, pc}
10009652:	46c0      	nop			@ (mov r8, r8)
10009654:	200020dc 	.word	0x200020dc

10009658 <usbd_control_set_complete_callback>:
10009658:	4b01      	ldr	r3, [pc, #4]	@ (10009660 <usbd_control_set_complete_callback+0x8>)
1000965a:	6118      	str	r0, [r3, #16]
1000965c:	4770      	bx	lr
1000965e:	46c0      	nop			@ (mov r8, r8)
10009660:	200020dc 	.word	0x200020dc

10009664 <usbd_control_set_request>:
10009664:	b510      	push	{r4, lr}
10009666:	4c05      	ldr	r4, [pc, #20]	@ (1000967c <usbd_control_set_request+0x18>)
10009668:	0001      	movs	r1, r0
1000966a:	2208      	movs	r2, #8
1000966c:	0020      	movs	r0, r4
1000966e:	f7fd f8a9 	bl	100067c4 <__wrap___aeabi_memcpy>
10009672:	2300      	movs	r3, #0
10009674:	60a3      	str	r3, [r4, #8]
10009676:	60e3      	str	r3, [r4, #12]
10009678:	bd10      	pop	{r4, pc}
1000967a:	46c0      	nop			@ (mov r8, r8)
1000967c:	200020dc 	.word	0x200020dc

10009680 <usbd_control_xfer_cb>:
10009680:	b570      	push	{r4, r5, r6, lr}
10009682:	4c38      	ldr	r4, [pc, #224]	@ (10009764 <usbd_control_xfer_cb+0xe4>)
10009684:	001d      	movs	r5, r3
10009686:	7823      	ldrb	r3, [r4, #0]
10009688:	0006      	movs	r6, r0
1000968a:	09da      	lsrs	r2, r3, #7
1000968c:	09c9      	lsrs	r1, r1, #7
1000968e:	428a      	cmp	r2, r1
10009690:	d010      	beq.n	100096b4 <usbd_control_xfer_cb+0x34>
10009692:	2000      	movs	r0, #0
10009694:	2d00      	cmp	r5, #0
10009696:	d000      	beq.n	1000969a <usbd_control_xfer_cb+0x1a>
10009698:	bd70      	pop	{r4, r5, r6, pc}
1000969a:	0021      	movs	r1, r4
1000969c:	0030      	movs	r0, r6
1000969e:	f7ff f913 	bl	100088c8 <dcd_edpt0_status_complete>
100096a2:	6923      	ldr	r3, [r4, #16]
100096a4:	2b00      	cmp	r3, #0
100096a6:	d003      	beq.n	100096b0 <usbd_control_xfer_cb+0x30>
100096a8:	0022      	movs	r2, r4
100096aa:	2103      	movs	r1, #3
100096ac:	0030      	movs	r0, r6
100096ae:	4798      	blx	r3
100096b0:	2001      	movs	r0, #1
100096b2:	e7f1      	b.n	10009698 <usbd_control_xfer_cb+0x18>
100096b4:	2b7f      	cmp	r3, #127	@ 0x7f
100096b6:	d806      	bhi.n	100096c6 <usbd_control_xfer_cb+0x46>
100096b8:	68a0      	ldr	r0, [r4, #8]
100096ba:	2800      	cmp	r0, #0
100096bc:	d034      	beq.n	10009728 <usbd_control_xfer_cb+0xa8>
100096be:	002a      	movs	r2, r5
100096c0:	4929      	ldr	r1, [pc, #164]	@ (10009768 <usbd_control_xfer_cb+0xe8>)
100096c2:	f7fd f87f 	bl	100067c4 <__wrap___aeabi_memcpy>
100096c6:	89e2      	ldrh	r2, [r4, #14]
100096c8:	68a1      	ldr	r1, [r4, #8]
100096ca:	1952      	adds	r2, r2, r5
100096cc:	88e3      	ldrh	r3, [r4, #6]
100096ce:	b292      	uxth	r2, r2
100096d0:	1949      	adds	r1, r1, r5
100096d2:	81e2      	strh	r2, [r4, #14]
100096d4:	60a1      	str	r1, [r4, #8]
100096d6:	4293      	cmp	r3, r2
100096d8:	d014      	beq.n	10009704 <usbd_control_xfer_cb+0x84>
100096da:	2d3f      	cmp	r5, #63	@ 0x3f
100096dc:	d912      	bls.n	10009704 <usbd_control_xfer_cb+0x84>
100096de:	89a3      	ldrh	r3, [r4, #12]
100096e0:	1a98      	subs	r0, r3, r2
100096e2:	1c05      	adds	r5, r0, #0
100096e4:	b280      	uxth	r0, r0
100096e6:	2840      	cmp	r0, #64	@ 0x40
100096e8:	d82a      	bhi.n	10009740 <usbd_control_xfer_cb+0xc0>
100096ea:	7820      	ldrb	r0, [r4, #0]
100096ec:	b2ad      	uxth	r5, r5
100096ee:	287f      	cmp	r0, #127	@ 0x7f
100096f0:	d828      	bhi.n	10009744 <usbd_control_xfer_cb+0xc4>
100096f2:	2100      	movs	r1, #0
100096f4:	429a      	cmp	r2, r3
100096f6:	d032      	beq.n	1000975e <usbd_control_xfer_cb+0xde>
100096f8:	4a1b      	ldr	r2, [pc, #108]	@ (10009768 <usbd_control_xfer_cb+0xe8>)
100096fa:	002b      	movs	r3, r5
100096fc:	0030      	movs	r0, r6
100096fe:	f7ff ff11 	bl	10009524 <usbd_edpt_xfer>
10009702:	e7c9      	b.n	10009698 <usbd_control_xfer_cb+0x18>
10009704:	6923      	ldr	r3, [r4, #16]
10009706:	2b00      	cmp	r3, #0
10009708:	d005      	beq.n	10009716 <usbd_control_xfer_cb+0x96>
1000970a:	0022      	movs	r2, r4
1000970c:	2102      	movs	r1, #2
1000970e:	0030      	movs	r0, r6
10009710:	4798      	blx	r3
10009712:	2800      	cmp	r0, #0
10009714:	d00a      	beq.n	1000972c <usbd_control_xfer_cb+0xac>
10009716:	2180      	movs	r1, #128	@ 0x80
10009718:	7823      	ldrb	r3, [r4, #0]
1000971a:	2200      	movs	r2, #0
1000971c:	4399      	bics	r1, r3
1000971e:	0030      	movs	r0, r6
10009720:	2300      	movs	r3, #0
10009722:	f7ff feff 	bl	10009524 <usbd_edpt_xfer>
10009726:	e7b7      	b.n	10009698 <usbd_control_xfer_cb+0x18>
10009728:	2000      	movs	r0, #0
1000972a:	e7b5      	b.n	10009698 <usbd_control_xfer_cb+0x18>
1000972c:	2100      	movs	r1, #0
1000972e:	0030      	movs	r0, r6
10009730:	f7ff f978 	bl	10008a24 <dcd_edpt_stall>
10009734:	0030      	movs	r0, r6
10009736:	2180      	movs	r1, #128	@ 0x80
10009738:	f7ff f974 	bl	10008a24 <dcd_edpt_stall>
1000973c:	2001      	movs	r0, #1
1000973e:	e7ab      	b.n	10009698 <usbd_control_xfer_cb+0x18>
10009740:	2540      	movs	r5, #64	@ 0x40
10009742:	e7d2      	b.n	100096ea <usbd_control_xfer_cb+0x6a>
10009744:	429a      	cmp	r2, r3
10009746:	d007      	beq.n	10009758 <usbd_control_xfer_cb+0xd8>
10009748:	4c07      	ldr	r4, [pc, #28]	@ (10009768 <usbd_control_xfer_cb+0xe8>)
1000974a:	002a      	movs	r2, r5
1000974c:	0020      	movs	r0, r4
1000974e:	f7fd f839 	bl	100067c4 <__wrap___aeabi_memcpy>
10009752:	2180      	movs	r1, #128	@ 0x80
10009754:	0022      	movs	r2, r4
10009756:	e7d0      	b.n	100096fa <usbd_control_xfer_cb+0x7a>
10009758:	2180      	movs	r1, #128	@ 0x80
1000975a:	2200      	movs	r2, #0
1000975c:	e7cd      	b.n	100096fa <usbd_control_xfer_cb+0x7a>
1000975e:	2200      	movs	r2, #0
10009760:	e7cb      	b.n	100096fa <usbd_control_xfer_cb+0x7a>
10009762:	46c0      	nop			@ (mov r8, r8)
10009764:	200020dc 	.word	0x200020dc
10009768:	2000209c 	.word	0x2000209c

1000976c <_prep_out_transaction.isra.0>:
1000976c:	b570      	push	{r4, r5, r6, lr}
1000976e:	0004      	movs	r4, r0
10009770:	f7ff f9f2 	bl	10008b58 <tud_mounted>
10009774:	2800      	cmp	r0, #0
10009776:	d100      	bne.n	1000977a <_prep_out_transaction.isra.0+0xe>
10009778:	bd70      	pop	{r4, r5, r6, pc}
1000977a:	f7ff f9f5 	bl	10008b68 <tud_suspended>
1000977e:	2800      	cmp	r0, #0
10009780:	d1fa      	bne.n	10009778 <_prep_out_transaction.isra.0+0xc>
10009782:	0123      	lsls	r3, r4, #4
10009784:	191b      	adds	r3, r3, r4
10009786:	009b      	lsls	r3, r3, #2
10009788:	4d12      	ldr	r5, [pc, #72]	@ (100097d4 <_prep_out_transaction.isra.0+0x68>)
1000978a:	191b      	adds	r3, r3, r4
1000978c:	00db      	lsls	r3, r3, #3
1000978e:	18ee      	adds	r6, r5, r3
10009790:	78f1      	ldrb	r1, [r6, #3]
10009792:	2900      	cmp	r1, #0
10009794:	d0f0      	beq.n	10009778 <_prep_out_transaction.isra.0+0xc>
10009796:	3310      	adds	r3, #16
10009798:	195d      	adds	r5, r3, r5
1000979a:	0028      	movs	r0, r5
1000979c:	f000 fb7c 	bl	10009e98 <tu_fifo_remaining>
100097a0:	283f      	cmp	r0, #63	@ 0x3f
100097a2:	d9e9      	bls.n	10009778 <_prep_out_transaction.isra.0+0xc>
100097a4:	2000      	movs	r0, #0
100097a6:	78f1      	ldrb	r1, [r6, #3]
100097a8:	f7ff fe9c 	bl	100094e4 <usbd_edpt_claim>
100097ac:	2800      	cmp	r0, #0
100097ae:	d0e3      	beq.n	10009778 <_prep_out_transaction.isra.0+0xc>
100097b0:	0028      	movs	r0, r5
100097b2:	f000 fb71 	bl	10009e98 <tu_fifo_remaining>
100097b6:	78f1      	ldrb	r1, [r6, #3]
100097b8:	283f      	cmp	r0, #63	@ 0x3f
100097ba:	d907      	bls.n	100097cc <_prep_out_transaction.isra.0+0x60>
100097bc:	4b06      	ldr	r3, [pc, #24]	@ (100097d8 <_prep_out_transaction.isra.0+0x6c>)
100097be:	01e2      	lsls	r2, r4, #7
100097c0:	18d2      	adds	r2, r2, r3
100097c2:	2000      	movs	r0, #0
100097c4:	2340      	movs	r3, #64	@ 0x40
100097c6:	f7ff fead 	bl	10009524 <usbd_edpt_xfer>
100097ca:	e7d5      	b.n	10009778 <_prep_out_transaction.isra.0+0xc>
100097cc:	2000      	movs	r0, #0
100097ce:	f7ff fe99 	bl	10009504 <usbd_edpt_release>
100097d2:	e7d1      	b.n	10009778 <_prep_out_transaction.isra.0+0xc>
100097d4:	20001e74 	.word	0x20001e74
100097d8:	20001df0 	.word	0x20001df0

100097dc <tud_cdc_n_connected>:
100097dc:	b510      	push	{r4, lr}
100097de:	0004      	movs	r4, r0
100097e0:	f7ff f9ba 	bl	10008b58 <tud_mounted>
100097e4:	2800      	cmp	r0, #0
100097e6:	d101      	bne.n	100097ec <tud_cdc_n_connected+0x10>
100097e8:	2000      	movs	r0, #0
100097ea:	bd10      	pop	{r4, pc}
100097ec:	f7ff f9bc 	bl	10008b68 <tud_suspended>
100097f0:	2800      	cmp	r0, #0
100097f2:	d1f9      	bne.n	100097e8 <tud_cdc_n_connected+0xc>
100097f4:	0123      	lsls	r3, r4, #4
100097f6:	191b      	adds	r3, r3, r4
100097f8:	009b      	lsls	r3, r3, #2
100097fa:	4a04      	ldr	r2, [pc, #16]	@ (1000980c <tud_cdc_n_connected+0x30>)
100097fc:	191b      	adds	r3, r3, r4
100097fe:	00db      	lsls	r3, r3, #3
10009800:	18d2      	adds	r2, r2, r3
10009802:	7913      	ldrb	r3, [r2, #4]
10009804:	3001      	adds	r0, #1
10009806:	4018      	ands	r0, r3
10009808:	e7ef      	b.n	100097ea <tud_cdc_n_connected+0xe>
1000980a:	46c0      	nop			@ (mov r8, r8)
1000980c:	20001e74 	.word	0x20001e74

10009810 <tud_cdc_n_available>:
10009810:	0103      	lsls	r3, r0, #4
10009812:	b510      	push	{r4, lr}
10009814:	181b      	adds	r3, r3, r0
10009816:	009b      	lsls	r3, r3, #2
10009818:	1818      	adds	r0, r3, r0
1000981a:	4b03      	ldr	r3, [pc, #12]	@ (10009828 <tud_cdc_n_available+0x18>)
1000981c:	00c0      	lsls	r0, r0, #3
1000981e:	18c0      	adds	r0, r0, r3
10009820:	f000 fb1c 	bl	10009e5c <tu_fifo_count>
10009824:	bd10      	pop	{r4, pc}
10009826:	46c0      	nop			@ (mov r8, r8)
10009828:	20001e84 	.word	0x20001e84

1000982c <tud_cdc_n_read>:
1000982c:	b5f0      	push	{r4, r5, r6, r7, lr}
1000982e:	2380      	movs	r3, #128	@ 0x80
10009830:	46c6      	mov	lr, r8
10009832:	0106      	lsls	r6, r0, #4
10009834:	1834      	adds	r4, r6, r0
10009836:	00a4      	lsls	r4, r4, #2
10009838:	1824      	adds	r4, r4, r0
1000983a:	4f20      	ldr	r7, [pc, #128]	@ (100098bc <tud_cdc_n_read+0x90>)
1000983c:	00e4      	lsls	r4, r4, #3
1000983e:	3410      	adds	r4, #16
10009840:	0005      	movs	r5, r0
10009842:	b500      	push	{lr}
10009844:	193c      	adds	r4, r7, r4
10009846:	025b      	lsls	r3, r3, #9
10009848:	429a      	cmp	r2, r3
1000984a:	d300      	bcc.n	1000984e <tud_cdc_n_read+0x22>
1000984c:	4a1c      	ldr	r2, [pc, #112]	@ (100098c0 <tud_cdc_n_read+0x94>)
1000984e:	0020      	movs	r0, r4
10009850:	b292      	uxth	r2, r2
10009852:	f000 fb77 	bl	10009f44 <tu_fifo_read_n>
10009856:	4680      	mov	r8, r0
10009858:	f7ff f97e 	bl	10008b58 <tud_mounted>
1000985c:	2800      	cmp	r0, #0
1000985e:	d103      	bne.n	10009868 <tud_cdc_n_read+0x3c>
10009860:	4640      	mov	r0, r8
10009862:	bc80      	pop	{r7}
10009864:	46b8      	mov	r8, r7
10009866:	bdf0      	pop	{r4, r5, r6, r7, pc}
10009868:	f7ff f97e 	bl	10008b68 <tud_suspended>
1000986c:	2800      	cmp	r0, #0
1000986e:	d1f7      	bne.n	10009860 <tud_cdc_n_read+0x34>
10009870:	1976      	adds	r6, r6, r5
10009872:	00b6      	lsls	r6, r6, #2
10009874:	1976      	adds	r6, r6, r5
10009876:	00f6      	lsls	r6, r6, #3
10009878:	19be      	adds	r6, r7, r6
1000987a:	78f3      	ldrb	r3, [r6, #3]
1000987c:	2b00      	cmp	r3, #0
1000987e:	d0ef      	beq.n	10009860 <tud_cdc_n_read+0x34>
10009880:	0020      	movs	r0, r4
10009882:	f000 fb09 	bl	10009e98 <tu_fifo_remaining>
10009886:	283f      	cmp	r0, #63	@ 0x3f
10009888:	d9ea      	bls.n	10009860 <tud_cdc_n_read+0x34>
1000988a:	2000      	movs	r0, #0
1000988c:	78f1      	ldrb	r1, [r6, #3]
1000988e:	f7ff fe29 	bl	100094e4 <usbd_edpt_claim>
10009892:	2800      	cmp	r0, #0
10009894:	d0e4      	beq.n	10009860 <tud_cdc_n_read+0x34>
10009896:	0020      	movs	r0, r4
10009898:	f000 fafe 	bl	10009e98 <tu_fifo_remaining>
1000989c:	78f1      	ldrb	r1, [r6, #3]
1000989e:	283f      	cmp	r0, #63	@ 0x3f
100098a0:	d907      	bls.n	100098b2 <tud_cdc_n_read+0x86>
100098a2:	4b08      	ldr	r3, [pc, #32]	@ (100098c4 <tud_cdc_n_read+0x98>)
100098a4:	01ea      	lsls	r2, r5, #7
100098a6:	18d2      	adds	r2, r2, r3
100098a8:	2000      	movs	r0, #0
100098aa:	2340      	movs	r3, #64	@ 0x40
100098ac:	f7ff fe3a 	bl	10009524 <usbd_edpt_xfer>
100098b0:	e7d6      	b.n	10009860 <tud_cdc_n_read+0x34>
100098b2:	2000      	movs	r0, #0
100098b4:	f7ff fe26 	bl	10009504 <usbd_edpt_release>
100098b8:	e7d2      	b.n	10009860 <tud_cdc_n_read+0x34>
100098ba:	46c0      	nop			@ (mov r8, r8)
100098bc:	20001e74 	.word	0x20001e74
100098c0:	0000ffff 	.word	0x0000ffff
100098c4:	20001df0 	.word	0x20001df0

100098c8 <tud_cdc_n_write_flush>:
100098c8:	b5f8      	push	{r3, r4, r5, r6, r7, lr}
100098ca:	0004      	movs	r4, r0
100098cc:	f7ff f944 	bl	10008b58 <tud_mounted>
100098d0:	2800      	cmp	r0, #0
100098d2:	d101      	bne.n	100098d8 <tud_cdc_n_write_flush+0x10>
100098d4:	2000      	movs	r0, #0
100098d6:	bdf8      	pop	{r3, r4, r5, r6, r7, pc}
100098d8:	f7ff f946 	bl	10008b68 <tud_suspended>
100098dc:	2800      	cmp	r0, #0
100098de:	d1f9      	bne.n	100098d4 <tud_cdc_n_write_flush+0xc>
100098e0:	0125      	lsls	r5, r4, #4
100098e2:	192d      	adds	r5, r5, r4
100098e4:	00ad      	lsls	r5, r5, #2
100098e6:	192d      	adds	r5, r5, r4
100098e8:	00ed      	lsls	r5, r5, #3
100098ea:	002e      	movs	r6, r5
100098ec:	4f13      	ldr	r7, [pc, #76]	@ (1000993c <tud_cdc_n_write_flush+0x74>)
100098ee:	361c      	adds	r6, #28
100098f0:	19f6      	adds	r6, r6, r7
100098f2:	0030      	movs	r0, r6
100098f4:	f000 fab2 	bl	10009e5c <tu_fifo_count>
100098f8:	2800      	cmp	r0, #0
100098fa:	d0eb      	beq.n	100098d4 <tud_cdc_n_write_flush+0xc>
100098fc:	197f      	adds	r7, r7, r5
100098fe:	2000      	movs	r0, #0
10009900:	78b9      	ldrb	r1, [r7, #2]
10009902:	f7ff fdef 	bl	100094e4 <usbd_edpt_claim>
10009906:	2800      	cmp	r0, #0
10009908:	d0e4      	beq.n	100098d4 <tud_cdc_n_write_flush+0xc>
1000990a:	4d0d      	ldr	r5, [pc, #52]	@ (10009940 <tud_cdc_n_write_flush+0x78>)
1000990c:	01e4      	lsls	r4, r4, #7
1000990e:	1965      	adds	r5, r4, r5
10009910:	0029      	movs	r1, r5
10009912:	2240      	movs	r2, #64	@ 0x40
10009914:	0030      	movs	r0, r6
10009916:	f000 fb15 	bl	10009f44 <tu_fifo_read_n>
1000991a:	78b9      	ldrb	r1, [r7, #2]
1000991c:	1e04      	subs	r4, r0, #0
1000991e:	d008      	beq.n	10009932 <tud_cdc_n_write_flush+0x6a>
10009920:	0003      	movs	r3, r0
10009922:	002a      	movs	r2, r5
10009924:	2000      	movs	r0, #0
10009926:	f7ff fdfd 	bl	10009524 <usbd_edpt_xfer>
1000992a:	2800      	cmp	r0, #0
1000992c:	d0d2      	beq.n	100098d4 <tud_cdc_n_write_flush+0xc>
1000992e:	0020      	movs	r0, r4
10009930:	e7d1      	b.n	100098d6 <tud_cdc_n_write_flush+0xe>
10009932:	2000      	movs	r0, #0
10009934:	f7ff fde6 	bl	10009504 <usbd_edpt_release>
10009938:	e7cc      	b.n	100098d4 <tud_cdc_n_write_flush+0xc>
1000993a:	46c0      	nop			@ (mov r8, r8)
1000993c:	20001e74 	.word	0x20001e74
10009940:	20001e30 	.word	0x20001e30

10009944 <tud_cdc_n_write>:
10009944:	b570      	push	{r4, r5, r6, lr}
10009946:	0104      	lsls	r4, r0, #4
10009948:	1824      	adds	r4, r4, r0
1000994a:	00a4      	lsls	r4, r4, #2
1000994c:	4b0c      	ldr	r3, [pc, #48]	@ (10009980 <tud_cdc_n_write+0x3c>)
1000994e:	1824      	adds	r4, r4, r0
10009950:	00e4      	lsls	r4, r4, #3
10009952:	18e4      	adds	r4, r4, r3
10009954:	2380      	movs	r3, #128	@ 0x80
10009956:	0005      	movs	r5, r0
10009958:	025b      	lsls	r3, r3, #9
1000995a:	429a      	cmp	r2, r3
1000995c:	d300      	bcc.n	10009960 <tud_cdc_n_write+0x1c>
1000995e:	4a09      	ldr	r2, [pc, #36]	@ (10009984 <tud_cdc_n_write+0x40>)
10009960:	0020      	movs	r0, r4
10009962:	b292      	uxth	r2, r2
10009964:	f000 fb96 	bl	1000a094 <tu_fifo_write_n>
10009968:	0006      	movs	r6, r0
1000996a:	0020      	movs	r0, r4
1000996c:	f000 fa76 	bl	10009e5c <tu_fifo_count>
10009970:	283f      	cmp	r0, #63	@ 0x3f
10009972:	d801      	bhi.n	10009978 <tud_cdc_n_write+0x34>
10009974:	0030      	movs	r0, r6
10009976:	bd70      	pop	{r4, r5, r6, pc}
10009978:	0028      	movs	r0, r5
1000997a:	f7ff ffa5 	bl	100098c8 <tud_cdc_n_write_flush>
1000997e:	e7f9      	b.n	10009974 <tud_cdc_n_write+0x30>
10009980:	20001e90 	.word	0x20001e90
10009984:	0000ffff 	.word	0x0000ffff

10009988 <tud_cdc_n_write_available>:
10009988:	0103      	lsls	r3, r0, #4
1000998a:	b510      	push	{r4, lr}
1000998c:	181b      	adds	r3, r3, r0
1000998e:	009b      	lsls	r3, r3, #2
10009990:	1818      	adds	r0, r3, r0
10009992:	4b03      	ldr	r3, [pc, #12]	@ (100099a0 <tud_cdc_n_write_available+0x18>)
10009994:	00c0      	lsls	r0, r0, #3
10009996:	18c0      	adds	r0, r0, r3
10009998:	f000 fa7e 	bl	10009e98 <tu_fifo_remaining>
1000999c:	bd10      	pop	{r4, pc}
1000999e:	46c0      	nop			@ (mov r8, r8)
100099a0:	20001e90 	.word	0x20001e90

100099a4 <cdcd_init>:
100099a4:	228a      	movs	r2, #138	@ 0x8a
100099a6:	b510      	push	{r4, lr}
100099a8:	4c13      	ldr	r4, [pc, #76]	@ (100099f8 <cdcd_init+0x54>)
100099aa:	b082      	sub	sp, #8
100099ac:	2100      	movs	r1, #0
100099ae:	0020      	movs	r0, r4
100099b0:	0092      	lsls	r2, r2, #2
100099b2:	f7fc ff01 	bl	100067b8 <__wrap_memset>
100099b6:	2200      	movs	r2, #0
100099b8:	4b10      	ldr	r3, [pc, #64]	@ (100099fc <cdcd_init+0x58>)
100099ba:	0021      	movs	r1, r4
100099bc:	701a      	strb	r2, [r3, #0]
100099be:	23ff      	movs	r3, #255	@ 0xff
100099c0:	7163      	strb	r3, [r4, #5]
100099c2:	23e1      	movs	r3, #225	@ 0xe1
100099c4:	025b      	lsls	r3, r3, #9
100099c6:	60a3      	str	r3, [r4, #8]
100099c8:	2308      	movs	r3, #8
100099ca:	0020      	movs	r0, r4
100099cc:	73a3      	strb	r3, [r4, #14]
100099ce:	9200      	str	r2, [sp, #0]
100099d0:	3201      	adds	r2, #1
100099d2:	3128      	adds	r1, #40	@ 0x28
100099d4:	3b07      	subs	r3, #7
100099d6:	32ff      	adds	r2, #255	@ 0xff
100099d8:	3010      	adds	r0, #16
100099da:	f000 fa29 	bl	10009e30 <tu_fifo_config>
100099de:	0021      	movs	r1, r4
100099e0:	2301      	movs	r3, #1
100099e2:	0020      	movs	r0, r4
100099e4:	2280      	movs	r2, #128	@ 0x80
100099e6:	3129      	adds	r1, #41	@ 0x29
100099e8:	31ff      	adds	r1, #255	@ 0xff
100099ea:	9300      	str	r3, [sp, #0]
100099ec:	0052      	lsls	r2, r2, #1
100099ee:	301c      	adds	r0, #28
100099f0:	f000 fa1e 	bl	10009e30 <tu_fifo_config>
100099f4:	b002      	add	sp, #8
100099f6:	bd10      	pop	{r4, pc}
100099f8:	20001e74 	.word	0x20001e74
100099fc:	20001e70 	.word	0x20001e70

10009a00 <cdcd_deinit>:
10009a00:	2001      	movs	r0, #1
10009a02:	4770      	bx	lr

10009a04 <cdcd_reset>:
10009a04:	b570      	push	{r4, r5, r6, lr}
10009a06:	4c0f      	ldr	r4, [pc, #60]	@ (10009a44 <cdcd_reset+0x40>)
10009a08:	2205      	movs	r2, #5
10009a0a:	2100      	movs	r1, #0
10009a0c:	0020      	movs	r0, r4
10009a0e:	f7fc fed3 	bl	100067b8 <__wrap_memset>
10009a12:	4d0d      	ldr	r5, [pc, #52]	@ (10009a48 <cdcd_reset+0x44>)
10009a14:	782b      	ldrb	r3, [r5, #0]
10009a16:	07da      	lsls	r2, r3, #31
10009a18:	d507      	bpl.n	10009a2a <cdcd_reset+0x26>
10009a1a:	4c0c      	ldr	r4, [pc, #48]	@ (10009a4c <cdcd_reset+0x48>)
10009a1c:	079b      	lsls	r3, r3, #30
10009a1e:	d50c      	bpl.n	10009a3a <cdcd_reset+0x36>
10009a20:	2101      	movs	r1, #1
10009a22:	0020      	movs	r0, r4
10009a24:	f000 fbdc 	bl	1000a1e0 <tu_fifo_set_overwritable>
10009a28:	bd70      	pop	{r4, r5, r6, pc}
10009a2a:	0020      	movs	r0, r4
10009a2c:	3010      	adds	r0, #16
10009a2e:	f000 fbd1 	bl	1000a1d4 <tu_fifo_clear>
10009a32:	782b      	ldrb	r3, [r5, #0]
10009a34:	4c05      	ldr	r4, [pc, #20]	@ (10009a4c <cdcd_reset+0x48>)
10009a36:	079b      	lsls	r3, r3, #30
10009a38:	d4f2      	bmi.n	10009a20 <cdcd_reset+0x1c>
10009a3a:	0020      	movs	r0, r4
10009a3c:	f000 fbca 	bl	1000a1d4 <tu_fifo_clear>
10009a40:	e7ee      	b.n	10009a20 <cdcd_reset+0x1c>
10009a42:	46c0      	nop			@ (mov r8, r8)
10009a44:	20001e74 	.word	0x20001e74
10009a48:	20001e70 	.word	0x20001e70
10009a4c:	20001e90 	.word	0x20001e90

10009a50 <cdcd_open>:
10009a50:	b5f0      	push	{r4, r5, r6, r7, lr}
10009a52:	794b      	ldrb	r3, [r1, #5]
10009a54:	0006      	movs	r6, r0
10009a56:	b083      	sub	sp, #12
10009a58:	2b02      	cmp	r3, #2
10009a5a:	d102      	bne.n	10009a62 <cdcd_open+0x12>
10009a5c:	798b      	ldrb	r3, [r1, #6]
10009a5e:	2b02      	cmp	r3, #2
10009a60:	d003      	beq.n	10009a6a <cdcd_open+0x1a>
10009a62:	2500      	movs	r5, #0
10009a64:	0028      	movs	r0, r5
10009a66:	b003      	add	sp, #12
10009a68:	bdf0      	pop	{r4, r5, r6, r7, pc}
10009a6a:	4f20      	ldr	r7, [pc, #128]	@ (10009aec <cdcd_open+0x9c>)
10009a6c:	78bb      	ldrb	r3, [r7, #2]
10009a6e:	2b00      	cmp	r3, #0
10009a70:	d1f7      	bne.n	10009a62 <cdcd_open+0x12>
10009a72:	788b      	ldrb	r3, [r1, #2]
10009a74:	2509      	movs	r5, #9
10009a76:	703b      	strb	r3, [r7, #0]
10009a78:	780c      	ldrb	r4, [r1, #0]
10009a7a:	190c      	adds	r4, r1, r4
10009a7c:	7863      	ldrb	r3, [r4, #1]
10009a7e:	2b24      	cmp	r3, #36	@ 0x24
10009a80:	d007      	beq.n	10009a92 <cdcd_open+0x42>
10009a82:	e00c      	b.n	10009a9e <cdcd_open+0x4e>
10009a84:	7823      	ldrb	r3, [r4, #0]
10009a86:	18e4      	adds	r4, r4, r3
10009a88:	195d      	adds	r5, r3, r5
10009a8a:	7863      	ldrb	r3, [r4, #1]
10009a8c:	b2ad      	uxth	r5, r5
10009a8e:	2b24      	cmp	r3, #36	@ 0x24
10009a90:	d105      	bne.n	10009a9e <cdcd_open+0x4e>
10009a92:	4295      	cmp	r5, r2
10009a94:	d9f6      	bls.n	10009a84 <cdcd_open+0x34>
10009a96:	2000      	movs	r0, #0
10009a98:	f7ff fe68 	bl	1000976c <_prep_out_transaction.isra.0>
10009a9c:	e7e2      	b.n	10009a64 <cdcd_open+0x14>
10009a9e:	001a      	movs	r2, r3
10009aa0:	2b05      	cmp	r3, #5
10009aa2:	d015      	beq.n	10009ad0 <cdcd_open+0x80>
10009aa4:	2a04      	cmp	r2, #4
10009aa6:	d1f6      	bne.n	10009a96 <cdcd_open+0x46>
10009aa8:	7963      	ldrb	r3, [r4, #5]
10009aaa:	2b0a      	cmp	r3, #10
10009aac:	d1f3      	bne.n	10009a96 <cdcd_open+0x46>
10009aae:	4b10      	ldr	r3, [pc, #64]	@ (10009af0 <cdcd_open+0xa0>)
10009ab0:	7827      	ldrb	r7, [r4, #0]
10009ab2:	9301      	str	r3, [sp, #4]
10009ab4:	3301      	adds	r3, #1
10009ab6:	9300      	str	r3, [sp, #0]
10009ab8:	0030      	movs	r0, r6
10009aba:	2302      	movs	r3, #2
10009abc:	19e1      	adds	r1, r4, r7
10009abe:	3a02      	subs	r2, #2
10009ac0:	f7ff fca8 	bl	10009414 <usbd_open_edpt_pair>
10009ac4:	2800      	cmp	r0, #0
10009ac6:	d0cc      	beq.n	10009a62 <cdcd_open+0x12>
10009ac8:	350e      	adds	r5, #14
10009aca:	19ed      	adds	r5, r5, r7
10009acc:	b2ad      	uxth	r5, r5
10009ace:	e7e2      	b.n	10009a96 <cdcd_open+0x46>
10009ad0:	0021      	movs	r1, r4
10009ad2:	0030      	movs	r0, r6
10009ad4:	f7ff fcec 	bl	100094b0 <usbd_edpt_open>
10009ad8:	2800      	cmp	r0, #0
10009ada:	d0c2      	beq.n	10009a62 <cdcd_open+0x12>
10009adc:	78a3      	ldrb	r3, [r4, #2]
10009ade:	707b      	strb	r3, [r7, #1]
10009ae0:	7823      	ldrb	r3, [r4, #0]
10009ae2:	195d      	adds	r5, r3, r5
10009ae4:	18e4      	adds	r4, r4, r3
10009ae6:	7862      	ldrb	r2, [r4, #1]
10009ae8:	b2ad      	uxth	r5, r5
10009aea:	e7db      	b.n	10009aa4 <cdcd_open+0x54>
10009aec:	20001e74 	.word	0x20001e74
10009af0:	20001e76 	.word	0x20001e76

10009af4 <cdcd_control_xfer_cb>:
10009af4:	b5f8      	push	{r3, r4, r5, r6, r7, lr}
10009af6:	2360      	movs	r3, #96	@ 0x60
10009af8:	0014      	movs	r4, r2
10009afa:	7812      	ldrb	r2, [r2, #0]
10009afc:	0005      	movs	r5, r0
10009afe:	4013      	ands	r3, r2
10009b00:	2000      	movs	r0, #0
10009b02:	2b20      	cmp	r3, #32
10009b04:	d107      	bne.n	10009b16 <cdcd_control_xfer_cb+0x22>
10009b06:	4a30      	ldr	r2, [pc, #192]	@ (10009bc8 <cdcd_control_xfer_cb+0xd4>)
10009b08:	7963      	ldrb	r3, [r4, #5]
10009b0a:	7927      	ldrb	r7, [r4, #4]
10009b0c:	7816      	ldrb	r6, [r2, #0]
10009b0e:	021b      	lsls	r3, r3, #8
10009b10:	433b      	orrs	r3, r7
10009b12:	429e      	cmp	r6, r3
10009b14:	d000      	beq.n	10009b18 <cdcd_control_xfer_cb+0x24>
10009b16:	bdf8      	pop	{r3, r4, r5, r6, r7, pc}
10009b18:	7863      	ldrb	r3, [r4, #1]
10009b1a:	2b22      	cmp	r3, #34	@ 0x22
10009b1c:	d01a      	beq.n	10009b54 <cdcd_control_xfer_cb+0x60>
10009b1e:	d807      	bhi.n	10009b30 <cdcd_control_xfer_cb+0x3c>
10009b20:	2b20      	cmp	r3, #32
10009b22:	d034      	beq.n	10009b8e <cdcd_control_xfer_cb+0x9a>
10009b24:	2b21      	cmp	r3, #33	@ 0x21
10009b26:	d1f6      	bne.n	10009b16 <cdcd_control_xfer_cb+0x22>
10009b28:	2901      	cmp	r1, #1
10009b2a:	d03e      	beq.n	10009baa <cdcd_control_xfer_cb+0xb6>
10009b2c:	2001      	movs	r0, #1
10009b2e:	e7f2      	b.n	10009b16 <cdcd_control_xfer_cb+0x22>
10009b30:	2b23      	cmp	r3, #35	@ 0x23
10009b32:	d1f0      	bne.n	10009b16 <cdcd_control_xfer_cb+0x22>
10009b34:	2901      	cmp	r1, #1
10009b36:	d040      	beq.n	10009bba <cdcd_control_xfer_cb+0xc6>
10009b38:	2903      	cmp	r1, #3
10009b3a:	d1f7      	bne.n	10009b2c <cdcd_control_xfer_cb+0x38>
10009b3c:	4b23      	ldr	r3, [pc, #140]	@ (10009bcc <cdcd_control_xfer_cb+0xd8>)
10009b3e:	2b00      	cmp	r3, #0
10009b40:	d0f4      	beq.n	10009b2c <cdcd_control_xfer_cb+0x38>
10009b42:	78e1      	ldrb	r1, [r4, #3]
10009b44:	78a3      	ldrb	r3, [r4, #2]
10009b46:	0209      	lsls	r1, r1, #8
10009b48:	2000      	movs	r0, #0
10009b4a:	4319      	orrs	r1, r3
10009b4c:	e000      	b.n	10009b50 <cdcd_control_xfer_cb+0x5c>
10009b4e:	bf00      	nop
10009b50:	2001      	movs	r0, #1
10009b52:	e7e0      	b.n	10009b16 <cdcd_control_xfer_cb+0x22>
10009b54:	2901      	cmp	r1, #1
10009b56:	d030      	beq.n	10009bba <cdcd_control_xfer_cb+0xc6>
10009b58:	2903      	cmp	r1, #3
10009b5a:	d1e7      	bne.n	10009b2c <cdcd_control_xfer_cb+0x38>
10009b5c:	2501      	movs	r5, #1
10009b5e:	002e      	movs	r6, r5
10009b60:	78a3      	ldrb	r3, [r4, #2]
10009b62:	78e4      	ldrb	r4, [r4, #3]
10009b64:	3902      	subs	r1, #2
10009b66:	0224      	lsls	r4, r4, #8
10009b68:	431c      	orrs	r4, r3
10009b6a:	7114      	strb	r4, [r2, #4]
10009b6c:	4026      	ands	r6, r4
10009b6e:	321c      	adds	r2, #28
10009b70:	0010      	movs	r0, r2
10009b72:	4071      	eors	r1, r6
10009b74:	f000 fb34 	bl	1000a1e0 <tu_fifo_set_overwritable>
10009b78:	4b15      	ldr	r3, [pc, #84]	@ (10009bd0 <cdcd_control_xfer_cb+0xdc>)
10009b7a:	2b00      	cmp	r3, #0
10009b7c:	d0d6      	beq.n	10009b2c <cdcd_control_xfer_cb+0x38>
10009b7e:	0862      	lsrs	r2, r4, #1
10009b80:	2000      	movs	r0, #0
10009b82:	0031      	movs	r1, r6
10009b84:	402a      	ands	r2, r5
10009b86:	e000      	b.n	10009b8a <cdcd_control_xfer_cb+0x96>
10009b88:	bf00      	nop
10009b8a:	2001      	movs	r0, #1
10009b8c:	e7c3      	b.n	10009b16 <cdcd_control_xfer_cb+0x22>
10009b8e:	2901      	cmp	r1, #1
10009b90:	d00b      	beq.n	10009baa <cdcd_control_xfer_cb+0xb6>
10009b92:	2903      	cmp	r1, #3
10009b94:	d1ca      	bne.n	10009b2c <cdcd_control_xfer_cb+0x38>
10009b96:	4b0f      	ldr	r3, [pc, #60]	@ (10009bd4 <cdcd_control_xfer_cb+0xe0>)
10009b98:	2b00      	cmp	r3, #0
10009b9a:	d0c7      	beq.n	10009b2c <cdcd_control_xfer_cb+0x38>
10009b9c:	3208      	adds	r2, #8
10009b9e:	2000      	movs	r0, #0
10009ba0:	0011      	movs	r1, r2
10009ba2:	e000      	b.n	10009ba6 <cdcd_control_xfer_cb+0xb2>
10009ba4:	bf00      	nop
10009ba6:	2001      	movs	r0, #1
10009ba8:	e7b5      	b.n	10009b16 <cdcd_control_xfer_cb+0x22>
10009baa:	2307      	movs	r3, #7
10009bac:	0021      	movs	r1, r4
10009bae:	0028      	movs	r0, r5
10009bb0:	4a09      	ldr	r2, [pc, #36]	@ (10009bd8 <cdcd_control_xfer_cb+0xe4>)
10009bb2:	f7ff fcf3 	bl	1000959c <tud_control_xfer>
10009bb6:	2001      	movs	r0, #1
10009bb8:	e7ad      	b.n	10009b16 <cdcd_control_xfer_cb+0x22>
10009bba:	0021      	movs	r1, r4
10009bbc:	0028      	movs	r0, r5
10009bbe:	f7ff fcd7 	bl	10009570 <tud_control_status>
10009bc2:	2001      	movs	r0, #1
10009bc4:	e7a7      	b.n	10009b16 <cdcd_control_xfer_cb+0x22>
10009bc6:	46c0      	nop			@ (mov r8, r8)
10009bc8:	20001e74 	.word	0x20001e74
	...
10009bd8:	20001e7c 	.word	0x20001e7c

10009bdc <cdcd_xfer_cb>:
10009bdc:	b5f0      	push	{r4, r5, r6, r7, lr}
10009bde:	464f      	mov	r7, r9
10009be0:	4646      	mov	r6, r8
10009be2:	46d6      	mov	lr, sl
10009be4:	b5c0      	push	{r6, r7, lr}
10009be6:	4d36      	ldr	r5, [pc, #216]	@ (10009cc0 <cdcd_xfer_cb+0xe4>)
10009be8:	4680      	mov	r8, r0
10009bea:	78ea      	ldrb	r2, [r5, #3]
10009bec:	000c      	movs	r4, r1
10009bee:	001f      	movs	r7, r3
10009bf0:	428a      	cmp	r2, r1
10009bf2:	d03c      	beq.n	10009c6e <cdcd_xfer_cb+0x92>
10009bf4:	78ab      	ldrb	r3, [r5, #2]
10009bf6:	428b      	cmp	r3, r1
10009bf8:	d010      	beq.n	10009c1c <cdcd_xfer_cb+0x40>
10009bfa:	2000      	movs	r0, #0
10009bfc:	bce0      	pop	{r5, r6, r7}
10009bfe:	46ba      	mov	sl, r7
10009c00:	46b1      	mov	r9, r6
10009c02:	46a8      	mov	r8, r5
10009c04:	bdf0      	pop	{r4, r5, r6, r7, pc}
10009c06:	4b2f      	ldr	r3, [pc, #188]	@ (10009cc4 <cdcd_xfer_cb+0xe8>)
10009c08:	2b00      	cmp	r3, #0
10009c0a:	d004      	beq.n	10009c16 <cdcd_xfer_cb+0x3a>
10009c0c:	482e      	ldr	r0, [pc, #184]	@ (10009cc8 <cdcd_xfer_cb+0xec>)
10009c0e:	f000 f93b 	bl	10009e88 <tu_fifo_empty>
10009c12:	2800      	cmp	r0, #0
10009c14:	d051      	beq.n	10009cba <cdcd_xfer_cb+0xde>
10009c16:	2000      	movs	r0, #0
10009c18:	f7ff fda8 	bl	1000976c <_prep_out_transaction.isra.0>
10009c1c:	78ab      	ldrb	r3, [r5, #2]
10009c1e:	42a3      	cmp	r3, r4
10009c20:	d001      	beq.n	10009c26 <cdcd_xfer_cb+0x4a>
10009c22:	2001      	movs	r0, #1
10009c24:	e7ea      	b.n	10009bfc <cdcd_xfer_cb+0x20>
10009c26:	4b29      	ldr	r3, [pc, #164]	@ (10009ccc <cdcd_xfer_cb+0xf0>)
10009c28:	2b00      	cmp	r3, #0
10009c2a:	d002      	beq.n	10009c32 <cdcd_xfer_cb+0x56>
10009c2c:	2000      	movs	r0, #0
10009c2e:	e000      	b.n	10009c32 <cdcd_xfer_cb+0x56>
10009c30:	bf00      	nop
10009c32:	2000      	movs	r0, #0
10009c34:	f7ff fe48 	bl	100098c8 <tud_cdc_n_write_flush>
10009c38:	2800      	cmp	r0, #0
10009c3a:	d1f2      	bne.n	10009c22 <cdcd_xfer_cb+0x46>
10009c3c:	4c24      	ldr	r4, [pc, #144]	@ (10009cd0 <cdcd_xfer_cb+0xf4>)
10009c3e:	0020      	movs	r0, r4
10009c40:	f000 f90c 	bl	10009e5c <tu_fifo_count>
10009c44:	2800      	cmp	r0, #0
10009c46:	d1ec      	bne.n	10009c22 <cdcd_xfer_cb+0x46>
10009c48:	2f00      	cmp	r7, #0
10009c4a:	d0ea      	beq.n	10009c22 <cdcd_xfer_cb+0x46>
10009c4c:	06bf      	lsls	r7, r7, #26
10009c4e:	d1e8      	bne.n	10009c22 <cdcd_xfer_cb+0x46>
10009c50:	3c1c      	subs	r4, #28
10009c52:	4640      	mov	r0, r8
10009c54:	78a1      	ldrb	r1, [r4, #2]
10009c56:	f7ff fc45 	bl	100094e4 <usbd_edpt_claim>
10009c5a:	2800      	cmp	r0, #0
10009c5c:	d0e1      	beq.n	10009c22 <cdcd_xfer_cb+0x46>
10009c5e:	2300      	movs	r3, #0
10009c60:	2200      	movs	r2, #0
10009c62:	4640      	mov	r0, r8
10009c64:	78a1      	ldrb	r1, [r4, #2]
10009c66:	f7ff fc5d 	bl	10009524 <usbd_edpt_xfer>
10009c6a:	2001      	movs	r0, #1
10009c6c:	e7c6      	b.n	10009bfc <cdcd_xfer_cb+0x20>
10009c6e:	b29a      	uxth	r2, r3
10009c70:	2310      	movs	r3, #16
10009c72:	469a      	mov	sl, r3
10009c74:	4e17      	ldr	r6, [pc, #92]	@ (10009cd4 <cdcd_xfer_cb+0xf8>)
10009c76:	44aa      	add	sl, r5
10009c78:	0031      	movs	r1, r6
10009c7a:	4650      	mov	r0, sl
10009c7c:	f000 fa0a 	bl	1000a094 <tu_fifo_write_n>
10009c80:	4b15      	ldr	r3, [pc, #84]	@ (10009cd8 <cdcd_xfer_cb+0xfc>)
10009c82:	2b00      	cmp	r3, #0
10009c84:	d0bf      	beq.n	10009c06 <cdcd_xfer_cb+0x2a>
10009c86:	796b      	ldrb	r3, [r5, #5]
10009c88:	2bff      	cmp	r3, #255	@ 0xff
10009c8a:	d0bc      	beq.n	10009c06 <cdcd_xfer_cb+0x2a>
10009c8c:	2f00      	cmp	r7, #0
10009c8e:	d0ba      	beq.n	10009c06 <cdcd_xfer_cb+0x2a>
10009c90:	19f2      	adds	r2, r6, r7
10009c92:	4691      	mov	r9, r2
10009c94:	e003      	b.n	10009c9e <cdcd_xfer_cb+0xc2>
10009c96:	3601      	adds	r6, #1
10009c98:	454e      	cmp	r6, r9
10009c9a:	d0b4      	beq.n	10009c06 <cdcd_xfer_cb+0x2a>
10009c9c:	796b      	ldrb	r3, [r5, #5]
10009c9e:	7832      	ldrb	r2, [r6, #0]
10009ca0:	429a      	cmp	r2, r3
10009ca2:	d1f8      	bne.n	10009c96 <cdcd_xfer_cb+0xba>
10009ca4:	4650      	mov	r0, sl
10009ca6:	f000 f8ef 	bl	10009e88 <tu_fifo_empty>
10009caa:	2800      	cmp	r0, #0
10009cac:	d1f3      	bne.n	10009c96 <cdcd_xfer_cb+0xba>
10009cae:	4653      	mov	r3, sl
10009cb0:	3b10      	subs	r3, #16
10009cb2:	7959      	ldrb	r1, [r3, #5]
10009cb4:	e000      	b.n	10009cb8 <cdcd_xfer_cb+0xdc>
10009cb6:	bf00      	nop
10009cb8:	e7ed      	b.n	10009c96 <cdcd_xfer_cb+0xba>
10009cba:	e000      	b.n	10009cbe <cdcd_xfer_cb+0xe2>
10009cbc:	bf00      	nop
10009cbe:	e7aa      	b.n	10009c16 <cdcd_xfer_cb+0x3a>
10009cc0:	20001e74 	.word	0x20001e74
10009cc4:	00000000 	.word	0x00000000
10009cc8:	20001e84 	.word	0x20001e84
10009ccc:	00000000 	.word	0x00000000
10009cd0:	20001e90 	.word	0x20001e90
10009cd4:	20001df0 	.word	0x20001df0
10009cd8:	00000000 	.word	0x00000000

10009cdc <tusb_rhport_init>:
10009cdc:	b500      	push	{lr}
10009cde:	0003      	movs	r3, r0
10009ce0:	b083      	sub	sp, #12
10009ce2:	2900      	cmp	r1, #0
10009ce4:	d010      	beq.n	10009d08 <tusb_rhport_init+0x2c>
10009ce6:	2000      	movs	r0, #0
10009ce8:	2b01      	cmp	r3, #1
10009cea:	d807      	bhi.n	10009cfc <tusb_rhport_init+0x20>
10009cec:	780a      	ldrb	r2, [r1, #0]
10009cee:	2a00      	cmp	r2, #0
10009cf0:	d004      	beq.n	10009cfc <tusb_rhport_init+0x20>
10009cf2:	480c      	ldr	r0, [pc, #48]	@ (10009d24 <tusb_rhport_init+0x48>)
10009cf4:	54c2      	strb	r2, [r0, r3]
10009cf6:	2001      	movs	r0, #1
10009cf8:	2a01      	cmp	r2, #1
10009cfa:	d001      	beq.n	10009d00 <tusb_rhport_init+0x24>
10009cfc:	b003      	add	sp, #12
10009cfe:	bd00      	pop	{pc}
10009d00:	0018      	movs	r0, r3
10009d02:	f7fe ff39 	bl	10008b78 <tud_rhport_init>
10009d06:	e7f9      	b.n	10009cfc <tusb_rhport_init+0x20>
10009d08:	2301      	movs	r3, #1
10009d0a:	466a      	mov	r2, sp
10009d0c:	2000      	movs	r0, #0
10009d0e:	a901      	add	r1, sp, #4
10009d10:	8093      	strh	r3, [r2, #4]
10009d12:	f7fe ff31 	bl	10008b78 <tud_rhport_init>
10009d16:	2800      	cmp	r0, #0
10009d18:	d0f0      	beq.n	10009cfc <tusb_rhport_init+0x20>
10009d1a:	2201      	movs	r2, #1
10009d1c:	4b01      	ldr	r3, [pc, #4]	@ (10009d24 <tusb_rhport_init+0x48>)
10009d1e:	701a      	strb	r2, [r3, #0]
10009d20:	e7ec      	b.n	10009cfc <tusb_rhport_init+0x20>
10009d22:	46c0      	nop			@ (mov r8, r8)
10009d24:	20002130 	.word	0x20002130

10009d28 <tu_edpt_claim>:
10009d28:	7802      	ldrb	r2, [r0, #0]
10009d2a:	0003      	movs	r3, r0
10009d2c:	07d2      	lsls	r2, r2, #31
10009d2e:	0fd0      	lsrs	r0, r2, #31
10009d30:	2a00      	cmp	r2, #0
10009d32:	d110      	bne.n	10009d56 <tu_edpt_claim+0x2e>
10009d34:	781a      	ldrb	r2, [r3, #0]
10009d36:	0752      	lsls	r2, r2, #29
10009d38:	d40c      	bmi.n	10009d54 <tu_edpt_claim+0x2c>
10009d3a:	781a      	ldrb	r2, [r3, #0]
10009d3c:	07d2      	lsls	r2, r2, #31
10009d3e:	0fd0      	lsrs	r0, r2, #31
10009d40:	2a00      	cmp	r2, #0
10009d42:	d108      	bne.n	10009d56 <tu_edpt_claim+0x2e>
10009d44:	781a      	ldrb	r2, [r3, #0]
10009d46:	0752      	lsls	r2, r2, #29
10009d48:	d404      	bmi.n	10009d54 <tu_edpt_claim+0x2c>
10009d4a:	2104      	movs	r1, #4
10009d4c:	2001      	movs	r0, #1
10009d4e:	781a      	ldrb	r2, [r3, #0]
10009d50:	430a      	orrs	r2, r1
10009d52:	701a      	strb	r2, [r3, #0]
10009d54:	4770      	bx	lr
10009d56:	2000      	movs	r0, #0
10009d58:	e7fc      	b.n	10009d54 <tu_edpt_claim+0x2c>
10009d5a:	46c0      	nop			@ (mov r8, r8)

10009d5c <tu_edpt_release>:
10009d5c:	7803      	ldrb	r3, [r0, #0]
10009d5e:	0002      	movs	r2, r0
10009d60:	075b      	lsls	r3, r3, #29
10009d62:	0fd8      	lsrs	r0, r3, #31
10009d64:	2b00      	cmp	r3, #0
10009d66:	db00      	blt.n	10009d6a <tu_edpt_release+0xe>
10009d68:	4770      	bx	lr
10009d6a:	7813      	ldrb	r3, [r2, #0]
10009d6c:	07db      	lsls	r3, r3, #31
10009d6e:	d404      	bmi.n	10009d7a <tu_edpt_release+0x1e>
10009d70:	2104      	movs	r1, #4
10009d72:	7813      	ldrb	r3, [r2, #0]
10009d74:	438b      	bics	r3, r1
10009d76:	7013      	strb	r3, [r2, #0]
10009d78:	e7f6      	b.n	10009d68 <tu_edpt_release+0xc>
10009d7a:	2000      	movs	r0, #0
10009d7c:	e7f4      	b.n	10009d68 <tu_edpt_release+0xc>
10009d7e:	46c0      	nop			@ (mov r8, r8)

10009d80 <tu_edpt_validate>:
10009d80:	7943      	ldrb	r3, [r0, #5]
10009d82:	7902      	ldrb	r2, [r0, #4]
10009d84:	021b      	lsls	r3, r3, #8
10009d86:	4313      	orrs	r3, r2
10009d88:	78c2      	ldrb	r2, [r0, #3]
10009d8a:	055b      	lsls	r3, r3, #21
10009d8c:	0792      	lsls	r2, r2, #30
10009d8e:	0d5b      	lsrs	r3, r3, #21
10009d90:	0f92      	lsrs	r2, r2, #30
10009d92:	2a02      	cmp	r2, #2
10009d94:	d01d      	beq.n	10009dd2 <tu_edpt_validate+0x52>
10009d96:	2a03      	cmp	r2, #3
10009d98:	d00c      	beq.n	10009db4 <tu_edpt_validate+0x34>
10009d9a:	2000      	movs	r0, #0
10009d9c:	2a01      	cmp	r2, #1
10009d9e:	d108      	bne.n	10009db2 <tu_edpt_validate+0x32>
10009da0:	3902      	subs	r1, #2
10009da2:	424a      	negs	r2, r1
10009da4:	4151      	adcs	r1, r2
10009da6:	4a12      	ldr	r2, [pc, #72]	@ (10009df0 <tu_edpt_validate+0x70>)
10009da8:	4694      	mov	ip, r2
10009daa:	4461      	add	r1, ip
10009dac:	4299      	cmp	r1, r3
10009dae:	4140      	adcs	r0, r0
10009db0:	b2c0      	uxtb	r0, r0
10009db2:	4770      	bx	lr
10009db4:	3902      	subs	r1, #2
10009db6:	1e4a      	subs	r2, r1, #1
10009db8:	4191      	sbcs	r1, r2
10009dba:	4a0e      	ldr	r2, [pc, #56]	@ (10009df4 <tu_edpt_validate+0x74>)
10009dbc:	4249      	negs	r1, r1
10009dbe:	4011      	ands	r1, r2
10009dc0:	2280      	movs	r2, #128	@ 0x80
10009dc2:	00d2      	lsls	r2, r2, #3
10009dc4:	4694      	mov	ip, r2
10009dc6:	2000      	movs	r0, #0
10009dc8:	4461      	add	r1, ip
10009dca:	4299      	cmp	r1, r3
10009dcc:	4140      	adcs	r0, r0
10009dce:	b2c0      	uxtb	r0, r0
10009dd0:	e7ef      	b.n	10009db2 <tu_edpt_validate+0x32>
10009dd2:	2902      	cmp	r1, #2
10009dd4:	d005      	beq.n	10009de2 <tu_edpt_validate+0x62>
10009dd6:	2000      	movs	r0, #0
10009dd8:	2240      	movs	r2, #64	@ 0x40
10009dda:	429a      	cmp	r2, r3
10009ddc:	4140      	adcs	r0, r0
10009dde:	b2c0      	uxtb	r0, r0
10009de0:	e7e7      	b.n	10009db2 <tu_edpt_validate+0x32>
10009de2:	4a05      	ldr	r2, [pc, #20]	@ (10009df8 <tu_edpt_validate+0x78>)
10009de4:	1898      	adds	r0, r3, r2
10009de6:	4243      	negs	r3, r0
10009de8:	4158      	adcs	r0, r3
10009dea:	b2c0      	uxtb	r0, r0
10009dec:	e7e1      	b.n	10009db2 <tu_edpt_validate+0x32>
10009dee:	46c0      	nop			@ (mov r8, r8)
10009df0:	000003ff 	.word	0x000003ff
10009df4:	fffffc40 	.word	0xfffffc40
10009df8:	fffffe00 	.word	0xfffffe00

10009dfc <tu_edpt_bind_driver>:
10009dfc:	188a      	adds	r2, r1, r2
10009dfe:	b570      	push	{r4, r5, r6, lr}
10009e00:	4291      	cmp	r1, r2
10009e02:	d207      	bcs.n	10009e14 <tu_edpt_bind_driver+0x18>
10009e04:	267f      	movs	r6, #127	@ 0x7f
10009e06:	784c      	ldrb	r4, [r1, #1]
10009e08:	2c05      	cmp	r4, #5
10009e0a:	d004      	beq.n	10009e16 <tu_edpt_bind_driver+0x1a>
10009e0c:	780c      	ldrb	r4, [r1, #0]
10009e0e:	1909      	adds	r1, r1, r4
10009e10:	428a      	cmp	r2, r1
10009e12:	d8f8      	bhi.n	10009e06 <tu_edpt_bind_driver+0xa>
10009e14:	bd70      	pop	{r4, r5, r6, pc}
10009e16:	0034      	movs	r4, r6
10009e18:	788d      	ldrb	r5, [r1, #2]
10009e1a:	402c      	ands	r4, r5
10009e1c:	0064      	lsls	r4, r4, #1
10009e1e:	1904      	adds	r4, r0, r4
10009e20:	09ed      	lsrs	r5, r5, #7
10009e22:	5563      	strb	r3, [r4, r5]
10009e24:	780c      	ldrb	r4, [r1, #0]
10009e26:	1909      	adds	r1, r1, r4
10009e28:	428a      	cmp	r2, r1
10009e2a:	d8ec      	bhi.n	10009e06 <tu_edpt_bind_driver+0xa>
10009e2c:	e7f2      	b.n	10009e14 <tu_edpt_bind_driver+0x18>
10009e2e:	46c0      	nop			@ (mov r8, r8)

10009e30 <tu_fifo_config>:
10009e30:	b530      	push	{r4, r5, lr}
10009e32:	2580      	movs	r5, #128	@ 0x80
10009e34:	466c      	mov	r4, sp
10009e36:	022d      	lsls	r5, r5, #8
10009e38:	7b24      	ldrb	r4, [r4, #12]
10009e3a:	42aa      	cmp	r2, r5
10009e3c:	d80b      	bhi.n	10009e56 <tu_fifo_config+0x26>
10009e3e:	045b      	lsls	r3, r3, #17
10009e40:	0c5b      	lsrs	r3, r3, #17
10009e42:	03e4      	lsls	r4, r4, #15
10009e44:	431c      	orrs	r4, r3
10009e46:	2300      	movs	r3, #0
10009e48:	6001      	str	r1, [r0, #0]
10009e4a:	8143      	strh	r3, [r0, #10]
10009e4c:	8082      	strh	r2, [r0, #4]
10009e4e:	80c4      	strh	r4, [r0, #6]
10009e50:	8103      	strh	r3, [r0, #8]
10009e52:	2001      	movs	r0, #1
10009e54:	bd30      	pop	{r4, r5, pc}
10009e56:	2000      	movs	r0, #0
10009e58:	e7fc      	b.n	10009e54 <tu_fifo_config+0x24>
10009e5a:	46c0      	nop			@ (mov r8, r8)

10009e5c <tu_fifo_count>:
10009e5c:	b510      	push	{r4, lr}
10009e5e:	8904      	ldrh	r4, [r0, #8]
10009e60:	8941      	ldrh	r1, [r0, #10]
10009e62:	8882      	ldrh	r2, [r0, #4]
10009e64:	b2a3      	uxth	r3, r4
10009e66:	b288      	uxth	r0, r1
10009e68:	428c      	cmp	r4, r1
10009e6a:	d307      	bcc.n	10009e7c <tu_fifo_count+0x20>
10009e6c:	1a1b      	subs	r3, r3, r0
10009e6e:	b29b      	uxth	r3, r3
10009e70:	1c10      	adds	r0, r2, #0
10009e72:	429a      	cmp	r2, r3
10009e74:	d900      	bls.n	10009e78 <tu_fifo_count+0x1c>
10009e76:	1c18      	adds	r0, r3, #0
10009e78:	b280      	uxth	r0, r0
10009e7a:	bd10      	pop	{r4, pc}
10009e7c:	0051      	lsls	r1, r2, #1
10009e7e:	1a09      	subs	r1, r1, r0
10009e80:	185b      	adds	r3, r3, r1
10009e82:	b29b      	uxth	r3, r3
10009e84:	e7f4      	b.n	10009e70 <tu_fifo_count+0x14>
10009e86:	46c0      	nop			@ (mov r8, r8)

10009e88 <tu_fifo_empty>:
10009e88:	8903      	ldrh	r3, [r0, #8]
10009e8a:	8940      	ldrh	r0, [r0, #10]
10009e8c:	1a18      	subs	r0, r3, r0
10009e8e:	4243      	negs	r3, r0
10009e90:	4158      	adcs	r0, r3
10009e92:	b2c0      	uxtb	r0, r0
10009e94:	4770      	bx	lr
10009e96:	46c0      	nop			@ (mov r8, r8)

10009e98 <tu_fifo_remaining>:
10009e98:	b510      	push	{r4, lr}
10009e9a:	8904      	ldrh	r4, [r0, #8]
10009e9c:	8941      	ldrh	r1, [r0, #10]
10009e9e:	8882      	ldrh	r2, [r0, #4]
10009ea0:	b2a3      	uxth	r3, r4
10009ea2:	b288      	uxth	r0, r1
10009ea4:	428c      	cmp	r4, r1
10009ea6:	d307      	bcc.n	10009eb8 <tu_fifo_remaining+0x20>
10009ea8:	1a1b      	subs	r3, r3, r0
10009eaa:	b29b      	uxth	r3, r3
10009eac:	2000      	movs	r0, #0
10009eae:	429a      	cmp	r2, r3
10009eb0:	d901      	bls.n	10009eb6 <tu_fifo_remaining+0x1e>
10009eb2:	1ad2      	subs	r2, r2, r3
10009eb4:	b290      	uxth	r0, r2
10009eb6:	bd10      	pop	{r4, pc}
10009eb8:	0051      	lsls	r1, r2, #1
10009eba:	1a09      	subs	r1, r1, r0
10009ebc:	185b      	adds	r3, r3, r1
10009ebe:	b29b      	uxth	r3, r3
10009ec0:	e7f4      	b.n	10009eac <tu_fifo_remaining+0x14>
10009ec2:	46c0      	nop			@ (mov r8, r8)

10009ec4 <tu_fifo_read>:
10009ec4:	b570      	push	{r4, r5, r6, lr}
10009ec6:	0004      	movs	r4, r0
10009ec8:	8926      	ldrh	r6, [r4, #8]
10009eca:	8965      	ldrh	r5, [r4, #10]
10009ecc:	0008      	movs	r0, r1
10009ece:	88a2      	ldrh	r2, [r4, #4]
10009ed0:	b2b1      	uxth	r1, r6
10009ed2:	b2ab      	uxth	r3, r5
10009ed4:	42ae      	cmp	r6, r5
10009ed6:	d32c      	bcc.n	10009f32 <tu_fifo_read+0x6e>
10009ed8:	1acd      	subs	r5, r1, r3
10009eda:	b2ad      	uxth	r5, r5
10009edc:	2d00      	cmp	r5, #0
10009ede:	d021      	beq.n	10009f24 <tu_fifo_read+0x60>
10009ee0:	42aa      	cmp	r2, r5
10009ee2:	d208      	bcs.n	10009ef6 <tu_fifo_read+0x32>
10009ee4:	4291      	cmp	r1, r2
10009ee6:	d329      	bcc.n	10009f3c <tu_fifo_read+0x78>
10009ee8:	1a89      	subs	r1, r1, r2
10009eea:	b28b      	uxth	r3, r1
10009eec:	8163      	strh	r3, [r4, #10]
10009eee:	429a      	cmp	r2, r3
10009ef0:	d803      	bhi.n	10009efa <tu_fifo_read+0x36>
10009ef2:	1a9b      	subs	r3, r3, r2
10009ef4:	b29b      	uxth	r3, r3
10009ef6:	429a      	cmp	r2, r3
10009ef8:	d9fb      	bls.n	10009ef2 <tu_fifo_read+0x2e>
10009efa:	88e2      	ldrh	r2, [r4, #6]
10009efc:	6821      	ldr	r1, [r4, #0]
10009efe:	0452      	lsls	r2, r2, #17
10009f00:	0c52      	lsrs	r2, r2, #17
10009f02:	4353      	muls	r3, r2
10009f04:	18c9      	adds	r1, r1, r3
10009f06:	f7fc fc5d 	bl	100067c4 <__wrap___aeabi_memcpy>
10009f0a:	8963      	ldrh	r3, [r4, #10]
10009f0c:	2001      	movs	r0, #1
10009f0e:	1c59      	adds	r1, r3, #1
10009f10:	b289      	uxth	r1, r1
10009f12:	88a2      	ldrh	r2, [r4, #4]
10009f14:	428b      	cmp	r3, r1
10009f16:	d908      	bls.n	10009f2a <tu_fifo_read+0x66>
10009f18:	2100      	movs	r1, #0
10009f1a:	0052      	lsls	r2, r2, #1
10009f1c:	1a89      	subs	r1, r1, r2
10009f1e:	b289      	uxth	r1, r1
10009f20:	8161      	strh	r1, [r4, #10]
10009f22:	bd70      	pop	{r4, r5, r6, pc}
10009f24:	2000      	movs	r0, #0
10009f26:	8961      	ldrh	r1, [r4, #10]
10009f28:	b289      	uxth	r1, r1
10009f2a:	0052      	lsls	r2, r2, #1
10009f2c:	4291      	cmp	r1, r2
10009f2e:	dbf7      	blt.n	10009f20 <tu_fifo_read+0x5c>
10009f30:	e7f4      	b.n	10009f1c <tu_fifo_read+0x58>
10009f32:	0055      	lsls	r5, r2, #1
10009f34:	1aed      	subs	r5, r5, r3
10009f36:	194d      	adds	r5, r1, r5
10009f38:	b2ad      	uxth	r5, r5
10009f3a:	e7cf      	b.n	10009edc <tu_fifo_read+0x18>
10009f3c:	1889      	adds	r1, r1, r2
10009f3e:	b28b      	uxth	r3, r1
10009f40:	8163      	strh	r3, [r4, #10]
10009f42:	e7d4      	b.n	10009eee <tu_fifo_read+0x2a>

10009f44 <tu_fifo_read_n>:
10009f44:	b5f0      	push	{r4, r5, r6, r7, lr}
10009f46:	464f      	mov	r7, r9
10009f48:	46d6      	mov	lr, sl
10009f4a:	4646      	mov	r6, r8
10009f4c:	b5c0      	push	{r6, r7, lr}
10009f4e:	0007      	movs	r7, r0
10009f50:	4689      	mov	r9, r1
10009f52:	8900      	ldrh	r0, [r0, #8]
10009f54:	8979      	ldrh	r1, [r7, #10]
10009f56:	88bd      	ldrh	r5, [r7, #4]
10009f58:	b283      	uxth	r3, r0
10009f5a:	b28c      	uxth	r4, r1
10009f5c:	4288      	cmp	r0, r1
10009f5e:	d34f      	bcc.n	1000a000 <tu_fifo_read_n+0xbc>
10009f60:	1b1e      	subs	r6, r3, r4
10009f62:	b2b6      	uxth	r6, r6
10009f64:	2e00      	cmp	r6, #0
10009f66:	d045      	beq.n	10009ff4 <tu_fifo_read_n+0xb0>
10009f68:	42b5      	cmp	r5, r6
10009f6a:	d205      	bcs.n	10009f78 <tu_fifo_read_n+0x34>
10009f6c:	42ab      	cmp	r3, r5
10009f6e:	d24c      	bcs.n	1000a00a <tu_fifo_read_n+0xc6>
10009f70:	195b      	adds	r3, r3, r5
10009f72:	b29c      	uxth	r4, r3
10009f74:	002e      	movs	r6, r5
10009f76:	817c      	strh	r4, [r7, #10]
10009f78:	1c13      	adds	r3, r2, #0
10009f7a:	42b2      	cmp	r2, r6
10009f7c:	d838      	bhi.n	10009ff0 <tu_fifo_read_n+0xac>
10009f7e:	b29e      	uxth	r6, r3
10009f80:	42a5      	cmp	r5, r4
10009f82:	d803      	bhi.n	10009f8c <tu_fifo_read_n+0x48>
10009f84:	1b64      	subs	r4, r4, r5
10009f86:	b2a4      	uxth	r4, r4
10009f88:	42a5      	cmp	r5, r4
10009f8a:	d9fb      	bls.n	10009f84 <tu_fifo_read_n+0x40>
10009f8c:	88fa      	ldrh	r2, [r7, #6]
10009f8e:	6839      	ldr	r1, [r7, #0]
10009f90:	0452      	lsls	r2, r2, #17
10009f92:	0c52      	lsrs	r2, r2, #17
10009f94:	4690      	mov	r8, r2
10009f96:	4362      	muls	r2, r4
10009f98:	1b2b      	subs	r3, r5, r4
10009f9a:	b29b      	uxth	r3, r3
10009f9c:	1889      	adds	r1, r1, r2
10009f9e:	4642      	mov	r2, r8
10009fa0:	429e      	cmp	r6, r3
10009fa2:	d920      	bls.n	10009fe6 <tu_fifo_read_n+0xa2>
10009fa4:	4353      	muls	r3, r2
10009fa6:	b29b      	uxth	r3, r3
10009fa8:	001a      	movs	r2, r3
10009faa:	4648      	mov	r0, r9
10009fac:	469a      	mov	sl, r3
10009fae:	f7fc fc09 	bl	100067c4 <__wrap___aeabi_memcpy>
10009fb2:	4643      	mov	r3, r8
10009fb4:	4648      	mov	r0, r9
10009fb6:	1b75      	subs	r5, r6, r5
10009fb8:	1964      	adds	r4, r4, r5
10009fba:	435c      	muls	r4, r3
10009fbc:	6839      	ldr	r1, [r7, #0]
10009fbe:	4450      	add	r0, sl
10009fc0:	b2a2      	uxth	r2, r4
10009fc2:	f7fc fbff 	bl	100067c4 <__wrap___aeabi_memcpy>
10009fc6:	8979      	ldrh	r1, [r7, #10]
10009fc8:	88bd      	ldrh	r5, [r7, #4]
10009fca:	198b      	adds	r3, r1, r6
10009fcc:	b29b      	uxth	r3, r3
10009fce:	006a      	lsls	r2, r5, #1
10009fd0:	4299      	cmp	r1, r3
10009fd2:	d911      	bls.n	10009ff8 <tu_fifo_read_n+0xb4>
10009fd4:	1a9b      	subs	r3, r3, r2
10009fd6:	b29b      	uxth	r3, r3
10009fd8:	0030      	movs	r0, r6
10009fda:	817b      	strh	r3, [r7, #10]
10009fdc:	bce0      	pop	{r5, r6, r7}
10009fde:	46ba      	mov	sl, r7
10009fe0:	46b1      	mov	r9, r6
10009fe2:	46a8      	mov	r8, r5
10009fe4:	bdf0      	pop	{r4, r5, r6, r7, pc}
10009fe6:	4648      	mov	r0, r9
10009fe8:	4372      	muls	r2, r6
10009fea:	f7fc fbeb 	bl	100067c4 <__wrap___aeabi_memcpy>
10009fee:	e7ea      	b.n	10009fc6 <tu_fifo_read_n+0x82>
10009ff0:	1c33      	adds	r3, r6, #0
10009ff2:	e7c4      	b.n	10009f7e <tu_fifo_read_n+0x3a>
10009ff4:	897b      	ldrh	r3, [r7, #10]
10009ff6:	b29b      	uxth	r3, r3
10009ff8:	006a      	lsls	r2, r5, #1
10009ffa:	4293      	cmp	r3, r2
10009ffc:	dbec      	blt.n	10009fd8 <tu_fifo_read_n+0x94>
10009ffe:	e7e9      	b.n	10009fd4 <tu_fifo_read_n+0x90>
1000a000:	006e      	lsls	r6, r5, #1
1000a002:	1b36      	subs	r6, r6, r4
1000a004:	199e      	adds	r6, r3, r6
1000a006:	b2b6      	uxth	r6, r6
1000a008:	e7ac      	b.n	10009f64 <tu_fifo_read_n+0x20>
1000a00a:	1b5b      	subs	r3, r3, r5
1000a00c:	b29c      	uxth	r4, r3
1000a00e:	e7b1      	b.n	10009f74 <tu_fifo_read_n+0x30>

1000a010 <tu_fifo_write>:
1000a010:	b5f8      	push	{r3, r4, r5, r6, r7, lr}
1000a012:	0004      	movs	r4, r0
1000a014:	8905      	ldrh	r5, [r0, #8]
1000a016:	8882      	ldrh	r2, [r0, #4]
1000a018:	8906      	ldrh	r6, [r0, #8]
1000a01a:	8940      	ldrh	r0, [r0, #10]
1000a01c:	b2ad      	uxth	r5, r5
1000a01e:	b2b3      	uxth	r3, r6
1000a020:	b287      	uxth	r7, r0
1000a022:	4286      	cmp	r6, r0
1000a024:	d321      	bcc.n	1000a06a <tu_fifo_write+0x5a>
1000a026:	1bdb      	subs	r3, r3, r7
1000a028:	b29b      	uxth	r3, r3
1000a02a:	429a      	cmp	r2, r3
1000a02c:	d802      	bhi.n	1000a034 <tu_fifo_write+0x24>
1000a02e:	79e0      	ldrb	r0, [r4, #7]
1000a030:	09c0      	lsrs	r0, r0, #7
1000a032:	d019      	beq.n	1000a068 <tu_fifo_write+0x58>
1000a034:	002b      	movs	r3, r5
1000a036:	4295      	cmp	r5, r2
1000a038:	d31c      	bcc.n	1000a074 <tu_fifo_write+0x64>
1000a03a:	1a9b      	subs	r3, r3, r2
1000a03c:	b29b      	uxth	r3, r3
1000a03e:	4293      	cmp	r3, r2
1000a040:	d2fb      	bcs.n	1000a03a <tu_fifo_write+0x2a>
1000a042:	88e2      	ldrh	r2, [r4, #6]
1000a044:	6820      	ldr	r0, [r4, #0]
1000a046:	0452      	lsls	r2, r2, #17
1000a048:	0c52      	lsrs	r2, r2, #17
1000a04a:	4353      	muls	r3, r2
1000a04c:	18c0      	adds	r0, r0, r3
1000a04e:	f7fc fbb9 	bl	100067c4 <__wrap___aeabi_memcpy>
1000a052:	1c6b      	adds	r3, r5, #1
1000a054:	b29b      	uxth	r3, r3
1000a056:	88a2      	ldrh	r2, [r4, #4]
1000a058:	429d      	cmp	r5, r3
1000a05a:	d916      	bls.n	1000a08a <tu_fifo_write+0x7a>
1000a05c:	2300      	movs	r3, #0
1000a05e:	0052      	lsls	r2, r2, #1
1000a060:	1a9b      	subs	r3, r3, r2
1000a062:	b29b      	uxth	r3, r3
1000a064:	2001      	movs	r0, #1
1000a066:	8123      	strh	r3, [r4, #8]
1000a068:	bdf8      	pop	{r3, r4, r5, r6, r7, pc}
1000a06a:	0050      	lsls	r0, r2, #1
1000a06c:	1bc0      	subs	r0, r0, r7
1000a06e:	181b      	adds	r3, r3, r0
1000a070:	b29b      	uxth	r3, r3
1000a072:	e7da      	b.n	1000a02a <tu_fifo_write+0x1a>
1000a074:	88e2      	ldrh	r2, [r4, #6]
1000a076:	6820      	ldr	r0, [r4, #0]
1000a078:	0452      	lsls	r2, r2, #17
1000a07a:	0c52      	lsrs	r2, r2, #17
1000a07c:	4353      	muls	r3, r2
1000a07e:	18c0      	adds	r0, r0, r3
1000a080:	f7fc fba0 	bl	100067c4 <__wrap___aeabi_memcpy>
1000a084:	3501      	adds	r5, #1
1000a086:	88a2      	ldrh	r2, [r4, #4]
1000a088:	b2ab      	uxth	r3, r5
1000a08a:	0052      	lsls	r2, r2, #1
1000a08c:	4293      	cmp	r3, r2
1000a08e:	dbe9      	blt.n	1000a064 <tu_fifo_write+0x54>
1000a090:	e7e6      	b.n	1000a060 <tu_fifo_write+0x50>
1000a092:	46c0      	nop			@ (mov r8, r8)

1000a094 <tu_fifo_write_n>:
1000a094:	b5f0      	push	{r4, r5, r6, r7, lr}
1000a096:	4645      	mov	r5, r8
1000a098:	464e      	mov	r6, r9
1000a09a:	46de      	mov	lr, fp
1000a09c:	4657      	mov	r7, sl
1000a09e:	b5e0      	push	{r5, r6, r7, lr}
1000a0a0:	4688      	mov	r8, r1
1000a0a2:	0005      	movs	r5, r0
1000a0a4:	0016      	movs	r6, r2
1000a0a6:	b083      	sub	sp, #12
1000a0a8:	2a00      	cmp	r2, #0
1000a0aa:	d042      	beq.n	1000a132 <tu_fifo_write_n+0x9e>
1000a0ac:	8907      	ldrh	r7, [r0, #8]
1000a0ae:	79ea      	ldrb	r2, [r5, #7]
1000a0b0:	8943      	ldrh	r3, [r0, #10]
1000a0b2:	b2bf      	uxth	r7, r7
1000a0b4:	8880      	ldrh	r0, [r0, #4]
1000a0b6:	b29b      	uxth	r3, r3
1000a0b8:	09d2      	lsrs	r2, r2, #7
1000a0ba:	d142      	bne.n	1000a142 <tu_fifo_write_n+0xae>
1000a0bc:	429f      	cmp	r7, r3
1000a0be:	d25e      	bcs.n	1000a17e <tu_fifo_write_n+0xea>
1000a0c0:	0042      	lsls	r2, r0, #1
1000a0c2:	1ad3      	subs	r3, r2, r3
1000a0c4:	18fb      	adds	r3, r7, r3
1000a0c6:	b29b      	uxth	r3, r3
1000a0c8:	4283      	cmp	r3, r0
1000a0ca:	d232      	bcs.n	1000a132 <tu_fifo_write_n+0x9e>
1000a0cc:	1ac3      	subs	r3, r0, r3
1000a0ce:	1c1a      	adds	r2, r3, #0
1000a0d0:	b29b      	uxth	r3, r3
1000a0d2:	42b3      	cmp	r3, r6
1000a0d4:	d900      	bls.n	1000a0d8 <tu_fifo_write_n+0x44>
1000a0d6:	1c32      	adds	r2, r6, #0
1000a0d8:	88eb      	ldrh	r3, [r5, #6]
1000a0da:	b296      	uxth	r6, r2
1000a0dc:	045b      	lsls	r3, r3, #17
1000a0de:	0c5b      	lsrs	r3, r3, #17
1000a0e0:	4699      	mov	r9, r3
1000a0e2:	19bb      	adds	r3, r7, r6
1000a0e4:	b29b      	uxth	r3, r3
1000a0e6:	469a      	mov	sl, r3
1000a0e8:	1a33      	subs	r3, r6, r0
1000a0ea:	b29b      	uxth	r3, r3
1000a0ec:	469b      	mov	fp, r3
1000a0ee:	003c      	movs	r4, r7
1000a0f0:	4287      	cmp	r7, r0
1000a0f2:	d303      	bcc.n	1000a0fc <tu_fifo_write_n+0x68>
1000a0f4:	1a24      	subs	r4, r4, r0
1000a0f6:	b2a4      	uxth	r4, r4
1000a0f8:	4284      	cmp	r4, r0
1000a0fa:	d2fb      	bcs.n	1000a0f4 <tu_fifo_write_n+0x60>
1000a0fc:	464a      	mov	r2, r9
1000a0fe:	4362      	muls	r2, r4
1000a100:	1b00      	subs	r0, r0, r4
1000a102:	b283      	uxth	r3, r0
1000a104:	6828      	ldr	r0, [r5, #0]
1000a106:	1880      	adds	r0, r0, r2
1000a108:	464a      	mov	r2, r9
1000a10a:	42b3      	cmp	r3, r6
1000a10c:	d347      	bcc.n	1000a19e <tu_fifo_write_n+0x10a>
1000a10e:	4641      	mov	r1, r8
1000a110:	4372      	muls	r2, r6
1000a112:	f7fc fb57 	bl	100067c4 <__wrap___aeabi_memcpy>
1000a116:	88ab      	ldrh	r3, [r5, #4]
1000a118:	005b      	lsls	r3, r3, #1
1000a11a:	4557      	cmp	r7, sl
1000a11c:	d801      	bhi.n	1000a122 <tu_fifo_write_n+0x8e>
1000a11e:	459a      	cmp	sl, r3
1000a120:	db03      	blt.n	1000a12a <tu_fifo_write_n+0x96>
1000a122:	4652      	mov	r2, sl
1000a124:	1ad3      	subs	r3, r2, r3
1000a126:	b29b      	uxth	r3, r3
1000a128:	469a      	mov	sl, r3
1000a12a:	4653      	mov	r3, sl
1000a12c:	0030      	movs	r0, r6
1000a12e:	812b      	strh	r3, [r5, #8]
1000a130:	e000      	b.n	1000a134 <tu_fifo_write_n+0xa0>
1000a132:	2000      	movs	r0, #0
1000a134:	b003      	add	sp, #12
1000a136:	bcf0      	pop	{r4, r5, r6, r7}
1000a138:	46bb      	mov	fp, r7
1000a13a:	46b2      	mov	sl, r6
1000a13c:	46a9      	mov	r9, r5
1000a13e:	46a0      	mov	r8, r4
1000a140:	bdf0      	pop	{r4, r5, r6, r7, pc}
1000a142:	88ea      	ldrh	r2, [r5, #6]
1000a144:	0452      	lsls	r2, r2, #17
1000a146:	0c52      	lsrs	r2, r2, #17
1000a148:	4691      	mov	r9, r2
1000a14a:	4286      	cmp	r6, r0
1000a14c:	d21a      	bcs.n	1000a184 <tu_fifo_write_n+0xf0>
1000a14e:	429f      	cmp	r7, r3
1000a150:	d337      	bcc.n	1000a1c2 <tu_fifo_write_n+0x12e>
1000a152:	1afa      	subs	r2, r7, r3
1000a154:	b292      	uxth	r2, r2
1000a156:	0041      	lsls	r1, r0, #1
1000a158:	1a34      	subs	r4, r6, r0
1000a15a:	b2a4      	uxth	r4, r4
1000a15c:	1992      	adds	r2, r2, r6
1000a15e:	46a3      	mov	fp, r4
1000a160:	428a      	cmp	r2, r1
1000a162:	db08      	blt.n	1000a176 <tu_fifo_write_n+0xe2>
1000a164:	181a      	adds	r2, r3, r0
1000a166:	b292      	uxth	r2, r2
1000a168:	1b97      	subs	r7, r2, r6
1000a16a:	b2bf      	uxth	r7, r7
1000a16c:	4692      	mov	sl, r2
1000a16e:	42bb      	cmp	r3, r7
1000a170:	d92c      	bls.n	1000a1cc <tu_fifo_write_n+0x138>
1000a172:	1a7f      	subs	r7, r7, r1
1000a174:	b2bf      	uxth	r7, r7
1000a176:	19f3      	adds	r3, r6, r7
1000a178:	b29b      	uxth	r3, r3
1000a17a:	469a      	mov	sl, r3
1000a17c:	e7b7      	b.n	1000a0ee <tu_fifo_write_n+0x5a>
1000a17e:	1afb      	subs	r3, r7, r3
1000a180:	b29b      	uxth	r3, r3
1000a182:	e7a1      	b.n	1000a0c8 <tu_fifo_write_n+0x34>
1000a184:	2800      	cmp	r0, #0
1000a186:	d0d5      	beq.n	1000a134 <tu_fifo_write_n+0xa0>
1000a188:	1a36      	subs	r6, r6, r0
1000a18a:	4356      	muls	r6, r2
1000a18c:	001f      	movs	r7, r3
1000a18e:	181a      	adds	r2, r3, r0
1000a190:	2300      	movs	r3, #0
1000a192:	b292      	uxth	r2, r2
1000a194:	44b0      	add	r8, r6
1000a196:	4692      	mov	sl, r2
1000a198:	0006      	movs	r6, r0
1000a19a:	469b      	mov	fp, r3
1000a19c:	e7a7      	b.n	1000a0ee <tu_fifo_write_n+0x5a>
1000a19e:	4353      	muls	r3, r2
1000a1a0:	b299      	uxth	r1, r3
1000a1a2:	000a      	movs	r2, r1
1000a1a4:	9101      	str	r1, [sp, #4]
1000a1a6:	445c      	add	r4, fp
1000a1a8:	4641      	mov	r1, r8
1000a1aa:	f7fc fb0b 	bl	100067c4 <__wrap___aeabi_memcpy>
1000a1ae:	0022      	movs	r2, r4
1000a1b0:	464b      	mov	r3, r9
1000a1b2:	435a      	muls	r2, r3
1000a1b4:	9901      	ldr	r1, [sp, #4]
1000a1b6:	6828      	ldr	r0, [r5, #0]
1000a1b8:	b292      	uxth	r2, r2
1000a1ba:	4441      	add	r1, r8
1000a1bc:	f7fc fb02 	bl	100067c4 <__wrap___aeabi_memcpy>
1000a1c0:	e7a9      	b.n	1000a116 <tu_fifo_write_n+0x82>
1000a1c2:	0041      	lsls	r1, r0, #1
1000a1c4:	1aca      	subs	r2, r1, r3
1000a1c6:	18ba      	adds	r2, r7, r2
1000a1c8:	b292      	uxth	r2, r2
1000a1ca:	e7c5      	b.n	1000a158 <tu_fifo_write_n+0xc4>
1000a1cc:	42b9      	cmp	r1, r7
1000a1ce:	dd00      	ble.n	1000a1d2 <tu_fifo_write_n+0x13e>
1000a1d0:	e78d      	b.n	1000a0ee <tu_fifo_write_n+0x5a>
1000a1d2:	e7ce      	b.n	1000a172 <tu_fifo_write_n+0xde>

1000a1d4 <tu_fifo_clear>:
1000a1d4:	2300      	movs	r3, #0
1000a1d6:	8143      	strh	r3, [r0, #10]
1000a1d8:	8103      	strh	r3, [r0, #8]
1000a1da:	2001      	movs	r0, #1
1000a1dc:	4770      	bx	lr
1000a1de:	46c0      	nop			@ (mov r8, r8)

1000a1e0 <tu_fifo_set_overwritable>:
1000a1e0:	01cb      	lsls	r3, r1, #7
1000a1e2:	217f      	movs	r1, #127	@ 0x7f
1000a1e4:	79c2      	ldrb	r2, [r0, #7]
1000a1e6:	4011      	ands	r1, r2
1000a1e8:	4319      	orrs	r1, r3
1000a1ea:	71c1      	strb	r1, [r0, #7]
1000a1ec:	2001      	movs	r0, #1
1000a1ee:	4770      	bx	lr

1000a1f0 <pio_sm_unclaim>:
1000a1f0:	4b05      	ldr	r3, [pc, #20]	@ (1000a208 <pio_sm_unclaim+0x18>)
1000a1f2:	b510      	push	{r4, lr}
1000a1f4:	469c      	mov	ip, r3
1000a1f6:	4460      	add	r0, ip
1000a1f8:	0d00      	lsrs	r0, r0, #20
1000a1fa:	0080      	lsls	r0, r0, #2
1000a1fc:	1841      	adds	r1, r0, r1
1000a1fe:	4803      	ldr	r0, [pc, #12]	@ (1000a20c <pio_sm_unclaim+0x1c>)
1000a200:	f7fa fafc 	bl	100047fc <hw_claim_clear>
1000a204:	bd10      	pop	{r4, pc}
1000a206:	46c0      	nop			@ (mov r8, r8)
1000a208:	afe00000 	.word	0xafe00000
1000a20c:	20002360 	.word	0x20002360

1000a210 <pio_claim_unused_sm>:
1000a210:	b510      	push	{r4, lr}
1000a212:	4b0a      	ldr	r3, [pc, #40]	@ (1000a23c <pio_claim_unused_sm+0x2c>)
1000a214:	4a0a      	ldr	r2, [pc, #40]	@ (1000a240 <pio_claim_unused_sm+0x30>)
1000a216:	18c4      	adds	r4, r0, r3
1000a218:	0d24      	lsrs	r4, r4, #20
1000a21a:	00a4      	lsls	r4, r4, #2
1000a21c:	b082      	sub	sp, #8
1000a21e:	9200      	str	r2, [sp, #0]
1000a220:	4808      	ldr	r0, [pc, #32]	@ (1000a244 <pio_claim_unused_sm+0x34>)
1000a222:	0022      	movs	r2, r4
1000a224:	1ce3      	adds	r3, r4, #3
1000a226:	f7fa faa5 	bl	10004774 <hw_claim_unused_from_range>
1000a22a:	4284      	cmp	r4, r0
1000a22c:	dc02      	bgt.n	1000a234 <pio_claim_unused_sm+0x24>
1000a22e:	1b00      	subs	r0, r0, r4
1000a230:	b002      	add	sp, #8
1000a232:	bd10      	pop	{r4, pc}
1000a234:	2001      	movs	r0, #1
1000a236:	4240      	negs	r0, r0
1000a238:	e7fa      	b.n	1000a230 <pio_claim_unused_sm+0x20>
1000a23a:	46c0      	nop			@ (mov r8, r8)
1000a23c:	afe00000 	.word	0xafe00000
1000a240:	1000c6f4 	.word	0x1000c6f4
1000a244:	20002360 	.word	0x20002360

1000a248 <pio_can_add_program>:
1000a248:	b570      	push	{r4, r5, r6, lr}
1000a24a:	000d      	movs	r5, r1
1000a24c:	0004      	movs	r4, r0
1000a24e:	f7fa fa59 	bl	10004704 <hw_claim_lock>
1000a252:	4a1a      	ldr	r2, [pc, #104]	@ (1000a2bc <pio_can_add_program+0x74>)
1000a254:	4b1a      	ldr	r3, [pc, #104]	@ (1000a2c0 <pio_can_add_program+0x78>)
1000a256:	4694      	mov	ip, r2
1000a258:	2201      	movs	r2, #1
1000a25a:	4464      	add	r4, ip
1000a25c:	0d24      	lsrs	r4, r4, #20
1000a25e:	00a4      	lsls	r4, r4, #2
1000a260:	58e6      	ldr	r6, [r4, r3]
1000a262:	2105      	movs	r1, #5
1000a264:	792c      	ldrb	r4, [r5, #4]
1000a266:	2320      	movs	r3, #32
1000a268:	40a2      	lsls	r2, r4
1000a26a:	5669      	ldrsb	r1, [r5, r1]
1000a26c:	3a01      	subs	r2, #1
1000a26e:	1b1b      	subs	r3, r3, r4
1000a270:	2900      	cmp	r1, #0
1000a272:	db13      	blt.n	1000a29c <pio_can_add_program+0x54>
1000a274:	2400      	movs	r4, #0
1000a276:	428b      	cmp	r3, r1
1000a278:	db0c      	blt.n	1000a294 <pio_can_add_program+0x4c>
1000a27a:	0013      	movs	r3, r2
1000a27c:	408b      	lsls	r3, r1
1000a27e:	421e      	tst	r6, r3
1000a280:	d108      	bne.n	1000a294 <pio_can_add_program+0x4c>
1000a282:	79ab      	ldrb	r3, [r5, #6]
1000a284:	2b00      	cmp	r3, #0
1000a286:	d105      	bne.n	1000a294 <pio_can_add_program+0x4c>
1000a288:	408a      	lsls	r2, r1
1000a28a:	0014      	movs	r4, r2
1000a28c:	4034      	ands	r4, r6
1000a28e:	4263      	negs	r3, r4
1000a290:	415c      	adcs	r4, r3
1000a292:	b2e4      	uxtb	r4, r4
1000a294:	f7fa fa42 	bl	1000471c <hw_claim_unlock>
1000a298:	0020      	movs	r0, r4
1000a29a:	bd70      	pop	{r4, r5, r6, pc}
1000a29c:	2b00      	cmp	r3, #0
1000a29e:	da02      	bge.n	1000a2a6 <pio_can_add_program+0x5e>
1000a2a0:	e009      	b.n	1000a2b6 <pio_can_add_program+0x6e>
1000a2a2:	3b01      	subs	r3, #1
1000a2a4:	d307      	bcc.n	1000a2b6 <pio_can_add_program+0x6e>
1000a2a6:	0014      	movs	r4, r2
1000a2a8:	409c      	lsls	r4, r3
1000a2aa:	0019      	movs	r1, r3
1000a2ac:	4226      	tst	r6, r4
1000a2ae:	d1f8      	bne.n	1000a2a2 <pio_can_add_program+0x5a>
1000a2b0:	79ab      	ldrb	r3, [r5, #6]
1000a2b2:	2b00      	cmp	r3, #0
1000a2b4:	d0e8      	beq.n	1000a288 <pio_can_add_program+0x40>
1000a2b6:	2400      	movs	r4, #0
1000a2b8:	e7ec      	b.n	1000a294 <pio_can_add_program+0x4c>
1000a2ba:	46c0      	nop			@ (mov r8, r8)
1000a2bc:	afe00000 	.word	0xafe00000
1000a2c0:	2000224c 	.word	0x2000224c

1000a2c4 <pio_add_program>:
1000a2c4:	b5f0      	push	{r4, r5, r6, r7, lr}
1000a2c6:	4657      	mov	r7, sl
1000a2c8:	4645      	mov	r5, r8
1000a2ca:	46de      	mov	lr, fp
1000a2cc:	464e      	mov	r6, r9
1000a2ce:	4688      	mov	r8, r1
1000a2d0:	b5e0      	push	{r5, r6, r7, lr}
1000a2d2:	b083      	sub	sp, #12
1000a2d4:	0006      	movs	r6, r0
1000a2d6:	2505      	movs	r5, #5
1000a2d8:	f7fa fa14 	bl	10004704 <hw_claim_lock>
1000a2dc:	4643      	mov	r3, r8
1000a2de:	4684      	mov	ip, r0
1000a2e0:	575d      	ldrsb	r5, [r3, r5]
1000a2e2:	7918      	ldrb	r0, [r3, #4]
1000a2e4:	4b33      	ldr	r3, [pc, #204]	@ (1000a3b4 <pio_add_program+0xf0>)
1000a2e6:	4a34      	ldr	r2, [pc, #208]	@ (1000a3b8 <pio_add_program+0xf4>)
1000a2e8:	18f3      	adds	r3, r6, r3
1000a2ea:	0d1b      	lsrs	r3, r3, #20
1000a2ec:	009b      	lsls	r3, r3, #2
1000a2ee:	4692      	mov	sl, r2
1000a2f0:	58d7      	ldr	r7, [r2, r3]
1000a2f2:	2201      	movs	r2, #1
1000a2f4:	2420      	movs	r4, #32
1000a2f6:	4082      	lsls	r2, r0
1000a2f8:	1a24      	subs	r4, r4, r0
1000a2fa:	3a01      	subs	r2, #1
1000a2fc:	2d00      	cmp	r5, #0
1000a2fe:	db41      	blt.n	1000a384 <pio_add_program+0xc0>
1000a300:	42a5      	cmp	r5, r4
1000a302:	dc32      	bgt.n	1000a36a <pio_add_program+0xa6>
1000a304:	0011      	movs	r1, r2
1000a306:	40a9      	lsls	r1, r5
1000a308:	420f      	tst	r7, r1
1000a30a:	d12e      	bne.n	1000a36a <pio_add_program+0xa6>
1000a30c:	4641      	mov	r1, r8
1000a30e:	6809      	ldr	r1, [r1, #0]
1000a310:	4689      	mov	r9, r1
1000a312:	4641      	mov	r1, r8
1000a314:	7989      	ldrb	r1, [r1, #6]
1000a316:	2900      	cmp	r1, #0
1000a318:	d145      	bne.n	1000a3a6 <pio_add_program+0xe2>
1000a31a:	002c      	movs	r4, r5
1000a31c:	40aa      	lsls	r2, r5
1000a31e:	4693      	mov	fp, r2
1000a320:	4659      	mov	r1, fp
1000a322:	403a      	ands	r2, r7
1000a324:	4239      	tst	r1, r7
1000a326:	d141      	bne.n	1000a3ac <pio_add_program+0xe8>
1000a328:	2180      	movs	r1, #128	@ 0x80
1000a32a:	0189      	lsls	r1, r1, #6
1000a32c:	4688      	mov	r8, r1
1000a32e:	2800      	cmp	r0, #0
1000a330:	d016      	beq.n	1000a360 <pio_add_program+0x9c>
1000a332:	4661      	mov	r1, ip
1000a334:	46a4      	mov	ip, r4
1000a336:	0034      	movs	r4, r6
1000a338:	464e      	mov	r6, r9
1000a33a:	4699      	mov	r9, r3
1000a33c:	0003      	movs	r3, r0
1000a33e:	9101      	str	r1, [sp, #4]
1000a340:	0051      	lsls	r1, r2, #1
1000a342:	5a70      	ldrh	r0, [r6, r1]
1000a344:	4540      	cmp	r0, r8
1000a346:	d200      	bcs.n	1000a34a <pio_add_program+0x86>
1000a348:	1940      	adds	r0, r0, r5
1000a34a:	18a9      	adds	r1, r5, r2
1000a34c:	3112      	adds	r1, #18
1000a34e:	0089      	lsls	r1, r1, #2
1000a350:	3201      	adds	r2, #1
1000a352:	5108      	str	r0, [r1, r4]
1000a354:	429a      	cmp	r2, r3
1000a356:	d3f3      	bcc.n	1000a340 <pio_add_program+0x7c>
1000a358:	9b01      	ldr	r3, [sp, #4]
1000a35a:	4664      	mov	r4, ip
1000a35c:	469c      	mov	ip, r3
1000a35e:	464b      	mov	r3, r9
1000a360:	465a      	mov	r2, fp
1000a362:	4317      	orrs	r7, r2
1000a364:	4652      	mov	r2, sl
1000a366:	50d7      	str	r7, [r2, r3]
1000a368:	e001      	b.n	1000a36e <pio_add_program+0xaa>
1000a36a:	2401      	movs	r4, #1
1000a36c:	4264      	negs	r4, r4
1000a36e:	4660      	mov	r0, ip
1000a370:	f7fa f9d4 	bl	1000471c <hw_claim_unlock>
1000a374:	0020      	movs	r0, r4
1000a376:	b003      	add	sp, #12
1000a378:	bcf0      	pop	{r4, r5, r6, r7}
1000a37a:	46bb      	mov	fp, r7
1000a37c:	46b2      	mov	sl, r6
1000a37e:	46a9      	mov	r9, r5
1000a380:	46a0      	mov	r8, r4
1000a382:	bdf0      	pop	{r4, r5, r6, r7, pc}
1000a384:	2c00      	cmp	r4, #0
1000a386:	da02      	bge.n	1000a38e <pio_add_program+0xca>
1000a388:	e010      	b.n	1000a3ac <pio_add_program+0xe8>
1000a38a:	3c01      	subs	r4, #1
1000a38c:	d30e      	bcc.n	1000a3ac <pio_add_program+0xe8>
1000a38e:	0011      	movs	r1, r2
1000a390:	40a1      	lsls	r1, r4
1000a392:	0025      	movs	r5, r4
1000a394:	420f      	tst	r7, r1
1000a396:	d1f8      	bne.n	1000a38a <pio_add_program+0xc6>
1000a398:	4641      	mov	r1, r8
1000a39a:	6809      	ldr	r1, [r1, #0]
1000a39c:	4689      	mov	r9, r1
1000a39e:	4641      	mov	r1, r8
1000a3a0:	7989      	ldrb	r1, [r1, #6]
1000a3a2:	2900      	cmp	r1, #0
1000a3a4:	d0ba      	beq.n	1000a31c <pio_add_program+0x58>
1000a3a6:	2414      	movs	r4, #20
1000a3a8:	4264      	negs	r4, r4
1000a3aa:	e7e0      	b.n	1000a36e <pio_add_program+0xaa>
1000a3ac:	2409      	movs	r4, #9
1000a3ae:	4264      	negs	r4, r4
1000a3b0:	e7dd      	b.n	1000a36e <pio_add_program+0xaa>
1000a3b2:	46c0      	nop			@ (mov r8, r8)
1000a3b4:	afe00000 	.word	0xafe00000
1000a3b8:	2000224c 	.word	0x2000224c

1000a3bc <pio_sm_set_consecutive_pindirs>:
1000a3bc:	b5f0      	push	{r4, r5, r6, r7, lr}
1000a3be:	464e      	mov	r6, r9
1000a3c0:	4645      	mov	r5, r8
1000a3c2:	46de      	mov	lr, fp
1000a3c4:	4657      	mov	r7, sl
1000a3c6:	b5e0      	push	{r5, r6, r7, lr}
1000a3c8:	b083      	sub	sp, #12
1000a3ca:	4689      	mov	r9, r1
1000a3cc:	a90c      	add	r1, sp, #48	@ 0x30
1000a3ce:	4684      	mov	ip, r0
1000a3d0:	780d      	ldrb	r5, [r1, #0]
1000a3d2:	2a1f      	cmp	r2, #31
1000a3d4:	d845      	bhi.n	1000a462 <pio_sm_set_consecutive_pindirs+0xa6>
1000a3d6:	4649      	mov	r1, r9
1000a3d8:	0049      	lsls	r1, r1, #1
1000a3da:	4688      	mov	r8, r1
1000a3dc:	4449      	add	r1, r9
1000a3de:	00c9      	lsls	r1, r1, #3
1000a3e0:	1846      	adds	r6, r0, r1
1000a3e2:	0037      	movs	r7, r6
1000a3e4:	0034      	movs	r4, r6
1000a3e6:	37dc      	adds	r7, #220	@ 0xdc
1000a3e8:	6838      	ldr	r0, [r7, #0]
1000a3ea:	34cc      	adds	r4, #204	@ 0xcc
1000a3ec:	4683      	mov	fp, r0
1000a3ee:	6820      	ldr	r0, [r4, #0]
1000a3f0:	0031      	movs	r1, r6
1000a3f2:	9001      	str	r0, [sp, #4]
1000a3f4:	481c      	ldr	r0, [pc, #112]	@ (1000a468 <pio_sm_set_consecutive_pindirs+0xac>)
1000a3f6:	2480      	movs	r4, #128	@ 0x80
1000a3f8:	4682      	mov	sl, r0
1000a3fa:	02a4      	lsls	r4, r4, #10
1000a3fc:	4451      	add	r1, sl
1000a3fe:	600c      	str	r4, [r1, #0]
1000a400:	4269      	negs	r1, r5
1000a402:	414d      	adcs	r5, r1
1000a404:	211e      	movs	r1, #30
1000a406:	426d      	negs	r5, r5
1000a408:	438d      	bics	r5, r1
1000a40a:	4918      	ldr	r1, [pc, #96]	@ (1000a46c <pio_sm_set_consecutive_pindirs+0xb0>)
1000a40c:	468a      	mov	sl, r1
1000a40e:	4455      	add	r5, sl
1000a410:	2b05      	cmp	r3, #5
1000a412:	d90c      	bls.n	1000a42e <pio_sm_set_consecutive_pindirs+0x72>
1000a414:	20a0      	movs	r0, #160	@ 0xa0
1000a416:	211f      	movs	r1, #31
1000a418:	0540      	lsls	r0, r0, #21
1000a41a:	36d8      	adds	r6, #216	@ 0xd8
1000a41c:	0154      	lsls	r4, r2, #5
1000a41e:	4304      	orrs	r4, r0
1000a420:	3205      	adds	r2, #5
1000a422:	3b05      	subs	r3, #5
1000a424:	603c      	str	r4, [r7, #0]
1000a426:	400a      	ands	r2, r1
1000a428:	6035      	str	r5, [r6, #0]
1000a42a:	2b05      	cmp	r3, #5
1000a42c:	d8f6      	bhi.n	1000a41c <pio_sm_set_consecutive_pindirs+0x60>
1000a42e:	0152      	lsls	r2, r2, #5
1000a430:	069b      	lsls	r3, r3, #26
1000a432:	4313      	orrs	r3, r2
1000a434:	4642      	mov	r2, r8
1000a436:	444a      	add	r2, r9
1000a438:	00d2      	lsls	r2, r2, #3
1000a43a:	4462      	add	r2, ip
1000a43c:	0010      	movs	r0, r2
1000a43e:	32dc      	adds	r2, #220	@ 0xdc
1000a440:	6013      	str	r3, [r2, #0]
1000a442:	0003      	movs	r3, r0
1000a444:	33d8      	adds	r3, #216	@ 0xd8
1000a446:	601d      	str	r5, [r3, #0]
1000a448:	465b      	mov	r3, fp
1000a44a:	6013      	str	r3, [r2, #0]
1000a44c:	9b01      	ldr	r3, [sp, #4]
1000a44e:	30cc      	adds	r0, #204	@ 0xcc
1000a450:	6003      	str	r3, [r0, #0]
1000a452:	2000      	movs	r0, #0
1000a454:	b003      	add	sp, #12
1000a456:	bcf0      	pop	{r4, r5, r6, r7}
1000a458:	46bb      	mov	fp, r7
1000a45a:	46b2      	mov	sl, r6
1000a45c:	46a9      	mov	r9, r5
1000a45e:	46a0      	mov	r8, r4
1000a460:	bdf0      	pop	{r4, r5, r6, r7, pc}
1000a462:	2005      	movs	r0, #5
1000a464:	4240      	negs	r0, r0
1000a466:	e7f5      	b.n	1000a454 <pio_sm_set_consecutive_pindirs+0x98>
1000a468:	000030cc 	.word	0x000030cc
1000a46c:	0000e09f 	.word	0x0000e09f

1000a470 <pio_sm_init>:
1000a470:	b5f0      	push	{r4, r5, r6, r7, lr}
1000a472:	2501      	movs	r5, #1
1000a474:	408d      	lsls	r5, r1
1000a476:	6804      	ldr	r4, [r0, #0]
1000a478:	43ac      	bics	r4, r5
1000a47a:	6004      	str	r4, [r0, #0]
1000a47c:	2b00      	cmp	r3, #0
1000a47e:	d02e      	beq.n	1000a4de <pio_sm_init+0x6e>
1000a480:	004d      	lsls	r5, r1, #1
1000a482:	186c      	adds	r4, r5, r1
1000a484:	00e4      	lsls	r4, r4, #3
1000a486:	1904      	adds	r4, r0, r4
1000a488:	0026      	movs	r6, r4
1000a48a:	681f      	ldr	r7, [r3, #0]
1000a48c:	36c8      	adds	r6, #200	@ 0xc8
1000a48e:	6037      	str	r7, [r6, #0]
1000a490:	689f      	ldr	r7, [r3, #8]
1000a492:	3604      	adds	r6, #4
1000a494:	6077      	str	r7, [r6, #4]
1000a496:	685f      	ldr	r7, [r3, #4]
1000a498:	68db      	ldr	r3, [r3, #12]
1000a49a:	34dc      	adds	r4, #220	@ 0xdc
1000a49c:	6037      	str	r7, [r6, #0]
1000a49e:	6023      	str	r3, [r4, #0]
1000a4a0:	186b      	adds	r3, r5, r1
1000a4a2:	4d18      	ldr	r5, [pc, #96]	@ (1000a504 <pio_sm_init+0x94>)
1000a4a4:	00db      	lsls	r3, r3, #3
1000a4a6:	46ac      	mov	ip, r5
1000a4a8:	2580      	movs	r5, #128	@ 0x80
1000a4aa:	18c4      	adds	r4, r0, r3
1000a4ac:	4464      	add	r4, ip
1000a4ae:	062d      	lsls	r5, r5, #24
1000a4b0:	6025      	str	r5, [r4, #0]
1000a4b2:	6025      	str	r5, [r4, #0]
1000a4b4:	4c14      	ldr	r4, [pc, #80]	@ (1000a508 <pio_sm_init+0x98>)
1000a4b6:	1d0d      	adds	r5, r1, #4
1000a4b8:	408c      	lsls	r4, r1
1000a4ba:	6084      	str	r4, [r0, #8]
1000a4bc:	2401      	movs	r4, #1
1000a4be:	0026      	movs	r6, r4
1000a4c0:	40ae      	lsls	r6, r5
1000a4c2:	2580      	movs	r5, #128	@ 0x80
1000a4c4:	3108      	adds	r1, #8
1000a4c6:	408c      	lsls	r4, r1
1000a4c8:	211f      	movs	r1, #31
1000a4ca:	01ad      	lsls	r5, r5, #6
1000a4cc:	1945      	adds	r5, r0, r5
1000a4ce:	18c0      	adds	r0, r0, r3
1000a4d0:	400a      	ands	r2, r1
1000a4d2:	30d8      	adds	r0, #216	@ 0xd8
1000a4d4:	602e      	str	r6, [r5, #0]
1000a4d6:	602c      	str	r4, [r5, #0]
1000a4d8:	6002      	str	r2, [r0, #0]
1000a4da:	2000      	movs	r0, #0
1000a4dc:	bdf0      	pop	{r4, r5, r6, r7, pc}
1000a4de:	004d      	lsls	r5, r1, #1
1000a4e0:	186c      	adds	r4, r5, r1
1000a4e2:	00e4      	lsls	r4, r4, #3
1000a4e4:	1904      	adds	r4, r0, r4
1000a4e6:	0026      	movs	r6, r4
1000a4e8:	2780      	movs	r7, #128	@ 0x80
1000a4ea:	36c8      	adds	r6, #200	@ 0xc8
1000a4ec:	027f      	lsls	r7, r7, #9
1000a4ee:	6037      	str	r7, [r6, #0]
1000a4f0:	27c0      	movs	r7, #192	@ 0xc0
1000a4f2:	033f      	lsls	r7, r7, #12
1000a4f4:	60b7      	str	r7, [r6, #8]
1000a4f6:	27f8      	movs	r7, #248	@ 0xf8
1000a4f8:	3604      	adds	r6, #4
1000a4fa:	027f      	lsls	r7, r7, #9
1000a4fc:	34dc      	adds	r4, #220	@ 0xdc
1000a4fe:	6037      	str	r7, [r6, #0]
1000a500:	6023      	str	r3, [r4, #0]
1000a502:	e7cd      	b.n	1000a4a0 <pio_sm_init+0x30>
1000a504:	000010d0 	.word	0x000010d0
1000a508:	01010101 	.word	0x01010101

1000a50c <board_init>:
1000a50c:	b510      	push	{r4, lr}
1000a50e:	2019      	movs	r0, #25
1000a510:	f7fa f8ba 	bl	10004688 <gpio_init>
1000a514:	23d0      	movs	r3, #208	@ 0xd0
1000a516:	2280      	movs	r2, #128	@ 0x80
1000a518:	061b      	lsls	r3, r3, #24
1000a51a:	0492      	lsls	r2, r2, #18
1000a51c:	625a      	str	r2, [r3, #36]	@ 0x24
1000a51e:	bd10      	pop	{r4, pc}

1000a520 <strlen>:
1000a520:	b510      	push	{r4, lr}
1000a522:	0783      	lsls	r3, r0, #30
1000a524:	d00a      	beq.n	1000a53c <strlen+0x1c>
1000a526:	0003      	movs	r3, r0
1000a528:	2103      	movs	r1, #3
1000a52a:	e002      	b.n	1000a532 <strlen+0x12>
1000a52c:	3301      	adds	r3, #1
1000a52e:	420b      	tst	r3, r1
1000a530:	d005      	beq.n	1000a53e <strlen+0x1e>
1000a532:	781a      	ldrb	r2, [r3, #0]
1000a534:	2a00      	cmp	r2, #0
1000a536:	d1f9      	bne.n	1000a52c <strlen+0xc>
1000a538:	1a18      	subs	r0, r3, r0
1000a53a:	bd10      	pop	{r4, pc}
1000a53c:	0003      	movs	r3, r0
1000a53e:	6819      	ldr	r1, [r3, #0]
1000a540:	4a0c      	ldr	r2, [pc, #48]	@ (1000a574 <strlen+0x54>)
1000a542:	4c0d      	ldr	r4, [pc, #52]	@ (1000a578 <strlen+0x58>)
1000a544:	188a      	adds	r2, r1, r2
1000a546:	438a      	bics	r2, r1
1000a548:	4222      	tst	r2, r4
1000a54a:	d10f      	bne.n	1000a56c <strlen+0x4c>
1000a54c:	6859      	ldr	r1, [r3, #4]
1000a54e:	4a09      	ldr	r2, [pc, #36]	@ (1000a574 <strlen+0x54>)
1000a550:	3304      	adds	r3, #4
1000a552:	188a      	adds	r2, r1, r2
1000a554:	438a      	bics	r2, r1
1000a556:	4222      	tst	r2, r4
1000a558:	d108      	bne.n	1000a56c <strlen+0x4c>
1000a55a:	6859      	ldr	r1, [r3, #4]
1000a55c:	4a05      	ldr	r2, [pc, #20]	@ (1000a574 <strlen+0x54>)
1000a55e:	3304      	adds	r3, #4
1000a560:	188a      	adds	r2, r1, r2
1000a562:	438a      	bics	r2, r1
1000a564:	4222      	tst	r2, r4
1000a566:	d0f1      	beq.n	1000a54c <strlen+0x2c>
1000a568:	e000      	b.n	1000a56c <strlen+0x4c>
1000a56a:	3301      	adds	r3, #1
1000a56c:	781a      	ldrb	r2, [r3, #0]
1000a56e:	2a00      	cmp	r2, #0
1000a570:	d1fb      	bne.n	1000a56a <strlen+0x4a>
1000a572:	e7e1      	b.n	1000a538 <strlen+0x18>
1000a574:	fefefeff 	.word	0xfefefeff
1000a578:	80808080 	.word	0x80808080

1000a57c <strchr>:
1000a57c:	2303      	movs	r3, #3
1000a57e:	b2ca      	uxtb	r2, r1
1000a580:	b5f0      	push	{r4, r5, r6, r7, lr}
1000a582:	4003      	ands	r3, r0
1000a584:	2a00      	cmp	r2, #0
1000a586:	d035      	beq.n	1000a5f4 <strchr+0x78>
1000a588:	2403      	movs	r4, #3
1000a58a:	2b00      	cmp	r3, #0
1000a58c:	d12d      	bne.n	1000a5ea <strchr+0x6e>
1000a58e:	23ff      	movs	r3, #255	@ 0xff
1000a590:	400b      	ands	r3, r1
1000a592:	021d      	lsls	r5, r3, #8
1000a594:	18ed      	adds	r5, r5, r3
1000a596:	042b      	lsls	r3, r5, #16
1000a598:	18ed      	adds	r5, r5, r3
1000a59a:	002c      	movs	r4, r5
1000a59c:	6801      	ldr	r1, [r0, #0]
1000a59e:	4e26      	ldr	r6, [pc, #152]	@ (1000a638 <strchr+0xbc>)
1000a5a0:	404c      	eors	r4, r1
1000a5a2:	198b      	adds	r3, r1, r6
1000a5a4:	438b      	bics	r3, r1
1000a5a6:	19a1      	adds	r1, r4, r6
1000a5a8:	43a1      	bics	r1, r4
1000a5aa:	4e24      	ldr	r6, [pc, #144]	@ (1000a63c <strchr+0xc0>)
1000a5ac:	430b      	orrs	r3, r1
1000a5ae:	4233      	tst	r3, r6
1000a5b0:	d111      	bne.n	1000a5d6 <strchr+0x5a>
1000a5b2:	6841      	ldr	r1, [r0, #4]
1000a5b4:	4f20      	ldr	r7, [pc, #128]	@ (1000a638 <strchr+0xbc>)
1000a5b6:	000c      	movs	r4, r1
1000a5b8:	19cb      	adds	r3, r1, r7
1000a5ba:	406c      	eors	r4, r5
1000a5bc:	438b      	bics	r3, r1
1000a5be:	19e1      	adds	r1, r4, r7
1000a5c0:	43a1      	bics	r1, r4
1000a5c2:	430b      	orrs	r3, r1
1000a5c4:	3004      	adds	r0, #4
1000a5c6:	4233      	tst	r3, r6
1000a5c8:	d0f3      	beq.n	1000a5b2 <strchr+0x36>
1000a5ca:	7803      	ldrb	r3, [r0, #0]
1000a5cc:	2b00      	cmp	r3, #0
1000a5ce:	d005      	beq.n	1000a5dc <strchr+0x60>
1000a5d0:	429a      	cmp	r2, r3
1000a5d2:	d004      	beq.n	1000a5de <strchr+0x62>
1000a5d4:	3001      	adds	r0, #1
1000a5d6:	7803      	ldrb	r3, [r0, #0]
1000a5d8:	2b00      	cmp	r3, #0
1000a5da:	d1f9      	bne.n	1000a5d0 <strchr+0x54>
1000a5dc:	2000      	movs	r0, #0
1000a5de:	bdf0      	pop	{r4, r5, r6, r7, pc}
1000a5e0:	4293      	cmp	r3, r2
1000a5e2:	d0fc      	beq.n	1000a5de <strchr+0x62>
1000a5e4:	3001      	adds	r0, #1
1000a5e6:	4220      	tst	r0, r4
1000a5e8:	d0d1      	beq.n	1000a58e <strchr+0x12>
1000a5ea:	7803      	ldrb	r3, [r0, #0]
1000a5ec:	2b00      	cmp	r3, #0
1000a5ee:	d1f7      	bne.n	1000a5e0 <strchr+0x64>
1000a5f0:	2000      	movs	r0, #0
1000a5f2:	e7f4      	b.n	1000a5de <strchr+0x62>
1000a5f4:	2b00      	cmp	r3, #0
1000a5f6:	d008      	beq.n	1000a60a <strchr+0x8e>
1000a5f8:	2203      	movs	r2, #3
1000a5fa:	e002      	b.n	1000a602 <strchr+0x86>
1000a5fc:	3001      	adds	r0, #1
1000a5fe:	4210      	tst	r0, r2
1000a600:	d003      	beq.n	1000a60a <strchr+0x8e>
1000a602:	7803      	ldrb	r3, [r0, #0]
1000a604:	2b00      	cmp	r3, #0
1000a606:	d1f9      	bne.n	1000a5fc <strchr+0x80>
1000a608:	e7e9      	b.n	1000a5de <strchr+0x62>
1000a60a:	6802      	ldr	r2, [r0, #0]
1000a60c:	4b0a      	ldr	r3, [pc, #40]	@ (1000a638 <strchr+0xbc>)
1000a60e:	490b      	ldr	r1, [pc, #44]	@ (1000a63c <strchr+0xc0>)
1000a610:	18d3      	adds	r3, r2, r3
1000a612:	4393      	bics	r3, r2
1000a614:	420b      	tst	r3, r1
1000a616:	d106      	bne.n	1000a626 <strchr+0xaa>
1000a618:	6842      	ldr	r2, [r0, #4]
1000a61a:	4b07      	ldr	r3, [pc, #28]	@ (1000a638 <strchr+0xbc>)
1000a61c:	3004      	adds	r0, #4
1000a61e:	18d3      	adds	r3, r2, r3
1000a620:	4393      	bics	r3, r2
1000a622:	420b      	tst	r3, r1
1000a624:	d0f8      	beq.n	1000a618 <strchr+0x9c>
1000a626:	7803      	ldrb	r3, [r0, #0]
1000a628:	2b00      	cmp	r3, #0
1000a62a:	d0d8      	beq.n	1000a5de <strchr+0x62>
1000a62c:	7843      	ldrb	r3, [r0, #1]
1000a62e:	3001      	adds	r0, #1
1000a630:	2b00      	cmp	r3, #0
1000a632:	d1fb      	bne.n	1000a62c <strchr+0xb0>
1000a634:	e7d3      	b.n	1000a5de <strchr+0x62>
1000a636:	46c0      	nop			@ (mov r8, r8)
1000a638:	fefefeff 	.word	0xfefefeff
1000a63c:	80808080 	.word	0x80808080

1000a640 <critical_factorization>:
1000a640:	b5f0      	push	{r4, r5, r6, r7, lr}
1000a642:	46ce      	mov	lr, r9
1000a644:	4647      	mov	r7, r8
1000a646:	0003      	movs	r3, r0
1000a648:	4694      	mov	ip, r2
1000a64a:	b580      	push	{r7, lr}
1000a64c:	2901      	cmp	r1, #1
1000a64e:	d959      	bls.n	1000a704 <critical_factorization+0xc4>
1000a650:	2201      	movs	r2, #1
1000a652:	2001      	movs	r0, #1
1000a654:	4690      	mov	r8, r2
1000a656:	2501      	movs	r5, #1
1000a658:	2600      	movs	r6, #0
1000a65a:	2401      	movs	r4, #1
1000a65c:	4240      	negs	r0, r0
1000a65e:	e006      	b.n	1000a66e <critical_factorization+0x2e>
1000a660:	1a22      	subs	r2, r4, r0
1000a662:	4690      	mov	r8, r2
1000a664:	0026      	movs	r6, r4
1000a666:	2501      	movs	r5, #1
1000a668:	1974      	adds	r4, r6, r5
1000a66a:	42a1      	cmp	r1, r4
1000a66c:	d90d      	bls.n	1000a68a <critical_factorization+0x4a>
1000a66e:	181f      	adds	r7, r3, r0
1000a670:	5d1a      	ldrb	r2, [r3, r4]
1000a672:	5d7f      	ldrb	r7, [r7, r5]
1000a674:	42ba      	cmp	r2, r7
1000a676:	d3f3      	bcc.n	1000a660 <critical_factorization+0x20>
1000a678:	d036      	beq.n	1000a6e8 <critical_factorization+0xa8>
1000a67a:	2501      	movs	r5, #1
1000a67c:	2201      	movs	r2, #1
1000a67e:	0030      	movs	r0, r6
1000a680:	3601      	adds	r6, #1
1000a682:	1974      	adds	r4, r6, r5
1000a684:	4690      	mov	r8, r2
1000a686:	42a1      	cmp	r1, r4
1000a688:	d8f1      	bhi.n	1000a66e <critical_factorization+0x2e>
1000a68a:	4644      	mov	r4, r8
1000a68c:	4662      	mov	r2, ip
1000a68e:	6014      	str	r4, [r2, #0]
1000a690:	2201      	movs	r2, #1
1000a692:	4691      	mov	r9, r2
1000a694:	3a02      	subs	r2, #2
1000a696:	2501      	movs	r5, #1
1000a698:	2600      	movs	r6, #0
1000a69a:	4690      	mov	r8, r2
1000a69c:	2401      	movs	r4, #1
1000a69e:	e007      	b.n	1000a6b0 <critical_factorization+0x70>
1000a6a0:	4642      	mov	r2, r8
1000a6a2:	1aa2      	subs	r2, r4, r2
1000a6a4:	4691      	mov	r9, r2
1000a6a6:	0026      	movs	r6, r4
1000a6a8:	2501      	movs	r5, #1
1000a6aa:	1974      	adds	r4, r6, r5
1000a6ac:	42a1      	cmp	r1, r4
1000a6ae:	d90e      	bls.n	1000a6ce <critical_factorization+0x8e>
1000a6b0:	4647      	mov	r7, r8
1000a6b2:	19df      	adds	r7, r3, r7
1000a6b4:	5d1a      	ldrb	r2, [r3, r4]
1000a6b6:	5d7f      	ldrb	r7, [r7, r5]
1000a6b8:	42ba      	cmp	r2, r7
1000a6ba:	d8f1      	bhi.n	1000a6a0 <critical_factorization+0x60>
1000a6bc:	d018      	beq.n	1000a6f0 <critical_factorization+0xb0>
1000a6be:	2501      	movs	r5, #1
1000a6c0:	2201      	movs	r2, #1
1000a6c2:	46b0      	mov	r8, r6
1000a6c4:	3601      	adds	r6, #1
1000a6c6:	1974      	adds	r4, r6, r5
1000a6c8:	4691      	mov	r9, r2
1000a6ca:	42a1      	cmp	r1, r4
1000a6cc:	d8f0      	bhi.n	1000a6b0 <critical_factorization+0x70>
1000a6ce:	4643      	mov	r3, r8
1000a6d0:	3001      	adds	r0, #1
1000a6d2:	3301      	adds	r3, #1
1000a6d4:	4283      	cmp	r3, r0
1000a6d6:	d303      	bcc.n	1000a6e0 <critical_factorization+0xa0>
1000a6d8:	4662      	mov	r2, ip
1000a6da:	4649      	mov	r1, r9
1000a6dc:	0018      	movs	r0, r3
1000a6de:	6011      	str	r1, [r2, #0]
1000a6e0:	bcc0      	pop	{r6, r7}
1000a6e2:	46b9      	mov	r9, r7
1000a6e4:	46b0      	mov	r8, r6
1000a6e6:	bdf0      	pop	{r4, r5, r6, r7, pc}
1000a6e8:	4545      	cmp	r5, r8
1000a6ea:	d005      	beq.n	1000a6f8 <critical_factorization+0xb8>
1000a6ec:	3501      	adds	r5, #1
1000a6ee:	e7bb      	b.n	1000a668 <critical_factorization+0x28>
1000a6f0:	454d      	cmp	r5, r9
1000a6f2:	d004      	beq.n	1000a6fe <critical_factorization+0xbe>
1000a6f4:	3501      	adds	r5, #1
1000a6f6:	e7d8      	b.n	1000a6aa <critical_factorization+0x6a>
1000a6f8:	1976      	adds	r6, r6, r5
1000a6fa:	2501      	movs	r5, #1
1000a6fc:	e7b4      	b.n	1000a668 <critical_factorization+0x28>
1000a6fe:	1976      	adds	r6, r6, r5
1000a700:	2501      	movs	r5, #1
1000a702:	e7d2      	b.n	1000a6aa <critical_factorization+0x6a>
1000a704:	2301      	movs	r3, #1
1000a706:	4699      	mov	r9, r3
1000a708:	2300      	movs	r3, #0
1000a70a:	e7e5      	b.n	1000a6d8 <critical_factorization+0x98>

1000a70c <two_way_short_needle>:
1000a70c:	b5f0      	push	{r4, r5, r6, r7, lr}
1000a70e:	4645      	mov	r5, r8
1000a710:	46de      	mov	lr, fp
1000a712:	4657      	mov	r7, sl
1000a714:	464e      	mov	r6, r9
1000a716:	0014      	movs	r4, r2
1000a718:	b5e0      	push	{r5, r6, r7, lr}
1000a71a:	b085      	sub	sp, #20
1000a71c:	aa03      	add	r2, sp, #12
1000a71e:	4680      	mov	r8, r0
1000a720:	468a      	mov	sl, r1
1000a722:	0020      	movs	r0, r4
1000a724:	0019      	movs	r1, r3
1000a726:	001d      	movs	r5, r3
1000a728:	f7ff ff8a 	bl	1000a640 <critical_factorization>
1000a72c:	9b03      	ldr	r3, [sp, #12]
1000a72e:	4681      	mov	r9, r0
1000a730:	0002      	movs	r2, r0
1000a732:	18e1      	adds	r1, r4, r3
1000a734:	0020      	movs	r0, r4
1000a736:	9301      	str	r3, [sp, #4]
1000a738:	f000 fa96 	bl	1000ac68 <memcmp>
1000a73c:	2800      	cmp	r0, #0
1000a73e:	d15e      	bne.n	1000a7fe <two_way_short_needle+0xf2>
1000a740:	4653      	mov	r3, sl
1000a742:	1b59      	subs	r1, r3, r5
1000a744:	2380      	movs	r3, #128	@ 0x80
1000a746:	011b      	lsls	r3, r3, #4
1000a748:	432b      	orrs	r3, r5
1000a74a:	9300      	str	r3, [sp, #0]
1000a74c:	2301      	movs	r3, #1
1000a74e:	2700      	movs	r7, #0
1000a750:	2600      	movs	r6, #0
1000a752:	469b      	mov	fp, r3
1000a754:	0008      	movs	r0, r1
1000a756:	42b0      	cmp	r0, r6
1000a758:	d31c      	bcc.n	1000a794 <two_way_short_needle+0x88>
1000a75a:	003b      	movs	r3, r7
1000a75c:	454f      	cmp	r7, r9
1000a75e:	d200      	bcs.n	1000a762 <two_way_short_needle+0x56>
1000a760:	464b      	mov	r3, r9
1000a762:	4642      	mov	r2, r8
1000a764:	1991      	adds	r1, r2, r6
1000a766:	429d      	cmp	r5, r3
1000a768:	d927      	bls.n	1000a7ba <two_way_short_needle+0xae>
1000a76a:	4684      	mov	ip, r0
1000a76c:	0008      	movs	r0, r1
1000a76e:	e002      	b.n	1000a776 <two_way_short_needle+0x6a>
1000a770:	3301      	adds	r3, #1
1000a772:	429d      	cmp	r5, r3
1000a774:	d020      	beq.n	1000a7b8 <two_way_short_needle+0xac>
1000a776:	5ce1      	ldrb	r1, [r4, r3]
1000a778:	5cc2      	ldrb	r2, [r0, r3]
1000a77a:	4291      	cmp	r1, r2
1000a77c:	d0f8      	beq.n	1000a770 <two_way_short_needle+0x64>
1000a77e:	4660      	mov	r0, ip
1000a780:	429d      	cmp	r5, r3
1000a782:	d91a      	bls.n	1000a7ba <two_way_short_needle+0xae>
1000a784:	465a      	mov	r2, fp
1000a786:	4649      	mov	r1, r9
1000a788:	1a52      	subs	r2, r2, r1
1000a78a:	1996      	adds	r6, r2, r6
1000a78c:	18f6      	adds	r6, r6, r3
1000a78e:	2700      	movs	r7, #0
1000a790:	42b0      	cmp	r0, r6
1000a792:	d2e2      	bcs.n	1000a75a <two_way_short_needle+0x4e>
1000a794:	4640      	mov	r0, r8
1000a796:	9900      	ldr	r1, [sp, #0]
1000a798:	4450      	add	r0, sl
1000a79a:	f000 fb5f 	bl	1000ae5c <strnlen>
1000a79e:	4482      	add	sl, r0
1000a7a0:	4653      	mov	r3, sl
1000a7a2:	1b58      	subs	r0, r3, r5
1000a7a4:	42b0      	cmp	r0, r6
1000a7a6:	d2d8      	bcs.n	1000a75a <two_way_short_needle+0x4e>
1000a7a8:	2000      	movs	r0, #0
1000a7aa:	b005      	add	sp, #20
1000a7ac:	bcf0      	pop	{r4, r5, r6, r7}
1000a7ae:	46bb      	mov	fp, r7
1000a7b0:	46b2      	mov	sl, r6
1000a7b2:	46a9      	mov	r9, r5
1000a7b4:	46a0      	mov	r8, r4
1000a7b6:	bdf0      	pop	{r4, r5, r6, r7, pc}
1000a7b8:	4660      	mov	r0, ip
1000a7ba:	464b      	mov	r3, r9
1000a7bc:	4642      	mov	r2, r8
1000a7be:	3b01      	subs	r3, #1
1000a7c0:	1991      	adds	r1, r2, r6
1000a7c2:	454f      	cmp	r7, r9
1000a7c4:	d265      	bcs.n	1000a892 <two_way_short_needle+0x186>
1000a7c6:	4684      	mov	ip, r0
1000a7c8:	0008      	movs	r0, r1
1000a7ca:	e003      	b.n	1000a7d4 <two_way_short_needle+0xc8>
1000a7cc:	1e5a      	subs	r2, r3, #1
1000a7ce:	429f      	cmp	r7, r3
1000a7d0:	d00e      	beq.n	1000a7f0 <two_way_short_needle+0xe4>
1000a7d2:	0013      	movs	r3, r2
1000a7d4:	5ce1      	ldrb	r1, [r4, r3]
1000a7d6:	5cc2      	ldrb	r2, [r0, r3]
1000a7d8:	4291      	cmp	r1, r2
1000a7da:	d0f7      	beq.n	1000a7cc <two_way_short_needle+0xc0>
1000a7dc:	4660      	mov	r0, ip
1000a7de:	3301      	adds	r3, #1
1000a7e0:	3701      	adds	r7, #1
1000a7e2:	429f      	cmp	r7, r3
1000a7e4:	d808      	bhi.n	1000a7f8 <two_way_short_needle+0xec>
1000a7e6:	9b01      	ldr	r3, [sp, #4]
1000a7e8:	469c      	mov	ip, r3
1000a7ea:	1aef      	subs	r7, r5, r3
1000a7ec:	4466      	add	r6, ip
1000a7ee:	e7b2      	b.n	1000a756 <two_way_short_needle+0x4a>
1000a7f0:	3701      	adds	r7, #1
1000a7f2:	4660      	mov	r0, ip
1000a7f4:	429f      	cmp	r7, r3
1000a7f6:	d9f6      	bls.n	1000a7e6 <two_way_short_needle+0xda>
1000a7f8:	0030      	movs	r0, r6
1000a7fa:	4440      	add	r0, r8
1000a7fc:	e7d5      	b.n	1000a7aa <two_way_short_needle+0x9e>
1000a7fe:	464b      	mov	r3, r9
1000a800:	1aeb      	subs	r3, r5, r3
1000a802:	454b      	cmp	r3, r9
1000a804:	d200      	bcs.n	1000a808 <two_way_short_needle+0xfc>
1000a806:	464b      	mov	r3, r9
1000a808:	3301      	adds	r3, #1
1000a80a:	9300      	str	r3, [sp, #0]
1000a80c:	9303      	str	r3, [sp, #12]
1000a80e:	4653      	mov	r3, sl
1000a810:	1b59      	subs	r1, r3, r5
1000a812:	2380      	movs	r3, #128	@ 0x80
1000a814:	011b      	lsls	r3, r3, #4
1000a816:	432b      	orrs	r3, r5
1000a818:	2600      	movs	r6, #0
1000a81a:	469b      	mov	fp, r3
1000a81c:	2701      	movs	r7, #1
1000a81e:	0008      	movs	r0, r1
1000a820:	42b0      	cmp	r0, r6
1000a822:	d318      	bcc.n	1000a856 <two_way_short_needle+0x14a>
1000a824:	4642      	mov	r2, r8
1000a826:	464b      	mov	r3, r9
1000a828:	1991      	adds	r1, r2, r6
1000a82a:	454d      	cmp	r5, r9
1000a82c:	d920      	bls.n	1000a870 <two_way_short_needle+0x164>
1000a82e:	4684      	mov	ip, r0
1000a830:	0008      	movs	r0, r1
1000a832:	e002      	b.n	1000a83a <two_way_short_needle+0x12e>
1000a834:	3301      	adds	r3, #1
1000a836:	429d      	cmp	r5, r3
1000a838:	d018      	beq.n	1000a86c <two_way_short_needle+0x160>
1000a83a:	5ce1      	ldrb	r1, [r4, r3]
1000a83c:	5cc2      	ldrb	r2, [r0, r3]
1000a83e:	4291      	cmp	r1, r2
1000a840:	d0f8      	beq.n	1000a834 <two_way_short_needle+0x128>
1000a842:	0001      	movs	r1, r0
1000a844:	4660      	mov	r0, ip
1000a846:	429d      	cmp	r5, r3
1000a848:	d912      	bls.n	1000a870 <two_way_short_needle+0x164>
1000a84a:	464a      	mov	r2, r9
1000a84c:	1aba      	subs	r2, r7, r2
1000a84e:	1996      	adds	r6, r2, r6
1000a850:	18f6      	adds	r6, r6, r3
1000a852:	42b0      	cmp	r0, r6
1000a854:	d2e6      	bcs.n	1000a824 <two_way_short_needle+0x118>
1000a856:	4640      	mov	r0, r8
1000a858:	4659      	mov	r1, fp
1000a85a:	4450      	add	r0, sl
1000a85c:	f000 fafe 	bl	1000ae5c <strnlen>
1000a860:	4482      	add	sl, r0
1000a862:	4653      	mov	r3, sl
1000a864:	1b58      	subs	r0, r3, r5
1000a866:	42b0      	cmp	r0, r6
1000a868:	d2dc      	bcs.n	1000a824 <two_way_short_needle+0x118>
1000a86a:	e79d      	b.n	1000a7a8 <two_way_short_needle+0x9c>
1000a86c:	0001      	movs	r1, r0
1000a86e:	4660      	mov	r0, ip
1000a870:	464b      	mov	r3, r9
1000a872:	3b01      	subs	r3, #1
1000a874:	d30f      	bcc.n	1000a896 <two_way_short_needle+0x18a>
1000a876:	4684      	mov	ip, r0
1000a878:	0008      	movs	r0, r1
1000a87a:	e001      	b.n	1000a880 <two_way_short_needle+0x174>
1000a87c:	3b01      	subs	r3, #1
1000a87e:	d394      	bcc.n	1000a7aa <two_way_short_needle+0x9e>
1000a880:	5ce1      	ldrb	r1, [r4, r3]
1000a882:	5cc2      	ldrb	r2, [r0, r3]
1000a884:	4291      	cmp	r1, r2
1000a886:	d0f9      	beq.n	1000a87c <two_way_short_needle+0x170>
1000a888:	9b00      	ldr	r3, [sp, #0]
1000a88a:	4660      	mov	r0, ip
1000a88c:	469c      	mov	ip, r3
1000a88e:	4466      	add	r6, ip
1000a890:	e7c6      	b.n	1000a820 <two_way_short_needle+0x114>
1000a892:	464b      	mov	r3, r9
1000a894:	e7a4      	b.n	1000a7e0 <two_way_short_needle+0xd4>
1000a896:	0008      	movs	r0, r1
1000a898:	e787      	b.n	1000a7aa <two_way_short_needle+0x9e>
1000a89a:	46c0      	nop			@ (mov r8, r8)

1000a89c <two_way_long_needle>:
1000a89c:	b5f0      	push	{r4, r5, r6, r7, lr}
1000a89e:	46de      	mov	lr, fp
1000a8a0:	4657      	mov	r7, sl
1000a8a2:	4645      	mov	r5, r8
1000a8a4:	464e      	mov	r6, r9
1000a8a6:	b5e0      	push	{r5, r6, r7, lr}
1000a8a8:	4c84      	ldr	r4, [pc, #528]	@ (1000aabc <two_way_long_needle+0x220>)
1000a8aa:	4683      	mov	fp, r0
1000a8ac:	44a5      	add	sp, r4
1000a8ae:	0014      	movs	r4, r2
1000a8b0:	468a      	mov	sl, r1
1000a8b2:	aa05      	add	r2, sp, #20
1000a8b4:	0019      	movs	r1, r3
1000a8b6:	0020      	movs	r0, r4
1000a8b8:	001d      	movs	r5, r3
1000a8ba:	f7ff fec1 	bl	1000a640 <critical_factorization>
1000a8be:	aaff      	add	r2, sp, #1020	@ 0x3fc
1000a8c0:	9001      	str	r0, [sp, #4]
1000a8c2:	ab06      	add	r3, sp, #24
1000a8c4:	321c      	adds	r2, #28
1000a8c6:	c320      	stmia	r3!, {r5}
1000a8c8:	4293      	cmp	r3, r2
1000a8ca:	d1fc      	bne.n	1000a8c6 <two_way_long_needle+0x2a>
1000a8cc:	2d00      	cmp	r5, #0
1000a8ce:	d00f      	beq.n	1000a8f0 <two_way_long_needle+0x54>
1000a8d0:	0023      	movs	r3, r4
1000a8d2:	46a4      	mov	ip, r4
1000a8d4:	1e68      	subs	r0, r5, #1
1000a8d6:	1966      	adds	r6, r4, r5
1000a8d8:	1820      	adds	r0, r4, r0
1000a8da:	2408      	movs	r4, #8
1000a8dc:	781a      	ldrb	r2, [r3, #0]
1000a8de:	af04      	add	r7, sp, #16
1000a8e0:	1ac1      	subs	r1, r0, r3
1000a8e2:	0092      	lsls	r2, r2, #2
1000a8e4:	193f      	adds	r7, r7, r4
1000a8e6:	3301      	adds	r3, #1
1000a8e8:	50b9      	str	r1, [r7, r2]
1000a8ea:	429e      	cmp	r6, r3
1000a8ec:	d1f5      	bne.n	1000a8da <two_way_long_needle+0x3e>
1000a8ee:	4664      	mov	r4, ip
1000a8f0:	9b05      	ldr	r3, [sp, #20]
1000a8f2:	0020      	movs	r0, r4
1000a8f4:	9a01      	ldr	r2, [sp, #4]
1000a8f6:	18e1      	adds	r1, r4, r3
1000a8f8:	4698      	mov	r8, r3
1000a8fa:	f000 f9b5 	bl	1000ac68 <memcmp>
1000a8fe:	2800      	cmp	r0, #0
1000a900:	d000      	beq.n	1000a904 <two_way_long_needle+0x68>
1000a902:	e07a      	b.n	1000a9fa <two_way_long_needle+0x15e>
1000a904:	2300      	movs	r3, #0
1000a906:	4699      	mov	r9, r3
1000a908:	4653      	mov	r3, sl
1000a90a:	1b59      	subs	r1, r3, r5
1000a90c:	2380      	movs	r3, #128	@ 0x80
1000a90e:	011b      	lsls	r3, r3, #4
1000a910:	432b      	orrs	r3, r5
1000a912:	9303      	str	r3, [sp, #12]
1000a914:	002b      	movs	r3, r5
1000a916:	1e6f      	subs	r7, r5, #1
1000a918:	2600      	movs	r6, #0
1000a91a:	464d      	mov	r5, r9
1000a91c:	0008      	movs	r0, r1
1000a91e:	4699      	mov	r9, r3
1000a920:	9402      	str	r4, [sp, #8]
1000a922:	e008      	b.n	1000a936 <two_way_long_needle+0x9a>
1000a924:	2d00      	cmp	r5, #0
1000a926:	d004      	beq.n	1000a932 <two_way_long_needle+0x96>
1000a928:	4598      	cmp	r8, r3
1000a92a:	d902      	bls.n	1000a932 <two_way_long_needle+0x96>
1000a92c:	464b      	mov	r3, r9
1000a92e:	4642      	mov	r2, r8
1000a930:	1a9b      	subs	r3, r3, r2
1000a932:	2500      	movs	r5, #0
1000a934:	18f6      	adds	r6, r6, r3
1000a936:	42b0      	cmp	r0, r6
1000a938:	d324      	bcc.n	1000a984 <two_way_long_needle+0xe8>
1000a93a:	465b      	mov	r3, fp
1000a93c:	2408      	movs	r4, #8
1000a93e:	1999      	adds	r1, r3, r6
1000a940:	5dcb      	ldrb	r3, [r1, r7]
1000a942:	aa04      	add	r2, sp, #16
1000a944:	009b      	lsls	r3, r3, #2
1000a946:	1912      	adds	r2, r2, r4
1000a948:	58d3      	ldr	r3, [r2, r3]
1000a94a:	2b00      	cmp	r3, #0
1000a94c:	d1ea      	bne.n	1000a924 <two_way_long_needle+0x88>
1000a94e:	9a01      	ldr	r2, [sp, #4]
1000a950:	002b      	movs	r3, r5
1000a952:	4295      	cmp	r5, r2
1000a954:	d200      	bcs.n	1000a958 <two_way_long_needle+0xbc>
1000a956:	0013      	movs	r3, r2
1000a958:	429f      	cmp	r7, r3
1000a95a:	d92a      	bls.n	1000a9b2 <two_way_long_needle+0x116>
1000a95c:	4684      	mov	ip, r0
1000a95e:	9c02      	ldr	r4, [sp, #8]
1000a960:	0008      	movs	r0, r1
1000a962:	e002      	b.n	1000a96a <two_way_long_needle+0xce>
1000a964:	3301      	adds	r3, #1
1000a966:	429f      	cmp	r7, r3
1000a968:	d020      	beq.n	1000a9ac <two_way_long_needle+0x110>
1000a96a:	5ce1      	ldrb	r1, [r4, r3]
1000a96c:	5cc2      	ldrb	r2, [r0, r3]
1000a96e:	4291      	cmp	r1, r2
1000a970:	d0f8      	beq.n	1000a964 <two_way_long_needle+0xc8>
1000a972:	0001      	movs	r1, r0
1000a974:	9402      	str	r4, [sp, #8]
1000a976:	4660      	mov	r0, ip
1000a978:	429f      	cmp	r7, r3
1000a97a:	d91a      	bls.n	1000a9b2 <two_way_long_needle+0x116>
1000a97c:	9a01      	ldr	r2, [sp, #4]
1000a97e:	1ab6      	subs	r6, r6, r2
1000a980:	3601      	adds	r6, #1
1000a982:	e7d6      	b.n	1000a932 <two_way_long_needle+0x96>
1000a984:	4658      	mov	r0, fp
1000a986:	9903      	ldr	r1, [sp, #12]
1000a988:	4450      	add	r0, sl
1000a98a:	f000 fa67 	bl	1000ae5c <strnlen>
1000a98e:	4482      	add	sl, r0
1000a990:	4653      	mov	r3, sl
1000a992:	464a      	mov	r2, r9
1000a994:	1a98      	subs	r0, r3, r2
1000a996:	42b0      	cmp	r0, r6
1000a998:	d2cf      	bcs.n	1000a93a <two_way_long_needle+0x9e>
1000a99a:	2000      	movs	r0, #0
1000a99c:	4b48      	ldr	r3, [pc, #288]	@ (1000aac0 <two_way_long_needle+0x224>)
1000a99e:	449d      	add	sp, r3
1000a9a0:	bcf0      	pop	{r4, r5, r6, r7}
1000a9a2:	46bb      	mov	fp, r7
1000a9a4:	46b2      	mov	sl, r6
1000a9a6:	46a9      	mov	r9, r5
1000a9a8:	46a0      	mov	r8, r4
1000a9aa:	bdf0      	pop	{r4, r5, r6, r7, pc}
1000a9ac:	0001      	movs	r1, r0
1000a9ae:	4660      	mov	r0, ip
1000a9b0:	9402      	str	r4, [sp, #8]
1000a9b2:	9a01      	ldr	r2, [sp, #4]
1000a9b4:	1e53      	subs	r3, r2, #1
1000a9b6:	4295      	cmp	r5, r2
1000a9b8:	d27d      	bcs.n	1000aab6 <two_way_long_needle+0x21a>
1000a9ba:	4684      	mov	ip, r0
1000a9bc:	9c02      	ldr	r4, [sp, #8]
1000a9be:	0008      	movs	r0, r1
1000a9c0:	e003      	b.n	1000a9ca <two_way_long_needle+0x12e>
1000a9c2:	1e5a      	subs	r2, r3, #1
1000a9c4:	429d      	cmp	r5, r3
1000a9c6:	d010      	beq.n	1000a9ea <two_way_long_needle+0x14e>
1000a9c8:	0013      	movs	r3, r2
1000a9ca:	5ce1      	ldrb	r1, [r4, r3]
1000a9cc:	5cc2      	ldrb	r2, [r0, r3]
1000a9ce:	4291      	cmp	r1, r2
1000a9d0:	d0f7      	beq.n	1000a9c2 <two_way_long_needle+0x126>
1000a9d2:	0001      	movs	r1, r0
1000a9d4:	4660      	mov	r0, ip
1000a9d6:	9402      	str	r4, [sp, #8]
1000a9d8:	3301      	adds	r3, #1
1000a9da:	3501      	adds	r5, #1
1000a9dc:	429d      	cmp	r5, r3
1000a9de:	d80a      	bhi.n	1000a9f6 <two_way_long_needle+0x15a>
1000a9e0:	464b      	mov	r3, r9
1000a9e2:	4642      	mov	r2, r8
1000a9e4:	4446      	add	r6, r8
1000a9e6:	1a9d      	subs	r5, r3, r2
1000a9e8:	e7a5      	b.n	1000a936 <two_way_long_needle+0x9a>
1000a9ea:	3501      	adds	r5, #1
1000a9ec:	0001      	movs	r1, r0
1000a9ee:	9402      	str	r4, [sp, #8]
1000a9f0:	4660      	mov	r0, ip
1000a9f2:	429d      	cmp	r5, r3
1000a9f4:	d9f4      	bls.n	1000a9e0 <two_way_long_needle+0x144>
1000a9f6:	0008      	movs	r0, r1
1000a9f8:	e7d0      	b.n	1000a99c <two_way_long_needle+0x100>
1000a9fa:	9a01      	ldr	r2, [sp, #4]
1000a9fc:	1aab      	subs	r3, r5, r2
1000a9fe:	4293      	cmp	r3, r2
1000aa00:	d357      	bcc.n	1000aab2 <two_way_long_needle+0x216>
1000aa02:	3301      	adds	r3, #1
1000aa04:	9303      	str	r3, [sp, #12]
1000aa06:	9305      	str	r3, [sp, #20]
1000aa08:	4653      	mov	r3, sl
1000aa0a:	1b59      	subs	r1, r3, r5
1000aa0c:	2380      	movs	r3, #128	@ 0x80
1000aa0e:	011b      	lsls	r3, r3, #4
1000aa10:	432b      	orrs	r3, r5
1000aa12:	4699      	mov	r9, r3
1000aa14:	1e6b      	subs	r3, r5, #1
1000aa16:	2600      	movs	r6, #0
1000aa18:	0008      	movs	r0, r1
1000aa1a:	001f      	movs	r7, r3
1000aa1c:	9402      	str	r4, [sp, #8]
1000aa1e:	42b0      	cmp	r0, r6
1000aa20:	d30c      	bcc.n	1000aa3c <two_way_long_needle+0x1a0>
1000aa22:	465b      	mov	r3, fp
1000aa24:	2408      	movs	r4, #8
1000aa26:	1999      	adds	r1, r3, r6
1000aa28:	5dcb      	ldrb	r3, [r1, r7]
1000aa2a:	aa04      	add	r2, sp, #16
1000aa2c:	009b      	lsls	r3, r3, #2
1000aa2e:	1912      	adds	r2, r2, r4
1000aa30:	58d3      	ldr	r3, [r2, r3]
1000aa32:	2b00      	cmp	r3, #0
1000aa34:	d00d      	beq.n	1000aa52 <two_way_long_needle+0x1b6>
1000aa36:	18f6      	adds	r6, r6, r3
1000aa38:	42b0      	cmp	r0, r6
1000aa3a:	d2f2      	bcs.n	1000aa22 <two_way_long_needle+0x186>
1000aa3c:	4658      	mov	r0, fp
1000aa3e:	4649      	mov	r1, r9
1000aa40:	4450      	add	r0, sl
1000aa42:	f000 fa0b 	bl	1000ae5c <strnlen>
1000aa46:	4482      	add	sl, r0
1000aa48:	4653      	mov	r3, sl
1000aa4a:	1b58      	subs	r0, r3, r5
1000aa4c:	42b0      	cmp	r0, r6
1000aa4e:	d2e8      	bcs.n	1000aa22 <two_way_long_needle+0x186>
1000aa50:	e7a3      	b.n	1000a99a <two_way_long_needle+0xfe>
1000aa52:	9a01      	ldr	r2, [sp, #4]
1000aa54:	0013      	movs	r3, r2
1000aa56:	42ba      	cmp	r2, r7
1000aa58:	d217      	bcs.n	1000aa8a <two_way_long_needle+0x1ee>
1000aa5a:	4684      	mov	ip, r0
1000aa5c:	9c02      	ldr	r4, [sp, #8]
1000aa5e:	0008      	movs	r0, r1
1000aa60:	e002      	b.n	1000aa68 <two_way_long_needle+0x1cc>
1000aa62:	3301      	adds	r3, #1
1000aa64:	42bb      	cmp	r3, r7
1000aa66:	d00d      	beq.n	1000aa84 <two_way_long_needle+0x1e8>
1000aa68:	5ce1      	ldrb	r1, [r4, r3]
1000aa6a:	5cc2      	ldrb	r2, [r0, r3]
1000aa6c:	4291      	cmp	r1, r2
1000aa6e:	d0f8      	beq.n	1000aa62 <two_way_long_needle+0x1c6>
1000aa70:	0001      	movs	r1, r0
1000aa72:	9402      	str	r4, [sp, #8]
1000aa74:	4660      	mov	r0, ip
1000aa76:	429f      	cmp	r7, r3
1000aa78:	d907      	bls.n	1000aa8a <two_way_long_needle+0x1ee>
1000aa7a:	9a01      	ldr	r2, [sp, #4]
1000aa7c:	1ab6      	subs	r6, r6, r2
1000aa7e:	3601      	adds	r6, #1
1000aa80:	18f6      	adds	r6, r6, r3
1000aa82:	e7d9      	b.n	1000aa38 <two_way_long_needle+0x19c>
1000aa84:	0001      	movs	r1, r0
1000aa86:	4660      	mov	r0, ip
1000aa88:	9402      	str	r4, [sp, #8]
1000aa8a:	9b01      	ldr	r3, [sp, #4]
1000aa8c:	3b01      	subs	r3, #1
1000aa8e:	d3b2      	bcc.n	1000a9f6 <two_way_long_needle+0x15a>
1000aa90:	4684      	mov	ip, r0
1000aa92:	9c02      	ldr	r4, [sp, #8]
1000aa94:	0008      	movs	r0, r1
1000aa96:	e002      	b.n	1000aa9e <two_way_long_needle+0x202>
1000aa98:	3b01      	subs	r3, #1
1000aa9a:	d200      	bcs.n	1000aa9e <two_way_long_needle+0x202>
1000aa9c:	e77e      	b.n	1000a99c <two_way_long_needle+0x100>
1000aa9e:	5ce1      	ldrb	r1, [r4, r3]
1000aaa0:	5cc2      	ldrb	r2, [r0, r3]
1000aaa2:	4291      	cmp	r1, r2
1000aaa4:	d0f8      	beq.n	1000aa98 <two_way_long_needle+0x1fc>
1000aaa6:	9b03      	ldr	r3, [sp, #12]
1000aaa8:	4660      	mov	r0, ip
1000aaaa:	469c      	mov	ip, r3
1000aaac:	9402      	str	r4, [sp, #8]
1000aaae:	4466      	add	r6, ip
1000aab0:	e7b5      	b.n	1000aa1e <two_way_long_needle+0x182>
1000aab2:	0013      	movs	r3, r2
1000aab4:	e7a5      	b.n	1000aa02 <two_way_long_needle+0x166>
1000aab6:	0013      	movs	r3, r2
1000aab8:	e78f      	b.n	1000a9da <two_way_long_needle+0x13e>
1000aaba:	46c0      	nop			@ (mov r8, r8)
1000aabc:	fffffbe4 	.word	0xfffffbe4
1000aac0:	0000041c 	.word	0x0000041c

1000aac4 <strstr>:
1000aac4:	b5f0      	push	{r4, r5, r6, r7, lr}
1000aac6:	46ce      	mov	lr, r9
1000aac8:	4647      	mov	r7, r8
1000aaca:	b580      	push	{r7, lr}
1000aacc:	000e      	movs	r6, r1
1000aace:	7809      	ldrb	r1, [r1, #0]
1000aad0:	0005      	movs	r5, r0
1000aad2:	0004      	movs	r4, r0
1000aad4:	b091      	sub	sp, #68	@ 0x44
1000aad6:	2900      	cmp	r1, #0
1000aad8:	d058      	beq.n	1000ab8c <strstr+0xc8>
1000aada:	7872      	ldrb	r2, [r6, #1]
1000aadc:	2a00      	cmp	r2, #0
1000aade:	d100      	bne.n	1000aae2 <strstr+0x1e>
1000aae0:	e078      	b.n	1000abd4 <strstr+0x110>
1000aae2:	78b0      	ldrb	r0, [r6, #2]
1000aae4:	2800      	cmp	r0, #0
1000aae6:	d057      	beq.n	1000ab98 <strstr+0xd4>
1000aae8:	0213      	lsls	r3, r2, #8
1000aaea:	430b      	orrs	r3, r1
1000aaec:	0407      	lsls	r7, r0, #16
1000aaee:	431f      	orrs	r7, r3
1000aaf0:	78f3      	ldrb	r3, [r6, #3]
1000aaf2:	469c      	mov	ip, r3
1000aaf4:	061b      	lsls	r3, r3, #24
1000aaf6:	433b      	orrs	r3, r7
1000aaf8:	4667      	mov	r7, ip
1000aafa:	2f00      	cmp	r7, #0
1000aafc:	d100      	bne.n	1000ab00 <strstr+0x3c>
1000aafe:	e080      	b.n	1000ac02 <strstr+0x13e>
1000ab00:	7932      	ldrb	r2, [r6, #4]
1000ab02:	2a00      	cmp	r2, #0
1000ab04:	d06a      	beq.n	1000abdc <strstr+0x118>
1000ab06:	0030      	movs	r0, r6
1000ab08:	f7ff fd0a 	bl	1000a520 <strlen>
1000ab0c:	2180      	movs	r1, #128	@ 0x80
1000ab0e:	0089      	lsls	r1, r1, #2
1000ab10:	0007      	movs	r7, r0
1000ab12:	4301      	orrs	r1, r0
1000ab14:	0028      	movs	r0, r5
1000ab16:	f000 f9a1 	bl	1000ae5c <strnlen>
1000ab1a:	4287      	cmp	r7, r0
1000ab1c:	d84a      	bhi.n	1000abb4 <strstr+0xf0>
1000ab1e:	2ffe      	cmp	r7, #254	@ 0xfe
1000ab20:	d900      	bls.n	1000ab24 <strstr+0x60>
1000ab22:	e085      	b.n	1000ac30 <strstr+0x16c>
1000ab24:	1bc0      	subs	r0, r0, r7
1000ab26:	4680      	mov	r8, r0
1000ab28:	2240      	movs	r2, #64	@ 0x40
1000ab2a:	4668      	mov	r0, sp
1000ab2c:	1c79      	adds	r1, r7, #1
1000ab2e:	44a8      	add	r8, r5
1000ab30:	f7fb fe42 	bl	100067b8 <__wrap_memset>
1000ab34:	2f00      	cmp	r7, #0
1000ab36:	d00f      	beq.n	1000ab58 <strstr+0x94>
1000ab38:	19ba      	adds	r2, r7, r6
1000ab3a:	4694      	mov	ip, r2
1000ab3c:	223f      	movs	r2, #63	@ 0x3f
1000ab3e:	0033      	movs	r3, r6
1000ab40:	4691      	mov	r9, r2
1000ab42:	b2f8      	uxtb	r0, r7
1000ab44:	1830      	adds	r0, r6, r0
1000ab46:	4649      	mov	r1, r9
1000ab48:	466c      	mov	r4, sp
1000ab4a:	781a      	ldrb	r2, [r3, #0]
1000ab4c:	400a      	ands	r2, r1
1000ab4e:	1ac1      	subs	r1, r0, r3
1000ab50:	3301      	adds	r3, #1
1000ab52:	54a1      	strb	r1, [r4, r2]
1000ab54:	459c      	cmp	ip, r3
1000ab56:	d1f6      	bne.n	1000ab46 <strstr+0x82>
1000ab58:	002c      	movs	r4, r5
1000ab5a:	253f      	movs	r5, #63	@ 0x3f
1000ab5c:	466a      	mov	r2, sp
1000ab5e:	3c01      	subs	r4, #1
1000ab60:	5de3      	ldrb	r3, [r4, r7]
1000ab62:	402b      	ands	r3, r5
1000ab64:	5cd3      	ldrb	r3, [r2, r3]
1000ab66:	18e4      	adds	r4, r4, r3
1000ab68:	45a0      	cmp	r8, r4
1000ab6a:	d203      	bcs.n	1000ab74 <strstr+0xb0>
1000ab6c:	e024      	b.n	1000abb8 <strstr+0xf4>
1000ab6e:	444c      	add	r4, r9
1000ab70:	45a0      	cmp	r8, r4
1000ab72:	d321      	bcc.n	1000abb8 <strstr+0xf4>
1000ab74:	466a      	mov	r2, sp
1000ab76:	5de3      	ldrb	r3, [r4, r7]
1000ab78:	0031      	movs	r1, r6
1000ab7a:	402b      	ands	r3, r5
1000ab7c:	5cd3      	ldrb	r3, [r2, r3]
1000ab7e:	0020      	movs	r0, r4
1000ab80:	003a      	movs	r2, r7
1000ab82:	4699      	mov	r9, r3
1000ab84:	f000 f870 	bl	1000ac68 <memcmp>
1000ab88:	2800      	cmp	r0, #0
1000ab8a:	d1f0      	bne.n	1000ab6e <strstr+0xaa>
1000ab8c:	0020      	movs	r0, r4
1000ab8e:	b011      	add	sp, #68	@ 0x44
1000ab90:	bcc0      	pop	{r6, r7}
1000ab92:	46b9      	mov	r9, r7
1000ab94:	46b0      	mov	r8, r6
1000ab96:	bdf0      	pop	{r4, r5, r6, r7, pc}
1000ab98:	0409      	lsls	r1, r1, #16
1000ab9a:	4311      	orrs	r1, r2
1000ab9c:	2300      	movs	r3, #0
1000ab9e:	782a      	ldrb	r2, [r5, #0]
1000aba0:	e006      	b.n	1000abb0 <strstr+0xec>
1000aba2:	002c      	movs	r4, r5
1000aba4:	041b      	lsls	r3, r3, #16
1000aba6:	3501      	adds	r5, #1
1000aba8:	4313      	orrs	r3, r2
1000abaa:	782a      	ldrb	r2, [r5, #0]
1000abac:	4299      	cmp	r1, r3
1000abae:	d03d      	beq.n	1000ac2c <strstr+0x168>
1000abb0:	2a00      	cmp	r2, #0
1000abb2:	d1f6      	bne.n	1000aba2 <strstr+0xde>
1000abb4:	2400      	movs	r4, #0
1000abb6:	e7e9      	b.n	1000ab8c <strstr+0xc8>
1000abb8:	4643      	mov	r3, r8
1000abba:	19d8      	adds	r0, r3, r7
1000abbc:	5ddb      	ldrb	r3, [r3, r7]
1000abbe:	2b00      	cmp	r3, #0
1000abc0:	d0f8      	beq.n	1000abb4 <strstr+0xf0>
1000abc2:	2180      	movs	r1, #128	@ 0x80
1000abc4:	0109      	lsls	r1, r1, #4
1000abc6:	f000 f949 	bl	1000ae5c <strnlen>
1000abca:	4480      	add	r8, r0
1000abcc:	45a0      	cmp	r8, r4
1000abce:	d2c5      	bcs.n	1000ab5c <strstr+0x98>
1000abd0:	2400      	movs	r4, #0
1000abd2:	e7db      	b.n	1000ab8c <strstr+0xc8>
1000abd4:	f7ff fcd2 	bl	1000a57c <strchr>
1000abd8:	0004      	movs	r4, r0
1000abda:	e7d7      	b.n	1000ab8c <strstr+0xc8>
1000abdc:	782a      	ldrb	r2, [r5, #0]
1000abde:	2a00      	cmp	r2, #0
1000abe0:	d0e8      	beq.n	1000abb4 <strstr+0xf0>
1000abe2:	ba19      	rev	r1, r3
1000abe4:	2300      	movs	r3, #0
1000abe6:	e001      	b.n	1000abec <strstr+0x128>
1000abe8:	428b      	cmp	r3, r1
1000abea:	d008      	beq.n	1000abfe <strstr+0x13a>
1000abec:	002c      	movs	r4, r5
1000abee:	021b      	lsls	r3, r3, #8
1000abf0:	3501      	adds	r5, #1
1000abf2:	4313      	orrs	r3, r2
1000abf4:	782a      	ldrb	r2, [r5, #0]
1000abf6:	2a00      	cmp	r2, #0
1000abf8:	d1f6      	bne.n	1000abe8 <strstr+0x124>
1000abfa:	428b      	cmp	r3, r1
1000abfc:	d1da      	bne.n	1000abb4 <strstr+0xf0>
1000abfe:	3c03      	subs	r4, #3
1000ac00:	e7c4      	b.n	1000ab8c <strstr+0xc8>
1000ac02:	0412      	lsls	r2, r2, #16
1000ac04:	0609      	lsls	r1, r1, #24
1000ac06:	4311      	orrs	r1, r2
1000ac08:	782a      	ldrb	r2, [r5, #0]
1000ac0a:	0200      	lsls	r0, r0, #8
1000ac0c:	4301      	orrs	r1, r0
1000ac0e:	2a00      	cmp	r2, #0
1000ac10:	d0d0      	beq.n	1000abb4 <strstr+0xf0>
1000ac12:	2300      	movs	r3, #0
1000ac14:	e001      	b.n	1000ac1a <strstr+0x156>
1000ac16:	2a00      	cmp	r2, #0
1000ac18:	d0cc      	beq.n	1000abb4 <strstr+0xf0>
1000ac1a:	002c      	movs	r4, r5
1000ac1c:	4313      	orrs	r3, r2
1000ac1e:	3501      	adds	r5, #1
1000ac20:	021b      	lsls	r3, r3, #8
1000ac22:	782a      	ldrb	r2, [r5, #0]
1000ac24:	4299      	cmp	r1, r3
1000ac26:	d1f6      	bne.n	1000ac16 <strstr+0x152>
1000ac28:	3c02      	subs	r4, #2
1000ac2a:	e7af      	b.n	1000ab8c <strstr+0xc8>
1000ac2c:	3c01      	subs	r4, #1
1000ac2e:	e7ad      	b.n	1000ab8c <strstr+0xc8>
1000ac30:	0001      	movs	r1, r0
1000ac32:	003b      	movs	r3, r7
1000ac34:	0032      	movs	r2, r6
1000ac36:	0028      	movs	r0, r5
1000ac38:	f7ff fe30 	bl	1000a89c <two_way_long_needle>
1000ac3c:	0004      	movs	r4, r0
1000ac3e:	e7a5      	b.n	1000ab8c <strstr+0xc8>

1000ac40 <__libc_fini_array>:
1000ac40:	b570      	push	{r4, r5, r6, lr}
1000ac42:	4c07      	ldr	r4, [pc, #28]	@ (1000ac60 <__libc_fini_array+0x20>)
1000ac44:	4d07      	ldr	r5, [pc, #28]	@ (1000ac64 <__libc_fini_array+0x24>)
1000ac46:	1b64      	subs	r4, r4, r5
1000ac48:	10a4      	asrs	r4, r4, #2
1000ac4a:	d005      	beq.n	1000ac58 <__libc_fini_array+0x18>
1000ac4c:	3c01      	subs	r4, #1
1000ac4e:	00a3      	lsls	r3, r4, #2
1000ac50:	58eb      	ldr	r3, [r5, r3]
1000ac52:	4798      	blx	r3
1000ac54:	2c00      	cmp	r4, #0
1000ac56:	d1f9      	bne.n	1000ac4c <__libc_fini_array+0xc>
1000ac58:	f000 f95a 	bl	1000af10 <_fini>
1000ac5c:	bd70      	pop	{r4, r5, r6, pc}
1000ac5e:	46c0      	nop			@ (mov r8, r8)
1000ac60:	1000b020 	.word	0x1000b020
1000ac64:	1000b020 	.word	0x1000b020

1000ac68 <memcmp>:
1000ac68:	b530      	push	{r4, r5, lr}
1000ac6a:	2a03      	cmp	r2, #3
1000ac6c:	d91a      	bls.n	1000aca4 <memcmp+0x3c>
1000ac6e:	000b      	movs	r3, r1
1000ac70:	4303      	orrs	r3, r0
1000ac72:	079b      	lsls	r3, r3, #30
1000ac74:	d011      	beq.n	1000ac9a <memcmp+0x32>
1000ac76:	1e55      	subs	r5, r2, #1
1000ac78:	2300      	movs	r3, #0
1000ac7a:	e003      	b.n	1000ac84 <memcmp+0x1c>
1000ac7c:	1c5a      	adds	r2, r3, #1
1000ac7e:	429d      	cmp	r5, r3
1000ac80:	d013      	beq.n	1000acaa <memcmp+0x42>
1000ac82:	0013      	movs	r3, r2
1000ac84:	5cc2      	ldrb	r2, [r0, r3]
1000ac86:	5ccc      	ldrb	r4, [r1, r3]
1000ac88:	42a2      	cmp	r2, r4
1000ac8a:	d0f7      	beq.n	1000ac7c <memcmp+0x14>
1000ac8c:	1b10      	subs	r0, r2, r4
1000ac8e:	e00d      	b.n	1000acac <memcmp+0x44>
1000ac90:	3a04      	subs	r2, #4
1000ac92:	3004      	adds	r0, #4
1000ac94:	3104      	adds	r1, #4
1000ac96:	2a03      	cmp	r2, #3
1000ac98:	d904      	bls.n	1000aca4 <memcmp+0x3c>
1000ac9a:	6804      	ldr	r4, [r0, #0]
1000ac9c:	680b      	ldr	r3, [r1, #0]
1000ac9e:	429c      	cmp	r4, r3
1000aca0:	d0f6      	beq.n	1000ac90 <memcmp+0x28>
1000aca2:	e7e8      	b.n	1000ac76 <memcmp+0xe>
1000aca4:	1e55      	subs	r5, r2, #1
1000aca6:	2a00      	cmp	r2, #0
1000aca8:	d1e6      	bne.n	1000ac78 <memcmp+0x10>
1000acaa:	2000      	movs	r0, #0
1000acac:	bd30      	pop	{r4, r5, pc}
1000acae:	46c0      	nop			@ (mov r8, r8)

1000acb0 <_strtol_l.isra.0>:
1000acb0:	b5f0      	push	{r4, r5, r6, r7, lr}
1000acb2:	4657      	mov	r7, sl
1000acb4:	464e      	mov	r6, r9
1000acb6:	4645      	mov	r5, r8
1000acb8:	46de      	mov	lr, fp
1000acba:	b5e0      	push	{r5, r6, r7, lr}
1000acbc:	4682      	mov	sl, r0
1000acbe:	000f      	movs	r7, r1
1000acc0:	4690      	mov	r8, r2
1000acc2:	001e      	movs	r6, r3
1000acc4:	4699      	mov	r9, r3
1000acc6:	b083      	sub	sp, #12
1000acc8:	2b24      	cmp	r3, #36	@ 0x24
1000acca:	d843      	bhi.n	1000ad54 <_strtol_l.isra.0+0xa4>
1000accc:	2b01      	cmp	r3, #1
1000acce:	d041      	beq.n	1000ad54 <_strtol_l.isra.0+0xa4>
1000acd0:	000b      	movs	r3, r1
1000acd2:	2008      	movs	r0, #8
1000acd4:	4d4a      	ldr	r5, [pc, #296]	@ (1000ae00 <_strtol_l.isra.0+0x150>)
1000acd6:	001a      	movs	r2, r3
1000acd8:	7814      	ldrb	r4, [r2, #0]
1000acda:	3301      	adds	r3, #1
1000acdc:	5d29      	ldrb	r1, [r5, r4]
1000acde:	4208      	tst	r0, r1
1000ace0:	d1f9      	bne.n	1000acd6 <_strtol_l.isra.0+0x26>
1000ace2:	001d      	movs	r5, r3
1000ace4:	2c2d      	cmp	r4, #45	@ 0x2d
1000ace6:	d100      	bne.n	1000acea <_strtol_l.isra.0+0x3a>
1000ace8:	e076      	b.n	1000add8 <_strtol_l.isra.0+0x128>
1000acea:	2c2b      	cmp	r4, #43	@ 0x2b
1000acec:	d03e      	beq.n	1000ad6c <_strtol_l.isra.0+0xbc>
1000acee:	4b45      	ldr	r3, [pc, #276]	@ (1000ae04 <_strtol_l.isra.0+0x154>)
1000acf0:	469b      	mov	fp, r3
1000acf2:	2300      	movs	r3, #0
1000acf4:	9301      	str	r3, [sp, #4]
1000acf6:	2e00      	cmp	r6, #0
1000acf8:	d153      	bne.n	1000ada2 <_strtol_l.isra.0+0xf2>
1000acfa:	2c30      	cmp	r4, #48	@ 0x30
1000acfc:	d100      	bne.n	1000ad00 <_strtol_l.isra.0+0x50>
1000acfe:	e073      	b.n	1000ade8 <_strtol_l.isra.0+0x138>
1000ad00:	230a      	movs	r3, #10
1000ad02:	4699      	mov	r9, r3
1000ad04:	360a      	adds	r6, #10
1000ad06:	4649      	mov	r1, r9
1000ad08:	4658      	mov	r0, fp
1000ad0a:	f7fa fec7 	bl	10005a9c <__wrap___aeabi_uidiv>
1000ad0e:	002b      	movs	r3, r5
1000ad10:	468c      	mov	ip, r1
1000ad12:	003d      	movs	r5, r7
1000ad14:	0002      	movs	r2, r0
1000ad16:	0027      	movs	r7, r4
1000ad18:	2100      	movs	r1, #0
1000ad1a:	464c      	mov	r4, r9
1000ad1c:	2000      	movs	r0, #0
1000ad1e:	46e1      	mov	r9, ip
1000ad20:	46ac      	mov	ip, r5
1000ad22:	003d      	movs	r5, r7
1000ad24:	3d30      	subs	r5, #48	@ 0x30
1000ad26:	2d09      	cmp	r5, #9
1000ad28:	d907      	bls.n	1000ad3a <_strtol_l.isra.0+0x8a>
1000ad2a:	3d11      	subs	r5, #17
1000ad2c:	2d19      	cmp	r5, #25
1000ad2e:	d903      	bls.n	1000ad38 <_strtol_l.isra.0+0x88>
1000ad30:	003d      	movs	r5, r7
1000ad32:	3d61      	subs	r5, #97	@ 0x61
1000ad34:	2d19      	cmp	r5, #25
1000ad36:	d820      	bhi.n	1000ad7a <_strtol_l.isra.0+0xca>
1000ad38:	350a      	adds	r5, #10
1000ad3a:	42ae      	cmp	r6, r5
1000ad3c:	dd1d      	ble.n	1000ad7a <_strtol_l.isra.0+0xca>
1000ad3e:	1c4f      	adds	r7, r1, #1
1000ad40:	d005      	beq.n	1000ad4e <_strtol_l.isra.0+0x9e>
1000ad42:	4282      	cmp	r2, r0
1000ad44:	d32a      	bcc.n	1000ad9c <_strtol_l.isra.0+0xec>
1000ad46:	d027      	beq.n	1000ad98 <_strtol_l.isra.0+0xe8>
1000ad48:	2101      	movs	r1, #1
1000ad4a:	4360      	muls	r0, r4
1000ad4c:	1828      	adds	r0, r5, r0
1000ad4e:	781f      	ldrb	r7, [r3, #0]
1000ad50:	3301      	adds	r3, #1
1000ad52:	e7e6      	b.n	1000ad22 <_strtol_l.isra.0+0x72>
1000ad54:	f000 f874 	bl	1000ae40 <__errno>
1000ad58:	2316      	movs	r3, #22
1000ad5a:	6003      	str	r3, [r0, #0]
1000ad5c:	2000      	movs	r0, #0
1000ad5e:	b003      	add	sp, #12
1000ad60:	bcf0      	pop	{r4, r5, r6, r7}
1000ad62:	46bb      	mov	fp, r7
1000ad64:	46b2      	mov	sl, r6
1000ad66:	46a9      	mov	r9, r5
1000ad68:	46a0      	mov	r8, r4
1000ad6a:	bdf0      	pop	{r4, r5, r6, r7, pc}
1000ad6c:	781c      	ldrb	r4, [r3, #0]
1000ad6e:	4b25      	ldr	r3, [pc, #148]	@ (1000ae04 <_strtol_l.isra.0+0x154>)
1000ad70:	1c95      	adds	r5, r2, #2
1000ad72:	469b      	mov	fp, r3
1000ad74:	2300      	movs	r3, #0
1000ad76:	9301      	str	r3, [sp, #4]
1000ad78:	e7bd      	b.n	1000acf6 <_strtol_l.isra.0+0x46>
1000ad7a:	4667      	mov	r7, ip
1000ad7c:	1c4a      	adds	r2, r1, #1
1000ad7e:	d021      	beq.n	1000adc4 <_strtol_l.isra.0+0x114>
1000ad80:	9a01      	ldr	r2, [sp, #4]
1000ad82:	2a00      	cmp	r2, #0
1000ad84:	d000      	beq.n	1000ad88 <_strtol_l.isra.0+0xd8>
1000ad86:	4240      	negs	r0, r0
1000ad88:	4642      	mov	r2, r8
1000ad8a:	2a00      	cmp	r2, #0
1000ad8c:	d0e7      	beq.n	1000ad5e <_strtol_l.isra.0+0xae>
1000ad8e:	2900      	cmp	r1, #0
1000ad90:	d133      	bne.n	1000adfa <_strtol_l.isra.0+0x14a>
1000ad92:	4643      	mov	r3, r8
1000ad94:	601f      	str	r7, [r3, #0]
1000ad96:	e7e2      	b.n	1000ad5e <_strtol_l.isra.0+0xae>
1000ad98:	45a9      	cmp	r9, r5
1000ad9a:	dad5      	bge.n	1000ad48 <_strtol_l.isra.0+0x98>
1000ad9c:	2101      	movs	r1, #1
1000ad9e:	4249      	negs	r1, r1
1000ada0:	e7d5      	b.n	1000ad4e <_strtol_l.isra.0+0x9e>
1000ada2:	2e10      	cmp	r6, #16
1000ada4:	d1af      	bne.n	1000ad06 <_strtol_l.isra.0+0x56>
1000ada6:	2310      	movs	r3, #16
1000ada8:	4699      	mov	r9, r3
1000adaa:	2c30      	cmp	r4, #48	@ 0x30
1000adac:	d1ab      	bne.n	1000ad06 <_strtol_l.isra.0+0x56>
1000adae:	2220      	movs	r2, #32
1000adb0:	782b      	ldrb	r3, [r5, #0]
1000adb2:	4393      	bics	r3, r2
1000adb4:	2b58      	cmp	r3, #88	@ 0x58
1000adb6:	d1a6      	bne.n	1000ad06 <_strtol_l.isra.0+0x56>
1000adb8:	2310      	movs	r3, #16
1000adba:	786c      	ldrb	r4, [r5, #1]
1000adbc:	4699      	mov	r9, r3
1000adbe:	2610      	movs	r6, #16
1000adc0:	3502      	adds	r5, #2
1000adc2:	e7a0      	b.n	1000ad06 <_strtol_l.isra.0+0x56>
1000adc4:	2222      	movs	r2, #34	@ 0x22
1000adc6:	4651      	mov	r1, sl
1000adc8:	600a      	str	r2, [r1, #0]
1000adca:	4642      	mov	r2, r8
1000adcc:	4658      	mov	r0, fp
1000adce:	2a00      	cmp	r2, #0
1000add0:	d0c5      	beq.n	1000ad5e <_strtol_l.isra.0+0xae>
1000add2:	4658      	mov	r0, fp
1000add4:	1e5f      	subs	r7, r3, #1
1000add6:	e7dc      	b.n	1000ad92 <_strtol_l.isra.0+0xe2>
1000add8:	781c      	ldrb	r4, [r3, #0]
1000adda:	2380      	movs	r3, #128	@ 0x80
1000addc:	061b      	lsls	r3, r3, #24
1000adde:	469b      	mov	fp, r3
1000ade0:	2301      	movs	r3, #1
1000ade2:	1c95      	adds	r5, r2, #2
1000ade4:	9301      	str	r3, [sp, #4]
1000ade6:	e786      	b.n	1000acf6 <_strtol_l.isra.0+0x46>
1000ade8:	2220      	movs	r2, #32
1000adea:	782b      	ldrb	r3, [r5, #0]
1000adec:	4393      	bics	r3, r2
1000adee:	2b58      	cmp	r3, #88	@ 0x58
1000adf0:	d0e2      	beq.n	1000adb8 <_strtol_l.isra.0+0x108>
1000adf2:	2308      	movs	r3, #8
1000adf4:	2608      	movs	r6, #8
1000adf6:	4699      	mov	r9, r3
1000adf8:	e785      	b.n	1000ad06 <_strtol_l.isra.0+0x56>
1000adfa:	4683      	mov	fp, r0
1000adfc:	e7e9      	b.n	1000add2 <_strtol_l.isra.0+0x122>
1000adfe:	46c0      	nop			@ (mov r8, r8)
1000ae00:	1000ce8d 	.word	0x1000ce8d
1000ae04:	7fffffff 	.word	0x7fffffff

1000ae08 <_strtol_r>:
1000ae08:	b510      	push	{r4, lr}
1000ae0a:	f7ff ff51 	bl	1000acb0 <_strtol_l.isra.0>
1000ae0e:	bd10      	pop	{r4, pc}

1000ae10 <strtol_l>:
1000ae10:	b510      	push	{r4, lr}
1000ae12:	0004      	movs	r4, r0
1000ae14:	0013      	movs	r3, r2
1000ae16:	4a03      	ldr	r2, [pc, #12]	@ (1000ae24 <strtol_l+0x14>)
1000ae18:	6810      	ldr	r0, [r2, #0]
1000ae1a:	000a      	movs	r2, r1
1000ae1c:	0021      	movs	r1, r4
1000ae1e:	f7ff ff47 	bl	1000acb0 <_strtol_l.isra.0>
1000ae22:	bd10      	pop	{r4, pc}
1000ae24:	200010f0 	.word	0x200010f0

1000ae28 <strtol>:
1000ae28:	b510      	push	{r4, lr}
1000ae2a:	0004      	movs	r4, r0
1000ae2c:	0013      	movs	r3, r2
1000ae2e:	4a03      	ldr	r2, [pc, #12]	@ (1000ae3c <strtol+0x14>)
1000ae30:	6810      	ldr	r0, [r2, #0]
1000ae32:	000a      	movs	r2, r1
1000ae34:	0021      	movs	r1, r4
1000ae36:	f7ff ff3b 	bl	1000acb0 <_strtol_l.isra.0>
1000ae3a:	bd10      	pop	{r4, pc}
1000ae3c:	200010f0 	.word	0x200010f0

1000ae40 <__errno>:
1000ae40:	4b01      	ldr	r3, [pc, #4]	@ (1000ae48 <__errno+0x8>)
1000ae42:	6818      	ldr	r0, [r3, #0]
1000ae44:	4770      	bx	lr
1000ae46:	46c0      	nop			@ (mov r8, r8)
1000ae48:	200010f0 	.word	0x200010f0

1000ae4c <atexit>:
1000ae4c:	b510      	push	{r4, lr}
1000ae4e:	0001      	movs	r1, r0
1000ae50:	2300      	movs	r3, #0
1000ae52:	2200      	movs	r2, #0
1000ae54:	2000      	movs	r0, #0
1000ae56:	f000 f813 	bl	1000ae80 <__register_exitproc>
1000ae5a:	bd10      	pop	{r4, pc}

1000ae5c <strnlen>:
1000ae5c:	b510      	push	{r4, lr}
1000ae5e:	0003      	movs	r3, r0
1000ae60:	1844      	adds	r4, r0, r1
1000ae62:	2900      	cmp	r1, #0
1000ae64:	d103      	bne.n	1000ae6e <strnlen+0x12>
1000ae66:	e009      	b.n	1000ae7c <strnlen+0x20>
1000ae68:	3301      	adds	r3, #1
1000ae6a:	429c      	cmp	r4, r3
1000ae6c:	d004      	beq.n	1000ae78 <strnlen+0x1c>
1000ae6e:	781a      	ldrb	r2, [r3, #0]
1000ae70:	2a00      	cmp	r2, #0
1000ae72:	d1f9      	bne.n	1000ae68 <strnlen+0xc>
1000ae74:	1a18      	subs	r0, r3, r0
1000ae76:	bd10      	pop	{r4, pc}
1000ae78:	1a20      	subs	r0, r4, r0
1000ae7a:	e7fc      	b.n	1000ae76 <strnlen+0x1a>
1000ae7c:	2000      	movs	r0, #0
1000ae7e:	e7fa      	b.n	1000ae76 <strnlen+0x1a>

1000ae80 <__register_exitproc>:
1000ae80:	b5f0      	push	{r4, r5, r6, r7, lr}
1000ae82:	46c6      	mov	lr, r8
1000ae84:	4c1a      	ldr	r4, [pc, #104]	@ (1000aef0 <__register_exitproc+0x70>)
1000ae86:	b500      	push	{lr}
1000ae88:	6825      	ldr	r5, [r4, #0]
1000ae8a:	2d00      	cmp	r5, #0
1000ae8c:	d02a      	beq.n	1000aee4 <__register_exitproc+0x64>
1000ae8e:	686c      	ldr	r4, [r5, #4]
1000ae90:	2c1f      	cmp	r4, #31
1000ae92:	dc2a      	bgt.n	1000aeea <__register_exitproc+0x6a>
1000ae94:	2800      	cmp	r0, #0
1000ae96:	d108      	bne.n	1000aeaa <__register_exitproc+0x2a>
1000ae98:	2000      	movs	r0, #0
1000ae9a:	1c63      	adds	r3, r4, #1
1000ae9c:	3402      	adds	r4, #2
1000ae9e:	00a4      	lsls	r4, r4, #2
1000aea0:	606b      	str	r3, [r5, #4]
1000aea2:	5161      	str	r1, [r4, r5]
1000aea4:	bc80      	pop	{r7}
1000aea6:	46b8      	mov	r8, r7
1000aea8:	bdf0      	pop	{r4, r5, r6, r7, pc}
1000aeaa:	2788      	movs	r7, #136	@ 0x88
1000aeac:	00a6      	lsls	r6, r4, #2
1000aeae:	19ae      	adds	r6, r5, r6
1000aeb0:	51f2      	str	r2, [r6, r7]
1000aeb2:	3701      	adds	r7, #1
1000aeb4:	37ff      	adds	r7, #255	@ 0xff
1000aeb6:	46bc      	mov	ip, r7
1000aeb8:	2201      	movs	r2, #1
1000aeba:	44ac      	add	ip, r5
1000aebc:	4667      	mov	r7, ip
1000aebe:	40a2      	lsls	r2, r4
1000aec0:	683f      	ldr	r7, [r7, #0]
1000aec2:	4690      	mov	r8, r2
1000aec4:	4317      	orrs	r7, r2
1000aec6:	4662      	mov	r2, ip
1000aec8:	6017      	str	r7, [r2, #0]
1000aeca:	2784      	movs	r7, #132	@ 0x84
1000aecc:	007f      	lsls	r7, r7, #1
1000aece:	51f3      	str	r3, [r6, r7]
1000aed0:	2802      	cmp	r0, #2
1000aed2:	d1e1      	bne.n	1000ae98 <__register_exitproc+0x18>
1000aed4:	0028      	movs	r0, r5
1000aed6:	4642      	mov	r2, r8
1000aed8:	308d      	adds	r0, #141	@ 0x8d
1000aeda:	30ff      	adds	r0, #255	@ 0xff
1000aedc:	6803      	ldr	r3, [r0, #0]
1000aede:	4313      	orrs	r3, r2
1000aee0:	6003      	str	r3, [r0, #0]
1000aee2:	e7d9      	b.n	1000ae98 <__register_exitproc+0x18>
1000aee4:	4d03      	ldr	r5, [pc, #12]	@ (1000aef4 <__register_exitproc+0x74>)
1000aee6:	6025      	str	r5, [r4, #0]
1000aee8:	e7d1      	b.n	1000ae8e <__register_exitproc+0xe>
1000aeea:	2001      	movs	r0, #1
1000aeec:	4240      	negs	r0, r0
1000aeee:	e7d9      	b.n	1000aea4 <__register_exitproc+0x24>
1000aef0:	20001de8 	.word	0x20001de8
1000aef4:	20001c58 	.word	0x20001c58

1000aef8 <register_fini>:
1000aef8:	4b03      	ldr	r3, [pc, #12]	@ (1000af08 <register_fini+0x10>)
1000aefa:	b510      	push	{r4, lr}
1000aefc:	2b00      	cmp	r3, #0
1000aefe:	d002      	beq.n	1000af06 <register_fini+0xe>
1000af00:	4802      	ldr	r0, [pc, #8]	@ (1000af0c <register_fini+0x14>)
1000af02:	f7ff ffa3 	bl	1000ae4c <atexit>
1000af06:	bd10      	pop	{r4, pc}
1000af08:	00000000 	.word	0x00000000
1000af0c:	1000ac41 	.word	0x1000ac41

1000af10 <_fini>:
1000af10:	b5f8      	push	{r3, r4, r5, r6, r7, lr}
1000af12:	46c0      	nop			@ (mov r8, r8)
1000af14:	0000      	movs	r0, r0
	...

1000af18 <__flash_do_cmd_veneer>:
1000af18:	b401      	push	{r0}
1000af1a:	4802      	ldr	r0, [pc, #8]	@ (1000af24 <__flash_do_cmd_veneer+0xc>)
1000af1c:	4684      	mov	ip, r0
1000af1e:	bc01      	pop	{r0}
1000af20:	4760      	bx	ip
1000af22:	bf00      	nop
1000af24:	20000355 	.word	0x20000355

1000af28 <__mutex_exit_veneer>:
1000af28:	b401      	push	{r0}
1000af2a:	4802      	ldr	r0, [pc, #8]	@ (1000af34 <__mutex_exit_veneer+0xc>)
1000af2c:	4684      	mov	ip, r0
1000af2e:	bc01      	pop	{r0}
1000af30:	4760      	bx	ip
1000af32:	bf00      	nop
1000af34:	20000159 	.word	0x20000159

1000af38 <____aeabi_ldiv0_veneer>:
1000af38:	b401      	push	{r0}
1000af3a:	4802      	ldr	r0, [pc, #8]	@ (1000af44 <____aeabi_ldiv0_veneer+0xc>)
1000af3c:	4684      	mov	ip, r0
1000af3e:	bc01      	pop	{r0}
1000af40:	4760      	bx	ip
1000af42:	bf00      	nop
1000af44:	20000fa9 	.word	0x20000fa9

1000af48 <__reset_non_control_endpoints_veneer>:
1000af48:	b401      	push	{r0}
1000af4a:	4802      	ldr	r0, [pc, #8]	@ (1000af54 <__reset_non_control_endpoints_veneer+0xc>)
1000af4c:	4684      	mov	ip, r0
1000af4e:	bc01      	pop	{r0}
1000af50:	4760      	bx	ip
1000af52:	bf00      	nop
1000af54:	20000491 	.word	0x20000491

1000af58 <__e15_is_bulkin_ep_veneer>:
1000af58:	b401      	push	{r0}
1000af5a:	4802      	ldr	r0, [pc, #8]	@ (1000af64 <__e15_is_bulkin_ep_veneer+0xc>)
1000af5c:	4684      	mov	ip, r0
1000af5e:	bc01      	pop	{r0}
1000af60:	4760      	bx	ip
1000af62:	bf00      	nop
1000af64:	20000c6d 	.word	0x20000c6d

1000af68 <__flash_range_program_veneer>:
1000af68:	b401      	push	{r0}
1000af6a:	4802      	ldr	r0, [pc, #8]	@ (1000af74 <__flash_range_program_veneer+0xc>)
1000af6c:	4684      	mov	ip, r0
1000af6e:	bc01      	pop	{r0}
1000af70:	4760      	bx	ip
1000af72:	bf00      	nop
1000af74:	200002c5 	.word	0x200002c5

1000af78 <__e15_is_critical_frame_period_veneer>:
1000af78:	b401      	push	{r0}
1000af7a:	4802      	ldr	r0, [pc, #8]	@ (1000af84 <__e15_is_critical_frame_period_veneer+0xc>)
1000af7c:	4684      	mov	ip, r0
1000af7e:	bc01      	pop	{r0}
1000af80:	4760      	bx	ip
1000af82:	bf00      	nop
1000af84:	20000c95 	.word	0x20000c95

1000af88 <____aeabi_idiv0_veneer>:
1000af88:	b401      	push	{r0}
1000af8a:	4802      	ldr	r0, [pc, #8]	@ (1000af94 <____aeabi_idiv0_veneer+0xc>)
1000af8c:	4684      	mov	ip, r0
1000af8e:	bc01      	pop	{r0}
1000af90:	4760      	bx	ip
1000af92:	bf00      	nop
1000af94:	20000fa9 	.word	0x20000fa9

1000af98 <__flash_range_erase_veneer>:
1000af98:	b401      	push	{r0}
1000af9a:	4802      	ldr	r0, [pc, #8]	@ (1000afa4 <__flash_range_erase_veneer+0xc>)
1000af9c:	4684      	mov	ip, r0
1000af9e:	bc01      	pop	{r0}
1000afa0:	4760      	bx	ip
1000afa2:	bf00      	nop
1000afa4:	20000235 	.word	0x20000235

1000afa8 <__mutex_try_enter_block_until_veneer>:
1000afa8:	b401      	push	{r0}
1000afaa:	4802      	ldr	r0, [pc, #8]	@ (1000afb4 <__mutex_try_enter_block_until_veneer+0xc>)
1000afac:	4684      	mov	ip, r0
1000afae:	bc01      	pop	{r0}
1000afb0:	4760      	bx	ip
1000afb2:	bf00      	nop
1000afb4:	200000c1 	.word	0x200000c1

1000afb8 <__hw_endpoint_start_next_buffer_veneer>:
1000afb8:	b401      	push	{r0}
1000afba:	4802      	ldr	r0, [pc, #8]	@ (1000afc4 <__hw_endpoint_start_next_buffer_veneer+0xc>)
1000afbc:	4684      	mov	ip, r0
1000afbe:	bc01      	pop	{r0}
1000afc0:	4760      	bx	ip
1000afc2:	bf00      	nop
1000afc4:	20000d25 	.word	0x20000d25

1000afc8 <___hw_endpoint_buffer_control_update32_veneer>:
1000afc8:	b401      	push	{r0}
1000afca:	4802      	ldr	r0, [pc, #8]	@ (1000afd4 <___hw_endpoint_buffer_control_update32_veneer+0xc>)
1000afcc:	4684      	mov	ip, r0
1000afce:	bc01      	pop	{r0}
1000afd0:	4760      	bx	ip
1000afd2:	bf00      	nop
1000afd4:	20000cd5 	.word	0x20000cd5

1000afd8 <__pre_init_runtime_init_early_resets>:
1000afd8:	1000582d                                -X..

1000afdc <__pre_init_runtime_init_usb_power_down>:
1000afdc:	10005859 10005a3d 100067a9 100060e1     YX..=Z...g...`..
1000afec:	10006719                                .g..

1000aff0 <__pre_init_runtime_init_clocks>:
1000aff0:	10005965                                eY..

1000aff4 <__pre_init_runtime_init_post_clock_resets>:
1000aff4:	10005875                                uX..

1000aff8 <__pre_init_runtime_init_rp2040_gpio_ie_disable>:
1000aff8:	10005895                                .X..

1000affc <__pre_init_runtime_init_spin_locks_reset>:
1000affc:	100058a9                                .X..

1000b000 <__pre_init_runtime_init_mutex>:
1000b000:	10004bbd                                .K..

1000b004 <__pre_init_runtime_init_install_ram_vector_table>:
1000b004:	100058b1                                .X..

1000b008 <__pre_init_runtime_init_default_alarm_pool>:
1000b008:	10004f59                                YO..

1000b00c <__pre_init_first_per_core_initializer>:
1000b00c:	100057f5                                .W..

1000b010 <__pre_init_runtime_init_per_core_irq_priorities>:
1000b010:	10004869                                iH..

1000b014 <__init_array_start>:
1000b014:	1000aef9 	.word	0x1000aef9
1000b018:	10008795 	.word	0x10008795

1000b01c <__frame_dummy_init_array_entry>:
1000b01c:	100002fd                                ....

Disassembly of section .data:

200000c0 <mutex_try_enter_block_until>:
200000c0:	b5f0      	push	{r4, r5, r6, r7, lr}
200000c2:	46c6      	mov	lr, r8
200000c4:	0015      	movs	r5, r2
200000c6:	b500      	push	{lr}
200000c8:	0004      	movs	r4, r0
200000ca:	001e      	movs	r6, r3
200000cc:	6802      	ldr	r2, [r0, #0]
200000ce:	f3ef 8110 	mrs	r1, PRIMASK
200000d2:	b672      	cpsid	i
200000d4:	6813      	ldr	r3, [r2, #0]
200000d6:	2b00      	cmp	r3, #0
200000d8:	d0fc      	beq.n	200000d4 <mutex_try_enter_block_until+0x14>
200000da:	f3bf 8f5f 	dmb	sy
200000de:	2304      	movs	r3, #4
200000e0:	56e3      	ldrsb	r3, [r4, r3]
200000e2:	6822      	ldr	r2, [r4, #0]
200000e4:	2b00      	cmp	r3, #0
200000e6:	db2b      	blt.n	20000140 <mutex_try_enter_block_until+0x80>
200000e8:	f3bf 8f5f 	dmb	sy
200000ec:	2000      	movs	r0, #0
200000ee:	6010      	str	r0, [r2, #0]
200000f0:	f381 8810 	msr	PRIMASK, r1
200000f4:	22d0      	movs	r2, #208	@ 0xd0
200000f6:	0612      	lsls	r2, r2, #24
200000f8:	7812      	ldrb	r2, [r2, #0]
200000fa:	2700      	movs	r7, #0
200000fc:	b252      	sxtb	r2, r2
200000fe:	4690      	mov	r8, r2
20000100:	429a      	cmp	r2, r3
20000102:	d10e      	bne.n	20000122 <mutex_try_enter_block_until+0x62>
20000104:	2000      	movs	r0, #0
20000106:	bc80      	pop	{r7}
20000108:	46b8      	mov	r8, r7
2000010a:	bdf0      	pop	{r4, r5, r6, r7, pc}
2000010c:	f3bf 8f5f 	dmb	sy
20000110:	6017      	str	r7, [r2, #0]
20000112:	f381 8810 	msr	PRIMASK, r1
20000116:	0028      	movs	r0, r5
20000118:	0031      	movs	r1, r6
2000011a:	f000 ff71 	bl	20001000 <__best_effort_wfe_or_timeout_veneer>
2000011e:	2800      	cmp	r0, #0
20000120:	d1f0      	bne.n	20000104 <mutex_try_enter_block_until+0x44>
20000122:	6822      	ldr	r2, [r4, #0]
20000124:	f3ef 8110 	mrs	r1, PRIMASK
20000128:	b672      	cpsid	i
2000012a:	6813      	ldr	r3, [r2, #0]
2000012c:	2b00      	cmp	r3, #0
2000012e:	d0fc      	beq.n	2000012a <mutex_try_enter_block_until+0x6a>
20000130:	f3bf 8f5f 	dmb	sy
20000134:	7923      	ldrb	r3, [r4, #4]
20000136:	6822      	ldr	r2, [r4, #0]
20000138:	2b7f      	cmp	r3, #127	@ 0x7f
2000013a:	d9e7      	bls.n	2000010c <mutex_try_enter_block_until+0x4c>
2000013c:	4643      	mov	r3, r8
2000013e:	e002      	b.n	20000146 <mutex_try_enter_block_until+0x86>
20000140:	23d0      	movs	r3, #208	@ 0xd0
20000142:	061b      	lsls	r3, r3, #24
20000144:	681b      	ldr	r3, [r3, #0]
20000146:	7123      	strb	r3, [r4, #4]
20000148:	f3bf 8f5f 	dmb	sy
2000014c:	2300      	movs	r3, #0
2000014e:	6013      	str	r3, [r2, #0]
20000150:	f381 8810 	msr	PRIMASK, r1
20000154:	2001      	movs	r0, #1
20000156:	e7d6      	b.n	20000106 <mutex_try_enter_block_until+0x46>

20000158 <mutex_exit>:
20000158:	6802      	ldr	r2, [r0, #0]
2000015a:	f3ef 8110 	mrs	r1, PRIMASK
2000015e:	b672      	cpsid	i
20000160:	6813      	ldr	r3, [r2, #0]
20000162:	2b00      	cmp	r3, #0
20000164:	d0fc      	beq.n	20000160 <mutex_exit+0x8>
20000166:	f3bf 8f5f 	dmb	sy
2000016a:	23ff      	movs	r3, #255	@ 0xff
2000016c:	7103      	strb	r3, [r0, #4]
2000016e:	6803      	ldr	r3, [r0, #0]
20000170:	f3bf 8f5f 	dmb	sy
20000174:	2200      	movs	r2, #0
20000176:	601a      	str	r2, [r3, #0]
20000178:	f381 8810 	msr	PRIMASK, r1
2000017c:	bf40      	sev
2000017e:	4770      	bx	lr

20000180 <flash_init_boot2_copyout>:
20000180:	b510      	push	{r4, lr}
20000182:	4c08      	ldr	r4, [pc, #32]	@ (200001a4 <flash_init_boot2_copyout+0x24>)
20000184:	7823      	ldrb	r3, [r4, #0]
20000186:	2b00      	cmp	r3, #0
20000188:	d10a      	bne.n	200001a0 <flash_init_boot2_copyout+0x20>
2000018a:	2380      	movs	r3, #128	@ 0x80
2000018c:	4806      	ldr	r0, [pc, #24]	@ (200001a8 <flash_init_boot2_copyout+0x28>)
2000018e:	4907      	ldr	r1, [pc, #28]	@ (200001ac <flash_init_boot2_copyout+0x2c>)
20000190:	055b      	lsls	r3, r3, #21
20000192:	681a      	ldr	r2, [r3, #0]
20000194:	50c2      	str	r2, [r0, r3]
20000196:	3304      	adds	r3, #4
20000198:	428b      	cmp	r3, r1
2000019a:	d1fa      	bne.n	20000192 <flash_init_boot2_copyout+0x12>
2000019c:	2301      	movs	r3, #1
2000019e:	7023      	strb	r3, [r4, #0]
200001a0:	bd10      	pop	{r4, pc}
200001a2:	46c0      	nop			@ (mov r8, r8)
200001a4:	20003c37 	.word	0x20003c37
200001a8:	10002254 	.word	0x10002254
200001ac:	10000100 	.word	0x10000100

200001b0 <flash_enable_xip_via_boot2>:
200001b0:	b510      	push	{r4, lr}
200001b2:	4b01      	ldr	r3, [pc, #4]	@ (200001b8 <flash_enable_xip_via_boot2+0x8>)
200001b4:	4798      	blx	r3
200001b6:	bd10      	pop	{r4, pc}
200001b8:	20002255 	.word	0x20002255

200001bc <flash_save_hardware_state>:
200001bc:	4b06      	ldr	r3, [pc, #24]	@ (200001d8 <flash_save_hardware_state+0x1c>)
200001be:	685a      	ldr	r2, [r3, #4]
200001c0:	6002      	str	r2, [r0, #0]
200001c2:	689a      	ldr	r2, [r3, #8]
200001c4:	6042      	str	r2, [r0, #4]
200001c6:	68da      	ldr	r2, [r3, #12]
200001c8:	6082      	str	r2, [r0, #8]
200001ca:	691a      	ldr	r2, [r3, #16]
200001cc:	60c2      	str	r2, [r0, #12]
200001ce:	695a      	ldr	r2, [r3, #20]
200001d0:	6102      	str	r2, [r0, #16]
200001d2:	699b      	ldr	r3, [r3, #24]
200001d4:	6143      	str	r3, [r0, #20]
200001d6:	4770      	bx	lr
200001d8:	40020000 	.word	0x40020000

200001dc <flash_restore_hardware_state>:
200001dc:	6802      	ldr	r2, [r0, #0]
200001de:	4b06      	ldr	r3, [pc, #24]	@ (200001f8 <flash_restore_hardware_state+0x1c>)
200001e0:	605a      	str	r2, [r3, #4]
200001e2:	6842      	ldr	r2, [r0, #4]
200001e4:	609a      	str	r2, [r3, #8]
200001e6:	6882      	ldr	r2, [r0, #8]
200001e8:	60da      	str	r2, [r3, #12]
200001ea:	68c2      	ldr	r2, [r0, #12]
200001ec:	611a      	str	r2, [r3, #16]
200001ee:	6902      	ldr	r2, [r0, #16]
200001f0:	615a      	str	r2, [r3, #20]
200001f2:	6942      	ldr	r2, [r0, #20]
200001f4:	619a      	str	r2, [r3, #24]
200001f6:	4770      	bx	lr
200001f8:	40020000 	.word	0x40020000

200001fc <flash_cs_force.constprop.0>:
200001fc:	4b03      	ldr	r3, [pc, #12]	@ (2000020c <flash_cs_force.constprop.0+0x10>)
200001fe:	681a      	ldr	r2, [r3, #0]
20000200:	23c0      	movs	r3, #192	@ 0xc0
20000202:	009b      	lsls	r3, r3, #2
20000204:	4393      	bics	r3, r2
20000206:	4a02      	ldr	r2, [pc, #8]	@ (20000210 <flash_cs_force.constprop.0+0x14>)
20000208:	6013      	str	r3, [r2, #0]
2000020a:	4770      	bx	lr
2000020c:	4001800c 	.word	0x4001800c
20000210:	4001900c 	.word	0x4001900c

20000214 <flash_cs_force.constprop.1>:
20000214:	4b05      	ldr	r3, [pc, #20]	@ (2000022c <flash_cs_force.constprop.1+0x18>)
20000216:	681a      	ldr	r2, [r3, #0]
20000218:	2380      	movs	r3, #128	@ 0x80
2000021a:	009b      	lsls	r3, r3, #2
2000021c:	4053      	eors	r3, r2
2000021e:	22c0      	movs	r2, #192	@ 0xc0
20000220:	0092      	lsls	r2, r2, #2
20000222:	4013      	ands	r3, r2
20000224:	4a02      	ldr	r2, [pc, #8]	@ (20000230 <flash_cs_force.constprop.1+0x1c>)
20000226:	6013      	str	r3, [r2, #0]
20000228:	4770      	bx	lr
2000022a:	46c0      	nop			@ (mov r8, r8)
2000022c:	4001800c 	.word	0x4001800c
20000230:	4001900c 	.word	0x4001900c

20000234 <flash_range_erase>:
20000234:	b5f0      	push	{r4, r5, r6, r7, lr}
20000236:	46d6      	mov	lr, sl
20000238:	464f      	mov	r7, r9
2000023a:	4646      	mov	r6, r8
2000023c:	2380      	movs	r3, #128	@ 0x80
2000023e:	b5c0      	push	{r6, r7, lr}
20000240:	1842      	adds	r2, r0, r1
20000242:	0004      	movs	r4, r0
20000244:	000d      	movs	r5, r1
20000246:	b086      	sub	sp, #24
20000248:	039b      	lsls	r3, r3, #14
2000024a:	429a      	cmp	r2, r3
2000024c:	d82e      	bhi.n	200002ac <flash_range_erase+0x78>
2000024e:	2700      	movs	r7, #0
20000250:	2600      	movs	r6, #0
20000252:	8ab8      	ldrh	r0, [r7, #20]
20000254:	8b33      	ldrh	r3, [r6, #24]
20000256:	4917      	ldr	r1, [pc, #92]	@ (200002b4 <flash_range_erase+0x80>)
20000258:	4798      	blx	r3
2000025a:	8b33      	ldrh	r3, [r6, #24]
2000025c:	4682      	mov	sl, r0
2000025e:	4916      	ldr	r1, [pc, #88]	@ (200002b8 <flash_range_erase+0x84>)
20000260:	8ab8      	ldrh	r0, [r7, #20]
20000262:	4798      	blx	r3
20000264:	8b33      	ldrh	r3, [r6, #24]
20000266:	4681      	mov	r9, r0
20000268:	4914      	ldr	r1, [pc, #80]	@ (200002bc <flash_range_erase+0x88>)
2000026a:	8ab8      	ldrh	r0, [r7, #20]
2000026c:	4798      	blx	r3
2000026e:	8b33      	ldrh	r3, [r6, #24]
20000270:	4913      	ldr	r1, [pc, #76]	@ (200002c0 <flash_range_erase+0x8c>)
20000272:	4680      	mov	r8, r0
20000274:	8ab8      	ldrh	r0, [r7, #20]
20000276:	4798      	blx	r3
20000278:	0006      	movs	r6, r0
2000027a:	f7ff ff81 	bl	20000180 <flash_init_boot2_copyout>
2000027e:	4668      	mov	r0, sp
20000280:	f7ff ff9c 	bl	200001bc <flash_save_hardware_state>
20000284:	47d0      	blx	sl
20000286:	47c8      	blx	r9
20000288:	2280      	movs	r2, #128	@ 0x80
2000028a:	23d8      	movs	r3, #216	@ 0xd8
2000028c:	0029      	movs	r1, r5
2000028e:	0020      	movs	r0, r4
20000290:	0252      	lsls	r2, r2, #9
20000292:	47c0      	blx	r8
20000294:	47b0      	blx	r6
20000296:	f7ff ff8b 	bl	200001b0 <flash_enable_xip_via_boot2>
2000029a:	4668      	mov	r0, sp
2000029c:	f7ff ff9e 	bl	200001dc <flash_restore_hardware_state>
200002a0:	b006      	add	sp, #24
200002a2:	bce0      	pop	{r5, r6, r7}
200002a4:	46ba      	mov	sl, r7
200002a6:	46b1      	mov	r9, r6
200002a8:	46a8      	mov	r8, r5
200002aa:	bdf0      	pop	{r4, r5, r6, r7, pc}
200002ac:	f000 fe98 	bl	20000fe0 <__hard_assertion_failure_veneer>
200002b0:	e7cd      	b.n	2000024e <flash_range_erase+0x1a>
200002b2:	46c0      	nop			@ (mov r8, r8)
200002b4:	00004649 	.word	0x00004649
200002b8:	00005845 	.word	0x00005845
200002bc:	00004552 	.word	0x00004552
200002c0:	00004346 	.word	0x00004346

200002c4 <flash_range_program>:
200002c4:	b5f0      	push	{r4, r5, r6, r7, lr}
200002c6:	464e      	mov	r6, r9
200002c8:	4645      	mov	r5, r8
200002ca:	46de      	mov	lr, fp
200002cc:	4657      	mov	r7, sl
200002ce:	2380      	movs	r3, #128	@ 0x80
200002d0:	b5e0      	push	{r5, r6, r7, lr}
200002d2:	0015      	movs	r5, r2
200002d4:	1882      	adds	r2, r0, r2
200002d6:	0004      	movs	r4, r0
200002d8:	4689      	mov	r9, r1
200002da:	b087      	sub	sp, #28
200002dc:	039b      	lsls	r3, r3, #14
200002de:	429a      	cmp	r2, r3
200002e0:	d82d      	bhi.n	2000033e <flash_range_program+0x7a>
200002e2:	2700      	movs	r7, #0
200002e4:	2600      	movs	r6, #0
200002e6:	8ab8      	ldrh	r0, [r7, #20]
200002e8:	8b33      	ldrh	r3, [r6, #24]
200002ea:	4916      	ldr	r1, [pc, #88]	@ (20000344 <flash_range_program+0x80>)
200002ec:	4798      	blx	r3
200002ee:	8b33      	ldrh	r3, [r6, #24]
200002f0:	4683      	mov	fp, r0
200002f2:	4915      	ldr	r1, [pc, #84]	@ (20000348 <flash_range_program+0x84>)
200002f4:	8ab8      	ldrh	r0, [r7, #20]
200002f6:	4798      	blx	r3
200002f8:	8b33      	ldrh	r3, [r6, #24]
200002fa:	4682      	mov	sl, r0
200002fc:	4913      	ldr	r1, [pc, #76]	@ (2000034c <flash_range_program+0x88>)
200002fe:	8ab8      	ldrh	r0, [r7, #20]
20000300:	4798      	blx	r3
20000302:	8b33      	ldrh	r3, [r6, #24]
20000304:	4912      	ldr	r1, [pc, #72]	@ (20000350 <flash_range_program+0x8c>)
20000306:	4680      	mov	r8, r0
20000308:	8ab8      	ldrh	r0, [r7, #20]
2000030a:	4798      	blx	r3
2000030c:	0006      	movs	r6, r0
2000030e:	f7ff ff37 	bl	20000180 <flash_init_boot2_copyout>
20000312:	4668      	mov	r0, sp
20000314:	f7ff ff52 	bl	200001bc <flash_save_hardware_state>
20000318:	47d8      	blx	fp
2000031a:	47d0      	blx	sl
2000031c:	002a      	movs	r2, r5
2000031e:	4649      	mov	r1, r9
20000320:	0020      	movs	r0, r4
20000322:	47c0      	blx	r8
20000324:	47b0      	blx	r6
20000326:	f7ff ff43 	bl	200001b0 <flash_enable_xip_via_boot2>
2000032a:	4668      	mov	r0, sp
2000032c:	f7ff ff56 	bl	200001dc <flash_restore_hardware_state>
20000330:	b007      	add	sp, #28
20000332:	bcf0      	pop	{r4, r5, r6, r7}
20000334:	46bb      	mov	fp, r7
20000336:	46b2      	mov	sl, r6
20000338:	46a9      	mov	r9, r5
2000033a:	46a0      	mov	r8, r4
2000033c:	bdf0      	pop	{r4, r5, r6, r7, pc}
2000033e:	f000 fe4f 	bl	20000fe0 <__hard_assertion_failure_veneer>
20000342:	e7ce      	b.n	200002e2 <flash_range_program+0x1e>
20000344:	00004649 	.word	0x00004649
20000348:	00005845 	.word	0x00005845
2000034c:	00005052 	.word	0x00005052
20000350:	00004346 	.word	0x00004346

20000354 <flash_do_cmd>:
20000354:	2300      	movs	r3, #0
20000356:	b5f0      	push	{r4, r5, r6, r7, lr}
20000358:	46de      	mov	lr, fp
2000035a:	4657      	mov	r7, sl
2000035c:	464e      	mov	r6, r9
2000035e:	4645      	mov	r5, r8
20000360:	469a      	mov	sl, r3
20000362:	b5e0      	push	{r5, r6, r7, lr}
20000364:	b089      	sub	sp, #36	@ 0x24
20000366:	9001      	str	r0, [sp, #4]
20000368:	000e      	movs	r6, r1
2000036a:	8a98      	ldrh	r0, [r3, #20]
2000036c:	4945      	ldr	r1, [pc, #276]	@ (20000484 <flash_do_cmd+0x130>)
2000036e:	8b1b      	ldrh	r3, [r3, #24]
20000370:	0014      	movs	r4, r2
20000372:	4798      	blx	r3
20000374:	4653      	mov	r3, sl
20000376:	4681      	mov	r9, r0
20000378:	4943      	ldr	r1, [pc, #268]	@ (20000488 <flash_do_cmd+0x134>)
2000037a:	8a98      	ldrh	r0, [r3, #20]
2000037c:	8b1b      	ldrh	r3, [r3, #24]
2000037e:	4798      	blx	r3
20000380:	4653      	mov	r3, sl
20000382:	4942      	ldr	r1, [pc, #264]	@ (2000048c <flash_do_cmd+0x138>)
20000384:	0005      	movs	r5, r0
20000386:	8a98      	ldrh	r0, [r3, #20]
20000388:	8b1b      	ldrh	r3, [r3, #24]
2000038a:	4798      	blx	r3
2000038c:	4680      	mov	r8, r0
2000038e:	f7ff fef7 	bl	20000180 <flash_init_boot2_copyout>
20000392:	a802      	add	r0, sp, #8
20000394:	f7ff ff12 	bl	200001bc <flash_save_hardware_state>
20000398:	47c8      	blx	r9
2000039a:	47a8      	blx	r5
2000039c:	f7ff ff3a 	bl	20000214 <flash_cs_force.constprop.1>
200003a0:	1e25      	subs	r5, r4, #0
200003a2:	d022      	beq.n	200003ea <flash_do_cmd+0x96>
200003a4:	2308      	movs	r3, #8
200003a6:	21c0      	movs	r1, #192	@ 0xc0
200003a8:	469c      	mov	ip, r3
200003aa:	2002      	movs	r0, #2
200003ac:	0549      	lsls	r1, r1, #21
200003ae:	4662      	mov	r2, ip
200003b0:	6a8b      	ldr	r3, [r1, #40]	@ 0x28
200003b2:	401a      	ands	r2, r3
200003b4:	4218      	tst	r0, r3
200003b6:	d03f      	beq.n	20000438 <flash_do_cmd+0xe4>
200003b8:	1b63      	subs	r3, r4, r5
200003ba:	2d00      	cmp	r5, #0
200003bc:	d12f      	bne.n	2000041e <flash_do_cmd+0xca>
200003be:	2a00      	cmp	r2, #0
200003c0:	d111      	bne.n	200003e6 <flash_do_cmd+0x92>
200003c2:	2c00      	cmp	r4, #0
200003c4:	d011      	beq.n	200003ea <flash_do_cmd+0x96>
200003c6:	23c0      	movs	r3, #192	@ 0xc0
200003c8:	055b      	lsls	r3, r3, #21
200003ca:	469b      	mov	fp, r3
200003cc:	2302      	movs	r3, #2
200003ce:	469a      	mov	sl, r3
200003d0:	3306      	adds	r3, #6
200003d2:	4699      	mov	r9, r3
200003d4:	465b      	mov	r3, fp
200003d6:	464a      	mov	r2, r9
200003d8:	4657      	mov	r7, sl
200003da:	6a9b      	ldr	r3, [r3, #40]	@ 0x28
200003dc:	401a      	ands	r2, r3
200003de:	421f      	tst	r7, r3
200003e0:	d042      	beq.n	20000468 <flash_do_cmd+0x114>
200003e2:	2a00      	cmp	r2, #0
200003e4:	d0f6      	beq.n	200003d4 <flash_do_cmd+0x80>
200003e6:	2c00      	cmp	r4, #0
200003e8:	d130      	bne.n	2000044c <flash_do_cmd+0xf8>
200003ea:	f7ff ff07 	bl	200001fc <flash_cs_force.constprop.0>
200003ee:	47c0      	blx	r8
200003f0:	f7ff fede 	bl	200001b0 <flash_enable_xip_via_boot2>
200003f4:	a802      	add	r0, sp, #8
200003f6:	f7ff fef1 	bl	200001dc <flash_restore_hardware_state>
200003fa:	b009      	add	sp, #36	@ 0x24
200003fc:	bcf0      	pop	{r4, r5, r6, r7}
200003fe:	46bb      	mov	fp, r7
20000400:	46b2      	mov	sl, r6
20000402:	46a9      	mov	r9, r5
20000404:	46a0      	mov	r8, r4
20000406:	bdf0      	pop	{r4, r5, r6, r7, pc}
20000408:	2c00      	cmp	r4, #0
2000040a:	d12f      	bne.n	2000046c <flash_do_cmd+0x118>
2000040c:	22c0      	movs	r2, #192	@ 0xc0
2000040e:	0552      	lsls	r2, r2, #21
20000410:	6a92      	ldr	r2, [r2, #40]	@ 0x28
20000412:	4691      	mov	r9, r2
20000414:	2208      	movs	r2, #8
20000416:	464f      	mov	r7, r9
20000418:	403a      	ands	r2, r7
2000041a:	07bf      	lsls	r7, r7, #30
2000041c:	d52d      	bpl.n	2000047a <flash_do_cmd+0x126>
2000041e:	2b0d      	cmp	r3, #13
20000420:	d91b      	bls.n	2000045a <flash_do_cmd+0x106>
20000422:	2a00      	cmp	r2, #0
20000424:	d1f0      	bne.n	20000408 <flash_do_cmd+0xb4>
20000426:	22c0      	movs	r2, #192	@ 0xc0
20000428:	0552      	lsls	r2, r2, #21
2000042a:	6a92      	ldr	r2, [r2, #40]	@ 0x28
2000042c:	4691      	mov	r9, r2
2000042e:	2208      	movs	r2, #8
20000430:	464f      	mov	r7, r9
20000432:	403a      	ands	r2, r7
20000434:	07bf      	lsls	r7, r7, #30
20000436:	d4f2      	bmi.n	2000041e <flash_do_cmd+0xca>
20000438:	2a00      	cmp	r2, #0
2000043a:	d104      	bne.n	20000446 <flash_do_cmd+0xf2>
2000043c:	002b      	movs	r3, r5
2000043e:	4323      	orrs	r3, r4
20000440:	2b00      	cmp	r3, #0
20000442:	d1b4      	bne.n	200003ae <flash_do_cmd+0x5a>
20000444:	e7d1      	b.n	200003ea <flash_do_cmd+0x96>
20000446:	002b      	movs	r3, r5
20000448:	2c00      	cmp	r4, #0
2000044a:	d0f9      	beq.n	20000440 <flash_do_cmd+0xec>
2000044c:	6e0b      	ldr	r3, [r1, #96]	@ 0x60
2000044e:	3c01      	subs	r4, #1
20000450:	7033      	strb	r3, [r6, #0]
20000452:	0023      	movs	r3, r4
20000454:	3601      	adds	r6, #1
20000456:	432b      	orrs	r3, r5
20000458:	e7f2      	b.n	20000440 <flash_do_cmd+0xec>
2000045a:	9f01      	ldr	r7, [sp, #4]
2000045c:	3d01      	subs	r5, #1
2000045e:	783b      	ldrb	r3, [r7, #0]
20000460:	3701      	adds	r7, #1
20000462:	660b      	str	r3, [r1, #96]	@ 0x60
20000464:	9701      	str	r7, [sp, #4]
20000466:	e7e7      	b.n	20000438 <flash_do_cmd+0xe4>
20000468:	2500      	movs	r5, #0
2000046a:	e7e5      	b.n	20000438 <flash_do_cmd+0xe4>
2000046c:	23c0      	movs	r3, #192	@ 0xc0
2000046e:	055b      	lsls	r3, r3, #21
20000470:	6e1b      	ldr	r3, [r3, #96]	@ 0x60
20000472:	3c01      	subs	r4, #1
20000474:	7033      	strb	r3, [r6, #0]
20000476:	3601      	adds	r6, #1
20000478:	e799      	b.n	200003ae <flash_do_cmd+0x5a>
2000047a:	002b      	movs	r3, r5
2000047c:	2a00      	cmp	r2, #0
2000047e:	d1df      	bne.n	20000440 <flash_do_cmd+0xec>
20000480:	e7dc      	b.n	2000043c <flash_do_cmd+0xe8>
20000482:	46c0      	nop			@ (mov r8, r8)
20000484:	00004649 	.word	0x00004649
20000488:	00005845 	.word	0x00005845
2000048c:	00004346 	.word	0x00004346

20000490 <reset_non_control_endpoints>:
20000490:	2200      	movs	r2, #0
20000492:	4b15      	ldr	r3, [pc, #84]	@ (200004e8 <reset_non_control_endpoints+0x58>)
20000494:	b510      	push	{r4, lr}
20000496:	609a      	str	r2, [r3, #8]
20000498:	60da      	str	r2, [r3, #12]
2000049a:	611a      	str	r2, [r3, #16]
2000049c:	615a      	str	r2, [r3, #20]
2000049e:	619a      	str	r2, [r3, #24]
200004a0:	61da      	str	r2, [r3, #28]
200004a2:	621a      	str	r2, [r3, #32]
200004a4:	625a      	str	r2, [r3, #36]	@ 0x24
200004a6:	629a      	str	r2, [r3, #40]	@ 0x28
200004a8:	62da      	str	r2, [r3, #44]	@ 0x2c
200004aa:	631a      	str	r2, [r3, #48]	@ 0x30
200004ac:	635a      	str	r2, [r3, #52]	@ 0x34
200004ae:	639a      	str	r2, [r3, #56]	@ 0x38
200004b0:	63da      	str	r2, [r3, #60]	@ 0x3c
200004b2:	641a      	str	r2, [r3, #64]	@ 0x40
200004b4:	645a      	str	r2, [r3, #68]	@ 0x44
200004b6:	649a      	str	r2, [r3, #72]	@ 0x48
200004b8:	64da      	str	r2, [r3, #76]	@ 0x4c
200004ba:	651a      	str	r2, [r3, #80]	@ 0x50
200004bc:	655a      	str	r2, [r3, #84]	@ 0x54
200004be:	659a      	str	r2, [r3, #88]	@ 0x58
200004c0:	65da      	str	r2, [r3, #92]	@ 0x5c
200004c2:	661a      	str	r2, [r3, #96]	@ 0x60
200004c4:	665a      	str	r2, [r3, #100]	@ 0x64
200004c6:	669a      	str	r2, [r3, #104]	@ 0x68
200004c8:	66da      	str	r2, [r3, #108]	@ 0x6c
200004ca:	671a      	str	r2, [r3, #112]	@ 0x70
200004cc:	675a      	str	r2, [r3, #116]	@ 0x74
200004ce:	679a      	str	r2, [r3, #120]	@ 0x78
200004d0:	67da      	str	r2, [r3, #124]	@ 0x7c
200004d2:	32f0      	adds	r2, #240	@ 0xf0
200004d4:	0092      	lsls	r2, r2, #2
200004d6:	2100      	movs	r1, #0
200004d8:	4804      	ldr	r0, [pc, #16]	@ (200004ec <reset_non_control_endpoints+0x5c>)
200004da:	f000 fd89 	bl	20000ff0 <____wrap_memset_veneer>
200004de:	4b04      	ldr	r3, [pc, #16]	@ (200004f0 <reset_non_control_endpoints+0x60>)
200004e0:	4a04      	ldr	r2, [pc, #16]	@ (200004f4 <reset_non_control_endpoints+0x64>)
200004e2:	601a      	str	r2, [r3, #0]
200004e4:	bd10      	pop	{r4, pc}
200004e6:	46c0      	nop			@ (mov r8, r8)
200004e8:	50100000 	.word	0x50100000
200004ec:	200023fc 	.word	0x200023fc
200004f0:	20002fcc 	.word	0x20002fcc
200004f4:	50100180 	.word	0x50100180

200004f8 <hw_handle_buff_status>:
200004f8:	b5f0      	push	{r4, r5, r6, r7, lr}
200004fa:	464e      	mov	r6, r9
200004fc:	4645      	mov	r5, r8
200004fe:	46de      	mov	lr, fp
20000500:	4657      	mov	r7, sl
20000502:	b5e0      	push	{r5, r6, r7, lr}
20000504:	4b21      	ldr	r3, [pc, #132]	@ (2000058c <hw_handle_buff_status+0x94>)
20000506:	2400      	movs	r4, #0
20000508:	6d9e      	ldr	r6, [r3, #88]	@ 0x58
2000050a:	2501      	movs	r5, #1
2000050c:	b085      	sub	sp, #20
2000050e:	2e00      	cmp	r6, #0
20000510:	d022      	beq.n	20000558 <hw_handle_buff_status+0x60>
20000512:	4b1f      	ldr	r3, [pc, #124]	@ (20000590 <hw_handle_buff_status+0x98>)
20000514:	469a      	mov	sl, r3
20000516:	2301      	movs	r3, #1
20000518:	4699      	mov	r9, r3
2000051a:	4b1e      	ldr	r3, [pc, #120]	@ (20000594 <hw_handle_buff_status+0x9c>)
2000051c:	4698      	mov	r8, r3
2000051e:	e001      	b.n	20000524 <hw_handle_buff_status+0x2c>
20000520:	2c20      	cmp	r4, #32
20000522:	d019      	beq.n	20000558 <hw_handle_buff_status+0x60>
20000524:	002a      	movs	r2, r5
20000526:	0023      	movs	r3, r4
20000528:	3401      	adds	r4, #1
2000052a:	002f      	movs	r7, r5
2000052c:	4032      	ands	r2, r6
2000052e:	b2e4      	uxtb	r4, r4
20000530:	006d      	lsls	r5, r5, #1
20000532:	2a00      	cmp	r2, #0
20000534:	d0f4      	beq.n	20000520 <hw_handle_buff_status+0x28>
20000536:	4652      	mov	r2, sl
20000538:	6597      	str	r7, [r2, #88]	@ 0x58
2000053a:	464a      	mov	r2, r9
2000053c:	085b      	lsrs	r3, r3, #1
2000053e:	005b      	lsls	r3, r3, #1
20000540:	4022      	ands	r2, r4
20000542:	189b      	adds	r3, r3, r2
20000544:	015b      	lsls	r3, r3, #5
20000546:	4443      	add	r3, r8
20000548:	0018      	movs	r0, r3
2000054a:	469b      	mov	fp, r3
2000054c:	f000 fc1e 	bl	20000d8c <hw_endpoint_xfer_continue>
20000550:	2800      	cmp	r0, #0
20000552:	d108      	bne.n	20000566 <hw_handle_buff_status+0x6e>
20000554:	43be      	bics	r6, r7
20000556:	d1e3      	bne.n	20000520 <hw_handle_buff_status+0x28>
20000558:	b005      	add	sp, #20
2000055a:	bcf0      	pop	{r4, r5, r6, r7}
2000055c:	46bb      	mov	fp, r7
2000055e:	46b2      	mov	sl, r6
20000560:	46a9      	mov	r9, r5
20000562:	46a0      	mov	r8, r4
20000564:	bdf0      	pop	{r4, r5, r6, r7, pc}
20000566:	465b      	mov	r3, fp
20000568:	21e0      	movs	r1, #224	@ 0xe0
2000056a:	789a      	ldrb	r2, [r3, #2]
2000056c:	8adb      	ldrh	r3, [r3, #22]
2000056e:	a801      	add	r0, sp, #4
20000570:	6083      	str	r3, [r0, #8]
20000572:	2300      	movs	r3, #0
20000574:	00c9      	lsls	r1, r1, #3
20000576:	8001      	strh	r1, [r0, #0]
20000578:	2101      	movs	r1, #1
2000057a:	7102      	strb	r2, [r0, #4]
2000057c:	7143      	strb	r3, [r0, #5]
2000057e:	f000 fc25 	bl	20000dcc <dcd_event_handler>
20000582:	4658      	mov	r0, fp
20000584:	f000 fba0 	bl	20000cc8 <hw_endpoint_reset_transfer>
20000588:	e7e4      	b.n	20000554 <hw_handle_buff_status+0x5c>
2000058a:	46c0      	nop			@ (mov r8, r8)
2000058c:	50110000 	.word	0x50110000
20000590:	50113000 	.word	0x50113000
20000594:	200023bc 	.word	0x200023bc

20000598 <dcd_rp2040_irq>:
20000598:	2398      	movs	r3, #152	@ 0x98
2000059a:	b5f0      	push	{r4, r5, r6, r7, lr}
2000059c:	46c6      	mov	lr, r8
2000059e:	4ac8      	ldr	r2, [pc, #800]	@ (200008c0 <dcd_rp2040_irq+0x328>)
200005a0:	b500      	push	{lr}
200005a2:	58d5      	ldr	r5, [r2, r3]
200005a4:	2380      	movs	r3, #128	@ 0x80
200005a6:	002e      	movs	r6, r5
200005a8:	029b      	lsls	r3, r3, #10
200005aa:	2410      	movs	r4, #16
200005ac:	b084      	sub	sp, #16
200005ae:	401e      	ands	r6, r3
200005b0:	421d      	tst	r5, r3
200005b2:	d074      	beq.n	2000069e <dcd_rp2040_irq+0x106>
200005b4:	4bc3      	ldr	r3, [pc, #780]	@ (200008c4 <dcd_rp2040_irq+0x32c>)
200005b6:	4cc4      	ldr	r4, [pc, #784]	@ (200008c8 <dcd_rp2040_irq+0x330>)
200005b8:	6a9a      	ldr	r2, [r3, #40]	@ 0x28
200005ba:	4bc4      	ldr	r3, [pc, #784]	@ (200008cc <dcd_rp2040_irq+0x334>)
200005bc:	2600      	movs	r6, #0
200005be:	601a      	str	r2, [r3, #0]
200005c0:	233b      	movs	r3, #59	@ 0x3b
200005c2:	5ce3      	ldrb	r3, [r4, r3]
200005c4:	2b02      	cmp	r3, #2
200005c6:	d100      	bne.n	200005ca <dcd_rp2040_irq+0x32>
200005c8:	e14f      	b.n	2000086a <dcd_rp2040_irq+0x2d2>
200005ca:	237b      	movs	r3, #123	@ 0x7b
200005cc:	5ce3      	ldrb	r3, [r4, r3]
200005ce:	2b02      	cmp	r3, #2
200005d0:	d100      	bne.n	200005d4 <dcd_rp2040_irq+0x3c>
200005d2:	e0f3      	b.n	200007bc <dcd_rp2040_irq+0x224>
200005d4:	23bb      	movs	r3, #187	@ 0xbb
200005d6:	5ce3      	ldrb	r3, [r4, r3]
200005d8:	2b02      	cmp	r3, #2
200005da:	d100      	bne.n	200005de <dcd_rp2040_irq+0x46>
200005dc:	e0fa      	b.n	200007d4 <dcd_rp2040_irq+0x23c>
200005de:	23fb      	movs	r3, #251	@ 0xfb
200005e0:	5ce3      	ldrb	r3, [r4, r3]
200005e2:	2b02      	cmp	r3, #2
200005e4:	d100      	bne.n	200005e8 <dcd_rp2040_irq+0x50>
200005e6:	e101      	b.n	200007ec <dcd_rp2040_irq+0x254>
200005e8:	233c      	movs	r3, #60	@ 0x3c
200005ea:	33ff      	adds	r3, #255	@ 0xff
200005ec:	5ce3      	ldrb	r3, [r4, r3]
200005ee:	2b02      	cmp	r3, #2
200005f0:	d100      	bne.n	200005f4 <dcd_rp2040_irq+0x5c>
200005f2:	e12d      	b.n	20000850 <dcd_rp2040_irq+0x2b8>
200005f4:	237c      	movs	r3, #124	@ 0x7c
200005f6:	33ff      	adds	r3, #255	@ 0xff
200005f8:	5ce3      	ldrb	r3, [r4, r3]
200005fa:	2b02      	cmp	r3, #2
200005fc:	d100      	bne.n	20000600 <dcd_rp2040_irq+0x68>
200005fe:	e10e      	b.n	2000081e <dcd_rp2040_irq+0x286>
20000600:	23bc      	movs	r3, #188	@ 0xbc
20000602:	33ff      	adds	r3, #255	@ 0xff
20000604:	5ce3      	ldrb	r3, [r4, r3]
20000606:	2b02      	cmp	r3, #2
20000608:	d100      	bne.n	2000060c <dcd_rp2040_irq+0x74>
2000060a:	e13f      	b.n	2000088c <dcd_rp2040_irq+0x2f4>
2000060c:	23fc      	movs	r3, #252	@ 0xfc
2000060e:	33ff      	adds	r3, #255	@ 0xff
20000610:	5ce3      	ldrb	r3, [r4, r3]
20000612:	2b02      	cmp	r3, #2
20000614:	d100      	bne.n	20000618 <dcd_rp2040_irq+0x80>
20000616:	e0f5      	b.n	20000804 <dcd_rp2040_irq+0x26c>
20000618:	4bad      	ldr	r3, [pc, #692]	@ (200008d0 <dcd_rp2040_irq+0x338>)
2000061a:	5ce3      	ldrb	r3, [r4, r3]
2000061c:	2b02      	cmp	r3, #2
2000061e:	d100      	bne.n	20000622 <dcd_rp2040_irq+0x8a>
20000620:	e174      	b.n	2000090c <dcd_rp2040_irq+0x374>
20000622:	4bac      	ldr	r3, [pc, #688]	@ (200008d4 <dcd_rp2040_irq+0x33c>)
20000624:	5ce3      	ldrb	r3, [r4, r3]
20000626:	2b02      	cmp	r3, #2
20000628:	d100      	bne.n	2000062c <dcd_rp2040_irq+0x94>
2000062a:	e105      	b.n	20000838 <dcd_rp2040_irq+0x2a0>
2000062c:	4baa      	ldr	r3, [pc, #680]	@ (200008d8 <dcd_rp2040_irq+0x340>)
2000062e:	5ce3      	ldrb	r3, [r4, r3]
20000630:	2b02      	cmp	r3, #2
20000632:	d100      	bne.n	20000636 <dcd_rp2040_irq+0x9e>
20000634:	e175      	b.n	20000922 <dcd_rp2040_irq+0x38a>
20000636:	4ba9      	ldr	r3, [pc, #676]	@ (200008dc <dcd_rp2040_irq+0x344>)
20000638:	5ce3      	ldrb	r3, [r4, r3]
2000063a:	2b02      	cmp	r3, #2
2000063c:	d100      	bne.n	20000640 <dcd_rp2040_irq+0xa8>
2000063e:	e132      	b.n	200008a6 <dcd_rp2040_irq+0x30e>
20000640:	4ba7      	ldr	r3, [pc, #668]	@ (200008e0 <dcd_rp2040_irq+0x348>)
20000642:	5ce3      	ldrb	r3, [r4, r3]
20000644:	2b02      	cmp	r3, #2
20000646:	d100      	bne.n	2000064a <dcd_rp2040_irq+0xb2>
20000648:	e1a0      	b.n	2000098c <dcd_rp2040_irq+0x3f4>
2000064a:	4ba6      	ldr	r3, [pc, #664]	@ (200008e4 <dcd_rp2040_irq+0x34c>)
2000064c:	5ce3      	ldrb	r3, [r4, r3]
2000064e:	2b02      	cmp	r3, #2
20000650:	d100      	bne.n	20000654 <dcd_rp2040_irq+0xbc>
20000652:	e171      	b.n	20000938 <dcd_rp2040_irq+0x3a0>
20000654:	4ba4      	ldr	r3, [pc, #656]	@ (200008e8 <dcd_rp2040_irq+0x350>)
20000656:	5ce3      	ldrb	r3, [r4, r3]
20000658:	2b02      	cmp	r3, #2
2000065a:	d100      	bne.n	2000065e <dcd_rp2040_irq+0xc6>
2000065c:	e1a1      	b.n	200009a2 <dcd_rp2040_irq+0x40a>
2000065e:	4ba3      	ldr	r3, [pc, #652]	@ (200008ec <dcd_rp2040_irq+0x354>)
20000660:	5ce3      	ldrb	r3, [r4, r3]
20000662:	2b02      	cmp	r3, #2
20000664:	d100      	bne.n	20000668 <dcd_rp2040_irq+0xd0>
20000666:	e17f      	b.n	20000968 <dcd_rp2040_irq+0x3d0>
20000668:	2e00      	cmp	r6, #0
2000066a:	d108      	bne.n	2000067e <dcd_rp2040_irq+0xe6>
2000066c:	4ba0      	ldr	r3, [pc, #640]	@ (200008f0 <dcd_rp2040_irq+0x358>)
2000066e:	781b      	ldrb	r3, [r3, #0]
20000670:	2b00      	cmp	r3, #0
20000672:	d104      	bne.n	2000067e <dcd_rp2040_irq+0xe6>
20000674:	2180      	movs	r1, #128	@ 0x80
20000676:	4a9f      	ldr	r2, [pc, #636]	@ (200008f4 <dcd_rp2040_irq+0x35c>)
20000678:	3390      	adds	r3, #144	@ 0x90
2000067a:	0289      	lsls	r1, r1, #10
2000067c:	50d1      	str	r1, [r2, r3]
2000067e:	22c0      	movs	r2, #192	@ 0xc0
20000680:	4669      	mov	r1, sp
20000682:	4b8f      	ldr	r3, [pc, #572]	@ (200008c0 <dcd_rp2040_irq+0x328>)
20000684:	0092      	lsls	r2, r2, #2
20000686:	6c9b      	ldr	r3, [r3, #72]	@ 0x48
20000688:	2680      	movs	r6, #128	@ 0x80
2000068a:	055b      	lsls	r3, r3, #21
2000068c:	808a      	strh	r2, [r1, #4]
2000068e:	0d5b      	lsrs	r3, r3, #21
20000690:	2101      	movs	r1, #1
20000692:	a801      	add	r0, sp, #4
20000694:	9302      	str	r3, [sp, #8]
20000696:	f000 fb99 	bl	20000dcc <dcd_event_handler>
2000069a:	4c97      	ldr	r4, [pc, #604]	@ (200008f8 <dcd_rp2040_irq+0x360>)
2000069c:	02b6      	lsls	r6, r6, #10
2000069e:	06eb      	lsls	r3, r5, #27
200006a0:	d500      	bpl.n	200006a4 <dcd_rp2040_irq+0x10c>
200006a2:	e07f      	b.n	200007a4 <dcd_rp2040_irq+0x20c>
200006a4:	2380      	movs	r3, #128	@ 0x80
200006a6:	025b      	lsls	r3, r3, #9
200006a8:	421d      	tst	r5, r3
200006aa:	d031      	beq.n	20000710 <dcd_rp2040_irq+0x178>
200006ac:	431e      	orrs	r6, r3
200006ae:	2301      	movs	r3, #1
200006b0:	2402      	movs	r4, #2
200006b2:	4698      	mov	r8, r3
200006b4:	4f84      	ldr	r7, [pc, #528]	@ (200008c8 <dcd_rp2040_irq+0x330>)
200006b6:	7ebb      	ldrb	r3, [r7, #26]
200006b8:	2b00      	cmp	r3, #0
200006ba:	d014      	beq.n	200006e6 <dcd_rp2040_irq+0x14e>
200006bc:	f000 fca8 	bl	20001010 <__rp2040_chip_version_veneer>
200006c0:	2801      	cmp	r0, #1
200006c2:	d900      	bls.n	200006c6 <dcd_rp2040_irq+0x12e>
200006c4:	e072      	b.n	200007ac <dcd_rp2040_irq+0x214>
200006c6:	22c0      	movs	r2, #192	@ 0xc0
200006c8:	2100      	movs	r1, #0
200006ca:	0038      	movs	r0, r7
200006cc:	0192      	lsls	r2, r2, #6
200006ce:	f000 fb01 	bl	20000cd4 <_hw_endpoint_buffer_control_update32>
200006d2:	0038      	movs	r0, r7
200006d4:	f000 faf8 	bl	20000cc8 <hw_endpoint_reset_transfer>
200006d8:	f000 fc9a 	bl	20001010 <__rp2040_chip_version_veneer>
200006dc:	2801      	cmp	r0, #1
200006de:	d902      	bls.n	200006e6 <dcd_rp2040_irq+0x14e>
200006e0:	4b84      	ldr	r3, [pc, #528]	@ (200008f4 <dcd_rp2040_irq+0x35c>)
200006e2:	665c      	str	r4, [r3, #100]	@ 0x64
200006e4:	661c      	str	r4, [r3, #96]	@ 0x60
200006e6:	4643      	mov	r3, r8
200006e8:	70fb      	strb	r3, [r7, #3]
200006ea:	3720      	adds	r7, #32
200006ec:	2c01      	cmp	r4, #1
200006ee:	d122      	bne.n	20000736 <dcd_rp2040_irq+0x19e>
200006f0:	23c0      	movs	r3, #192	@ 0xc0
200006f2:	466a      	mov	r2, sp
200006f4:	00db      	lsls	r3, r3, #3
200006f6:	8093      	strh	r3, [r2, #4]
200006f8:	4a80      	ldr	r2, [pc, #512]	@ (200008fc <dcd_rp2040_irq+0x364>)
200006fa:	ab02      	add	r3, sp, #8
200006fc:	ca03      	ldmia	r2!, {r0, r1}
200006fe:	c303      	stmia	r3!, {r0, r1}
20000700:	2101      	movs	r1, #1
20000702:	a801      	add	r0, sp, #4
20000704:	f000 fb62 	bl	20000dcc <dcd_event_handler>
20000708:	2280      	movs	r2, #128	@ 0x80
2000070a:	4b7a      	ldr	r3, [pc, #488]	@ (200008f4 <dcd_rp2040_irq+0x35c>)
2000070c:	0292      	lsls	r2, r2, #10
2000070e:	651a      	str	r2, [r3, #80]	@ 0x50
20000710:	2380      	movs	r3, #128	@ 0x80
20000712:	015b      	lsls	r3, r3, #5
20000714:	421d      	tst	r5, r3
20000716:	d110      	bne.n	2000073a <dcd_rp2040_irq+0x1a2>
20000718:	2380      	movs	r3, #128	@ 0x80
2000071a:	01db      	lsls	r3, r3, #7
2000071c:	421d      	tst	r5, r3
2000071e:	d123      	bne.n	20000768 <dcd_rp2040_irq+0x1d0>
20000720:	2380      	movs	r3, #128	@ 0x80
20000722:	021b      	lsls	r3, r3, #8
20000724:	421d      	tst	r5, r3
20000726:	d12f      	bne.n	20000788 <dcd_rp2040_irq+0x1f0>
20000728:	42ae      	cmp	r6, r5
2000072a:	d000      	beq.n	2000072e <dcd_rp2040_irq+0x196>
2000072c:	e1c0      	b.n	20000ab0 <dcd_rp2040_irq+0x518>
2000072e:	b004      	add	sp, #16
20000730:	bc80      	pop	{r7}
20000732:	46b8      	mov	r8, r7
20000734:	bdf0      	pop	{r4, r5, r6, r7, pc}
20000736:	2401      	movs	r4, #1
20000738:	e7bd      	b.n	200006b6 <dcd_rp2040_irq+0x11e>
2000073a:	2400      	movs	r4, #0
2000073c:	431e      	orrs	r6, r3
2000073e:	4b60      	ldr	r3, [pc, #384]	@ (200008c0 <dcd_rp2040_irq+0x328>)
20000740:	601c      	str	r4, [r3, #0]
20000742:	f7ff fea5 	bl	20000490 <reset_non_control_endpoints>
20000746:	2380      	movs	r3, #128	@ 0x80
20000748:	466a      	mov	r2, sp
2000074a:	005b      	lsls	r3, r3, #1
2000074c:	8093      	strh	r3, [r2, #4]
2000074e:	7214      	strb	r4, [r2, #8]
20000750:	2101      	movs	r1, #1
20000752:	a801      	add	r0, sp, #4
20000754:	f000 fb3a 	bl	20000dcc <dcd_event_handler>
20000758:	2280      	movs	r2, #128	@ 0x80
2000075a:	4b66      	ldr	r3, [pc, #408]	@ (200008f4 <dcd_rp2040_irq+0x35c>)
2000075c:	0312      	lsls	r2, r2, #12
2000075e:	651a      	str	r2, [r3, #80]	@ 0x50
20000760:	2380      	movs	r3, #128	@ 0x80
20000762:	01db      	lsls	r3, r3, #7
20000764:	421d      	tst	r5, r3
20000766:	d0db      	beq.n	20000720 <dcd_rp2040_irq+0x188>
20000768:	431e      	orrs	r6, r3
2000076a:	2380      	movs	r3, #128	@ 0x80
2000076c:	466a      	mov	r2, sp
2000076e:	00db      	lsls	r3, r3, #3
20000770:	8093      	strh	r3, [r2, #4]
20000772:	2101      	movs	r1, #1
20000774:	a801      	add	r0, sp, #4
20000776:	f000 fb29 	bl	20000dcc <dcd_event_handler>
2000077a:	2210      	movs	r2, #16
2000077c:	4b5d      	ldr	r3, [pc, #372]	@ (200008f4 <dcd_rp2040_irq+0x35c>)
2000077e:	651a      	str	r2, [r3, #80]	@ 0x50
20000780:	2380      	movs	r3, #128	@ 0x80
20000782:	021b      	lsls	r3, r3, #8
20000784:	421d      	tst	r5, r3
20000786:	d0cf      	beq.n	20000728 <dcd_rp2040_irq+0x190>
20000788:	431e      	orrs	r6, r3
2000078a:	23a0      	movs	r3, #160	@ 0xa0
2000078c:	466a      	mov	r2, sp
2000078e:	00db      	lsls	r3, r3, #3
20000790:	8093      	strh	r3, [r2, #4]
20000792:	2101      	movs	r1, #1
20000794:	a801      	add	r0, sp, #4
20000796:	f000 fb19 	bl	20000dcc <dcd_event_handler>
2000079a:	2280      	movs	r2, #128	@ 0x80
2000079c:	4b55      	ldr	r3, [pc, #340]	@ (200008f4 <dcd_rp2040_irq+0x35c>)
2000079e:	0112      	lsls	r2, r2, #4
200007a0:	651a      	str	r2, [r3, #80]	@ 0x50
200007a2:	e7c1      	b.n	20000728 <dcd_rp2040_irq+0x190>
200007a4:	f7ff fea8 	bl	200004f8 <hw_handle_buff_status>
200007a8:	0026      	movs	r6, r4
200007aa:	e77b      	b.n	200006a4 <dcd_rp2040_irq+0x10c>
200007ac:	4b54      	ldr	r3, [pc, #336]	@ (20000900 <dcd_rp2040_irq+0x368>)
200007ae:	4a44      	ldr	r2, [pc, #272]	@ (200008c0 <dcd_rp2040_irq+0x328>)
200007b0:	661c      	str	r4, [r3, #96]	@ 0x60
200007b2:	6e53      	ldr	r3, [r2, #100]	@ 0x64
200007b4:	4023      	ands	r3, r4
200007b6:	42a3      	cmp	r3, r4
200007b8:	d1fb      	bne.n	200007b2 <dcd_rp2040_irq+0x21a>
200007ba:	e784      	b.n	200006c6 <dcd_rp2040_irq+0x12e>
200007bc:	3378      	adds	r3, #120	@ 0x78
200007be:	5ce7      	ldrb	r7, [r4, r3]
200007c0:	2f00      	cmp	r7, #0
200007c2:	d100      	bne.n	200007c6 <dcd_rp2040_irq+0x22e>
200007c4:	e706      	b.n	200005d4 <dcd_rp2040_irq+0x3c>
200007c6:	3302      	adds	r3, #2
200007c8:	5ce2      	ldrb	r2, [r4, r3]
200007ca:	2a00      	cmp	r2, #0
200007cc:	d000      	beq.n	200007d0 <dcd_rp2040_irq+0x238>
200007ce:	e10d      	b.n	200009ec <dcd_rp2040_irq+0x454>
200007d0:	003e      	movs	r6, r7
200007d2:	e6ff      	b.n	200005d4 <dcd_rp2040_irq+0x3c>
200007d4:	33b8      	adds	r3, #184	@ 0xb8
200007d6:	5ce7      	ldrb	r7, [r4, r3]
200007d8:	2f00      	cmp	r7, #0
200007da:	d100      	bne.n	200007de <dcd_rp2040_irq+0x246>
200007dc:	e6ff      	b.n	200005de <dcd_rp2040_irq+0x46>
200007de:	3302      	adds	r3, #2
200007e0:	5ce2      	ldrb	r2, [r4, r3]
200007e2:	2a00      	cmp	r2, #0
200007e4:	d000      	beq.n	200007e8 <dcd_rp2040_irq+0x250>
200007e6:	e0f9      	b.n	200009dc <dcd_rp2040_irq+0x444>
200007e8:	003e      	movs	r6, r7
200007ea:	e6f8      	b.n	200005de <dcd_rp2040_irq+0x46>
200007ec:	33f8      	adds	r3, #248	@ 0xf8
200007ee:	5ce7      	ldrb	r7, [r4, r3]
200007f0:	2f00      	cmp	r7, #0
200007f2:	d100      	bne.n	200007f6 <dcd_rp2040_irq+0x25e>
200007f4:	e6f8      	b.n	200005e8 <dcd_rp2040_irq+0x50>
200007f6:	3302      	adds	r3, #2
200007f8:	5ce2      	ldrb	r2, [r4, r3]
200007fa:	2a00      	cmp	r2, #0
200007fc:	d000      	beq.n	20000800 <dcd_rp2040_irq+0x268>
200007fe:	e141      	b.n	20000a84 <dcd_rp2040_irq+0x4ec>
20000800:	003e      	movs	r6, r7
20000802:	e6f1      	b.n	200005e8 <dcd_rp2040_irq+0x50>
20000804:	33f9      	adds	r3, #249	@ 0xf9
20000806:	33ff      	adds	r3, #255	@ 0xff
20000808:	5ce7      	ldrb	r7, [r4, r3]
2000080a:	2f00      	cmp	r7, #0
2000080c:	d100      	bne.n	20000810 <dcd_rp2040_irq+0x278>
2000080e:	e703      	b.n	20000618 <dcd_rp2040_irq+0x80>
20000810:	3302      	adds	r3, #2
20000812:	5ce2      	ldrb	r2, [r4, r3]
20000814:	2a00      	cmp	r2, #0
20000816:	d000      	beq.n	2000081a <dcd_rp2040_irq+0x282>
20000818:	e12b      	b.n	20000a72 <dcd_rp2040_irq+0x4da>
2000081a:	003e      	movs	r6, r7
2000081c:	e6fc      	b.n	20000618 <dcd_rp2040_irq+0x80>
2000081e:	3379      	adds	r3, #121	@ 0x79
20000820:	33ff      	adds	r3, #255	@ 0xff
20000822:	5ce7      	ldrb	r7, [r4, r3]
20000824:	2f00      	cmp	r7, #0
20000826:	d100      	bne.n	2000082a <dcd_rp2040_irq+0x292>
20000828:	e6ea      	b.n	20000600 <dcd_rp2040_irq+0x68>
2000082a:	3302      	adds	r3, #2
2000082c:	5ce2      	ldrb	r2, [r4, r3]
2000082e:	2a00      	cmp	r2, #0
20000830:	d000      	beq.n	20000834 <dcd_rp2040_irq+0x29c>
20000832:	e115      	b.n	20000a60 <dcd_rp2040_irq+0x4c8>
20000834:	003e      	movs	r6, r7
20000836:	e6e3      	b.n	20000600 <dcd_rp2040_irq+0x68>
20000838:	4b32      	ldr	r3, [pc, #200]	@ (20000904 <dcd_rp2040_irq+0x36c>)
2000083a:	5ce7      	ldrb	r7, [r4, r3]
2000083c:	2f00      	cmp	r7, #0
2000083e:	d100      	bne.n	20000842 <dcd_rp2040_irq+0x2aa>
20000840:	e6f4      	b.n	2000062c <dcd_rp2040_irq+0x94>
20000842:	3302      	adds	r3, #2
20000844:	5ce2      	ldrb	r2, [r4, r3]
20000846:	2a00      	cmp	r2, #0
20000848:	d000      	beq.n	2000084c <dcd_rp2040_irq+0x2b4>
2000084a:	e101      	b.n	20000a50 <dcd_rp2040_irq+0x4b8>
2000084c:	003e      	movs	r6, r7
2000084e:	e6ed      	b.n	2000062c <dcd_rp2040_irq+0x94>
20000850:	3339      	adds	r3, #57	@ 0x39
20000852:	33ff      	adds	r3, #255	@ 0xff
20000854:	5ce7      	ldrb	r7, [r4, r3]
20000856:	2f00      	cmp	r7, #0
20000858:	d100      	bne.n	2000085c <dcd_rp2040_irq+0x2c4>
2000085a:	e6cb      	b.n	200005f4 <dcd_rp2040_irq+0x5c>
2000085c:	3302      	adds	r3, #2
2000085e:	5ce2      	ldrb	r2, [r4, r3]
20000860:	2a00      	cmp	r2, #0
20000862:	d000      	beq.n	20000866 <dcd_rp2040_irq+0x2ce>
20000864:	e0eb      	b.n	20000a3e <dcd_rp2040_irq+0x4a6>
20000866:	003e      	movs	r6, r7
20000868:	e6c4      	b.n	200005f4 <dcd_rp2040_irq+0x5c>
2000086a:	3338      	adds	r3, #56	@ 0x38
2000086c:	5ce6      	ldrb	r6, [r4, r3]
2000086e:	2e00      	cmp	r6, #0
20000870:	d100      	bne.n	20000874 <dcd_rp2040_irq+0x2dc>
20000872:	e6aa      	b.n	200005ca <dcd_rp2040_irq+0x32>
20000874:	3302      	adds	r3, #2
20000876:	5ce2      	ldrb	r2, [r4, r3]
20000878:	2a00      	cmp	r2, #0
2000087a:	d100      	bne.n	2000087e <dcd_rp2040_irq+0x2e6>
2000087c:	e6a5      	b.n	200005ca <dcd_rp2040_irq+0x32>
2000087e:	0020      	movs	r0, r4
20000880:	2200      	movs	r2, #0
20000882:	3020      	adds	r0, #32
20000884:	54e2      	strb	r2, [r4, r3]
20000886:	f000 fa4d 	bl	20000d24 <hw_endpoint_start_next_buffer>
2000088a:	e69e      	b.n	200005ca <dcd_rp2040_irq+0x32>
2000088c:	33b9      	adds	r3, #185	@ 0xb9
2000088e:	33ff      	adds	r3, #255	@ 0xff
20000890:	5ce7      	ldrb	r7, [r4, r3]
20000892:	2f00      	cmp	r7, #0
20000894:	d100      	bne.n	20000898 <dcd_rp2040_irq+0x300>
20000896:	e6b9      	b.n	2000060c <dcd_rp2040_irq+0x74>
20000898:	3302      	adds	r3, #2
2000089a:	5ce2      	ldrb	r2, [r4, r3]
2000089c:	2a00      	cmp	r2, #0
2000089e:	d000      	beq.n	200008a2 <dcd_rp2040_irq+0x30a>
200008a0:	e0c4      	b.n	20000a2c <dcd_rp2040_irq+0x494>
200008a2:	003e      	movs	r6, r7
200008a4:	e6b2      	b.n	2000060c <dcd_rp2040_irq+0x74>
200008a6:	4b18      	ldr	r3, [pc, #96]	@ (20000908 <dcd_rp2040_irq+0x370>)
200008a8:	5ce7      	ldrb	r7, [r4, r3]
200008aa:	2f00      	cmp	r7, #0
200008ac:	d100      	bne.n	200008b0 <dcd_rp2040_irq+0x318>
200008ae:	e6c7      	b.n	20000640 <dcd_rp2040_irq+0xa8>
200008b0:	3302      	adds	r3, #2
200008b2:	5ce2      	ldrb	r2, [r4, r3]
200008b4:	2a00      	cmp	r2, #0
200008b6:	d000      	beq.n	200008ba <dcd_rp2040_irq+0x322>
200008b8:	e0b0      	b.n	20000a1c <dcd_rp2040_irq+0x484>
200008ba:	003e      	movs	r6, r7
200008bc:	e6c0      	b.n	20000640 <dcd_rp2040_irq+0xa8>
200008be:	46c0      	nop			@ (mov r8, r8)
200008c0:	50110000 	.word	0x50110000
200008c4:	40054000 	.word	0x40054000
200008c8:	200023bc 	.word	0x200023bc
200008cc:	20002390 	.word	0x20002390
200008d0:	0000023b 	.word	0x0000023b
200008d4:	0000027b 	.word	0x0000027b
200008d8:	000002bb 	.word	0x000002bb
200008dc:	000002fb 	.word	0x000002fb
200008e0:	0000033b 	.word	0x0000033b
200008e4:	0000037b 	.word	0x0000037b
200008e8:	000003bb 	.word	0x000003bb
200008ec:	000003fb 	.word	0x000003fb
200008f0:	20003c35 	.word	0x20003c35
200008f4:	50113000 	.word	0x50113000
200008f8:	00020010 	.word	0x00020010
200008fc:	50100000 	.word	0x50100000
20000900:	50112000 	.word	0x50112000
20000904:	0000027a 	.word	0x0000027a
20000908:	000002fa 	.word	0x000002fa
2000090c:	4b6b      	ldr	r3, [pc, #428]	@ (20000abc <dcd_rp2040_irq+0x524>)
2000090e:	5ce7      	ldrb	r7, [r4, r3]
20000910:	2f00      	cmp	r7, #0
20000912:	d100      	bne.n	20000916 <dcd_rp2040_irq+0x37e>
20000914:	e685      	b.n	20000622 <dcd_rp2040_irq+0x8a>
20000916:	3302      	adds	r3, #2
20000918:	5ce2      	ldrb	r2, [r4, r3]
2000091a:	2a00      	cmp	r2, #0
2000091c:	d176      	bne.n	20000a0c <dcd_rp2040_irq+0x474>
2000091e:	003e      	movs	r6, r7
20000920:	e67f      	b.n	20000622 <dcd_rp2040_irq+0x8a>
20000922:	4b67      	ldr	r3, [pc, #412]	@ (20000ac0 <dcd_rp2040_irq+0x528>)
20000924:	5ce7      	ldrb	r7, [r4, r3]
20000926:	2f00      	cmp	r7, #0
20000928:	d100      	bne.n	2000092c <dcd_rp2040_irq+0x394>
2000092a:	e684      	b.n	20000636 <dcd_rp2040_irq+0x9e>
2000092c:	3302      	adds	r3, #2
2000092e:	5ce2      	ldrb	r2, [r4, r3]
20000930:	2a00      	cmp	r2, #0
20000932:	d163      	bne.n	200009fc <dcd_rp2040_irq+0x464>
20000934:	003e      	movs	r6, r7
20000936:	e67e      	b.n	20000636 <dcd_rp2040_irq+0x9e>
20000938:	4b62      	ldr	r3, [pc, #392]	@ (20000ac4 <dcd_rp2040_irq+0x52c>)
2000093a:	5ce7      	ldrb	r7, [r4, r3]
2000093c:	2f00      	cmp	r7, #0
2000093e:	d100      	bne.n	20000942 <dcd_rp2040_irq+0x3aa>
20000940:	e688      	b.n	20000654 <dcd_rp2040_irq+0xbc>
20000942:	3302      	adds	r3, #2
20000944:	5ce2      	ldrb	r2, [r4, r3]
20000946:	2a00      	cmp	r2, #0
20000948:	d000      	beq.n	2000094c <dcd_rp2040_irq+0x3b4>
2000094a:	e0a3      	b.n	20000a94 <dcd_rp2040_irq+0x4fc>
2000094c:	4b5e      	ldr	r3, [pc, #376]	@ (20000ac8 <dcd_rp2040_irq+0x530>)
2000094e:	5ce3      	ldrb	r3, [r4, r3]
20000950:	2b02      	cmp	r3, #2
20000952:	d130      	bne.n	200009b6 <dcd_rp2040_irq+0x41e>
20000954:	4b5d      	ldr	r3, [pc, #372]	@ (20000acc <dcd_rp2040_irq+0x534>)
20000956:	5ce3      	ldrb	r3, [r4, r3]
20000958:	2b00      	cmp	r3, #0
2000095a:	d127      	bne.n	200009ac <dcd_rp2040_irq+0x414>
2000095c:	4b5c      	ldr	r3, [pc, #368]	@ (20000ad0 <dcd_rp2040_irq+0x538>)
2000095e:	5ce3      	ldrb	r3, [r4, r3]
20000960:	2b02      	cmp	r3, #2
20000962:	d000      	beq.n	20000966 <dcd_rp2040_irq+0x3ce>
20000964:	e68b      	b.n	2000067e <dcd_rp2040_irq+0xe6>
20000966:	003e      	movs	r6, r7
20000968:	4b5a      	ldr	r3, [pc, #360]	@ (20000ad4 <dcd_rp2040_irq+0x53c>)
2000096a:	5ce3      	ldrb	r3, [r4, r3]
2000096c:	2b00      	cmp	r3, #0
2000096e:	d100      	bne.n	20000972 <dcd_rp2040_irq+0x3da>
20000970:	e67a      	b.n	20000668 <dcd_rp2040_irq+0xd0>
20000972:	23ff      	movs	r3, #255	@ 0xff
20000974:	009b      	lsls	r3, r3, #2
20000976:	5ce2      	ldrb	r2, [r4, r3]
20000978:	2a00      	cmp	r2, #0
2000097a:	d100      	bne.n	2000097e <dcd_rp2040_irq+0x3e6>
2000097c:	e67f      	b.n	2000067e <dcd_rp2040_irq+0xe6>
2000097e:	2200      	movs	r2, #0
20000980:	54e2      	strb	r2, [r4, r3]
20000982:	3b1c      	subs	r3, #28
20000984:	18e0      	adds	r0, r4, r3
20000986:	f000 f9cd 	bl	20000d24 <hw_endpoint_start_next_buffer>
2000098a:	e678      	b.n	2000067e <dcd_rp2040_irq+0xe6>
2000098c:	4b52      	ldr	r3, [pc, #328]	@ (20000ad8 <dcd_rp2040_irq+0x540>)
2000098e:	5ce7      	ldrb	r7, [r4, r3]
20000990:	2f00      	cmp	r7, #0
20000992:	d100      	bne.n	20000996 <dcd_rp2040_irq+0x3fe>
20000994:	e659      	b.n	2000064a <dcd_rp2040_irq+0xb2>
20000996:	3302      	adds	r3, #2
20000998:	5ce2      	ldrb	r2, [r4, r3]
2000099a:	2a00      	cmp	r2, #0
2000099c:	d116      	bne.n	200009cc <dcd_rp2040_irq+0x434>
2000099e:	003e      	movs	r6, r7
200009a0:	e653      	b.n	2000064a <dcd_rp2040_irq+0xb2>
200009a2:	4b4a      	ldr	r3, [pc, #296]	@ (20000acc <dcd_rp2040_irq+0x534>)
200009a4:	5ce3      	ldrb	r3, [r4, r3]
200009a6:	2b00      	cmp	r3, #0
200009a8:	d100      	bne.n	200009ac <dcd_rp2040_irq+0x414>
200009aa:	e658      	b.n	2000065e <dcd_rp2040_irq+0xc6>
200009ac:	23ef      	movs	r3, #239	@ 0xef
200009ae:	009b      	lsls	r3, r3, #2
200009b0:	5ce2      	ldrb	r2, [r4, r3]
200009b2:	2a00      	cmp	r2, #0
200009b4:	d175      	bne.n	20000aa2 <dcd_rp2040_irq+0x50a>
200009b6:	4b46      	ldr	r3, [pc, #280]	@ (20000ad0 <dcd_rp2040_irq+0x538>)
200009b8:	5ce3      	ldrb	r3, [r4, r3]
200009ba:	2b02      	cmp	r3, #2
200009bc:	d000      	beq.n	200009c0 <dcd_rp2040_irq+0x428>
200009be:	e65e      	b.n	2000067e <dcd_rp2040_irq+0xe6>
200009c0:	4b44      	ldr	r3, [pc, #272]	@ (20000ad4 <dcd_rp2040_irq+0x53c>)
200009c2:	5ce3      	ldrb	r3, [r4, r3]
200009c4:	2b00      	cmp	r3, #0
200009c6:	d100      	bne.n	200009ca <dcd_rp2040_irq+0x432>
200009c8:	e659      	b.n	2000067e <dcd_rp2040_irq+0xe6>
200009ca:	e7d2      	b.n	20000972 <dcd_rp2040_irq+0x3da>
200009cc:	2200      	movs	r2, #0
200009ce:	54e2      	strb	r2, [r4, r3]
200009d0:	3b1c      	subs	r3, #28
200009d2:	18e0      	adds	r0, r4, r3
200009d4:	f000 f9a6 	bl	20000d24 <hw_endpoint_start_next_buffer>
200009d8:	003e      	movs	r6, r7
200009da:	e636      	b.n	2000064a <dcd_rp2040_irq+0xb2>
200009dc:	0020      	movs	r0, r4
200009de:	2200      	movs	r2, #0
200009e0:	30a0      	adds	r0, #160	@ 0xa0
200009e2:	54e2      	strb	r2, [r4, r3]
200009e4:	003e      	movs	r6, r7
200009e6:	f000 f99d 	bl	20000d24 <hw_endpoint_start_next_buffer>
200009ea:	e5f8      	b.n	200005de <dcd_rp2040_irq+0x46>
200009ec:	0020      	movs	r0, r4
200009ee:	2200      	movs	r2, #0
200009f0:	3060      	adds	r0, #96	@ 0x60
200009f2:	54e2      	strb	r2, [r4, r3]
200009f4:	003e      	movs	r6, r7
200009f6:	f000 f995 	bl	20000d24 <hw_endpoint_start_next_buffer>
200009fa:	e5eb      	b.n	200005d4 <dcd_rp2040_irq+0x3c>
200009fc:	2200      	movs	r2, #0
200009fe:	54e2      	strb	r2, [r4, r3]
20000a00:	3b1c      	subs	r3, #28
20000a02:	18e0      	adds	r0, r4, r3
20000a04:	f000 f98e 	bl	20000d24 <hw_endpoint_start_next_buffer>
20000a08:	003e      	movs	r6, r7
20000a0a:	e614      	b.n	20000636 <dcd_rp2040_irq+0x9e>
20000a0c:	2200      	movs	r2, #0
20000a0e:	54e2      	strb	r2, [r4, r3]
20000a10:	3b1c      	subs	r3, #28
20000a12:	18e0      	adds	r0, r4, r3
20000a14:	f000 f986 	bl	20000d24 <hw_endpoint_start_next_buffer>
20000a18:	003e      	movs	r6, r7
20000a1a:	e602      	b.n	20000622 <dcd_rp2040_irq+0x8a>
20000a1c:	2200      	movs	r2, #0
20000a1e:	54e2      	strb	r2, [r4, r3]
20000a20:	3b1c      	subs	r3, #28
20000a22:	18e0      	adds	r0, r4, r3
20000a24:	f000 f97e 	bl	20000d24 <hw_endpoint_start_next_buffer>
20000a28:	003e      	movs	r6, r7
20000a2a:	e609      	b.n	20000640 <dcd_rp2040_irq+0xa8>
20000a2c:	0020      	movs	r0, r4
20000a2e:	2200      	movs	r2, #0
20000a30:	30a1      	adds	r0, #161	@ 0xa1
20000a32:	30ff      	adds	r0, #255	@ 0xff
20000a34:	54e2      	strb	r2, [r4, r3]
20000a36:	003e      	movs	r6, r7
20000a38:	f000 f974 	bl	20000d24 <hw_endpoint_start_next_buffer>
20000a3c:	e5e6      	b.n	2000060c <dcd_rp2040_irq+0x74>
20000a3e:	0020      	movs	r0, r4
20000a40:	2200      	movs	r2, #0
20000a42:	3021      	adds	r0, #33	@ 0x21
20000a44:	30ff      	adds	r0, #255	@ 0xff
20000a46:	54e2      	strb	r2, [r4, r3]
20000a48:	003e      	movs	r6, r7
20000a4a:	f000 f96b 	bl	20000d24 <hw_endpoint_start_next_buffer>
20000a4e:	e5d1      	b.n	200005f4 <dcd_rp2040_irq+0x5c>
20000a50:	2200      	movs	r2, #0
20000a52:	54e2      	strb	r2, [r4, r3]
20000a54:	3b1c      	subs	r3, #28
20000a56:	18e0      	adds	r0, r4, r3
20000a58:	f000 f964 	bl	20000d24 <hw_endpoint_start_next_buffer>
20000a5c:	003e      	movs	r6, r7
20000a5e:	e5e5      	b.n	2000062c <dcd_rp2040_irq+0x94>
20000a60:	0020      	movs	r0, r4
20000a62:	2200      	movs	r2, #0
20000a64:	3061      	adds	r0, #97	@ 0x61
20000a66:	30ff      	adds	r0, #255	@ 0xff
20000a68:	54e2      	strb	r2, [r4, r3]
20000a6a:	003e      	movs	r6, r7
20000a6c:	f000 f95a 	bl	20000d24 <hw_endpoint_start_next_buffer>
20000a70:	e5c6      	b.n	20000600 <dcd_rp2040_irq+0x68>
20000a72:	0020      	movs	r0, r4
20000a74:	2200      	movs	r2, #0
20000a76:	30e1      	adds	r0, #225	@ 0xe1
20000a78:	30ff      	adds	r0, #255	@ 0xff
20000a7a:	54e2      	strb	r2, [r4, r3]
20000a7c:	003e      	movs	r6, r7
20000a7e:	f000 f951 	bl	20000d24 <hw_endpoint_start_next_buffer>
20000a82:	e5c9      	b.n	20000618 <dcd_rp2040_irq+0x80>
20000a84:	0020      	movs	r0, r4
20000a86:	2200      	movs	r2, #0
20000a88:	30e0      	adds	r0, #224	@ 0xe0
20000a8a:	54e2      	strb	r2, [r4, r3]
20000a8c:	003e      	movs	r6, r7
20000a8e:	f000 f949 	bl	20000d24 <hw_endpoint_start_next_buffer>
20000a92:	e5a9      	b.n	200005e8 <dcd_rp2040_irq+0x50>
20000a94:	2200      	movs	r2, #0
20000a96:	54e2      	strb	r2, [r4, r3]
20000a98:	3b1c      	subs	r3, #28
20000a9a:	18e0      	adds	r0, r4, r3
20000a9c:	f000 f942 	bl	20000d24 <hw_endpoint_start_next_buffer>
20000aa0:	e754      	b.n	2000094c <dcd_rp2040_irq+0x3b4>
20000aa2:	2200      	movs	r2, #0
20000aa4:	54e2      	strb	r2, [r4, r3]
20000aa6:	3b1c      	subs	r3, #28
20000aa8:	18e0      	adds	r0, r4, r3
20000aaa:	f000 f93b 	bl	20000d24 <hw_endpoint_start_next_buffer>
20000aae:	e782      	b.n	200009b6 <dcd_rp2040_irq+0x41e>
20000ab0:	0031      	movs	r1, r6
20000ab2:	480a      	ldr	r0, [pc, #40]	@ (20000adc <dcd_rp2040_irq+0x544>)
20000ab4:	4069      	eors	r1, r5
20000ab6:	f000 fa83 	bl	20000fc0 <__panic_veneer>
20000aba:	46c0      	nop			@ (mov r8, r8)
20000abc:	0000023a 	.word	0x0000023a
20000ac0:	000002ba 	.word	0x000002ba
20000ac4:	0000037a 	.word	0x0000037a
20000ac8:	000003bb 	.word	0x000003bb
20000acc:	000003ba 	.word	0x000003ba
20000ad0:	000003fb 	.word	0x000003fb
20000ad4:	000003fa 	.word	0x000003fa
20000ad8:	0000033a 	.word	0x0000033a
20000adc:	1000c698 	.word	0x1000c698

20000ae0 <prepare_ep_buffer>:
20000ae0:	b5f0      	push	{r4, r5, r6, r7, lr}
20000ae2:	46c6      	mov	lr, r8
20000ae4:	b500      	push	{lr}
20000ae6:	0002      	movs	r2, r0
20000ae8:	8a83      	ldrh	r3, [r0, #20]
20000aea:	8b00      	ldrh	r0, [r0, #24]
20000aec:	468c      	mov	ip, r1
20000aee:	1c01      	adds	r1, r0, #0
20000af0:	4298      	cmp	r0, r3
20000af2:	d900      	bls.n	20000af6 <prepare_ep_buffer+0x16>
20000af4:	1c19      	adds	r1, r3, #0
20000af6:	78d4      	ldrb	r4, [r2, #3]
20000af8:	2580      	movs	r5, #128	@ 0x80
20000afa:	0020      	movs	r0, r4
20000afc:	1e46      	subs	r6, r0, #1
20000afe:	41b0      	sbcs	r0, r6
20000b00:	b289      	uxth	r1, r1
20000b02:	00ed      	lsls	r5, r5, #3
20000b04:	430d      	orrs	r5, r1
20000b06:	0340      	lsls	r0, r0, #13
20000b08:	4328      	orrs	r0, r5
20000b0a:	2501      	movs	r5, #1
20000b0c:	406c      	eors	r4, r5
20000b0e:	1a5b      	subs	r3, r3, r1
20000b10:	70d4      	strb	r4, [r2, #3]
20000b12:	7854      	ldrb	r4, [r2, #1]
20000b14:	b29b      	uxth	r3, r3
20000b16:	8293      	strh	r3, [r2, #20]
20000b18:	2c00      	cmp	r4, #0
20000b1a:	d131      	bne.n	20000b80 <prepare_ep_buffer+0xa0>
20000b1c:	4664      	mov	r4, ip
20000b1e:	68d5      	ldr	r5, [r2, #12]
20000b20:	01a4      	lsls	r4, r4, #6
20000b22:	1e4e      	subs	r6, r1, #1
20000b24:	192d      	adds	r5, r5, r4
20000b26:	46b0      	mov	r8, r6
20000b28:	6914      	ldr	r4, [r2, #16]
20000b2a:	2900      	cmp	r1, #0
20000b2c:	d023      	beq.n	20000b76 <prepare_ep_buffer+0x96>
20000b2e:	2e06      	cmp	r6, #6
20000b30:	d932      	bls.n	20000b98 <prepare_ep_buffer+0xb8>
20000b32:	002b      	movs	r3, r5
20000b34:	4323      	orrs	r3, r4
20000b36:	079b      	lsls	r3, r3, #30
20000b38:	d12e      	bne.n	20000b98 <prepare_ep_buffer+0xb8>
20000b3a:	1c63      	adds	r3, r4, #1
20000b3c:	1aeb      	subs	r3, r5, r3
20000b3e:	2b02      	cmp	r3, #2
20000b40:	d92a      	bls.n	20000b98 <prepare_ep_buffer+0xb8>
20000b42:	2300      	movs	r3, #0
20000b44:	088f      	lsrs	r7, r1, #2
20000b46:	00bf      	lsls	r7, r7, #2
20000b48:	58e6      	ldr	r6, [r4, r3]
20000b4a:	50ee      	str	r6, [r5, r3]
20000b4c:	3304      	adds	r3, #4
20000b4e:	429f      	cmp	r7, r3
20000b50:	d1fa      	bne.n	20000b48 <prepare_ep_buffer+0x68>
20000b52:	4643      	mov	r3, r8
20000b54:	19ed      	adds	r5, r5, r7
20000b56:	1bdb      	subs	r3, r3, r7
20000b58:	19e4      	adds	r4, r4, r7
20000b5a:	42b9      	cmp	r1, r7
20000b5c:	d009      	beq.n	20000b72 <prepare_ep_buffer+0x92>
20000b5e:	7826      	ldrb	r6, [r4, #0]
20000b60:	702e      	strb	r6, [r5, #0]
20000b62:	2b00      	cmp	r3, #0
20000b64:	d005      	beq.n	20000b72 <prepare_ep_buffer+0x92>
20000b66:	7866      	ldrb	r6, [r4, #1]
20000b68:	706e      	strb	r6, [r5, #1]
20000b6a:	2b01      	cmp	r3, #1
20000b6c:	d001      	beq.n	20000b72 <prepare_ep_buffer+0x92>
20000b6e:	78a3      	ldrb	r3, [r4, #2]
20000b70:	70ab      	strb	r3, [r5, #2]
20000b72:	6914      	ldr	r4, [r2, #16]
20000b74:	8a93      	ldrh	r3, [r2, #20]
20000b76:	1864      	adds	r4, r4, r1
20000b78:	6114      	str	r4, [r2, #16]
20000b7a:	2280      	movs	r2, #128	@ 0x80
20000b7c:	0212      	lsls	r2, r2, #8
20000b7e:	4310      	orrs	r0, r2
20000b80:	2b00      	cmp	r3, #0
20000b82:	d102      	bne.n	20000b8a <prepare_ep_buffer+0xaa>
20000b84:	2380      	movs	r3, #128	@ 0x80
20000b86:	01db      	lsls	r3, r3, #7
20000b88:	4318      	orrs	r0, r3
20000b8a:	4663      	mov	r3, ip
20000b8c:	2b00      	cmp	r3, #0
20000b8e:	d000      	beq.n	20000b92 <prepare_ep_buffer+0xb2>
20000b90:	0400      	lsls	r0, r0, #16
20000b92:	bc80      	pop	{r7}
20000b94:	46b8      	mov	r8, r7
20000b96:	bdf0      	pop	{r4, r5, r6, r7, pc}
20000b98:	2300      	movs	r3, #0
20000b9a:	5ce6      	ldrb	r6, [r4, r3]
20000b9c:	54ee      	strb	r6, [r5, r3]
20000b9e:	3301      	adds	r3, #1
20000ba0:	4299      	cmp	r1, r3
20000ba2:	d1fa      	bne.n	20000b9a <prepare_ep_buffer+0xba>
20000ba4:	e7e5      	b.n	20000b72 <prepare_ep_buffer+0x92>
20000ba6:	46c0      	nop			@ (mov r8, r8)

20000ba8 <sync_ep_buffer>:
20000ba8:	6883      	ldr	r3, [r0, #8]
20000baa:	b5f0      	push	{r4, r5, r6, r7, lr}
20000bac:	681a      	ldr	r2, [r3, #0]
20000bae:	0004      	movs	r4, r0
20000bb0:	2900      	cmp	r1, #0
20000bb2:	d000      	beq.n	20000bb6 <sync_ep_buffer+0xe>
20000bb4:	0c12      	lsrs	r2, r2, #16
20000bb6:	7863      	ldrb	r3, [r4, #1]
20000bb8:	0592      	lsls	r2, r2, #22
20000bba:	0d90      	lsrs	r0, r2, #22
20000bbc:	2b00      	cmp	r3, #0
20000bbe:	d108      	bne.n	20000bd2 <sync_ep_buffer+0x2a>
20000bc0:	8ae3      	ldrh	r3, [r4, #22]
20000bc2:	18c3      	adds	r3, r0, r3
20000bc4:	82e3      	strh	r3, [r4, #22]
20000bc6:	8b23      	ldrh	r3, [r4, #24]
20000bc8:	4283      	cmp	r3, r0
20000bca:	d901      	bls.n	20000bd0 <sync_ep_buffer+0x28>
20000bcc:	2300      	movs	r3, #0
20000bce:	82a3      	strh	r3, [r4, #20]
20000bd0:	bdf0      	pop	{r4, r5, r6, r7, pc}
20000bd2:	68e3      	ldr	r3, [r4, #12]
20000bd4:	0189      	lsls	r1, r1, #6
20000bd6:	6925      	ldr	r5, [r4, #16]
20000bd8:	185e      	adds	r6, r3, r1
20000bda:	1e47      	subs	r7, r0, #1
20000bdc:	2800      	cmp	r0, #0
20000bde:	d022      	beq.n	20000c26 <sync_ep_buffer+0x7e>
20000be0:	2f06      	cmp	r7, #6
20000be2:	d926      	bls.n	20000c32 <sync_ep_buffer+0x8a>
20000be4:	3101      	adds	r1, #1
20000be6:	185b      	adds	r3, r3, r1
20000be8:	1aeb      	subs	r3, r5, r3
20000bea:	2b02      	cmp	r3, #2
20000bec:	d921      	bls.n	20000c32 <sync_ep_buffer+0x8a>
20000bee:	002b      	movs	r3, r5
20000bf0:	4333      	orrs	r3, r6
20000bf2:	079b      	lsls	r3, r3, #30
20000bf4:	d11d      	bne.n	20000c32 <sync_ep_buffer+0x8a>
20000bf6:	2300      	movs	r3, #0
20000bf8:	0e12      	lsrs	r2, r2, #24
20000bfa:	0092      	lsls	r2, r2, #2
20000bfc:	58f1      	ldr	r1, [r6, r3]
20000bfe:	50e9      	str	r1, [r5, r3]
20000c00:	3304      	adds	r3, #4
20000c02:	429a      	cmp	r2, r3
20000c04:	d1fa      	bne.n	20000bfc <sync_ep_buffer+0x54>
20000c06:	1abf      	subs	r7, r7, r2
20000c08:	18ad      	adds	r5, r5, r2
20000c0a:	18b6      	adds	r6, r6, r2
20000c0c:	4290      	cmp	r0, r2
20000c0e:	d009      	beq.n	20000c24 <sync_ep_buffer+0x7c>
20000c10:	7832      	ldrb	r2, [r6, #0]
20000c12:	702a      	strb	r2, [r5, #0]
20000c14:	2f00      	cmp	r7, #0
20000c16:	d005      	beq.n	20000c24 <sync_ep_buffer+0x7c>
20000c18:	7872      	ldrb	r2, [r6, #1]
20000c1a:	706a      	strb	r2, [r5, #1]
20000c1c:	2f01      	cmp	r7, #1
20000c1e:	d001      	beq.n	20000c24 <sync_ep_buffer+0x7c>
20000c20:	78b2      	ldrb	r2, [r6, #2]
20000c22:	70aa      	strb	r2, [r5, #2]
20000c24:	6925      	ldr	r5, [r4, #16]
20000c26:	8ae3      	ldrh	r3, [r4, #22]
20000c28:	182d      	adds	r5, r5, r0
20000c2a:	18c3      	adds	r3, r0, r3
20000c2c:	82e3      	strh	r3, [r4, #22]
20000c2e:	6125      	str	r5, [r4, #16]
20000c30:	e7c9      	b.n	20000bc6 <sync_ep_buffer+0x1e>
20000c32:	2200      	movs	r2, #0
20000c34:	5cb3      	ldrb	r3, [r6, r2]
20000c36:	54ab      	strb	r3, [r5, r2]
20000c38:	3201      	adds	r2, #1
20000c3a:	4290      	cmp	r0, r2
20000c3c:	d1fa      	bne.n	20000c34 <sync_ep_buffer+0x8c>
20000c3e:	6925      	ldr	r5, [r4, #16]
20000c40:	e7f1      	b.n	20000c26 <sync_ep_buffer+0x7e>
20000c42:	46c0      	nop			@ (mov r8, r8)

20000c44 <_hw_endpoint_xfer_sync>:
20000c44:	b510      	push	{r4, lr}
20000c46:	0004      	movs	r4, r0
20000c48:	6883      	ldr	r3, [r0, #8]
20000c4a:	2100      	movs	r1, #0
20000c4c:	681b      	ldr	r3, [r3, #0]
20000c4e:	f7ff ffab 	bl	20000ba8 <sync_ep_buffer>
20000c52:	6863      	ldr	r3, [r4, #4]
20000c54:	681b      	ldr	r3, [r3, #0]
20000c56:	005b      	lsls	r3, r3, #1
20000c58:	d502      	bpl.n	20000c60 <_hw_endpoint_xfer_sync+0x1c>
20000c5a:	8b23      	ldrh	r3, [r4, #24]
20000c5c:	4283      	cmp	r3, r0
20000c5e:	d000      	beq.n	20000c62 <_hw_endpoint_xfer_sync+0x1e>
20000c60:	bd10      	pop	{r4, pc}
20000c62:	2101      	movs	r1, #1
20000c64:	0020      	movs	r0, r4
20000c66:	f7ff ff9f 	bl	20000ba8 <sync_ep_buffer>
20000c6a:	e7f9      	b.n	20000c60 <_hw_endpoint_xfer_sync+0x1c>

20000c6c <e15_is_bulkin_ep>:
20000c6c:	4a08      	ldr	r2, [pc, #32]	@ (20000c90 <e15_is_bulkin_ep+0x24>)
20000c6e:	0003      	movs	r3, r0
20000c70:	6c12      	ldr	r2, [r2, #64]	@ 0x40
20000c72:	2000      	movs	r0, #0
20000c74:	0792      	lsls	r2, r2, #30
20000c76:	d403      	bmi.n	20000c80 <e15_is_bulkin_ep+0x14>
20000c78:	789a      	ldrb	r2, [r3, #2]
20000c7a:	09d2      	lsrs	r2, r2, #7
20000c7c:	2a01      	cmp	r2, #1
20000c7e:	d000      	beq.n	20000c82 <e15_is_bulkin_ep+0x16>
20000c80:	4770      	bx	lr
20000c82:	7ed8      	ldrb	r0, [r3, #27]
20000c84:	3802      	subs	r0, #2
20000c86:	4243      	negs	r3, r0
20000c88:	4158      	adcs	r0, r3
20000c8a:	b2c0      	uxtb	r0, r0
20000c8c:	e7f8      	b.n	20000c80 <e15_is_bulkin_ep+0x14>
20000c8e:	46c0      	nop			@ (mov r8, r8)
20000c90:	50110000 	.word	0x50110000

20000c94 <e15_is_critical_frame_period>:
20000c94:	b510      	push	{r4, lr}
20000c96:	f7ff ffe9 	bl	20000c6c <e15_is_bulkin_ep>
20000c9a:	2800      	cmp	r0, #0
20000c9c:	d00c      	beq.n	20000cb8 <e15_is_critical_frame_period+0x24>
20000c9e:	4907      	ldr	r1, [pc, #28]	@ (20000cbc <e15_is_critical_frame_period+0x28>)
20000ca0:	4b07      	ldr	r3, [pc, #28]	@ (20000cc0 <e15_is_critical_frame_period+0x2c>)
20000ca2:	468c      	mov	ip, r1
20000ca4:	4a07      	ldr	r2, [pc, #28]	@ (20000cc4 <e15_is_critical_frame_period+0x30>)
20000ca6:	6a9b      	ldr	r3, [r3, #40]	@ 0x28
20000ca8:	6812      	ldr	r2, [r2, #0]
20000caa:	4463      	add	r3, ip
20000cac:	1a9b      	subs	r3, r3, r2
20000cae:	2000      	movs	r0, #0
20000cb0:	22c6      	movs	r2, #198	@ 0xc6
20000cb2:	429a      	cmp	r2, r3
20000cb4:	4140      	adcs	r0, r0
20000cb6:	b2c0      	uxtb	r0, r0
20000cb8:	bd10      	pop	{r4, pc}
20000cba:	46c0      	nop			@ (mov r8, r8)
20000cbc:	fffffce0 	.word	0xfffffce0
20000cc0:	40054000 	.word	0x40054000
20000cc4:	20002390 	.word	0x20002390

20000cc8 <hw_endpoint_reset_transfer>:
20000cc8:	2300      	movs	r3, #0
20000cca:	7683      	strb	r3, [r0, #26]
20000ccc:	6143      	str	r3, [r0, #20]
20000cce:	6103      	str	r3, [r0, #16]
20000cd0:	4770      	bx	lr
20000cd2:	46c0      	nop			@ (mov r8, r8)

20000cd4 <_hw_endpoint_buffer_control_update32>:
20000cd4:	b510      	push	{r4, lr}
20000cd6:	6883      	ldr	r3, [r0, #8]
20000cd8:	2900      	cmp	r1, #0
20000cda:	d001      	beq.n	20000ce0 <_hw_endpoint_buffer_control_update32+0xc>
20000cdc:	681c      	ldr	r4, [r3, #0]
20000cde:	4021      	ands	r1, r4
20000ce0:	2a00      	cmp	r2, #0
20000ce2:	d012      	beq.n	20000d0a <_hw_endpoint_buffer_control_update32+0x36>
20000ce4:	2480      	movs	r4, #128	@ 0x80
20000ce6:	00e4      	lsls	r4, r4, #3
20000ce8:	4311      	orrs	r1, r2
20000cea:	4222      	tst	r2, r4
20000cec:	d00d      	beq.n	20000d0a <_hw_endpoint_buffer_control_update32+0x36>
20000cee:	681a      	ldr	r2, [r3, #0]
20000cf0:	4222      	tst	r2, r4
20000cf2:	d10c      	bne.n	20000d0e <_hw_endpoint_buffer_control_update32+0x3a>
20000cf4:	4a08      	ldr	r2, [pc, #32]	@ (20000d18 <_hw_endpoint_buffer_control_update32+0x44>)
20000cf6:	400a      	ands	r2, r1
20000cf8:	601a      	str	r2, [r3, #0]
20000cfa:	4a08      	ldr	r2, [pc, #32]	@ (20000d1c <_hw_endpoint_buffer_control_update32+0x48>)
20000cfc:	6c12      	ldr	r2, [r2, #64]	@ 0x40
20000cfe:	0792      	lsls	r2, r2, #30
20000d00:	d403      	bmi.n	20000d0a <_hw_endpoint_buffer_control_update32+0x36>
20000d02:	230c      	movs	r3, #12
20000d04:	3b03      	subs	r3, #3
20000d06:	d2fd      	bcs.n	20000d04 <_hw_endpoint_buffer_control_update32+0x30>
20000d08:	6883      	ldr	r3, [r0, #8]
20000d0a:	6019      	str	r1, [r3, #0]
20000d0c:	bd10      	pop	{r4, pc}
20000d0e:	7881      	ldrb	r1, [r0, #2]
20000d10:	4803      	ldr	r0, [pc, #12]	@ (20000d20 <_hw_endpoint_buffer_control_update32+0x4c>)
20000d12:	f000 f955 	bl	20000fc0 <__panic_veneer>
20000d16:	46c0      	nop			@ (mov r8, r8)
20000d18:	fffffbff 	.word	0xfffffbff
20000d1c:	50110000 	.word	0x50110000
20000d20:	1000c6ac 	.word	0x1000c6ac

20000d24 <hw_endpoint_start_next_buffer>:
20000d24:	6843      	ldr	r3, [r0, #4]
20000d26:	b570      	push	{r4, r5, r6, lr}
20000d28:	2100      	movs	r1, #0
20000d2a:	2580      	movs	r5, #128	@ 0x80
20000d2c:	0004      	movs	r4, r0
20000d2e:	681e      	ldr	r6, [r3, #0]
20000d30:	f7ff fed6 	bl	20000ae0 <prepare_ep_buffer>
20000d34:	4b12      	ldr	r3, [pc, #72]	@ (20000d80 <hw_endpoint_start_next_buffer+0x5c>)
20000d36:	016d      	lsls	r5, r5, #5
20000d38:	6c1a      	ldr	r2, [r3, #64]	@ 0x40
20000d3a:	4305      	orrs	r5, r0
20000d3c:	78a3      	ldrb	r3, [r4, #2]
20000d3e:	0792      	lsls	r2, r2, #30
20000d40:	d50e      	bpl.n	20000d60 <hw_endpoint_start_next_buffer+0x3c>
20000d42:	065b      	lsls	r3, r3, #25
20000d44:	d00e      	beq.n	20000d64 <hw_endpoint_start_next_buffer+0x40>
20000d46:	4b0f      	ldr	r3, [pc, #60]	@ (20000d84 <hw_endpoint_start_next_buffer+0x60>)
20000d48:	401e      	ands	r6, r3
20000d4a:	2380      	movs	r3, #128	@ 0x80
20000d4c:	059b      	lsls	r3, r3, #22
20000d4e:	4333      	orrs	r3, r6
20000d50:	6862      	ldr	r2, [r4, #4]
20000d52:	2100      	movs	r1, #0
20000d54:	6013      	str	r3, [r2, #0]
20000d56:	0020      	movs	r0, r4
20000d58:	002a      	movs	r2, r5
20000d5a:	f7ff ffbb 	bl	20000cd4 <_hw_endpoint_buffer_control_update32>
20000d5e:	bd70      	pop	{r4, r5, r6, pc}
20000d60:	09db      	lsrs	r3, r3, #7
20000d62:	d0f0      	beq.n	20000d46 <hw_endpoint_start_next_buffer+0x22>
20000d64:	8aa3      	ldrh	r3, [r4, #20]
20000d66:	2b00      	cmp	r3, #0
20000d68:	d0ed      	beq.n	20000d46 <hw_endpoint_start_next_buffer+0x22>
20000d6a:	2101      	movs	r1, #1
20000d6c:	0020      	movs	r0, r4
20000d6e:	f7ff feb7 	bl	20000ae0 <prepare_ep_buffer>
20000d72:	23a0      	movs	r3, #160	@ 0xa0
20000d74:	4a04      	ldr	r2, [pc, #16]	@ (20000d88 <hw_endpoint_start_next_buffer+0x64>)
20000d76:	05db      	lsls	r3, r3, #23
20000d78:	4032      	ands	r2, r6
20000d7a:	4305      	orrs	r5, r0
20000d7c:	4313      	orrs	r3, r2
20000d7e:	e7e7      	b.n	20000d50 <hw_endpoint_start_next_buffer+0x2c>
20000d80:	50110000 	.word	0x50110000
20000d84:	afffffff 	.word	0xafffffff
20000d88:	dfffffff 	.word	0xdfffffff

20000d8c <hw_endpoint_xfer_continue>:
20000d8c:	b570      	push	{r4, r5, r6, lr}
20000d8e:	7e85      	ldrb	r5, [r0, #26]
20000d90:	0004      	movs	r4, r0
20000d92:	2d00      	cmp	r5, #0
20000d94:	d014      	beq.n	20000dc0 <hw_endpoint_xfer_continue+0x34>
20000d96:	f7ff ff55 	bl	20000c44 <_hw_endpoint_xfer_sync>
20000d9a:	8aa3      	ldrh	r3, [r4, #20]
20000d9c:	2b00      	cmp	r3, #0
20000d9e:	d101      	bne.n	20000da4 <hw_endpoint_xfer_continue+0x18>
20000da0:	0028      	movs	r0, r5
20000da2:	bd70      	pop	{r4, r5, r6, pc}
20000da4:	0020      	movs	r0, r4
20000da6:	f7ff ff75 	bl	20000c94 <e15_is_critical_frame_period>
20000daa:	2800      	cmp	r0, #0
20000dac:	d003      	beq.n	20000db6 <hw_endpoint_xfer_continue+0x2a>
20000dae:	2301      	movs	r3, #1
20000db0:	2500      	movs	r5, #0
20000db2:	7723      	strb	r3, [r4, #28]
20000db4:	e7f4      	b.n	20000da0 <hw_endpoint_xfer_continue+0x14>
20000db6:	0020      	movs	r0, r4
20000db8:	f7ff ffb4 	bl	20000d24 <hw_endpoint_start_next_buffer>
20000dbc:	2500      	movs	r5, #0
20000dbe:	e7ef      	b.n	20000da0 <hw_endpoint_xfer_continue+0x14>
20000dc0:	7881      	ldrb	r1, [r0, #2]
20000dc2:	4801      	ldr	r0, [pc, #4]	@ (20000dc8 <hw_endpoint_xfer_continue+0x3c>)
20000dc4:	f000 f8fc 	bl	20000fc0 <__panic_veneer>
20000dc8:	1000c6cc 	.word	0x1000c6cc

20000dcc <dcd_event_handler>:
20000dcc:	b5f0      	push	{r4, r5, r6, r7, lr}
20000dce:	46ce      	mov	lr, r9
20000dd0:	4647      	mov	r7, r8
20000dd2:	b580      	push	{r7, lr}
20000dd4:	7843      	ldrb	r3, [r0, #1]
20000dd6:	0005      	movs	r5, r0
20000dd8:	000e      	movs	r6, r1
20000dda:	b085      	sub	sp, #20
20000ddc:	2b06      	cmp	r3, #6
20000dde:	d808      	bhi.n	20000df2 <dcd_event_handler+0x26>
20000de0:	4a6a      	ldr	r2, [pc, #424]	@ (20000f8c <dcd_event_handler+0x1c0>)
20000de2:	009b      	lsls	r3, r3, #2
20000de4:	58d3      	ldr	r3, [r2, r3]
20000de6:	469f      	mov	pc, r3
20000de8:	4a69      	ldr	r2, [pc, #420]	@ (20000f90 <dcd_event_handler+0x1c4>)
20000dea:	7813      	ldrb	r3, [r2, #0]
20000dec:	3301      	adds	r3, #1
20000dee:	b2db      	uxtb	r3, r3
20000df0:	7013      	strb	r3, [r2, #0]
20000df2:	4b68      	ldr	r3, [pc, #416]	@ (20000f94 <dcd_event_handler+0x1c8>)
20000df4:	681f      	ldr	r7, [r3, #0]
20000df6:	2e00      	cmp	r6, #0
20000df8:	d010      	beq.n	20000e1c <dcd_event_handler+0x50>
20000dfa:	0029      	movs	r1, r5
20000dfc:	1d38      	adds	r0, r7, #4
20000dfe:	f000 f8e7 	bl	20000fd0 <__tu_fifo_write_veneer>
20000e02:	0004      	movs	r4, r0
20000e04:	2c00      	cmp	r4, #0
20000e06:	d004      	beq.n	20000e12 <dcd_event_handler+0x46>
20000e08:	0032      	movs	r2, r6
20000e0a:	7869      	ldrb	r1, [r5, #1]
20000e0c:	7828      	ldrb	r0, [r5, #0]
20000e0e:	f000 f8cf 	bl	20000fb0 <__tud_event_hook_cb_veneer>
20000e12:	b005      	add	sp, #20
20000e14:	bcc0      	pop	{r6, r7}
20000e16:	46b9      	mov	r9, r7
20000e18:	46b0      	mov	r8, r6
20000e1a:	bdf0      	pop	{r4, r5, r6, r7, pc}
20000e1c:	003c      	movs	r4, r7
20000e1e:	cc08      	ldmia	r4!, {r3}
20000e20:	2000      	movs	r0, #0
20000e22:	4798      	blx	r3
20000e24:	0029      	movs	r1, r5
20000e26:	0020      	movs	r0, r4
20000e28:	f000 f8d2 	bl	20000fd0 <__tu_fifo_write_veneer>
20000e2c:	683b      	ldr	r3, [r7, #0]
20000e2e:	0004      	movs	r4, r0
20000e30:	2001      	movs	r0, #1
20000e32:	4798      	blx	r3
20000e34:	e7e6      	b.n	20000e04 <dcd_event_handler+0x38>
20000e36:	2101      	movs	r1, #1
20000e38:	4b57      	ldr	r3, [pc, #348]	@ (20000f98 <dcd_event_handler+0x1cc>)
20000e3a:	781a      	ldrb	r2, [r3, #0]
20000e3c:	438a      	bics	r2, r1
20000e3e:	701a      	strb	r2, [r3, #0]
20000e40:	781a      	ldrb	r2, [r3, #0]
20000e42:	3101      	adds	r1, #1
20000e44:	438a      	bics	r2, r1
20000e46:	701a      	strb	r2, [r3, #0]
20000e48:	2200      	movs	r2, #0
20000e4a:	705a      	strb	r2, [r3, #1]
20000e4c:	781a      	ldrb	r2, [r3, #0]
20000e4e:	3102      	adds	r1, #2
20000e50:	438a      	bics	r2, r1
20000e52:	701a      	strb	r2, [r3, #0]
20000e54:	4b4f      	ldr	r3, [pc, #316]	@ (20000f94 <dcd_event_handler+0x1c8>)
20000e56:	681f      	ldr	r7, [r3, #0]
20000e58:	2e00      	cmp	r6, #0
20000e5a:	d1ce      	bne.n	20000dfa <dcd_event_handler+0x2e>
20000e5c:	e7de      	b.n	20000e1c <dcd_event_handler+0x50>
20000e5e:	4b4f      	ldr	r3, [pc, #316]	@ (20000f9c <dcd_event_handler+0x1d0>)
20000e60:	4f4f      	ldr	r7, [pc, #316]	@ (20000fa0 <dcd_event_handler+0x1d4>)
20000e62:	4699      	mov	r9, r3
20000e64:	4b4f      	ldr	r3, [pc, #316]	@ (20000fa4 <dcd_event_handler+0x1d8>)
20000e66:	2400      	movs	r4, #0
20000e68:	4698      	mov	r8, r3
20000e6a:	783a      	ldrb	r2, [r7, #0]
20000e6c:	e010      	b.n	20000e90 <dcd_event_handler+0xc4>
20000e6e:	4643      	mov	r3, r8
20000e70:	681b      	ldr	r3, [r3, #0]
20000e72:	0161      	lsls	r1, r4, #5
20000e74:	185b      	adds	r3, r3, r1
20000e76:	2b00      	cmp	r3, #0
20000e78:	d006      	beq.n	20000e88 <dcd_event_handler+0xbc>
20000e7a:	69db      	ldr	r3, [r3, #28]
20000e7c:	2b00      	cmp	r3, #0
20000e7e:	d003      	beq.n	20000e88 <dcd_event_handler+0xbc>
20000e80:	6869      	ldr	r1, [r5, #4]
20000e82:	7828      	ldrb	r0, [r5, #0]
20000e84:	4798      	blx	r3
20000e86:	783a      	ldrb	r2, [r7, #0]
20000e88:	3401      	adds	r4, #1
20000e8a:	b2e4      	uxtb	r4, r4
20000e8c:	4294      	cmp	r4, r2
20000e8e:	d817      	bhi.n	20000ec0 <dcd_event_handler+0xf4>
20000e90:	4294      	cmp	r4, r2
20000e92:	d3ec      	bcc.n	20000e6e <dcd_event_handler+0xa2>
20000e94:	1aa3      	subs	r3, r4, r2
20000e96:	015b      	lsls	r3, r3, #5
20000e98:	444b      	add	r3, r9
20000e9a:	e7ee      	b.n	20000e7a <dcd_event_handler+0xae>
20000e9c:	4b3e      	ldr	r3, [pc, #248]	@ (20000f98 <dcd_event_handler+0x1cc>)
20000e9e:	781a      	ldrb	r2, [r3, #0]
20000ea0:	07d2      	lsls	r2, r2, #31
20000ea2:	d5b6      	bpl.n	20000e12 <dcd_event_handler+0x46>
20000ea4:	2104      	movs	r1, #4
20000ea6:	781a      	ldrb	r2, [r3, #0]
20000ea8:	430a      	orrs	r2, r1
20000eaa:	701a      	strb	r2, [r3, #0]
20000eac:	e7a1      	b.n	20000df2 <dcd_event_handler+0x26>
20000eae:	4b3a      	ldr	r3, [pc, #232]	@ (20000f98 <dcd_event_handler+0x1cc>)
20000eb0:	781a      	ldrb	r2, [r3, #0]
20000eb2:	07d2      	lsls	r2, r2, #31
20000eb4:	d5ad      	bpl.n	20000e12 <dcd_event_handler+0x46>
20000eb6:	2104      	movs	r1, #4
20000eb8:	781a      	ldrb	r2, [r3, #0]
20000eba:	438a      	bics	r2, r1
20000ebc:	701a      	strb	r2, [r3, #0]
20000ebe:	e798      	b.n	20000df2 <dcd_event_handler+0x26>
20000ec0:	4f35      	ldr	r7, [pc, #212]	@ (20000f98 <dcd_event_handler+0x1cc>)
20000ec2:	783b      	ldrb	r3, [r7, #0]
20000ec4:	075b      	lsls	r3, r3, #29
20000ec6:	d521      	bpl.n	20000f0c <dcd_event_handler+0x140>
20000ec8:	2204      	movs	r2, #4
20000eca:	783b      	ldrb	r3, [r7, #0]
20000ecc:	2100      	movs	r1, #0
20000ece:	4393      	bics	r3, r2
20000ed0:	703b      	strb	r3, [r7, #0]
20000ed2:	466b      	mov	r3, sp
20000ed4:	3206      	adds	r2, #6
20000ed6:	1d98      	adds	r0, r3, #6
20000ed8:	f000 f88a 	bl	20000ff0 <____wrap_memset_veneer>
20000edc:	782b      	ldrb	r3, [r5, #0]
20000ede:	ac01      	add	r4, sp, #4
20000ee0:	7023      	strb	r3, [r4, #0]
20000ee2:	2305      	movs	r3, #5
20000ee4:	7063      	strb	r3, [r4, #1]
20000ee6:	4b2b      	ldr	r3, [pc, #172]	@ (20000f94 <dcd_event_handler+0x1c8>)
20000ee8:	681b      	ldr	r3, [r3, #0]
20000eea:	4699      	mov	r9, r3
20000eec:	2e00      	cmp	r6, #0
20000eee:	d03d      	beq.n	20000f6c <dcd_event_handler+0x1a0>
20000ef0:	0018      	movs	r0, r3
20000ef2:	0021      	movs	r1, r4
20000ef4:	3004      	adds	r0, #4
20000ef6:	f000 f86b 	bl	20000fd0 <__tu_fifo_write_veneer>
20000efa:	4680      	mov	r8, r0
20000efc:	4643      	mov	r3, r8
20000efe:	2b00      	cmp	r3, #0
20000f00:	d004      	beq.n	20000f0c <dcd_event_handler+0x140>
20000f02:	0032      	movs	r2, r6
20000f04:	7861      	ldrb	r1, [r4, #1]
20000f06:	7820      	ldrb	r0, [r4, #0]
20000f08:	f000 f852 	bl	20000fb0 <__tud_event_hook_cb_veneer>
20000f0c:	78fb      	ldrb	r3, [r7, #3]
20000f0e:	07db      	lsls	r3, r3, #31
20000f10:	d400      	bmi.n	20000f14 <dcd_event_handler+0x148>
20000f12:	e77e      	b.n	20000e12 <dcd_event_handler+0x46>
20000f14:	466b      	mov	r3, sp
20000f16:	220a      	movs	r2, #10
20000f18:	1d98      	adds	r0, r3, #6
20000f1a:	2100      	movs	r1, #0
20000f1c:	f000 f868 	bl	20000ff0 <____wrap_memset_veneer>
20000f20:	782b      	ldrb	r3, [r5, #0]
20000f22:	ac01      	add	r4, sp, #4
20000f24:	7023      	strb	r3, [r4, #0]
20000f26:	2303      	movs	r3, #3
20000f28:	7063      	strb	r3, [r4, #1]
20000f2a:	686b      	ldr	r3, [r5, #4]
20000f2c:	6063      	str	r3, [r4, #4]
20000f2e:	4b19      	ldr	r3, [pc, #100]	@ (20000f94 <dcd_event_handler+0x1c8>)
20000f30:	681f      	ldr	r7, [r3, #0]
20000f32:	2e00      	cmp	r6, #0
20000f34:	d00d      	beq.n	20000f52 <dcd_event_handler+0x186>
20000f36:	0021      	movs	r1, r4
20000f38:	1d38      	adds	r0, r7, #4
20000f3a:	f000 f849 	bl	20000fd0 <__tu_fifo_write_veneer>
20000f3e:	0005      	movs	r5, r0
20000f40:	2d00      	cmp	r5, #0
20000f42:	d100      	bne.n	20000f46 <dcd_event_handler+0x17a>
20000f44:	e765      	b.n	20000e12 <dcd_event_handler+0x46>
20000f46:	0032      	movs	r2, r6
20000f48:	7861      	ldrb	r1, [r4, #1]
20000f4a:	7820      	ldrb	r0, [r4, #0]
20000f4c:	f000 f830 	bl	20000fb0 <__tud_event_hook_cb_veneer>
20000f50:	e75f      	b.n	20000e12 <dcd_event_handler+0x46>
20000f52:	003d      	movs	r5, r7
20000f54:	cd08      	ldmia	r5!, {r3}
20000f56:	2000      	movs	r0, #0
20000f58:	4798      	blx	r3
20000f5a:	0021      	movs	r1, r4
20000f5c:	0028      	movs	r0, r5
20000f5e:	f000 f837 	bl	20000fd0 <__tu_fifo_write_veneer>
20000f62:	683b      	ldr	r3, [r7, #0]
20000f64:	0005      	movs	r5, r0
20000f66:	2001      	movs	r0, #1
20000f68:	4798      	blx	r3
20000f6a:	e7e9      	b.n	20000f40 <dcd_event_handler+0x174>
20000f6c:	464a      	mov	r2, r9
20000f6e:	ca08      	ldmia	r2!, {r3}
20000f70:	2000      	movs	r0, #0
20000f72:	4690      	mov	r8, r2
20000f74:	4798      	blx	r3
20000f76:	0021      	movs	r1, r4
20000f78:	4640      	mov	r0, r8
20000f7a:	f000 f829 	bl	20000fd0 <__tu_fifo_write_veneer>
20000f7e:	464b      	mov	r3, r9
20000f80:	4680      	mov	r8, r0
20000f82:	681b      	ldr	r3, [r3, #0]
20000f84:	2001      	movs	r0, #1
20000f86:	4798      	blx	r3
20000f88:	e7b8      	b.n	20000efc <dcd_event_handler+0x130>
20000f8a:	46c0      	nop			@ (mov r8, r8)
20000f8c:	1000ce44 	.word	0x1000ce44
20000f90:	20003c36 	.word	0x20003c36
20000f94:	20002188 	.word	0x20002188
20000f98:	20002134 	.word	0x20002134
20000f9c:	1000ce60 	.word	0x1000ce60
20000fa0:	20003c34 	.word	0x20003c34
20000fa4:	20001dec 	.word	0x20001dec

20000fa8 <__aeabi_idiv0>:
20000fa8:	4770      	bx	lr
20000faa:	46c0      	nop			@ (mov r8, r8)
20000fac:	0000      	movs	r0, r0
	...

20000fb0 <__tud_event_hook_cb_veneer>:
20000fb0:	b401      	push	{r0}
20000fb2:	4802      	ldr	r0, [pc, #8]	@ (20000fbc <__tud_event_hook_cb_veneer+0xc>)
20000fb4:	4684      	mov	ip, r0
20000fb6:	bc01      	pop	{r0}
20000fb8:	4760      	bx	ip
20000fba:	bf00      	nop
20000fbc:	10008b35 	.word	0x10008b35

20000fc0 <__panic_veneer>:
20000fc0:	b401      	push	{r0}
20000fc2:	4802      	ldr	r0, [pc, #8]	@ (20000fcc <__panic_veneer+0xc>)
20000fc4:	4684      	mov	ip, r0
20000fc6:	bc01      	pop	{r0}
20000fc8:	4760      	bx	ip
20000fca:	bf00      	nop
20000fcc:	100046d5 	.word	0x100046d5

20000fd0 <__tu_fifo_write_veneer>:
20000fd0:	b401      	push	{r0}
20000fd2:	4802      	ldr	r0, [pc, #8]	@ (20000fdc <__tu_fifo_write_veneer+0xc>)
20000fd4:	4684      	mov	ip, r0
20000fd6:	bc01      	pop	{r0}
20000fd8:	4760      	bx	ip
20000fda:	bf00      	nop
20000fdc:	1000a011 	.word	0x1000a011

20000fe0 <__hard_assertion_failure_veneer>:
20000fe0:	b401      	push	{r0}
20000fe2:	4802      	ldr	r0, [pc, #8]	@ (20000fec <__hard_assertion_failure_veneer+0xc>)
20000fe4:	4684      	mov	ip, r0
20000fe6:	bc01      	pop	{r0}
20000fe8:	4760      	bx	ip
20000fea:	bf00      	nop
20000fec:	100057f9 	.word	0x100057f9

20000ff0 <____wrap_memset_veneer>:
20000ff0:	b401      	push	{r0}
20000ff2:	4802      	ldr	r0, [pc, #8]	@ (20000ffc <____wrap_memset_veneer+0xc>)
20000ff4:	4684      	mov	ip, r0
20000ff6:	bc01      	pop	{r0}
20000ff8:	4760      	bx	ip
20000ffa:	bf00      	nop
20000ffc:	100067b9 	.word	0x100067b9

20001000 <__best_effort_wfe_or_timeout_veneer>:
20001000:	b401      	push	{r0}
20001002:	4802      	ldr	r0, [pc, #8]	@ (2000100c <__best_effort_wfe_or_timeout_veneer+0xc>)
20001004:	4684      	mov	ip, r0
20001006:	bc01      	pop	{r0}
20001008:	4760      	bx	ip
2000100a:	bf00      	nop
2000100c:	1000534d 	.word	0x1000534d

20001010 <__rp2040_chip_version_veneer>:
20001010:	b401      	push	{r0}
20001012:	4802      	ldr	r0, [pc, #8]	@ (2000101c <__rp2040_chip_version_veneer+0xc>)
20001014:	4684      	mov	ip, r0
20001016:	bc01      	pop	{r0}
20001018:	4760      	bx	ip
2000101a:	bf00      	nop
2000101c:	100046c9 	.word	0x100046c9

20001020 <string_desc_arr>:
20001020:	1000cb04 1000c5ac 1000c5bc 1000b2b0     ................
20001030:	1000c5d4                                ....

20001034 <striped_spin_lock_num>:
20001034:	00000010                                ....

20001038 <irq_handler_chain_slots>:
20001038:	00000000 	.word	0x00000000
2000103c:	00010000 	.word	0x00010000
	...
20001048:	00020000 	.word	0x00020000
	...
20001054:	00030000 	.word	0x00030000
	...
20001060:	00ff0000 	.word	0x00ff0000
20001064:	00000000 	.word	0x00000000

20001068 <irq_handler_chain_first_slot>:
20001068:	b501      	push	{r0, lr}
2000106a:	6848      	ldr	r0, [r1, #4]
2000106c:	3101      	adds	r1, #1
2000106e:	468e      	mov	lr, r1
20001070:	4700      	bx	r0

20001072 <irq_handler_chain_remove_tail>:
20001072:	4670      	mov	r0, lr
20001074:	3809      	subs	r0, #9
20001076:	4901      	ldr	r1, [pc, #4]	@ (2000107c <irq_handler_chain_remove_tail+0xa>)
20001078:	4788      	blx	r1
2000107a:	bd01      	pop	{r0, pc}
2000107c:	10004af9 	.word	0x10004af9

20001080 <default_alarm_pool>:
	...
20001094:	20001240 00000000 00000000              @.. ........

200010a0 <aeabi_bits_funcs>:
200010a0:	00003350 	.word	0x00003350
200010a4:	0000334c 	.word	0x0000334c
200010a8:	00003354 	.word	0x00003354
200010ac:	00003352 	.word	0x00003352

200010b0 <aeabi_bits_funcs_end>:
200010b0:	0000534d 	.word	0x0000534d
200010b4:	0000434d 	.word	0x0000434d
200010b8:	00003453 	.word	0x00003453
200010bc:	00003443 	.word	0x00003443

200010c0 <stdio_usb>:
200010c0:	10008651 10008605 10008579 10008565     Q.......y...e...
200010d0:	00000000 00000100                       ........

200010d8 <_usbd_qdef>:
200010d8:	10008b15 2000218c 000c0010 00000000     .....!. ........

200010e8 <_usbd_rhport>:
200010e8:	000000ff 00000000                       ........

200010f0 <_impure_ptr>:
200010f0:	200010f8 00000000                       ... ....

200010f8 <_impure_data>:
200010f8:	00000000 20001b20 20001b88 20001bf0     .... .. ... ... 
	...
20001190:	00000001 00000000 abcd330e e66d1234     .........3..4.m.
200011a0:	0005deec 0000000b 00000000 00000000     ................
	...

20001238 <print_mutex>:
	...
