:020000041000EA
:1000000000B5324B212058609868022188439860DF
:10001000D860186158612E4B002199600221596106
:100020000121F02299502B49196001219960352056
:1000300000F044F80222904214D00621196600F024
:1000400034F8196E01211966002018661A6600F04E
:100050002CF8196E196E196E052000F02FF8012189
:100060000842F9D1002199601B49196000215960AB
:100070001A491B48016001219960EB211966A021F2
:10008000196600F012F800219960164914480160C1
:100090000121996001BC002800D000471248134993
:1000A000086003C880F30888084703B5996A0420EC
:1000B0000142FBD001200142F8D103BD02B5186610
:1000C0001866FFF7F2FF186E186E02BD00000240BE
:1000D000000000180000070000035F00212200005C
:1000E000F4000018222000A00001001008ED00E03C
:1000F00000000000000000000000000074B24E7A12
:1001000000200420F7010010CB010010CD010010E9
:10011000C9010010C9010010C9010010C901001077
:10012000C9010010C9010010C9010010CF01001061
:10013000C9010010C9010010D1010010D301001045
:10014000C1010010C1010010C1010010C101001067
:10015000C1010010C1010010C1010010C101001057
:10016000C1010010C1010010C1010010C101001047
:10017000C1010010C1010010C1010010C101001037
:10018000C1010010C1010010C1010010C101001027
:10019000C1010010C1010010C1010010C101001017
:1001A000C1010010C1010010C1010010C101001007
:1001B000C1010010C1010010C1010010C1010010F7
:1001C000EFF30580103800BE00BE00BE00BE00BECA
:1001D00000BE00BEF2EB887190CF0010B4CF0010CB
:1001E0003802001090A31AE71E481F49086006C88D
:1001F00081F3088810471D480068002801D019487D
:10020000F3E70DA40ECC002902D000F012F8F9E7B4
:100210001749184A002000E001C19142FCD116495B
:100220008847164988471649884700BEFDE701C937
:1002300001C29A42FBD37047B4CF0010C000002027
:100240004012002034E100100000042000000420CF
:1002500034E1001000100420001004200000000011
:10026000704700000000000008ED00E0000000D032
:1002700040120020403C00202D8100101118001079
:1002800025810010F8B5C0460448054B10B58342DF
:1002900003D0044B002B00D0984710BD4012002023
:1002A000401200200000000006480749091A8B1080
:1002B000C90FC91810B5491003D0044B002B00D04A
:1002C000984710BD4012002040120020000000009E
:1002D00010B5074C2378002B09D1FFF7D5FF054B4C
:1002E000002B02D0044800E000BF0123237010BDA2
:1002F000001B00200000000020B00010054B10B5CE
:10030000002B03D00449054800E000BFFFF7CCFFF5
:1003100010BDC04600000000041B002020B00010EB
:10032000F8B5EFF3108C72B6D0258024072301278F
:100330002D0664021AE0C046C046C046C046C0460C
:10034000C046C046C046C046C046C046C046C0467D
:10035000C046C046C046C046C046C046C046AC6166
:10036000C046C046C046C046013B15D30E001E41E4
:100370006C613742DFD1C046C046C046C046AC6162
:10038000C046C046C046C046C046C046C046C0463D
:10039000C046C046013BE9D2D02480210723012674
:1003A000240649021AE0C046C046C046C046C046C0
:1003B000C046C046C046C046C046C046C046C0460D
:1003C000C046C046C046C046C046C046C046A16101
:1003D000C046C046C046C046013B15D305001D417E
:1003E00061612E42DFD1C046C046C046C046A16111
:1003F000C046C046C046C046C046C046C046C046CD
:10040000C046C046013BE9D2D02080210723012508
:10041000000649021AE0C046C046C046C046C04673
:10042000C046C046C046C046C046C046C046C0469C
:10043000C046C046C046C046C046C046C0468161B0
:10044000C046C046C046C046013B15D314001C41FF
:1004500041612542DFD1C046C046C046C0468161E9
:10046000C046C046C046C046C046C046C046C0465C
:10047000C046C046013BE9D28CF310883C200021E5
:1004800004F070FEF8BDC04670B504005E4807F089
:10049000D9FF5E4B5E48E15808F058F88323DB0033
:1004A000E1585C4808F052F803F07CF9002801D1CB
:1004B00000F0E1FAD0258024574807F0C3FF032657
:1004C0002D066402EFF3108272B66C61C046C0461E
:1004D000C046C046AC61C046C046C046C046C046E5
:1004E000C046C046C046C046C0466C61C046C04615
:1004F000C046C046AC61C046C046C046C046C046C5
:10050000C046C046C046C046C0466C61C046C046F4
:10051000C046C046AC61C046C046C046C046C046A4
:10052000C046C046C046C046C0466C61C046C046D4
:10053000C046C046AC61C046C046C046C046C04684
:10054000C046C046C046C046C0466C61C046C046B4
:10055000C046C046AC61C046C046C046C046C04664
:10056000C046C046C046C046C0466C61C046C04694
:10057000C046C046AC61C046C046C046C046C04644
:10058000C046C046C046C046C0466C61C046C04674
:10059000C046C046AC61C046C046C046C046C04624
:1005A000C046C046C046C046C0466C61C046C04654
:1005B000C046C046AC61C046C046C046C046C04604
:1005C000C046C046C046C046C0460723062B25D1BC
:1005D0006C61C046C046C046C046C046C046C04624
:1005E000C046C046C046C046C046C046C046C046DB
:1005F000C046C046C046C046C046AC61C046C046C4
:10060000C046C046013B09E020B000101C040000B9
:100610003CB0001050B0001068B000106C61C046D3
:10062000C046C046C046AC61C046C046C046C04693
:10063000C046C046C046C046C046C046013BC5D2C3
:100640006C61C046C046C046C046AC61C046C046AC
:10065000C046C046C046C046C046C046C046C0466A
:100660006C61C046C046C046C046AC61C046C0468C
:10067000C046C046C046C046C046C046C046C0464A
:100680006C61C046C046C046C046AC61C046C0466C
:10069000C046C046C046C046C046C046C046C0462A
:1006A0006C61C046C046C046C046AC61C046C0464C
:1006B000C046C046C046C046C046C046C046C0460A
:1006C0006C61C046C046C046C046AC61C046C0462C
:1006D000C046C046C046C046C046C046C046C046EA
:1006E0006C61C046C046C046C046AC61C046C0460C
:1006F000C046C046C046C046C046C046C046C046CA
:100700006C61C046C046C046C046AC61C046C046EB
:10071000C046C046C046C046C046C046C046C046A9
:100720006C61C046C046C046C046AC61C046C046CB
:10073000C046C046C046C046C046C046C046C04689
:1007400082F3108800213C2004F00CFDC82004F046
:100750007FFDEFF3108372B66C61C046C046C046A1
:10076000C046AC61C046C046C046C046C046C04652
:10077000C046C046C046C0466C61C046C046C04682
:10078000C046AC61C046C046C046C046C046C04632
:10079000C046C046C046C0466C61C046C046C04662
:1007A000C046AC61C046C046C046C046C046C04612
:1007B000C046C046C046C0466C61C046C046C04642
:1007C000C046AC61C046C046C046C046C046C046F2
:1007D000C046C046C046C0466C61C046C046C04622
:1007E000C046AC61C046C046C046C046C046C046D2
:1007F000C046C046C046C0466C61C046C046C04602
:10080000C046AC61C046C046C046C046C046C046B1
:10081000C046C046C046C0466C61C046C046C046E1
:10082000C046AC61C046C046C046C046C046C04691
:10083000C046C046C046C0466C61C046C046C046C1
:10084000C046AC61C046C046C046C046C046C04671
:10085000C046C046C046C0466C61C046C046C046A1
:10086000C046AC61C046C046C046C046C046C04651
:10087000C046C046C046C0466C61C046C046C04681
:10088000C046AC61C046C046C046C046C046C04631
:10089000C046C046C046C0466C61C046C046C04661
:1008A000C046AC61C046C046C046C046C046C04611
:1008B000C046C046C046C0466C61C046C046C04641
:1008C000C046AC61C046C046C046C046C046C046F1
:1008D000C046C046C046C0466C61C046C046C04621
:1008E000C046AC61C046C046C046C046C046C046D1
:1008F000C046C046C046C0466C61C046C046C04601
:10090000C046AC61C046C046C046C046C046C046B0
:10091000C046C046C046C0466C61C046C046C046E0
:10092000C046AC61C046C046C046C046C046C04690
:10093000C046C046C046C0466C61C046C046C046C0
:10094000C046AC61C046C046C046C046C046C04670
:10095000C046C046C046C0466C61C046C046C046A0
:10096000C046AC61C046C046C046C046C046C04650
:10097000C046C046C046C0466C61C046C046C04680
:10098000C046AC61C046C046C046C046C046C04630
:10099000C046C046C046C0466C61C046C046C04660
:1009A000C046AC61C046C046C046C046C046C04610
:1009B000C046C046C046C0466C61C046C046C04640
:1009C000C046AC61C046C046C046C046C046C046F0
:1009D000C046C046C046C0466C61C046C046C04620
:1009E000C046AC61C046C046C046C046C046C046D0
:1009F000C046C046C046C0466C61C046C046C04600
:100A0000C046AC61C046C046C046C046C046C046AF
:100A1000C046C046C046C0466C61C046C046C046DF
:100A2000C046AC61C046C046C046C046C046C0468F
:100A3000C046C046C046C0466C61C046C046C046BF
:100A4000C046AC61C046C046C046C046C046C0466F
:100A5000C046C046C046C04683F310883C200021F3
:100A600004F080FB013EC82004F0F2FB002E01D010
:100A7000FFF728FD70BD2200210020001E326031EA
:100A8000FF32FF31153002F097FE002801D000F050
:100A90008FFA02F079FE6E4B010014221800D02567
:100AA000802407F053FD03262D066402EFF3108225
:100AB00072B60723062B1AD16C61C046C046C046E9
:100AC000C046C046C046C046C046C046C046C046F6
:100AD000C046C046C046C046C046C046C046C046E6
:100AE000C046AC61C046C046C046C046013B6C61D2
:100AF000C046C046C046C046AC61C046C046C046BF
:100B0000C046C046C046C046C046C046C046013B7F
:100B1000D0D26C61C046C046C046C046AC61C0463B
:100B2000C046C046C046C046C046C046C046C04695
:100B3000C0466C61C046C046C046C046AC61C046B7
:100B4000C046C046C046C046C046C046C046C04675
:100B5000C0466C61C046C046C046C046AC61C04697
:100B6000C046C046C046C046C046C046C046C04655
:100B7000C0466C61C046C046C046C046AC61C04677
:100B8000C046C046C046C046C046C046C046C04635
:100B9000C0466C61C046C046C046C046AC61C04657
:100BA000C046C046C046C046C046C046C046C04615
:100BB000C0466C61C046C046C046C046AC61C04637
:100BC000C046C046C046C046C046C046C046C046F5
:100BD000C0466C61C046C046C046C046AC61C04617
:100BE000C046C046C046C046C046C046C046C046D5
:100BF000C0466C61C046C046C046C046AC61C046F7
:100C0000C046C046C046C046C046C046C046C046B4
:100C1000C0460723052B1DD16C61C046C046C046A7
:100C2000C046C046C046C046C046C046C046C04694
:100C3000C046C046C046C046C046C046C046C04684
:100C4000C046AC61C046C046C046C046013B01E05C
:100C500098B000106C61C046C046C046C046AC614A
:100C6000C046C046C046C046C046C046C046C04654
:100C7000C046C046013BCDD282F3108800213C2003
:100C800004F070FAC82004F0E3FAEFF3108372B6B0
:100C90006C61C046C046C046C046AC61C046C04656
:100CA000C046C046C046C046C046C046C046C04614
:100CB0006C61C046C046C046C046AC61C046C04636
:100CC000C046C046C046C046C046C046C046C046F4
:100CD0006C61C046C046C046C046AC61C046C04616
:100CE000C046C046C046C046C046C046C046C046D4
:100CF0006C61C046C046C046C046AC61C046C046F6
:100D0000C046C046C046C046C046C046C046C046B3
:100D10006C61C046C046C046C046AC61C046C046D5
:100D2000C046C046C046C046C046C046C046C04693
:100D30006C61C046C046C046C046AC61C046C046B5
:100D4000C046C046C046C046C046C046C046C04673
:100D50006C61C046C046C046C046AC61C046C04695
:100D6000C046C046C046C046C046C046C046C04653
:100D70006C61C046C046C046C046AC61C046C04675
:100D8000C046C046C046C046C046C046C046C04633
:100D90006C61C046C046C046C046AC61C046C04655
:100DA000C046C046C046C046C046C046C046C04613
:100DB0006C61C046C046C046C046AC61C046C04635
:100DC000C046C046C046C046C046C046C046C046F3
:100DD0006C61C046C046C046C046AC61C046C04615
:100DE000C046C046C046C046C046C046C046C046D3
:100DF0006C61C046C046C046C046AC61C046C046F5
:100E0000C046C046C046C046C046C046C046C046B2
:100E10006C61C046C046C046C046AC61C046C046D4
:100E2000C046C046C046C046C046C046C046C04692
:100E30006C61C046C046C046C046AC61C046C046B4
:100E4000C046C046C046C046C046C046C046C04672
:100E50006C61C046C046C046C046AC61C046C04694
:100E6000C046C046C046C046C046C046C046C04652
:100E70006C61C046C046C046C046AC61C046C04674
:100E8000C046C046C046C046C046C046C046C04632
:100E90006C61C046C046C046C046AC61C046C04654
:100EA000C046C046C046C046C046C046C046C04612
:100EB0006C61C046C046C046C046AC61C046C04634
:100EC000C046C046C046C046C046C046C046C046F2
:100ED0006C61C046C046C046C046AC61C046C04614
:100EE000C046C046C046C046C046C046C046C046D2
:100EF0006C61C046C046C046C046AC61C046C046F4
:100F0000C046C046C046C046C046C046C046C046B1
:100F10006C61C046C046C046C046AC61C046C046D3
:100F2000C046C046C046C046C046C046C046C04691
:100F30006C61C046C046C046C046AC61C046C046B3
:100F4000C046C046C046C046C046C046C046C04671
:100F50006C61C046C046C046C046AC61C046C04693
:100F6000C046C046C046C046C046C046C046C04651
:100F70006C61C046C046C046C046AC61C046C04673
:100F8000C046C046C046C046C046C046C046C04631
:100F900083F310883C20002104F0E4F8013EC820CF
:100FA00004F056F9002E01D0FFF780FDFFF762FD37
:100FB00002F0AEFE554B0100180007F0C7FAEFF340
:100FC000108072B6D02380221B0652025A61C0469E
:100FD000C046C046C0469A61C046C046C046C046EC
:100FE000C046C046C046C046C046C0465A61C0461C
:100FF000C046C046C0469A61C046C046C046C046CC
:10100000C046C046C046C046C046C0465A61C046FB
:10101000C046C046C0469A61C046C046C046C046AB
:10102000C046C046C046C046C046C0465A61C046DB
:10103000C046C046C0469A61C046C046C046C0468B
:10104000C046C046C046C046C046C0465A61C046BB
:10105000C046C046C0469A61C046C046C046C0466B
:10106000C046C046C046C046C046C0465A61C0469B
:10107000C046C046C0469A61C046C046C046C0464B
:10108000C046C046C046C046C046C0465A61C0467B
:10109000C046C046C0469A61C046C046C046C0462B
:1010A000C046C046C046C046C046C0465A61C0465B
:1010B000C046C046C0469A61C046C046C046C0460B
:1010C000C046C046C046C046C046C04607210629A5
:1010D0001ED15A61C046C046C046C046C046C04642
:1010E000C046C046C046C046C046C046C046C046D0
:1010F000C046C046C046C046C046C0469A61C046CB
:10110000C046C046C046013902E0C046C8B0001023
:101110005A61C046C046C046C0469A61C046C046F5
:10112000C046C046C046C046C046C046C046C0468F
:101130000139CCD25A61C046C046C046C0469A6109
:10114000C046C046C046C046C046C046C046C0466F
:10115000C046C0465A61C046C046C046C0469A61B5
:10116000C046C046C046C046C046C046C046C0464F
:10117000C046C0465A61C046C046C046C0469A6195
:10118000C046C046C046C046C046C046C046C0462F
:10119000C046C0465A61C046C046C046C0469A6175
:1011A000C046C046C046C046C046C046C046C0460F
:1011B000C046C0465A61C046C046C046C0469A6155
:1011C000C046C046C046C046C046C046C046C046EF
:1011D000C046C0465A61C046C046C046C0469A6135
:1011E000C046C046C046C046C046C046C046C046CF
:1011F000C046C0465A61C046C046C046C0469A6115
:10120000C046C046C046C046C046C046C046C046AE
:10121000C046C0465A61C046C046C046C0469A61F4
:10122000C046C046C046C046C046C046C046C0468E
:10123000C046C04680F310883C20002103F092FF96
:10124000FA20400004F004F8FFF714FC10B507285A
:1012500009D80B4B80001B589F46202220210020DC
:10126000FFF75EF810BD202200210020FFF758F89C
:10127000F8E7002240210020FFF752F8F2E7C046CD
:101280001CC70010EFF3108072B6D0218022072314
:1012900009065202052B1AD14A61C046C046C04613
:1012A000C046C046C046C046C046C046C046C0460E
:1012B000C046C046C046C046C046C046C046C046FE
:1012C000C0468A61C046C046C046C046013B4A612E
:1012D000C046C046C046C0468A61C046C046C046F9
:1012E000C046C046C046C046C046C046C046013B98
:1012F000D0D2D023802207211B06520206291AD100
:101300005A61C046C046C046C046C046C046C046F8
:10131000C046C046C046C046C046C046C046C0469D
:10132000C046C046C046C046C0469A61C046C04698
:10133000C046C04601395A61C046C046C046C04694
:101340009A61C046C046C046C046C046C046C04678
:10135000C046C046C0460139D0D25A61C046C046D8
:10136000C046C0469A61C046C046C046C046C04658
:10137000C046C046C046C046C0465A61C046C04688
:10138000C046C0469A61C046C046C046C046C04638
:10139000C046C046C046C046C0465A61C046C04668
:1013A000C046C0469A61C046C046C046C046C04618
:1013B000C046C046C046C046C0465A61C046C04648
:1013C000C046C0469A61C046C046C046C046C046F8
:1013D000C046C046C046C046C0465A61C046C04628
:1013E000C046C0469A61C046C046C046C046C046D8
:1013F000C046C046C046C046C0465A61C046C04608
:10140000C046C0469A61C046C046C046C046C046B7
:10141000C046C046C046C046C0465A61C046C046E7
:10142000C046C0469A61C046C046C046C046C04697
:10143000C046C046C046C046C0465A61C046C046C7
:10144000C046C0469A61C046C046C046C046C04677
:10145000C046C046C046C046C04680F310883C2007
:10146000002103F07FFEFDE6EFF3108072B6D0237B
:1014700080221B0652025A61C046C046C046C04682
:101480009A61C046C046C046C046C046C046C04637
:10149000C046C046C0465A61C046C046C046C04667
:1014A0009A61C046C046C046C046C046C046C04617
:1014B000C046C046C0465A61C046C046C046C04647
:1014C0009A61C046C046C046C046C046C046C046F7
:1014D000C046C046C0465A61C046C046C046C04627
:1014E0009A61C046C046C046C046C046C046C046D7
:1014F000C046C046C0465A61C046C046C046C04607
:101500009A61C046C046C046C046C046C046C046B6
:10151000C046C046C0465A61C046C046C046C046E6
:101520009A61C046C046C046C046C046C046C04696
:10153000C046C046C0465A61C046C046C046C046C6
:101540009A61C046C046C046C046C046C046C04676
:10155000C046C046C0465A61C046C046C046C046A6
:101560009A61C046C046C046C046C046C046C04656
:10157000C046C046C046072106291AD15A61C04656
:10158000C046C046C046C046C046C046C046C0462B
:10159000C046C046C046C046C046C046C046C0461B
:1015A000C046C046C0469A61C046C046C046C04616
:1015B00001395A61C046C046C046C0469A61C0461D
:1015C000C046C046C046C046C046C046C046C046EB
:1015D000C0460139D0D2D021802207230906520209
:1015E000062B1AD14A61C046C046C046C046C04616
:1015F000C046C046C046C046C046C046C046C046BB
:10160000C046C046C046C046C046C046C0468A61C5
:10161000C046C046C046C046013B4A61C046C046BF
:10162000C046C0468A61C046C046C046C046C046A5
:10163000C046C046C046C046C046013BD0D20CE7BB
:10164000202240210020FEF76BFE0BE6EFF3108016
:1016500072B6D02380221B0652025A61C046C04691
:10166000C046C0469A61C046C046C046C046C04655
:10167000C046C046C046C046C0465A61C046C04685
:10168000C046C0469A61C046C046C046C046C04635
:10169000C046C046C046C046C0465A61C046C04665
:1016A000C046C0469A61C046C046C046C046C04615
:1016B000C046C046C046C046C0465A61C046C04645
:1016C000C046C0469A61C046C046C046C046C046F5
:1016D000C046C046C046C046C0465A61C046C04625
:1016E000C046C0469A61C046C046C046C046C046D5
:1016F000C046C046C046C046C0465A61C046C04605
:10170000C046C0469A61C046C046C046C046C046B4
:10171000C046C046C046C046C0465A61C046C046E4
:10172000C046C0469A61C046C046C046C046C04694
:10173000C046C046C046C046C0465A61C046C046C4
:10174000C046C0469A61C046C046C046C046C04674
:10175000C046C046C046C046C046072106291AD129
:101760005A61C046C046C046C046C046C046C04694
:10177000C046C046C046C046C046C046C046C04639
:10178000C046C046C046C046C0469A61C046C04634
:10179000C046C04601395A61C046C046C046C04630
:1017A0009A61C046C046C046C046C046C046C04614
:1017B000C046C046C0460139D0D2FFF7CEFDC04674
:1017C000F8B5104C0100200001F088FC0500200055
:1017D00001F07CFE0C4E04003078A0420FD001F0E6
:1017E00045FC0700200001F041FC084B02003900D5
:1017F000180006F0ABFE20003470FFF727FD28002C
:10180000F8BDC0460C3800203A3C0020ECB0001077
:10181000F0B5DE4657464E464546E0B59FB006F069
:10182000C3FD08F073FE0021002008F057FA1020D5
:1018300002F02AFFD02380221B0652025A620021A6
:1018400020220020FEF76CFDFA20800003F000FD4E
:10185000714806F0F7FD714806F0F4FD704806F097
:10186000F1FD704806F0EEFD6F4806F0EBFD01F06B
:10187000BBFE002801D100F0C5FD02F049FA6B4B18
:101880000100180006F062FE694B6A4C9B46180086
:101890002100694A01F0F6FB00225846674901F031
:1018A0001DFE2100644A664806F050FE654806F0B9
:1018B000C9FD654B65491800009300F013FE002830
:1018C00000D061E1624806F0BDFDEFF3108072B612
:1018D000D02380221B0652025A61C046C046C04631
:1018E000C0469A61C046C046C046C046C046C046D3
:1018F000C046C046C046C0465A61C046C046C04603
:10190000C0469A61C046C046C046C046C046C046B2
:10191000C046C046C046C0465A61C046C046C046E2
:10192000C0469A61C046C046C046C046C046C04692
:10193000C046C046C046C0465A61C046C046C046C2
:10194000C0469A61C046C046C046C046C046C04672
:10195000C046C046C046C0465A61C046C046C046A2
:10196000C0469A61C046C046C046C046C046C04652
:10197000C046C046C046C0465A61C046C046C04682
:10198000C0469A61C046C046C046C046C046C04632
:10199000C046C046C046C0465A61C046C046C04662
:1019A000C0469A61C046C046C046C046C046C04612
:1019B000C046C046C046C0465A61C046C046C04642
:1019C000C0469A61C046C046C046C046C046C046F2
:1019D000C046C046C046C046072106293AD15A61D2
:1019E000C046C046C046C046C046C046C046C046C7
:1019F000C046C046C046C046C046C046C046C046B7
:101A0000C046C046C046C0469A61C046C046C046B1
:101A1000C04601391EE0C0461CBC00102CB10010AD
:101A200054B100106CB1001088B10010B0B10010BA
:101A30000C38002000B2001039300000890400107A
:101A400008B2001020B2001098230020000020509F
:101A50003CB200105A61C046C046C046C0469A61BA
:101A6000C046C046C046C046C046C046C046C04646
:101A7000C046C046013900D3AFE75A61C046C046F0
:101A8000C046C0469A61C046C046C046C046C04631
:101A9000C046C046C046C046C0465A61C046C04661
:101AA000C046C0469A61C046C046C046C046C04611
:101AB000C046C046C046C046C0465A61C046C04641
:101AC000C046C0469A61C046C046C046C046C046F1
:101AD000C046C046C046C046C0465A61C046C04621
:101AE000C046C0469A61C046C046C046C046C046D1
:101AF000C046C046C046C046C0465A61C046C04601
:101B0000C046C0469A61C046C046C046C046C046B0
:101B1000C046C046C046C046C0465A61C046C046E0
:101B2000C046C0469A61C046C046C046C046C04690
:101B3000C046C046C046C046C0465A61C046C046C0
:101B4000C046C0469A61C046C046C046C046C04670
:101B5000C046C046C046C046C0465A61C046C046A0
:101B6000C046C0469A61C046C046C046C046C04650
:101B7000C046C046C046C046C04680F310883C20E0
:101B8000002103F0EFFAFEE7009C00222B49200021
:101B900000F0A2FD200000F057FD294806F052FC9D
:101BA000284806F04FFC284806F04CFC274806F071
:101BB00049FC274806F046FC264806F043FC264828
:101BC00006F040FC254806F03DFC254806F03AFCAE
:101BD000244806F037FCD02301201B0659685A68B8
:101BE0005B6892075B07DB0F0140D20F1E4806F0CF
:101BF000ADFC0023984644461D001C4B1C4F069329
:101C00001C4B02931C4B05931C4B0193012000219C
:101C1000404207F01BF8002007F0E0FD002805D047
:101C2000002007F0F5FD002800D06DE1009800F0DD
:101C300059FD061E00D04EE122E0C046C11700103B
:101C400064B2001080B20010B4B20010C0B2001034
:101C5000E4B2001008B3001024B3001040B3001029
:101C600060B3001084B3001098B300103CC700109C
:101C7000C02F0020E02F0020393C0020C0B300100E
:101C800003F0FCFB002900D11FE1FA22002392009F
:101C900003F042FF0600731B642B00D8F5E0002C14
:101CA00000D124E1EFF3108072B6D0218022072307
:101CB00009065202062B1AD14A61C046C046C046E8
:101CC000C046C046C046C046C046C046C046C046E4
:101CD000C046C046C046C046C046C046C046C046D4
:101CE000C0468A61C046C046C046C046013B4A6104
:101CF000C046C046C046C0468A61C046C046C046CF
:101D0000C046C046C046C046C046C046C046013B6D
:101D1000D0D2D023802207211B06520206291AD1D5
:101D20005A61C046C046C046C046C046C046C046CE
:101D3000C046C046C046C046C046C046C046C04673
:101D4000C046C046C046C046C0469A61C046C0466E
:101D5000C046C04601395A61C046C046C046C0466A
:101D60009A61C046C046C046C046C046C046C0464E
:101D7000C046C046C0460139D0D25A61C046C046AE
:101D8000C046C0469A61C046C046C046C046C0462E
:101D9000C046C046C046C046C0465A61C046C0465E
:101DA000C046C0469A61C046C046C046C046C0460E
:101DB000C046C046C046C046C0465A61C046C0463E
:101DC000C046C0469A61C046C046C046C046C046EE
:101DD000C046C046C046C046C0465A61C046C0461E
:101DE000C046C0469A61C046C046C046C046C046CE
:101DF000C046C046C046C046C0465A61C046C046FE
:101E0000C046C0469A61C046C046C046C046C046AD
:101E1000C046C046C046C046C0465A61C046C046DD
:101E2000C046C0469A61C046C046C046C046C0468D
:101E3000C046C046C046C046C0465A61C046C046BD
:101E4000C046C0469A61C046C046C046C046C0466D
:101E5000C046C046C046C046C0465A61C046C0469D
:101E6000C046C0469A61C046C046C046C046C0464D
:101E7000C046C046C046C046C04680F310883C20DD
:101E8000002103F06FF935000024584601F020FBD3
:101E9000002800D1BAE6D74AD7491368F31A8B4213
:101EA00000D8B3E65846166001F010FB01F0DEF8EA
:101EB0005A46D24B0100D35883225846D04ED20006
:101EC0008258300006F042FBA0E6FA21890003F0B8
:101ED000E5FD0600DFE603F0D1FA00290DD0FA2275
:101EE0000023920003F018FE34000500C8E65846AF
:101EF00001F0ECFAFFF7AAF9C5E7FA21890003F02F
:101F0000CDFD34000500BBE6402200200EA90EAE38
:101F100007F08CFCB2468244002800D186E6039587
:101F20000494554613E07B294FD101233B60B54B08
:101F3000B5481B780170002B00D12EE20122B34B73
:101F400098461B68002B21D00136B54230D03C6842
:101F50003178002CE7D0AE4B9C422CD8AB4BAA4832
:101F6000621C98463A601B680155222900D11DE287
:101F7000A44C2478002CE5D17B2900D110E27D29E6
:101F8000E0D14146013B0B60002BDDD18354802220
:101F90000299120101F016FF002800D019E2002377
:101FA00042461360059A01363B601370B542CED1AC
:101FB000039D049C3AE6019806F044FA0023934AF4
:101FC0003B6013608F4A1370BEE70B000A3BDBB225
:101FD0006E2B00D920E2069A9B00D3589F463039D9
:101FE000CCB201F0D1FB844200D3FEE1200001F02D
:101FF0007BFE80460028A7D02100864806F0A6FA7E
:1020000041460BA80A222C3100F000FC40460BA9E7
:1020100000F05EFF98E7804806F014FA7F4806F06B
:1020200011FA7F4806F00EFA7E4806F00BFA7E4859
:1020300006F008FA7D4806F005FA7D4806F002FA37
:102040007C4806F0FFF97C4806F0FCF97B4806F076
:10205000F9F97B4806F0F6F97A4806F0F3F97A4880
:1020600006F0F0F9794806F0EDF96DE7784806F0EA
:102070006DFA04E001200021404206F0E7FD002057
:1020800007F0C6FB0028F5D00BAC21000122002090
:1020900007F0CCFB21786F4806F058FA2478303CE2
:1020A000E4B2092C00D9A9E101F06EFB844200D30F
:1020B000BFE1200001F006FC002800D0C4E12100AF
:1020C000654806F043FA3FE7644806F0BBF9644808
:1020D00006F0B8F901235B429A46D0231B069846C6
:1020E000604B089507933B000996574699461EE0BA
:1020F00001200021404206F0A9FD434601265B680D
:102100001E4043465D686D07ED0FBE4201D1554547
:1021100007D021002B0032000798671C06F016FA42
:102120003C000A20002103F01DF8AA4637000020D9
:1021300007F06EFB0028DBD001220BA90020089DD0
:10214000099E07F073FB48484F4606F07BF9FBE613
:10215000464806F077F9584601F0B8F900F086FFD6
:10216000434B0100180006F0F1F9009B41491B7B2D
:10217000002B06D0012B00D164E13F49022B00D196
:102180006AE13E4806F0E2F9009B3D48D96906F055
:10219000DDF983235A46DB00D1583A4806F0D6F9D8
:1021A0005A46164BD024D158374806F0CFF90121B2
:1021B000240663683548194006F0C8F96168344858
:1021C0004907C90F06F0C2F901F0DEFA314B0100F0
:1021D0001422180006F0BAF9B6E62F4806F032F9D4
:1021E000584600F071FF009800F044FA00222B4B93
:1021F0001A70A9E6C42F0020102700001C0400005C
:1022000020BA0010393C0020C0270020BC27002045
:10221000FE070000CCB50010D8B70010F8B70010CA
:1022200004B8001024B8001048B8001060B80010BE
:102230007CB800109CB80010BCB80010D8B80010D2
:10224000F0B8001020B9001038B9001048B90010DB
:1022500004B6001028B600102CB6001074B9001097
:10226000A0B90010C8B90010DCB90010F8B3001014
:1022700018B4001008B1001000C300102CB40010F6
:102280003CB400105CB4001078B4001090B400109E
:10229000A4B40010BCB40010DCB300103A3C002021
:1022A000734806F0CFF8734C0BA821000A2200F007
:1022B000ADFA20004B38FF380BA900F009FE43E6C9
:1022C00001F05AFC40E6D0246B4806F0BBF801212F
:1022D000240663686948194006F038F9616868485F
:1022E0008907C90F06F032F9616866484907C90FC6
:1022F00006F02CF9644806F0A5F8644806F0A2F848
:10230000634806F09FF8634806F09CF81CE66248B4
:1023100006F098F8614B00249A46614B5246994664
:102320000F2398464B46B246A94616001D0001E011
:10233000402C0CD0315D280006F008F943460134EA
:102340002342F5D10A2006F033F8402CF2D10A20BE
:102350004D46564606F02CF8F6E5524806F072F85F
:10236000514806F06FF804E001200021404206F0D9
:102370006DFC002007F04CFA0028F5D00BAC0122D0
:102380002100002007F052FA202223789343592B92
:1023900023D0464806F056F8D6E5454B012298462C
:1023A000434641461B6801330B60CBE50419013CF1
:1023B00021785C2900D1C5E53E498A4609788946DD
:1023C00001218C464C4661464C4021005446217008
:1023D000B8E5029806F036F8E1E501F007FB0028C1
:1023E0001FD1354806F02EF8AEE501F0CDF9334B9C
:1023F00002002100180006F0A9F8A5E5304806F013
:1024000021F8A1E501F0C0F92E4B010014221800BB
:1024100006F09CF8FFF738FA0A002B4806F096F809
:1024200092E501F075FC294B0100180006F08EF8CA
:102430008AE501F0A9F9264B02002100180006F0F8
:1024400085F881E523499CE601F062FC224B0100FE
:10245000180006F07BF877E5204992E6204805F061
:10246000F1FF642002F0F4FE0021080003F0A0F95F
:10247000D4B400106B390020B4B60010D0B60010F0
:10248000FCB6001020B7001050B7001084B7001041
:10249000A8B70010C4B70010F8B400100E38002020
:1024A00000BD001020B5001058B50010B8B50010E0
:1024B000BC270020393C002088B50010E0B5001092
:1024C0007CB60010D4B10010E8B900109CB5001023
:1024D00058B6001018B100104CB6001024B100100E
:1024E00098B60010F0B5D6464F464646C0B5050032
:1024F0000C0086B0002800D182E0002900D17FE0E6
:102500000021200007F084FE061E76DB444B2000ED
:102510001900984607F098FE071E00D178E0414662
:10252000200007F0CFFE002398462B732B616B61D0
:102530002B76EB612B6280235B0202930300043352
:10254000C2011B031343374A2C6013408022D2057B
:1025500013430393344B6E600593344BA86004938C
:10256000334B81469A46A24453461D0D0635EDB2C3
:102570002900002002F05AF800220121002002F078
:102580006FF843460022310000932000013307F02A
:1025900015FF2900012002F049F8012301220093D0
:1025A0003100200007F00AFF2900022002F03EF867
:1025B00000220121022002F053F84346310000932B
:1025C00002222000013307F0F9FE0522194B3100E9
:1025D000E3181A60200002AB4A4607F049FF514653
:1025E00032004B1E9941144805F0B0FF022301222E
:1025F0000021124805F0AAFF03E0114805F022FF70
:102600000027380006B0E0BCBA46B146A846F0BD87
:102610000C4805F017FF3100200007F0E9FDEFE757
:10262000F8C80010FFFFFF80010411400000831074
:102630000000E0AF3820000090BA0010B8BA0010D7
:1026400044BA00106CBA001010B500280FD04168D1
:102650000268047E0B1D9B009C5001238B40146874
:102660002343136000230373014805F0EBFE10BD04
:10267000E4BA0010F8B5002829D0012216004168FC
:10268000134F8E40BC46802704683F062368B3433F
:1026900023604B005B18DB00E51865442F602F605A
:1026A000802504318A40AD0165192A601F258268A2
:1026B000E3182A40D8331A60226889003243226026
:1026C000002202760A510273024805F0BBFEF8BDF3
:1026D000D010000010BB0010002801D00161426141
:1026E0007047C04670B5041E4CD001224368016893
:1026F00008339A404868104230D19B005D58E36926
:102700000133E36102F0BAFE002915D0FA2200235A
:10271000920003F001FA237B2062002B14D023697E
:10272000002B19D06169E8B2984720760CCC0433AD
:102730009B009850012070BDFA21890003F0AEF98A
:10274000237B2062002BEAD101332373144805F068
:1027500079FE2369002BE5D1207EE6E702F08EFEAC
:10276000002911D0FA220023920003F0D5F9237B2F
:10277000002B07D0236A002B04D0C01AFA23DB00F9
:10278000984206D80020D6E7FA21890003F086F99E
:10279000EDE700230348237305F054FE0020CAE749
:1027A00040BB001020BB001070B500242F25002A6C
:1027B00012D120E01E00613E192E14D91E00303EB9
:1027C000092E1FD9203B5E4273415B422B405033A0
:1027D00003550134A2420CD00B5D002B09D01E0022
:1027E000413E192EE6D83F33DBB203550134A242F5
:1027F000F2D10A2C05D80B225021121B001903F02C
:10280000DBFF70BD3A3BDBB2E2E7C04670B5002AA1
:1028100022D000241F2510E01E006036F6B2192ECB
:1028200013D9F52B1BD87F3B5E1EB3415B422B4077
:10283000203303550134A2420DD00B5D502B11D033
:102840001E00803EF6B2192EE6D83F3BDBB20355A0
:102850000134A242F1D180180023037070BD3A33D5
:10286000DBB2E6E70019F7E7F8B5DE464E46454627
:1028700057469046A022E0B50500FF320F00002128
:1028800003F09AFF28000722FF210C3003F094FF89
:102890000B225021280003F08FFF1C23FF339946A1
:1028A0002C00A9444E465E34FF340B2250213000E8
:1028B00003F082FF30000B22502142300B3603F030
:1028C0007BFFB442F1D13B78002B00D147E21A00E4
:1028D000413A192A0ED9203A192A0BD93132092A3C
:1028E00000D819E2203B5A4253415A422F23134049
:1028F000503301E03F33DBB22B707B78002B00D1EB
:102900002FE21A00413A192A0ED9203A192A0BD976
:102910003132092A00D805E2203B5A4253415A423B
:102920002F231340503301E03F33DBB26B70BB7891
:10293000002B00D119E21A00413A192A6CD9203A29
:10294000192A69D93132092A00D8F1E1203B5A42CB
:1029500053415A422F2313405033AB70FB78002B66
:1029600000D108E21A00413A192A58D9203A192A06
:1029700055D93132092A00D8E0E1203B5A4253416F
:102980005A422F2313405033EB703B79002B00D178
:10299000F5E11A00413A192A44D9203A192A41D9B5
:1029A0003132092A00D8CFE1203B5A4253415A42E2
:1029B0002F23134050332B717B79002B00D1E2E1A0
:1029C0001A00413A192A30D9203A192A2DD9313220
:1029D000092A00D8BBE1203B5A4253415A422F23D7
:1029E000134050336B71BB79002B00D1CFE11A003B
:1029F000413A192A1CD91A00613A192A18D91A0021
:102A0000303A092A00D881E1203B5A4253415A42C8
:102A10002F23134050330DE03F33DBB29DE73F33AC
:102A2000DBB2B1E73F33DBB2C5E73F33DBB2D9E717
:102A30003F33DBB20720AB710B2350211A1A281841
:102A40009A4603F0B9FE0123EB7298332B73EB74B3
:102A5000FF222B0029006A73133394463431FA3A6B
:102A6000DA700A7011325A71133A9A712A32DA7195
:102A70005A72053A9A7793462A000026212123208C
:102A8000333219721E719E72DE725877DE771670BD
:102A9000424652BA91B2884661460A401A7342468B
:102AA000120A5A7387221A742A002E329E73DE731A
:102AB0000A3A9172D172167056709670D67016716D
:102AC00056719671D67116725672152294466A75B1
:102AD0000D322E759E54624651461A540F329E5442
:102AE0000132995401329E54013299545A469E54EF
:102AF0000132995401329E540231013299543B788B
:102B0000002B00D129E11A00413A192A00D8A8E087
:102B1000203A192A00D8A4E03132092A00D8F8E076
:102B2000203B5A4253415A422F23134050331C2218
:102B3000FF32AB547B78002B00D114E11A00413AEC
:102B4000192A00D890E0203A192A00D88CE03132B6
:102B5000092A00D8E3E0203B5A4253415A422F232E
:102B6000134050338E225200AB54BB78002B00D15F
:102B7000FDE01A00413A192A79D9203A192A76D962
:102B80003132092A00D8D0E0203B5A4253415A4200
:102B90002F23134050331E22FF32AB54FB78002BFF
:102BA00000D1E6E01A00413A192A63D9203A192ADD
:102BB00060D93132092A00D8BDE0203B5A42534146
:102BC0005A422F23134050338F225200AB543B798B
:102BD000002B00D1D1E01A00413A192A4DD9203AF0
:102BE000192A4AD93132092A00D8AAE0203B5A4290
:102BF00053415A422F23134050332022FF32AB540B
:102C00007B79002B00D1BCE01A00413A192A37D950
:102C1000203A192A34D93132092A00D89AE0203BC7
:102C20005A4253415A422F231340503390225200AC
:102C3000AB54BB79002B00D1A7E01A00413A192A06
:102C400021D91A00613A192A1DD91A00303A092AE5
:102C500059D9203B5A4253415A422F2313405033F3
:102C600013E03F33DBB262E73F33DBB27AE73F3357
:102C7000DBB290E73F33DBB2A6E73F33DBB2BCE722
:102C80003F33DBB2D2E73F33DBB222220720FF32F1
:102C9000AB540B225021121A484403F08DFD2F250E
:102CA00000203C4A12E019006139192915D9190090
:102CB0003039092924D9203B59424B415B422B40F2
:102CC00050332354013001320A280DD01378002BE1
:102CD0000AD0190041391929E5D83F33DBB2235412
:102CE000013001320A28F1D10B22121A502120188A
:102CF00003F062FDF0BCBB46B246A946A046F8BD53
:102D00003A3BDBB2DDE73A3BDBB2BEE73A3BDBB254
:102D100090E63A3BDBB20AE73A3BDBB2ECE53A3B02
:102D2000DBB21FE73A3BDBB200E63A3BDBB232E70D
:102D30003A3BDBB211E63A3BDBB245E73A3BDBB26A
:102D400022E63A3BDBB258E73A3BDBB233E63A3BAA
:102D5000DBB247E63A3BDBB268E7002099E70020A8
:102D60006AE6012068E6012093E7022064E602207B
:102D70008FE703208DE703205EE6042089E7042027
:102D80005AE6052085E7052056E6062081E706205D
:102D900052E6C04658BB0010F0B5C8234F46464621
:102DA000D6460022C0B5C25040339946403B9846B3
:102DB000133137330600002500240F009A4602E045
:102DC00001344C4514D0FC2C25D03B5DFE2BF7D1B3
:102DD00042466B1C2000B350FC2102F05FFE5346BC
:102DE000013171553B5543460134F5584C45EAD104
:102DF000C824FF23681C30517355C72806D8C72242
:102E00000021521B301803F0D7FC3451E0BCBA4605
:102E1000B146A846F0BD42466B1CB35052467255AF
:102E20003A5D1D00FE2AD3D00134CEE7B42809D87C
:102E3000822809D97D30C0B2312803D8154B8000D3
:102E40001B589F46144870471C281AD005D954288F
:102E500019D05528F6D11148F5E709280FD01528C3
:102E6000F0D10F48EFE70F48EDE70F48EBE70F48C9
:102E7000E9E70F48E7E70F48E5E70F48E3E70F48C2
:102E8000E1E70F48DFE70F48DDE70F48DBE70F48D2
:102E9000D9E7C0460CC90010E8BB0010D4BB001035
:102EA000DCBB00109CBB001084BB0010E0BB00101A
:102EB00090BB0010A8BB0010B4BB001070BB00108A
:102EC000C0BB0010CCBB001064BB001078BB00106E
:102ED00070B5040082B04C480D0005F0B3FA2278BA
:102EE000B42A0AD8822A68D913007D33DBB2312B89
:102EF00003D846499B00CB589F464549454805F0B5
:102F000025FB002D03D02900434805F01FFBE17885
:102F1000424805F01BFB23222223A25CE35CA1783C
:102F200012021A4363780902194352BA49BA92B29B
:102F300089B23B4805F00AFB2823E25C0133E35CDD
:102F40002A251B0213432622A15C0132A25C665D86
:102F500012020A4324210135605C655D0131615C28
:102F60002D023543090201436DBAADB25BBA52BAC4
:102F700049BA00959BB292B289B22A4805F0E6FAA6
:102F8000E57A627AA37A217A2748009505F0DEFA7D
:102F9000617B237B0902194349BA89B2234805F0B2
:102FA000D5FA217FE37E09021943214805F0CEFAC4
:102FB000204805F047FA02B070BD1C2A1BD005D985
:102FC000542A1AD0552A98D11B4997E7092A10D0BC
:102FD000152A00D091E7194990E719498EE7194958
:102FE0008CE719498AE7194988E7194986E7194999
:102FF00084E7194982E7194980E719497EE71949A9
:103000007CE719497AE7C046F0BB0010D4C900102C
:10301000E8BB001008BC001020BC001030BC001041
:103020003CBC00104CBC001070BC00108CBC0010EC
:1030300098BC0010A4BC0010D4BB0010DCBB001076
:103040009CBB001084BB0010E0BB001090BB0010C4
:10305000A8BB0010B4BB001070BB0010C0BB0010B8
:10306000CCBB001064BB001078BB0010072803D84D
:10307000024B8000C05870470148FCE7C8CA0010E6
:10308000BCBC0010F8B50400160085220D00A71C7A
:103090000021D20003F090FB320029003800FFF736
:1030A000E3FB2000A5303900FF30FFF775FE32004A
:1030B0002900044805F04AFA200000211530FFF7E6
:1030C00007FFF8BDC4BC001082220023D200038099
:1030D0008350014A8352704714040000F0B5D6466D
:1030E0004F464646C0B5037804000D0084B0012B5E
:1030F00020D00AD9023B032B14D84378861C0A2B14
:103100004FD8CF4A9B00D3589F46CE4805F01EFAB1
:10311000012D24D0602D31D0002D29D02900CA489E
:1031200005F014FA2E00300004B0E0BCBA46B146F7
:10313000A846F0BDD42900D141E10AD9D52900D152
:1031400038E1D629EED100230370C04805F07AF9A2
:10315000E8E70129E6D1002302260370E3E7002116
:10316000BB4805F0F3F9BB4805F06CF90026DAE737
:103170000021B94805F0EAF90026D4E701236021CF
:103180002370B64805F0E2F9B54805F05BF9602612
:10319000C9E78222D200835801338350132B00D118
:1031A000FFE02E0011E09C21822289008C46A021A4
:1031B000D2008358FF31C31863441D708358F65CF6
:1031C000013383508B4200D117E18322D200A358F0
:1031D0000133A350A7E78222D2008358FD2901D1F1
:1031E00001338350062BDCD1013B82226370002324
:1031F000D200A3509B4A9C48A35405F023F92E000B
:10320000E3E78221994BC900C71843585A1C425022
:10321000082A00D8DAE0C3189D33FF331E78002D4A
:1032200005D0FF2D00D0DCE001218E4BC154C42A13
:10323000CBD10623637082230022DB00E2508C484E
:1032400005F000F98B4B01A8E1180A22FFF7DEFA1E
:10325000380001A9FFF73CFEB7E70029A1D10523FB
:103260000380854B2C2198464246C3580133835036
:10327000824B2C22C75C7D4B79439C4615239A4692
:10328000614482444118504603F09CFA9F22920008
:103290009446E31963441B78BD00ED19A3736D00D8
:1032A000744BED19E9186023FF339946A1440B22B2
:1032B0006118484603F086FA2000714B1E30E91869
:1032C0000B226118FF3003F07DFA2000A530310099
:1032D000FF30FFF761FD6B4805F0B4F843466A48DC
:1032E000E15805F033F90A22494601A8FFF78EFAA2
:1032F000504601A9FFF7ECFD8423DB00E358002BC7
:1033000001D02000984700265FE76F2945D06F263F
:103310005BE76F2900D181E060260E40602E00D16E
:1033200083E0002900D03CE7544BC35C002BEAD07B
:1033300008230026437048E7612968D0622900D03D
:103340002FE709234370514805F07CF862263CE7DB
:10335000822200234349D2008350435401334370F7
:10336000FD2D00D01DE7FD2683502EE7FD2900D05E
:1033700017E78222D2008358591C092B00D197E00D
:10338000FD26815021E700223C4BC254002900D089
:1033900007E707230026437017E702236F26038001
:1033A00013E7103B437000238350394805F04AF877
:1033B0002E000AE7374805F045F8D526B3E6022384
:1033C0000380354805F03EF80026ACE6002D00D11C
:1033D000E7E6FF2D04D10122224BFF26C254F4E67A
:1033E0002E00204B7D19E35C002B0ED1013DFE2306
:1033F0002B708223DB00E25819E70423437000237B
:103400008350264805F01EF8DFE6FB35EFE7244B36
:1034100061260380234805F015F8D6E602230380D1
:10342000214805F00FF86F26CFE60F21134B2940F6
:10343000C154042303701D4805F088F8C5E6C04652
:103440009CCA0010F4BC0010B8BD00102CBE0010C7
:1034500008BD001038BD00109CBD001068BD0010F4
:1034600088BD001014040000DCBE001083020000C0
:10347000FCBE0010CD0300001C0400001504000079
:103480008B030000BCBF001078B40010A4BF001074
:1034900078BE001000BE0010CCBD0010B4BE0010FD
:1034A000030600008CBF001034BF001054BF001092
:1034B00000238350034BFD260380034804F0C2FF22
:1034C00083E6C0460302000044BE00100078704747
:1034D0000078431E9841C0B27047C0468423DB0089
:1034E000C150014BC250704724040000A52370B5A1
:1034F000344CDB00E5180123012033495B4222787C
:1035000001345A40030013405B4252080B405340C1
:1035100002001A4052425B080A405A40030013401E
:103520005B4252080B40534002001A4052425B0873
:103530000A405A40030013405B4252080B4053407C
:1035400002001A4052425B080A405A4003001340EE
:103550005B4252080B40534002001A4052420A405C
:103560005B085340A542CAD1DB43184C1848E168B8
:10357000A3600131E16004F0E9FFEFF3108572B65A
:1035800080211448490107F007FDC022210011489D
:10359000D20007F0E9FC85F31088A72220000E492D
:1035A000D20007F061FB002807D10C4B1870A179FD
:1035B0000B4804F0CBFF002070BD0A4804F042FF26
:1035C0000420F9E7D81500202083B8EDC8150020A5
:1035D00018C0001000F01F0000F01F103B3C00203E
:1035E0006CC0001044C0001070B55C4C5C482100F9
:1035F00004F0ACFF5B4B22689A4202D1A388012BF6
:1036000059D0594804F01EFFA722584C0021200031
:10361000D20003F0D1F8534B250023600123A3808F
:10362000A723DB00E61801230120514910355B4236
:103630002A7801355A40030013405B4252080B4080
:10364000534002001A4052425B080A405A400300AD
:1036500013405B4252080B40534002001A40524252
:103660005B080A405A40030013405B4252080B407B
:10367000534002001A4052425B080A405A4003007D
:1036800013405B4252080B40534002001A40524222
:103690000A405B085340AE42CAD1DB43A360FFF748
:1036A00025FF002857D10122324B00201A7000223A
:1036B000314B1A7070BDA379142BA2D801230120BD
:1036C0002E4C2B492E4D5B42227801345A40030088
:1036D00013405B4252080B40534002001A405242D2
:1036E0005B080A405A40030013405B4252080B40FB
:1036F000534002001A4052425B080A405A400300FD
:1037000013405B4252080B40534002001A405242A1
:103710005B080A405A40030013405B4252080B40CA
:10372000534002001A4052420A405B085340AC42E8
:10373000CAD1DB4309498A68934200D061E7A722D6
:103740000A4CD200200003F03DF8E268A1790D4850
:1037500004F0FCFEA7E70420ACE7C04600F01F1011
:103760009CC00010424D4B5004C10010C8150020F1
:103770002083B8ED3C3C00203B3C002010F01F10A3
:1037800038F51F10CCC00010044B1B78002B02D062
:10379000034B987970470020FCE7C0463C3C002072
:1037A000C81500201320034B9B799842804140426A
:1037B0007047C046C8150020F0B5C64600B5904613
:1037C0001F4A030012780E0084B0002A35D01D4D28
:1037D000AF79132F2CD87C01E4196400200010303D
:1037E00019002C22401902F0EDFF20003C300B2282
:1037F00031004019473402F0E5FF0B2241466019C1
:1038000002F0E0FF0122AB7931000133AB710E4BC6
:1038100001A81A700932FEF7F9FF3A0001A90B4816
:1038200004F094FEFFF762FE04B080BCB846F0BD21
:10383000074804F007FE0120F6E70620F4E7C0463B
:103840003C3C0020C81500203B3C002060C100101B
:1038500044C10010F8B51D00184B04001B78080087
:103860001600002B25D0164FBB79A34223D900297F
:1038700007D061010919490010312C22791802F092
:10388000A1FF002E08D06101091949003C310B222B
:103890003000791802F096FF002D08D063011B1943
:1038A0005B0047330B222800F91802F08BFF002041
:1038B000F8BD0620FCE70320FAE7C0463C3C0020A8
:1038C000C81500201D4B70B51B780600002B31D0A9
:1038D0001B4CA37983422FD9013B984213DA020093
:1038E000451CEDB2510189184900080052311030D1
:1038F00042222018611802F065FFA3792A00013BDB
:1039000001359A42EEDB5801C018400010304222C7
:103910000021201802F050FF0121A279094B013A41
:10392000D2B2197008483100A27104F00FFEFFF7FF
:10393000DDFD70BD0620FCE70320FAE73C3C0020DB
:10394000C81500203B3C002080C10010F0B5CE46D9
:10395000474680B51E00214B04001B78914685B078
:10396000002B37D01E4B98469B79834234D94501B2
:103970002D186D00002905D0280010302C2240445D
:1039800002F020FF2F004B463C374744002B04D069
:103990000B224946380002F015FF002E06D04735AD
:1039A00028000B223100404402F00CFF01220D4B95
:1039B00039001A7001A80932FEF728FF210001AA78
:1039C000094804F0C3FDFFF791FD05B0C0BCB9463E
:1039D000B046F0BD0620F8E70320F6E73C3C0020A7
:1039E000C81500203B3C0020B4C10010F8B52C4B9A
:1039F0001B78002B52D02B4804F024FDA7222A4C20
:103A000000212000D200E56802F0D6FE274B2600F8
:103A100023600123A380A723DB00E71801230120F3
:103A2000234910365B42327801365A400300134076
:103A30005B4252080B40534002001A4052425B085E
:103A40000A405A40030013405B4252080B40534067
:103A500002001A4052425B080A405A4003001340D9
:103A60005B4252080B40534002001A4052425B082E
:103A70000A405A40030013405B4252080B40534037
:103A800002001A4052420A405B085340B742CAD172
:103A9000DB43E560A360FFF729FDF8BD0620FCE7E6
:103AA0003C3C0020D4C10010C8150020424D4B50B2
:103AB0002083B8ED70B5002805D02B4B1A78002371
:103AC000002A4DD10360002947D0274B1B78002BDB
:103AD00044D0A523254DDB00EE1801230124244802
:103AE0005B422A7801355A40230013405B4252085A
:103AF0000340534022001A4052425B0802405A40A1
:103B0000230013405B4252080340534022001A40F6
:103B100052425B0802405A40230013405B42520865
:103B20000340534022001A4052425B0802405A4070
:103B3000230013405B4252080340534022001A40C6
:103B4000524202405B085340AE42CAD1DB43094AAD
:103B50009268D31A5A4253410B7070BD0B70FCE748
:103B6000044BDB68AEE7C0463C3C0020D815002083
:103B70002083B8EDC8150020F0B5C64600B54D4B02
:103B800088B01B78002B00D190E04B4804F05AFC21
:103B90004A4D1422A9794A4804F0D8FCE9684948FA
:103BA00004F0D4FCA7232C00DB001034EF18012311
:103BB0002600012044495B42327801365A40030016
:103BC00013405B4252080B40534002001A405242DD
:103BD0005B080A405A40030013405B4252080B4006
:103BE000534002001A4052425B080A405A40030008
:103BF00013405B4252080B40534002001A405242AD
:103C00005B080A405A40030013405B4252080B40D5
:103C1000534002001A4052420A405B085340BE42E1
:103C2000CAD1DB43A968994210D0284A284804F039
:103C30008DFCAB79002B10D1264804F003FC0A2040
:103C400004F0B6FB08B080BCB846F0BD224A20485C
:103C500004F07CFCAB79002BEED0204804F0F2FBA2
:103C6000AB79002BEBD01E4B0026984605AF210008
:103C70000A222C3102A8FEF7C9FD21000A223731A1
:103C80003800FEF7C3FD2078FFF7D0F80197E278FF
:103C9000030031000092404602AA04F057FC0136AE
:103CA000AA79F3B242349A42E1D8C8E70D4804F049
:103CB000C9FBC7E73C3C002024C20010C815002007
:103CC00040C200105CC200102083B8EDFCC100109F
:103CD00070C2001088C20010F8C100109CC2001011
:103CE000B0C2001008C20010074B1B78002B09D08F
:103CF000064A9379834205D94301181840001030D1
:103D0000801870470020FCE73C3C0020C8150020CC
:103D1000062803D8024B8000C05870470148FCE7D2
:103D2000E8CA0010E8BB001070B5040092B0224B46
:103D3000224A0D0002A8402104F0B4F9200002A993
:103D400006F0C0FE061E15D002A806F0E9FB325CA4
:103D50003418002A0ED0012119481300093BDBB2A8
:103D6000172B0AD80200DA40114203D062780134DE
:103D7000002AF2D1002012B070BD3A2AFAD163783D
:103D8000661C002B0DD00E49393A093BDBB2172BCC
:103D900007D80800D840024203D073780136002BC0
:103DA000F3D10A22300001A907F03EF8019BB3428B
:103DB000E0D028600120DEE794B8001028C300108E
:103DC00013008000F0B54E464546DE465746E0B546
:103DD000140006000D000020CDB0002E03D00029F5
:103DE00001D03F2A06D84DB0F0BCBB46B246A9462A
:103DF000A046F0BD3CA98946C04A4021C04B484678
:103E0000179204F04FF94946300006F05BFE071E9A
:103E100015D0484606F084FB3A5C3918002A0ED0CB
:103E20000120B84F1300093BDBB2172B0ED83A0024
:103E3000DA40104203D04A780131002AF2D1210041
:103E40002800B14A04F02EF90120CCE73A2AF6D135
:103E50004A78481C002AF2D00121AA4F1300093BDE
:103E6000DBB2172B08D83A00DA401142E7D042788B
:103E70000130002AF2D1E2E7222AE0D129A94278D2
:103E8000471C04A888468446932100236144002AE5
:103E900008D128E21F2B00D12BE10133CA54FA5C70
:103EA000002A01D0222AF5D14344002241461A704B
:103EB000964804F04BFB964B299A9A4217D0954AA4
:103EC000299B934268D0944A934200D13EE1934AA1
:103ED000934200D1C8E1924A934200D1E5E04346C3
:103EE000210028008F4A04F0DDF801207BE74346DB
:103EF0001B79002BE3D19846FFF746FC2100179071
:103F00000600894A280004F0CDF80700002E3CD0B6
:103F100064235B429B46854BA2461893844BA34483
:103F200019934446A8462CE0E0B2FFF7DDFE061EDA
:103F300023D001000A2248462C31FEF767FC307876
:103F4000FEF774FF0500002C07D05346D91B4346EB
:103F5000199AD81904F0A6F83F185346D91B4346BE
:103F6000D819F378019503934B4602933378189A46
:103F70000093230004F096F83F18179B0134A342E6
:103F800001DD5F45D0DB454654466A4AE11BE8192E
:103F900004F088F8012026E7300025A9FFF7C4FEC9
:103FA00000287BD0259FF8B2FFF79EFE061E00D1A9
:103FB0009BE1010031AB18000A222C319846FEF734
:103FC00025FC31000A2237314846FEF71FFC3078C5
:103FD000FEF72CFF3379584A1593337FF17E1B028D
:103FE0000B431493737B317B1B020B435BBA9BB275
:103FF00013934B4612932023F35C1193F37F10939A
:10400000B37F0F93737F0E93F37A0D93B37A0C9370
:10401000737A0B93337A0A932A23F15C0133F35CAE
:104020001B020B435BBA9BB209932823F15C01335B
:10403000F35C1B020B435BBA9BB208932623F15C33
:104040000133F35C1B020B435BBA9BB2079324233F
:10405000F15C0133F35C1B020B435BBA9BB206932A
:104060002223F15C0133F35C1B020B435BBA9BB26E
:104070000593B37871781B020B435BBA9BB2049330
:10408000F378019003934346029333782100009321
:1040900028003B0004F006F80120A4E621002800D7
:1040A000264A03F0FFFF01209DE64246244B9288FA
:1040B0009A4200D013E743469B79002B00D00EE7CD
:1040C00031AE31004846FFF7F5FCFFF75DFB327873
:1040D00003003C99002A00D1E8E01A48019114211C
:1040E0000290009128002100174A03F0DBFF012015
:1040F00079E604AA944694336344D6E628C30010B4
:1041000040C300101300800044C3001064C30010BB
:104110006C697374676574007365740064656C65BD
:104120007374617484C5001084C3001098C30010B8
:1041300094C30010DCC300101CC40010E4C30010C2
:104140007573000030C3001040C5001030001AA97C
:10415000FFF7EAFD80460028A0D01A9B1CAAD8B21F
:1041600031AB9A461FAB51461890FFF773FB0028FE
:1041700000D091E0A74B300019001F0006F0A2FC10
:10418000002800D1ABE07B2106F0F8F98346002837
:1041900000D1A4E04021A04B179A484603F082FFCB
:1041A0005846494606F08EFC8346002817D04846FC
:1041B00006F0B6F95B461A5C1918002A0FD0974B27
:1041C00001209C461300093BDBB2172B70D86246D6
:1041D000DA40104203D04A780131002AF2D1390086
:1041E000300006F06FFC002879D07B2106F0C6F97C
:1041F000061E74D0002398464021894B179A4846E2
:1042000003F050FF3000494606F05CFC061E16D055
:10421000484606F085F9325C3118002A0FD001209B
:104220007E4E1300093BDBB2172B00D9D8E03200D9
:10423000DA40104203D04A780131002AF1D1002639
:104240001CAB9B464346002B4AD000235A46310004
:104250001898FFF77BFB00281ED121002800714A27
:1042600003F020FF0120BEE541466F4A8988914254
:1042700000D030E642469279002A00D02BE649462B
:104280003000FFF751FD002800D107E73C98C0B28D
:10429000FFF718FB0028E0D0FFF73AFD21000300EC
:1042A000624A280003F0FEFE01209CE5604815E705
:1042B0003A2A94D14A1C4978002990D0574B0120C2
:1042C0009C460B00093BDBB2172B15D86146D94041
:1042D000084284D0517801320029F2D17FE70026CC
:1042E00000239B46B1E74346DFE521002800514A01
:1042F00003F0D8FE012076E5222900D06FE753783D
:10430000002B00D12CE1222B00D129E122A90B7036
:104310009378002B00D121E1222B00D11EE14B70BC
:10432000D378002B00D117E1222B00D114E18B7040
:104330001379002B00D10DE1222B00D10AE1CB70C3
:104340005379002B00D103E1222B00D100E10B7146
:104350009379002B00D1F9E0222B00D1F6E04B71CC
:10436000D379002B00D1EFE0222B00D1ECE08B7150
:10437000137A002B00D1E5E0222B00D1E2E0CB71D3
:10438000537A002B00D1DBE0222B00D1D8E00B7256
:10439000937A002B00D1D1E0222B00D1CEE04B72DA
:1043A000D37A002B00D1C7E0222B00D1C4E08B725E
:1043B0000B230022CB181A701CA80A32FEF7F4F95E
:1043C0003000390006F07EFB1CAB061E9B4600D178
:1043D0003BE77B2106F0D2F8061E00D00CE734E75D
:1043E0003A2A00D02BE74A1C4978002900D126E759
:1043F00001200A4E0B00093BDBB2172B1CD8310001
:10440000D940084200D11AE7517801320029F1D190
:1044100015E7C04608C5001010C500101300800045
:104420001CC5001024C5001074650000ECC4001009
:1044300038C3001000C400105B2900D0FFE6501CF8
:1044400052780026002A00D1F9E6474F5D2A25D090
:10445000042E26D001211300093BDBB2172B4FD8C5
:104460003A00DA40114203D042780130002AF2D1FA
:104470000A221BA9814606F0D7FC03001B98484579
:104480000CD004AA9446711CB6002136FF3666444F
:1044900002789C3E33600E00002AD7D1002E00D156
:1044A000CDE65246259B1372002B43D0537F002B41
:1044B00001D123335377012E20D05146269A25ABC4
:1044C0004A72002A2BD08A7F002A01D123328A77B0
:1044D000022E13D051469A688A72002A1DD0CA7FD4
:1044E000002A01D12332CA77042E07D15246DB6855
:1044F000D372002B15D1202251468B5456469FE68D
:104500002C2A07D14278431C002AC7D05D2AC5D087
:104510001800A0E75D2AABD1C0E7CA77E4E78A7745
:10452000D6E72023D25C002AE8D1514623325646F2
:10453000CA5485E65377BEE70A233AE7092338E7EA
:10454000082336E7072334E7062332E7052330E75D
:1045500004232EE703232CE702232AE7012328E77D
:10456000002322A925E7C0461300800000487047B9
:1045700054CB00100048704708CB0010F0B5C64679
:1045800000B582B0002821D003282FD004282BD8D2
:10459000214B8000C558280005F0C2FFC0B2041CA2
:1045A0001F2800D91F24E4B2002808D000231B4A8A
:1045B000E95C01331180D9B202328C42F8D8C022B2
:1045C0000134E3B25B009200134307E0124B022276
:1045D0001968124802F0F6F8C1239B0010480380C6
:1045E00002B080BCB846F0BD0020F9E7684604F090
:1045F000D9F80C4B6E461D0098461C000A4F10352A
:10460000200032783900023403F036FD0136A5422D
:10461000F6D14546BFE7C04620100020F22000201A
:10462000F0200020E8370020A4C50010094A8300CC
:104630009A1810B514684022544080322240064C2B
:10464000C000A44663441A60044B9C466044416029
:1046500010BDC04604C0014004D0014000400140EC
:10466000074B8000C3181B68C90092000A435A40D8
:104670000C231340034A9446604403607047C046CD
:1046800004C0014004D001400123D022834012061F
:1046900093629361094A83009A181168402251403D
:1046A00080320A400649C0008C4663441A60054BBC
:1046B0009C460523604443607047C04604C00140E7
:1046C00004D00140004001408023DB051868000F42
:1046D0007047C0460FB400B5084883B003F0B2FE7F
:1046E000049B002B07D005A91800019103F000FDE1
:1046F000034803F0A7FE012003F012FDE8C50010F7
:104700001CBC0010EFF3108072B6034A1368002B34
:10471000FCD0BFF35F8F70472C0100D0BFF35F8FD9
:104720000022024B1A6080F3108870472C0100D0E1
:1047300070B5EFF3108C72B60D4D2B68002BFCD0CA
:10474000BFF35F8F0724CB08C618C05C01230C4061
:10475000A3401C000440034207D118433070BFF34C
:104760005F8F2C608CF3108870BD1000FFF7B2FFD4
:104770002C0100D0F8B54746CE46884680B5EFF309
:10478000108C72B61C4D2C68002CFCD0BFF35F8FD0
:104790009A4222D807210126894602E0013293423B
:1047A00018D34D4637001540AF40D4080119045DB9
:1047B0002742F3D110003C430C70BFF35F8F0022FF
:1047C0000D4B1A608CF3108800280EDBC0BCB94674
:1047D000B046F8BD01204042EFE7BFF35F8F0023F2
:1047E0002B608CF31088012040424346002BEDD013
:1047F0000898FFF76FFFC0462C0100D030B5EFF3EB
:10480000108C72B60A4C2368002BFCD0BFF35F8F6C
:10481000072301220B409A40CD08435D9343435543
:10482000BFF35F8F002323608CF3108830BDC04638
:104830002C0100D0044A1078431CDBB2172B00D99E
:10484000102313707047C046341000200021044B21
:10485000044ABFF35F8F02C39342FAD17047C04648
:10486000000100D0800100D0054B064A1360064AC3
:10487000136053609360D360136153619361704719
:104880008080808000E400E004E400E01F23184002
:104890001E3B8340002905D0C021044A49005350E3
:1048A00013607047802201498B50FAE700E100E075
:1048B00070B50D00EFF3108672B60F4A1368002B27
:1048C000FCD0BFF35F8F0D4B10309B6884001B59E9
:1048D0000B4A934203D09D4201D000F08DFF074B5D
:1048E0009B681D51BFF35F8FBFF35F8F0022024BA8
:1048F0001A6086F3108870BD240100D000ED00E03E
:10490000C1010010F0B557464E46DE464546E0B5BB
:1049100085B0060000911700EFF3108B72B66A4A5B
:104920001368002BFCD0BFF35F8F0025674B5D57EA
:104930009A46002D00DAA9E06B00654C01935B19E3
:104940009B009846A146C1444B4652469B7910367F
:104950001370604BB6009B6899590B1B2F2B33D9F2
:104960005D4B994200D0ACE0019B42469C465B4BBC
:104970006544AD0063535A4B0232A218043B9B1AA4
:104980001B05584A5B0D651913436B80564B01217B
:10499000AB80FF23AB71009BEF71AB604B460B43C9
:1049A00019004C4B9B689951BFF35F8FBFF35F8F2A
:1049B0000022454B1A608BF3108805B0F0BCBB4653
:1049C000B246A946A046F0BD01200A008243D37931
:1049D0008C46BB4231D84546130044491B1B5B4102
:1049E0005943090D3D4B63533D4B02356519043B5B
:1049F0005B1B1B053B4D5B0D2B43AA464D466B8055
:104A00000425AC465546E044131F44441B1B1B05BC
:104A10005B0D1D434B46997100999D8099604946F5
:104A2000DF71334B01431360BBE75800C0188000AF
:104A30002018C179B9422FD902000623D356002B82
:104A4000F3DA02932B4B61460393131D9A4604231A
:104A50005B429C46E14450464B461B1A1B055B0DCE
:104A60009C46204B9571984663464046034393808D
:104A7000019B5A199200039BA418A380029B1C4A15
:104A8000A371009B2260E771A3608AE700F0B4FE87
:104A9000002553465D574FE7908802934005131D4C
:104AA0009A46031561469C464046D444634604300A
:104AB0002018181AE0230005400D1B02184303902C
:104AC000C5E700F099FE4FE7240100D0383C0020F4
:104AD0003810002000ED00E0C101001000A1FFFF30
:104AE0006810002000E0FFFF01BDFFFFAAAA000040
:104AF0000148804701BD000070B501240443EFF375
:104B00000581EFF3108C72B6214A1368002BFCD09C
:104B1000BFF35F8F1F4B05001F4AED1A6D416A43BB
:104B2000120D1E4D8900AE6852B27658A6421CD0B6
:104B30000621595691421CD012215956914222D039
:104B40001E215956914220D02A21595603249142C0
:104B500010D0134B19781A708171BFF35F8F002248
:104B60000B4B1A608CF3108870BDAB680D4C5C5019
:104B7000EFE700246100091989005B18FF21997192
:104B800009499980E5E70124F4E70224F2E7C046E9
:104B9000240100D038100020AAAA000000ED00E097
:104BA000383C0020C101001001BDFFFF024B9C46B4
:104BB00061448900016070474000003470B5114CB9
:104BC000114DAC420FD2FF262368002B0CD0FFF70B
:104BD00031FE01002000FFF7E9FFA680BFF35F8FE1
:104BE0000834AC42F0D370BDFFF724FE0100200072
:104BF000FFF7DCFF2671BFF35F8F0834AC42E3D3CD
:104C0000F1E7C046381200204012002010B5040021
:104C1000FFF710FE01002000FFF7C8FFFF232371FC
:104C2000BFF35F8F10BDC0460A4B1968EFF31080C9
:104C300072B60A68002AFCD0BFF35F8F1B68BFF30F
:104C40005F8F00221A6080F3108840BF002000218F
:104C50007047C04600380020F0B5DE4657464E4645
:104C60004546E0B587B0EFF30583032201251A40DE
:104C7000954091008846A946B34B03925C58B34BCC
:104C80001D60B34B04934B46B24843630823E55E73
:104C9000002D37DAA3881BB2002B00DBADE0A3792F
:104CA000002B00D0EEE00823E05E002820DB43006C
:104CB00062691B18DB00D3189E68DD68731C00D185
:104CC00011E1A44801004144826A0B69B71A9B1A9A
:104CD0009F4215D30123026A039883401A420FD0E2
:104CE0009C4800F0C3FB8D4202DCCCD18642CAD97D
:104CF00040BF07B0F0BCBB46B246A946A046F0BDD7
:104D00000E61EDE762696B0092465B19DB009A4425
:104D100053469E68DF6800F0A9FB8F42BADC00D1E1
:104D200003E1002F00DAE8E05246534652691B695E
:104D30009346049A934200D1D9E052460821605E1E
:104D400052880004594610439847009001910099F9
:104D5000019A0B001000134300D1CEE013000A00AB
:104D6000B61A9F41002806DB7A4800F07FFB009EC0
:104D7000019F36184F4153469E60DF6000229A5EC5
:104D8000002A00DA86E7530099186069C9004118C3
:104D900002938B68C9689B46B94200DD7AE702D16D
:104DA000B34200D976E708239C46A444059565469E
:104DB0002281A446029B2C0006E053009918C900EA
:104DC00041188D68C968AB469B18DB00C318B9420F
:104DD00006DC00D1B3E01C000023E25E002AECDA1E
:104DE000230064469C4653461A806346059D1D80F9
:104DF000A3881BB2002B00DA51E72269EFF3108180
:104E000072B61368002BFCD0BFF35F8F0123A78815
:104E10005B42A3803FB22369BFF35F8F00221A6019
:104E200081F31088002F00DA39E7230008332200CD
:104E30009A4666697B00DB19DB00F31899685046D7
:104E40008C460824115FDD68002910DB029306E020
:104E5000AB4244D00023E15E2000002906DB4C0079
:104E60006418E4003419E368AB42F1DD029B07806B
:104E700000201F5E1980002FDCDA1400A379002BBC
:104E800000D110E70023A37126000823E15E083655
:104E90004B1C00D12CE70800A246656902E03E00E9
:104EA0004B1C1AD04B005B18DB00EF180A008C4635
:104EB000E95E7B881BB2002BF1DA01235B42DC1731
:104EC000BB60FC60824205D0534631801B893B8029
:104ED00053461A8160464B1CE4D15446E5E6A3686C
:104EE0006345B7D9C2E76B1C00D0EAE6F8E65B463B
:104EF00058461B69984700281BD153461B882269D6
:104F00002381EFF3108372B611680029FCD0BFF340
:104F10005F8F514662880A8022696580BFF35F8F88
:104F20000021116083F31088B4E6864200D8F8E6C9
:104F3000B0E65B461A685B680092019307E7B345E9
:104F400000D848E74CE7C046D02F00203C70054011
:104F5000594C00100040054070B52E4C2569002DBD
:104F600004D00A212C48FFF721FE70BD2B4E0321EF
:104F7000300000F071FAE660FFF75CFC284B03227A
:104F80009C46D02322701B061B6801216370254BB1
:104F90006044A3600F238000206102206380636966
:104FA0004942A18019800231198647311D83585228
:104FB00018315A5275325C3999521832013199526E
:104FC000183201319952183201319952083518328C
:104FD0009D520231183299521832013199521832C9
:104FE00001319952183201319952183201319952D6
:104FF0001832013199520C4B0C49DC60013035629A
:10500000FFF756FC01210320FFF740FC084B1D6011
:10501000A7E7C0468010002000380020004005406F
:1050200040000034FFFF1000D02F0020594C00102A
:1050300038600540004870478010002070B50100BE
:105040000469EFF3108C72B620680028FCD0BFF31F
:105050005F8F02200D5E4C6968004019C000241863
:105060000869002D36DB26884E80BFF35F8F00264F
:1050700006608CF31088E360638804980133206134
:105080005B0405985B0CA26060611A1C002B1FD0AA
:1050900093B22804628018430A69EFF3108C72B649
:1050A0001368002BFCD0BFF35F8F8B8823808D802B
:1050B0000B69BFF35F8F00221A608CF310880B78A6
:1050C00001329A40CB6808498C4663441A6070BD2F
:1050D0000122DDE7BFF35F8F002303608CF31088AC
:1050E00001204042F3E7C0463C20000010B5438950
:1050F0000A1493421ADD53009B184269DB00D3184F
:105100000469EFF3108C72B62268002AFCD0BFF35A
:105110005F8F5A88090494B2090C8A4208D0036947
:10512000BFF35F8F00221A608CF31088002010BD3F
:105130008022120214435C80012302698371BFF351
:105140005F8F002111608CF31088044902788C462F
:105150009340C268012062441360E8E73C200000ED
:1051600040787047F0B5C64600B582B004000D0027
:1051700000F084F924184D41002D02DA01242F4D4E
:10518000644206267642F71736196F41AF4214D8AB
:1051900011D000F073F932003B00121A8B41002B42
:1051A00015DC002B46D02000290000F071F902B078
:1051B00080BCB846F0BDA642EBD90026002700F01F
:1051C0005DF932003B00121A8B41002BE9DD00F043
:1051D00055F932003B00121A8B41002B0ADB0023E9
:1051E0000193174B3200009316483B00FFF726FF50
:1051F0000130D8D000233900B0469C46124A1348EB
:10520000536A994204D8966A4645CCD29942CAD18B
:105210000668EFF3108772B63368002BFCD0BFF33B
:105220005F8F0368BFF35F8F66461E6087F3108849
:1052300020BFE5E7002AB6D0C9E7C046FFFFFF7FE1
:10524000294C00108010002000400540003800204C
:10525000F0B5C64600B582B0040000F00FF9FA229E
:1052600006000F00200000230021920001F03AFA0E
:105270008019794104000D1E02DA01242E4D64428A
:1052800006267642F71736196F41AF4214D811D06F
:1052900000F0F4F832003B00121A8B41002B15DCB1
:1052A000002B46D02000290000F0F2F802B080BCAC
:1052B000B846F0BDA642EBD90026002700F0DEF884
:1052C00032003B00121A8B41002BE9DD00F0D6F8CA
:1052D00032003B00121A8B41002B0ADB00230193A2
:1052E000164B3200009316483B00FFF7A7FE013033
:1052F000D8D000233900B0469C46124A1248536A5F
:10530000994204D8966A4645CCD29942CAD10668D9
:10531000EFF3108772B63368002BFCD0BFF35F8FBA
:105320000368BFF35F8F66461E6087F3108820BF57
:10533000E5E7002AB6D0C9E7FFFFFF7F294C001040
:10534000801000200040054000380020F0B557468E
:105350004E46DE464546E0B506000F0085B0EFF349
:10536000058399468B46002B12D0384900204B6AA2
:10537000BB4206D38A6ADB1B591E8B41B2424041B5
:10538000184305B0F0BCBB46B246A946A046F0BDE6
:105390002F4B9A46DB68984653461B78404603934A
:1053A00000F064F84246039B040004339B009B58C2
:1053B0000D001B1A39003000001BA941894510DC83
:1053C0000DD020BF214A0020536A5B45D9D3926A91
:1053D000DB1B591E8B41B24240411843D1E7834247
:1053E000EFD900F04BF832003B00121A8B41002B32
:1053F0001ADB00230193174B3200009350463B0009
:10540000FFF71CFE011E0FDD104B5A6A5A451BD3D5
:105410009B6AB34216D35046FFF768FE0B4A002042
:10542000536A5B45ADD3D2E7084A0020536A5B4517
:10543000A7D30020926ADB1BB24240415A1E93411F
:1054400018439EE75A45E6D120BFE4E700400540F7
:1054500080100020294C001010B5024A0248FFF7C6
:1054600067F910BDF8C500105C2300200300416AF5
:105470000A00986A596A8A42FAD17047034B596AFE
:105480000A00986A596A9142FAD170470040054073
:10549000064A536A9942FCD807D1044B02E05A6A83
:1054A000914202D19A6A9042F9D870470040054073
:1054B000F8B5DE464E4657464546E0B58B460500F4
:1054C0000A991800160000F0E9FA0A9B6C001F0206
:1054D000324B64199C46A4006444636881469F4231
:1054E00000D967602B1FDBB29846012B30D9C0234F
:1054F00080229B01E31812011A60294BAD00595913
:105500009A4600291BD17301E026226853401E40B1
:10551000802342465B01E3181E60012A30D98023B4
:1055200080229B01E31812011A6053464A466760C5
:105530005A51F0BCBB46B246A946A046F8BD5869D0
:1055400000F0ACFA013043001B18033BFDD2DAE750
:105550005B46012BCBD1C02303229B01E3181A60C9
:10556000023AA3681A42FCD07301E0262268AD001B
:1055700053401E4080230A4A5B019246E3181E6096
:105580005A462168514003220A401A6001225B46B4
:105590009A40A3681A42FCD0C1E7C0460080004090
:1055A00064230020F0B546464F46D646C0B51F00DE
:1055B000344B44009C462418A40064446368884625
:1055C0001600FF2B02D880235B006360031FDBB251
:1055D0009A46012B30D9C02380229B01E318120187
:1055E0001A60294B85005959994600291BD173012E
:1055F000E026226853401E40802352465B01E31898
:105600001E60012A30D9802380229B01E3181201F9
:105610001A6080235B0063604B465F51E0BCBA4672
:10562000B146A846F0BD586900F038FA0130430091
:105630001B18033BFDD2DAE74346012BCBD1C02335
:1056400003229B01E3181A60023AA3681A42FCD0B5
:105650007301E0262268850053401E4080230A4AD9
:105660005B019146E3181E604246216851400322C7
:105670000A401A60012342469340A2681342FCD0BC
:10568000C1E7C0460080004064230020014B800039
:10569000C058704764230020F8B5040021481E005C
:1056A00017000D0000F0FAF90100380000F0F6F9DB
:1056B000069B36041B031E432368002B20DB1A4B7A
:1056C0001A49E3185A1E93418022920194465B4284
:1056D0001B0B174A1B0363441360164A13601F0019
:1056E0000A689743FBD1144B2560E2182123A06080
:1056F00013602368002BFCDA0823E6601360F8BD12
:105700003F2322681340AB42D9D1A3681B051B0D70
:105710008342D4D1EE22E368D2021340B342CED109
:10572000EDE7C046001BB7000040FDBF08C00040C9
:1057300000E0004000F00040043000008023024AF6
:105740009B000B43D362704700800540002310B5D7
:105750000100988A1B8B984710BDC046162310B5D0
:105760000100188802331B88984710BDF8B54746DA
:10577000CE4680B50F1E18D014239946043304007A
:105780000025012698464B461888434621681B8809
:10579000984701C4431E984101350640AF42F2D1FB
:1057A0003000C0BCB946B046F8BD0126F8E7C04697
:1057B000002370B504000D00988A03491B8B98479D
:1057C000290003002000984755420000AA23064AFA
:1057D0001B0113608D235B00D3600449044B1960E7
:1057E0005368002BFCDA70470040024000B0FA001A
:1057F000006002407047C04610B50148FEF76AFFDE
:105800001CC6001070B5074D074EB54209D20024E2
:10581000013E761BB60808CD984723000134B342F9
:10582000F9D170BDD8AF001014B00010054B064A76
:1058300006491A60064A074B1A6010000B68984325
:10584000FBD1704700E00040BFCDFBFE08C0004028
:10585000FE7F3C0000F00040044BDB6C002B03D1CA
:105860008022034BD2021A607047C04600001150DC
:105870004C201150044A054B1A60054A1368DB019D
:105880008033FBD17047C046FFFFFF0100F00040AE
:1058900008C000404022034B9A675A671A67DA66CD
:1058A0007047C04600F0014010B5FEF7CFFF10BDB5
:1058B000F8B52749274C284D641AA6103200302E1F
:1058C00000D930222800920000F07CFFBC2C3BD88D
:1058D00030202F232C196407204A801BE40F9B1BC8
:1058E000052B16D93700002C02D0B300771CEA50E4
:1058F000001B33199B004108EB18C900C9181A6036
:105900005A6008339942FAD1012303421CD09843CC
:10591000C619B300EA50731C2F2E15D09B00EA5015
:10592000B31C2E2E10D09B00EA50F31C2D2E0BD052
:105930009B00EA50331D2C2E06D09B00EA50731DAD
:105940002B2E01D09B00EA50054B9D60F8BDC04650
:1059500000010010C001001000000020C101001073
:1059600000ED00E0002310B5294C82B0A367FFF7DB
:105970002DFF0122274B1A60636C012BFCD10322FF
:10598000254B1A60224A936B012BFCD10133009303
:105990000121224A22480433FFF77EFE052301211C
:1059A0000093204A2048FFF777FE002202210420BE
:1059B0001E4BFFF7F7FD0022012105201C4BFFF7CE
:1059C000F1FD0022002107201A4BFFF7EBFD00221A
:1059D00000210820174BFFF7E5FD8023DB00009333
:1059E000002200210920134BFFF762FD0022104B1B
:1059F00000210620FFF7D6FD0420FFF747FE0E49E1
:105A000000F04CF801000020FFF798FE02B010BD36
:105A1000008000403CB0004030B00040002F68598A
:105A200000800240008C864700C00240001BB70087
:105A300040597307006CDC0240420F00014804210A
:105A4000014B1847A01000206D570010124A936FA9
:105A50009B0815D29066D166002905D0FFE7FFE7C5
:105A6000FFE7516F106F704704B580210906C21718
:105A70005140002800D0C84305F086FA002104BD3B
:105A8000F0B5146E556E576F166FFFF7E3FF14668F
:105A9000556657671667F0BD000000D0114A936F36
:105AA0009B0813D210665166002905D0FFE7FFE777
:105AB000FFE7516F106F704704B5002801D0002038
:105AC000C04305F061FA002104BDC046F0B5146E74
:105AD000556E576F166FFFF7E5FF146655665767EB
:105AE0001667F0BD000000D094464A4A926F9208B3
:105AF000624601D228E0C046F0B5464E346E756E5F
:105B0000776F366F00F020F89446424A1466556667
:105B1000576716676246F0BD94463E4A926F9208F8
:105B2000624601D254E0C046F0B53A4E346E756E0E
:105B3000776F366F00F04CF89446364A1466556617
:105B4000576716676246F0BD002B24DB11D0002991
:105B50003EDA00B5C943404200D1013100F038F8C7
:105B6000C943404200D10131DB43524200D10133ED
:105B700000BD002AEBD1002801D1002905D000206A
:105B8000C90FC90701D1C043410800B505F0D4F9D8
:105B90000022002300BD00B500290ADBDB4352428E
:105BA00000D1013300F014F8C943404200D1013163
:105BB00000BDC943404200D10131DB43524200D114
:105BC000013300F005F8DB43524200D1013300BD40
:105BD000002923D1002B18D1002A0CD0BC460D4F30
:105BE00038667A6600210023FFE7FFE7FFE77A6F58
:105BF000386F67467047002801D00748010000B59C
:105C000005F09AF90022002300BD02000B000020DD
:105C100000217047000000D0FFFFFFFF002B00D0E5
:105C2000BFE0130C28D1002AE7D080B4114F3966A9
:105C30007A66FFE7FFE730B4040C7B6F396F1B0413
:105C400023433B667A66FFE7FFE7FFE7C04684B27F
:105C50007B6F3D6F1B0423433B667A66FFE7FFE7DC
:105C6000C04600232C042D0C7A6F386F001969414F
:105C7000B0BC7047000000D0F0B594460025140E6B
:105C800001D112020835140F01D112010435940F0D
:105C900001D192000235D40F01D152000135D40B4D
:105CA0000134254F7C66254C3C660E0C93B2FFE711
:105CB000FFE7FFE73C6F6643360C7703BE4673434E
:105CC000DF0B5B04C01AB941130C7343DB18C91A0C
:105CD000CE086643360CB64493B273431F0F1B01C4
:105CE000C01AB941130C73431F0B1B05C01AB941ED
:105CF000860D8F023E436643360C092D24DB520A83
:105D00007243801A7703460A6643360C16235B1BE0
:105D1000DE40DF40BF1964466643821B704604358F
:105D200006330100D940A840C01900D30131A24276
:105D300006D20023F0BD0000000000D0FFFFFFFFEF
:105D4000121B0130F3D3F1E709277F1BFE406446A5
:105D5000A2B27243801A00D20139220C7243130C92
:105D60001204821A99410B00704604351337010062
:105D7000F940A840801900D30131002B02D1A24282
:105D80000AD2F0BD013000D30131121BFAD2013B1F
:105D9000F8D1A24200D2F0BD013000D30131121B74
:105DA000F7E7F0B51C0C00D080E00CB400251C0A0D
:105DB00004D11B02160E3343120208351C0B04D10A
:105DC0001B01160F3343120104359C0B04D19B00B9
:105DD000960F334392000235DC0B02D192185B41DF
:105DE00001351C00971864410134464F7C66464CCF
:105DF0003C660E0CFFE7FFE7FFE7C0463C6F6643DB
:105E0000360C7703BE4697B27743C01B00D20139E8
:105E1000C01B00D201399FB27743C91BC91B170CA5
:105E200077437E04FF0B801BB941CE086643360CD6
:105E30000C2D33DBB644120B1F053A431B0B97B2F4
:105E40007743C01B00D201399FB27743C91B170C9F
:105E500077433E043F0C801BB941860D8F023E43C1
:105E6000664329277F1BFE400C3D7746AF40BF1994
:105E700030BCA2B2ABB272437343801A9941220C78
:105E80007243130C1204801A994102000B0001376F
:105E9000001BA941F9D2781E0021F0BD0C277F1B01
:105EA000FE4077467F0BAF40FF19E0E700245D1C02
:105EB00007D0144F7D663966FFE7FFE7FFE7FFE78E
:105EC0003C6F95B29EB265436643401BB141150CD1
:105ED0001E0C6543664336042F0C3E432D04401BC5
:105EE000B141994204D202000B0020000021F0BD14
:105EF00001D19042F7D3801A994101349942F2D3EB
:105F0000F6E70000000000D0FFFFFFFF48404140DF
:105F1000484018B41B4B5B68FC46019308BD04DF86
:105F2000B761001018B4174B1B68FC46019308BDFD
:105F300000DFC16100109446134A926F920809D2A3
:105F4000624618B40F4BDB68FC46019308BD0CDFBA
:105F5000796400100C4AF0B5146E556E576F166FC9
:105F60006246FFF7EEFF084A1466556657671667E4
:105F7000F0BD18B4034B9B68FC46019308BD08DFD5
:105F80001D630010C8130020000000D0FFB5504072
:105F90004240504059404B40594000E0FFB5154F3A
:105FA0004C00640D03D0BC4204D10C0314D8002073
:105FB000090D09055C00640D03D0BC4204D11C032B
:105FC0000AD800221B0D1B0501264B4009D44B406B
:105FD00003D58B4200D18242FFBD9942FCD1904251
:105FE000FFBD0B43DB1803431343F5D0C9434918E6
:105FF000FFBD0000FF07000000B5FFF7CFFF8041A5
:1060000000BDC04600B5FFF7C9FF01D9002000BDA3
:10601000012000BD00B5FFF7B9FF01D9002000BD88
:10602000012000BD00B5FFF7B1FF804100BD012098
:1060300040054A00121804D85A00121801D800204E
:1060400070470120704700000021002805D17047EB
:10605000C1174840401AFAD0C90713B5064B1B6850
:1060600098470CBC441CA2401005120B0349091BA5
:1060700009051943114310BDFC3700201F0400001F
:1060800010B54C00620D8023D218DB00D21A5B05DC
:106090007E2A10DD9E3A13DACC170903490819430A
:1060A0005242D140640001341532202A05DAD04032
:1060B0000843604310BD002010BD0846604310BD7A
:1060C000C80FC018013810BD18B4044B5B6AFC46F9
:1060D000019308BD24DF296600100000C8130020CA
:1060E000132370B51D78012D19D014DD1F48FFF75B
:1060F00035FB06001E48FFF731FB1E4C80223100A5
:10610000200000F05FFB022D2DD01B48FFF71EFB87
:106110001A4B186070BD1A4B164CA364F5E7184B68
:10612000144C23606360A360E36023616361A36137
:10613000E36123626362A362E36223636363A36335
:10614000E36323646364A364E36423656365A36515
:10615000E36523666366A366E36623676367A367F5
:10616000E367A364D1E7064BA364CEE75344000082
:1061700053460000C81300204C330000FC370020B9
:106180008561001007B5604601880A0A0230DF2ADF
:10619000FAD1C9B2820804D30288408800041043AF
:1061A00000E00068014A5050039007BDC81300206A
:1061B0000FB403BC0CBCF0B50124E407634000E05D
:1061C000F0B50C0DCF0F661E3605891B640503D391
:1061D000C943404200D30131640D03D0661CF60A66
:1061E00007D0E41B00207F00791C89078912803CBE
:1061F00024031D0DDF0F6E1E36059B1B6D0503D39B
:10620000DB43524200D301336D0D03D06E1CF60AFE
:1062100007D0ED1B00227F007B1C9B079B12803D5B
:106220002D032F1B661B58D4A446202E46DA203798
:106230001400BC401D00BD40F24033412A43801889
:106240005941CB0F05D0C943C0430022644250419D
:10625000514162464D0D28D10D0D07D100281FD0A8
:10626000241940414941013A0D0DF9D0640006D38B
:10627000013000D30131002C01D140084000013A27
:106280000BD4941CE40A04D112051144DB07194411
:10629000F0BDD907204B194300E0D9070020F0BD1D
:1062A0000029DDD1002CDBD1F0BD0132C60740084A
:1062B000CD0728434908002EE1D0D9E73C2E29DA42
:1062C000203E40371400BC4000D00124F24014436B
:1062D0001A00BB401C43D317ACE7AC46202F08DAAA
:1062E00020360400B4400D00B540F8403941284341
:1062F000A5E73C2F0CDA203F40360400B44000D024
:106300000124F84004430800B1400C43C117EAE7F8
:1063100010001900002494E70000F07FF0B50C0D88
:10632000661E3605891BE60A6405640D02D0651CED
:10633000ED0A04D0002001210905803C2403A44675
:106340001C0D671E3F05DB1BE70A6405640D02D0C8
:10635000651CED0A04D0002201231B05803C2403A8
:106360007740644497B484B296B27443070C7E437A
:10637000150C6F4380B26843361802D30120000425
:106380003F183004350C00197D41844688B29AB21A
:1063900050430C0C62431F0C7C438EB27E43921917
:1063A00002D301263604A4191604170C36186741C7
:1063B00001BC81B29AB25143040C62431B0C5C4392
:1063C00080B25843121802D301200004241810048C
:1063D000130C401863412D185E410020474106BC54
:1063E00088B293B258430C0C6343120C544389B2E5
:1063F00051435B1802D301210904641819041A0CD3
:10640000091862416D1856410020474118BCF90235
:10641000720D1143F0026A0D1043ED020A0D03D113
:106420006D1940414941013B124E9B1B7600B3421E
:106430000ED26D0007D30130002671416646354308
:1064400001D1400840001B05C918E4072144F0BDF4
:106450000BDA013306D1013004D101314F0D01D0E7
:106460004908F2E7E1070020F0BD013631050020C0
:10647000EBE70000FF030000F0B51C0D671E3F05B1
:10648000DB1BE70A6405640D02D0661CF60A04D023
:10649000002201231B05803C2403D0252D06002665
:1064A000F6432E661E096E66CE0FF619B4464900F5
:1064B0004F0D02D07E1CF60A03D000200021403F81
:1064C0003F033E1BB600B444013F7F05C91B49088A
:1064D0002E6F013676089C02950D25437543ED130A
:1064E0007543AD1301356D10F603761B0CB4CC0269
:1064F000450D2C43A2B2B3B25A43270C7B43350C53
:106500006F43A4B26C431B1902D3012424043F1926
:106510001C041D0CA4187D4124196D41009A91B2F0
:10652000ACB26143170C7C432B0C5F4392B25A43CD
:10653000A41802D301221204BF182204230C5218FB
:106540007B41019C6C431B19520ED9010A43440143
:10655000A01A81B2B2B2514303145A43360C7343AA
:1065600087B27743D617D21900277E4136049B198C
:106570001704160C7F185E417316ED18F301002600
:1065800080337541A90F06D16400690AE8055B0AEA
:10659000184309D22FE00422944480337541A90A9C
:1065A000A8059B0A184326D3404149412404009A78
:1065B000019B0D005543641B4343E41A95B286B218
:1065C0007543170C7E43030C5F4392B25A43B618CF
:1065D00002D301221204BF183204330C52197B413A
:1065E00052429C41002C02D400220130514140080B
:1065F000CA071043490802B06246D7079210084BF9
:10660000D218084B9A4203D212058918C919F0BD55
:106610000020002A01DC3900F0BD01331905F5E73F
:10662000FD030000FE070000002200B5203200F04C
:1066300004F8080000BD000000220B150AD410B5B4
:10664000944600F031F81414013400DA0021CB171D
:10665000144C20470020002170476244343A0CD487
:106660000C2A07DA04009140904052422032D44074
:10667000214310BDD843D94310BD203207D40C4666
:106680009440524220321141D040204310BD0800B6
:10669000C917203203D452422032104110BD1800D5
:1066A000190010BD5B6600100A0DCC0F531E1B05B0
:1066B000C91A520503D3C943404200D30131520DD8
:1066C00003D0531CDB0A07D0121B00206400611C9E
:1066D00089078912803A1203014BD21A70470000D1
:1066E000FF03000051434343C9188C46110C83B289
:1066F0004B4310B4040C614392B280B250436243E6
:106700001C041B0C001910BC59411304120CC018B6
:106710005141614470470000132310B512481C78A2
:10672000FFF71CF80100012C0AD003DD80220F487E
:1067300000F048F80E48FFF709F80E4B186010BD3E
:106740000A4C5422200000F03DF80B4B6365A36512
:10675000E36523666366A366E36623676367A367EF
:10676000E3672362E361E5E753460000C8140020B5
:106770004C330000FC3700207D67001007B56046F1
:1067800001880A0A0230DF2AFAD1C9B2820804D38A
:10679000028840880004104300E00068014A50501D
:1067A000039007BDC814002001480421014B18477D
:1067B000B01000206D570010014B1B6818470000F7
:1067C000B0100020014B5B6818470000B01000209B
:1067D0009A4200D2885470477047C046F8B5574671
:1067E000DE464E464546E0B599460A9B07009A4666
:1067F0000D9B884693460B9C9B073BD10C9B9C4270
:106800003DD21E1B0B9415000C005E442A004B4623
:10681000013521002020B847B542F7D1A0460B9C96
:10682000002C20D0454636195346321B013C185DDA
:1068300029004B46B847002CF6D12B00350098466E
:106840000D9B9B070FD55B46EC1A0C9BA3420AD904
:10685000464698462A004B46310020200134B8476E
:1068600001354445F6D32800F0BCBB46B246A946E4
:10687000A046F8BD16001500002CD3D1E0E71600A5
:106880001500002CCED1EEE7F0B54546DE46574662
:106890004E46E0B585B09C4610AB1B78149F9346DE
:1068A00098460F9C129E139DBB074CD4002D42D1DD
:1068B000B44248D201233B4099460E9B013B9A4685
:1068C000302304E0524601341355A64201D9202C4E
:1068D000F8D14B46002B00D183E00E9B013B99463B
:1068E0003023A54205D82EE04A4601341355AC4268
:1068F00029D0202CF8D1FB060CD57B0554D4A64218
:1069000063D0A54261D0119B102B50D0022B57D0E1
:10691000202C32D1202301930E9B5A4600930397DB
:1069200063460295FFF75AFF05B0F0BCBB46B2467E
:10693000A946A046F0BD01233B40994601233B42B6
:106940002AD1B442B9D3FB061CD57B05DBD4002C7D
:10695000D5D1119B102B5BD0119B022B6BD0302318
:1069600001240E9A13704346002B10D17B073ED5AD
:106970002B260E9A631C1655CDE7230001343026D2
:106980000E9AD654202CC5D04346002BEED02D268F
:106990000E9A631C1655BEE74346002B2FD0013DCF
:1069A000B44200D289E798E7119B102BB2D1BB0605
:1069B00037D5202CAED058230E9A13550134A7E7B3
:1069C000202CA7D02300013407E0631E012CC0D087
:1069D000119A102A31D0022AD1D162260E9AD654A9
:1069E00096E7FB06CED57B0500D488E78BE723002E
:1069F0003E0790D520260E9A013316558BE70C23BF
:106A00003B405A1E9341ED1AB44200D255E764E769
:106A1000BB060ED478230E9A0224137030235370D1
:106A2000A1E7202C00D175E778230E9A1355013485
:106A30006EE75823EFE76033EDE70E9AA61E914606
:106A40004E44BA0602D55822327098E77822327046
:106A500095E7C04610B5002800D110BD01F0A8FC94
:106A6000FBE7C0460B0010B5002802D049681B6840
:106A7000984710BDF0B55746DE464E464546E0B550
:106A800095B083460F00924698461E9A1F9B1000B1
:106A90001900209EFFF7CBFA002800D0EAE11E98EB
:106AA0001F990122C54B5242FFF7A6FA002800D0D9
:106AB00014E11E981F990122C14B5242FFF7B2FA0E
:106AC000002800D0E9E01E981F990022BD4BFFF777
:106AD000A9FA002800D0C8E01E981F990022BA4BDE
:106AE000FFF78AFA002800D0BFE01E981F99002205
:106AF0000023FFF781FA002800D0E4E000230B9385
:106B0000229B5B0500D406260024302307E01721D2
:106B100006AA013452181355013E202C01D0092E2B
:106B2000F5D81E981F99FFF7ABFAA84BF2009B18F7
:106B30001A685B68050008920993FFF789FA02005A
:106B40000B001E981F99FFF7E4F9089A099BFFF7BD
:106B500010FA06900791FFF7B7FA8146FFF774FA2B
:106B600002000B0006980799FFF7D3F90022984B13
:106B700006900791FFF756FA002800D10DE1012396
:106B80009C46E1444846FFF75FFA02000B00089874
:106B90000999FFF737FA002802D0002399460135FA
:106BA000002E00D1D9E006954D46B94614E006AA5C
:106BB000944617230A216344280001341F19FEF765
:106BC0006DFF3031397028000A21013EFEF766FF63
:106BD000092D00D817E10500202CE8D14F46069D6D
:106BE00020240CAE06AA17239446634499465B46BC
:106BF000B34606930FE04B4628000A210134E618FD
:106C0000FEF724FF3031280031700A21FEF71EFF05
:106C1000051E00D1E4E0202CEDD1069B5E469B468C
:106C20000323229A1340012B18D1219B002B15D04E
:106C30000B9B002B00D1FDE0219B013B2193202BDE
:106C40000CD93023219A07E0172006A9013409182E
:106C50000B55944200D3CCE0202CF5D1229B01941B
:106C60000393219B0096029322E0229B52460493B9
:106C7000219B3900039358461E9B1F9C029600934C
:106C80000194434600F04AF90400200015B0F0BC1E
:106C9000BB46B246A946A046F0BD229B5B070FD477
:106CA00003224C4B22990192039121990093029166
:106CB0004346524639005846FFF790FD0400E4E78A
:106CC0000422454BEEE71E9A1F9B00200021FFF790
:106CD00020F901231E901F910B9311E7229B54462C
:106CE0009B0711D1219B042B0ED9219B55469C4615
:106CF0005E46043C64442A004346013539002020A6
:106D0000B047A542F7D1B346344D26002B1F994614
:106D10005B46A3461C003200E87843463900013D3B
:106D2000A04701364D45F6D123005C469B46229B89
:106D300004349B07A9D55346219AE31A9A42A4D951
:106D40005E4615002200434639002020B0475346D6
:106D50000134E31A9D42F5D897E72800FFF778F948
:106D600002000B001E981F99FFF7D3F80022184B62
:106D700006900791FFF740F90CAE002800D031E7EC
:106D8000069807990022124BFFF74CF9002800D013
:106D900028E7012301359D4324E70022069807993F
:106DA0000B4BFFF729F9002800D0F9E64B46002BE2
:106DB0005CD101239C46E144F2E6C046FFFFEFFFB1
:106DC000FFFFEF7F65CDCD4165CDCDC158CD001022
:106DD0000000E03F74C600106CC600107CC60010B6
:106DE000069B5E469B460323229A1340012B00D14B
:106DF00081E0202C00D131E70B9B002B27D02D23E5
:106E0000335501342AE74F46069D202C00D1E7E692
:106E10003022331907E0172006A9013409180A5552
:106E2000202C00D1DCE6A342F5D12E220CAE013499
:106E3000F254D7E60C23229A134257D0219B013BF0
:106E40002193A34200D9FCE6202C00D106E7229B27
:106E50005B0703D52B2333550134FFE6229B1B0729
:106E600000D4FBE6202333550134F7E6DB0700D4DA
:106E700096E69EE7229B55469B0711D1219B032B4B
:106E80000ED9219B54469C465E46033D6544220034
:106E90004346013439002020B047AC42F7D1B34615
:106EA000B9465F461C4EEC1C2A00B0784346494662
:106EB0000135B847013EAC42F6D1229BBB464F4656
:106EC0009B0700D4E1E65346219AE31A9A4200D880
:106ED000DBE65E4615002200434639002020B0471D
:106EE00053460134E31AAB42F5D3CEE6219BA342CD
:106EF00000D9A6E6B2E6219B002B00D179E70B9BD7
:106F0000002B97D0219B013B21939C4200D298E615
:106F1000202C00D073E7A1E678C60010F0B5DE465D
:106F200057464E464546E0B599B081468B46924657
:106F30009846229A239B10001900FFF778F8002842
:106F400000D0CAE0229823990122824B5242FFF7D7
:106F500069F8002800D0C0E02298239901227E4BD6
:106F60005242FFF749F8002800D0B6E02298239952
:106F700000220023FFF740F8002800D0C9E1229B3F
:106F8000239C08930994089809998023269ADB008A
:106F90001A400D928022269C1201144022000B946C
:106FA000269C07000E001C4200D0ADE00B000343FE
:106FB00000D0D5E0002A00D00AE222000633249354
:106FC000022313400C930223134200D002E2259BBC
:106FD000042B00D20FE2043B0B93002304250A93F9
:106FE0000022229823990023FFF706F8002800D0FA
:106FF00003E25A4B269A134004930B9B0393249B62
:107000000293089B099C00930194594643465246BB
:107010004846FFF72FFD02002020269B1F27034034
:1070200059424B415B421840531C08935946434612
:107030004530C8470A9AD317D4185C40D30F0A9337
:107040006B1E0B9308AB9C460025674401E0202D86
:107050000FD020000A21FEF721FD01357E193031C5
:10706000317020000A21FEF719FD26000400092EC8
:10707000EDD8052306930B9B5946059300230493F3
:107080000A3303930A9B4846029310AB0093089A75
:1070900043460195FFF7F8FB0C9B002B2DD0534680
:1070A000C41A259BA34228D94D465F4681461E003F
:1070B000534639001A19202043460134A847A642F6
:1070C000F6D8534648462599C21A01320023914208
:1070D00000D386E1013018180FE0269B0493259B0E
:1070E0000393249B0293229B239C00930194434689
:1070F000524659464846FFF7BDFC19B0F0BCBB46A6
:10710000B246A946A046F0BD01432BD10B9B2200FD
:10711000002B00D154E700230A93249B0A9A0024F1
:10712000934200DD85E12298239900220023FEF797
:1071300063FF002800D035E1269B084A02941A40DC
:107140008023DB0013430493259B0393089B099C36
:10715000CBE7C046FFFFEF7FFFFFEFFFFFF7FFFF2B
:1071600006232493B44B70009C46400D6044FEF708
:107170006FFFB24AB24BFEF7FCFEB24AB24BFEF7CB
:10718000D1FE3603B14B360B334304000D003800FB
:1071900019000022AE4BFEF7BCFEAE4AAE4BFEF726
:1071A000E8FE02000B0020002900FEF7BBFEFEF700
:1071B00067FF0A90FEF74CFFA84AA94B04000D0098
:1071C000FEF7D7FE0022A74BFEF7ACFEFEF758FFF6
:1071D000A54A0600A54B20002900FEF7CAFE0400C0
:1071E00030000D000C96FEF733FFA14AA14BFEF7CD
:1071F000C0FE02000B0020002900FEF78AFE0200FC
:107200000B0006000F00FEF7B4FE320004000D0074
:107210003B0030003900FEF785FE00220E900F91F2
:10722000954B20002900FEF786FE0022934BFEF7C7
:1072300079FE02000B0020002900FEF77CFE0022F0
:107240008F4BFEF76FFE02000B0020002900FEF7B7
:1072500072FE0D008021040032003B000020C905B1
:10726000FEF757FE02000B0020002900FEF75AFE31
:1072700002000B000E980F99FEF75DFE0022734B83
:10728000FEF750FE7F4B0C9C9C4664440022230575
:10729000FEF76FFE06000F0002000B000898099928
:1072A000FEF7AAFE00280AD00A9B3000013B3900F5
:1072B0000A930022714BFEF73EFE06000F000A9A69
:1072C000330063323900C62A12D8022226980425D8
:1072D00010400B9A0C90002A25D1259B042B05D930
:1072E000002800D0A1E0259B043B0B93042541E03E
:1072F0000222269810400B9A0C90002A12D1259B4E
:10730000052B76D9002872D1259B0525053B0B93CB
:1073100034E0802212069446229B0893239B634408
:10732000099330E605250B4300D1F6E60898099944
:10733000554A564BFEF76EFE002808D0089809996A
:107340000022534BFEF758FE002800D0E5E6249BB0
:10735000002B1CD00D9B002B19D0249B013B2493A8
:10736000259BAB4204D90C9B002B5AD002230C93D3
:1073700000230B930A9B002B00D131E60898099952
:1073800032003B00FEF7D7FD0890099128E6259BC7
:10739000AB42EDD90C9B002B43D000230B9302335F
:1073A0000C93E7E78020269B3A4A00061A40802388
:1073B00084460294089C099D2900DB001343049332
:1073C000259B6144220003930B00009201938EE6FB
:1073D0000524A8E600230B930A93023304250C939B
:1073E000FEE553468C46013B63441B1A72E60223BA
:1073F0000C930525C2E70423EDE58020089E099F34
:10740000000639008446269A224B614413400493B7
:107410000B9B32000393249B02930B000092019379
:10742000F3E5259B5B1B0B93A4E7022304250C9338
:10743000A0E79C1A013C76E601FCFFFFFB799F5018
:107440001344D33FB3C8608B288AC63F0000F03F87
:107450000000F83F61436F63A787D23F71A37909AA
:107460004F930A400000E03F1655B5BBB16B024098
:10747000EF39FAFE422EE63F00002C400000244087
:1074800000001840FF0300002D431CEBE2361A3FBA
:1074900080842E41FFF7FFFFF0B5DE4657464E468B
:1074A0004546E0B5A5B01E002E9B92460C93CD4AF2
:1074B000CD4B80468B461A60002900D1EAE10023BB
:1074C00030789946002800D1ECE1C84B4C460B932C
:1074D000C74B454657460E930AE0631C9846220068
:1074E0003B005946A84744463078002800D187E041
:1074F00001362528F1D108239A46043B9946023BE0
:107500009846013B00229C460D943078711C030084
:10751000203BDBB2102B03D80B9C9B00E3589F460B
:107520000300303B89460D9C092B3AD9002398462D
:107530002A2800D1C1E000239A462E284BD0030010
:10754000683BDBB2122B1ED80E999B00CB589F468E
:1075500063460E001A43D8E743460E001A43D4E7A9
:107560004B460E001A43D0E710230E001A43CCE717
:1075700053460E001A43C8E780235B001A43FF3BC3
:107580009C467078E1444E4667284FD82428A4D9F9
:107590000300253BDBB2422B9FD896499B00CB587A
:1075A0009F46002394461E0000E00131B3009B1962
:1075B0005B001E180878303E0300303B092BF4D9DD
:1075C0000123624689469C460023B0469A460E0037
:1075D000E1442E28B3D13021802049428C46C0009E
:1075E000024370784B4684446146092900D86CE117
:1075F0002A2800D17AE101239C464E46E1449EE7C9
:10760000A146A846BA46CA4503D801235B42534463
:10761000994653464A4659460020C047200025B0A7
:10762000F0BCBB46B246A946A046F0BD0300693B8C
:10763000DBB20D930F2B00D94FE7012199408C4607
:107640006D49894661464B4619400F91634649464C
:107650000B4200D028E10D9B0A2B3AD0072B00D01B
:107660003BE70C9B190008C98846002B00D14BE171
:1076700021200243914614A98C461F220F21624407
:107680008C4651460D950C91A24615000F9902E0CB
:1076900020290CD0130064461C4020003730092CF0
:1076A00000D80738013168541A090F2BF0D80C9B09
:1076B00054460D9D9A460F9133E10C9B02CB8846B0
:1076C000002947DB0C9301239C4670784E46E14429
:1076D00031E70C9B02CB14935346002B00D138E1C9
:1076E0009C4608780B000C908C44002801D100F0D7
:1076F00098FC89466146944603E05A780133002A93
:1077000001D08B42F9D1494662465B1A0C900F9327
:10771000530500D520E10223180010400D901342BC
:1077200000D1CBE30D930B1BB1469A465E460C98F5
:1077300022003B003100A84753460134185D002861
:10774000F6D1B3464E460D9B002B00D0C7E1149BEB
:107750000C93C9E60C9301239C4628384942024306
:10776000884670784E46E144E5E670786C2800D192
:107770007FE180235B001A43FF3B9C46E14402E724
:1077800080239B001A4301239C467078E144FAE66B
:107790007078682800D173E180231A437F3B9C46B0
:1077A000E144F0E6672800D103E1472800D15AE11F
:1077B000452800D15AE10492072142460C9B0392CE
:1077C000073352468B43190002920CC928000092DD
:1077D00001930C9122003B005946FFF79FFB0400E8
:1077E00082E6C04699740010C82F0020BCCB001060
:1077F00000CC00104CCC001041900000462800D175
:10780000DBE00492072142460C9B03920733524669
:107810008B43190002920CC92800009201930C912D
:1078200022003B005946FFF725F904005CE6631C83
:10783000984622003B0059462520A847444653E677
:107840000C9B04330D93631C9946920700D422E1EC
:107850000C9B2200187859463B00A84743464444F5
:10786000012B00D885E23300B8462E005F46250084
:107870004C46994622004346013439002020B04747
:10788000AC42F7D12C00BB46350047464E460D9B17
:107890000C9329E6DB4B3078984600239946002864
:1078A00000D012E60024AEE66F2800D188E000D8B0
:1078B0000BE31023782800D1CFE09A430A239C469B
:1078C00000230F930A330D9380E05646B1008919C7
:1078D000490001330E181878303E0100303909296B
:1078E000F4D9B2461E000133994628E60C9B0236B5
:1078F00002CB8A46C9435046C917084082460C93BA
:107900003078731C99461AE61023100098431133FF
:107910001843814680201300C0000340024200D17A
:10792000A9E64B4606930823059353460493102378
:107930000393002302930F9B220001931CAB00933F
:1079400059463B002800FEF79FFF434604000C9376
:10795000CAE501235B42C3E60F9B534501D9534659
:107960000F930223180010400D90134200D1B7E18D
:107970000D93D1460B1B9A463300A1442E002200E2
:107980004D460C98B9465F469B4608E04B46390089
:10799000541CB0475346185D002877D0220095420A
:1079A000F4D15B46BB464F46A94635004C461E0007
:1079B000C9E680231B011A43FDE620231A4320E772
:1079C00008239C4600230F9308330D938023110056
:1079D000DB0019401A4200D116E10D239A43100032
:1079E000802302009B001A401492184200D0C2E18A
:1079F000802302005B001A4091460C9A04320F92D9
:107A0000184200D0B7E2430600D59FE1030600D438
:107A100019E30C9B1B880993002B00D0FCE1103369
:107A20009843002900D1F7E1002399464346059386
:107A3000534604930D9B069003930023D2E05828ED
:107A400008D0622867D102239C4600230F9302339B
:107A50000D93BBE720231A43103B9C4600230F9352
:107A600010330D93B2E780231B011A4320231A43DE
:107A7000A1E6C0239B001A43F31C9946B07882E527
:107A8000C0231A43F31C9946B0787CE535005E4666
:107A9000BB464F4657E64346012B00D863E1631EC1
:107AA00043449A463300B9462E005F4655469B46EE
:107AB000A24622004B46013439002020B047AC4298
:107AC000F7D135005E46BB464F46A14654460C9B57
:107AD0004A46187859463B004444A847D7E6A14691
:107AE0000F9B984500D832E64444E41A3300B84668
:107AF0002E005F4625004C4699462200434601343D
:107B000039002020B047AC42F7D12C00BB463500ED
:107B100047464E461BE680231000DB0018401A4201
:107B200000D10FE1112118008A430D920D9A802394
:107B300011009B0019408C461A4269D18023110024
:107B40005B00194089460C9904310F911A4200D00C
:107B5000CAE113005B0600D5F0E013001B0600D459
:107B600059E20C9B00229B5ED9175A184A4092B2E8
:107B7000D90F0C91002B00D1F9E1100014AA944602
:107B800042461F23149252466344A84616944D461B
:107B90000400B946B2461F00159201E0202D0FD017
:107BA00020000A21FDF77AFF01357E19303131704E
:107BB00020000A21FDF772FF26000400092EEDD8EF
:107BC000149B4F46A94645469846159B56469A46ED
:107BD000169C0D9B069343460593534604930A2334
:107BE00003930C9B02934B4601931CAB2200009322
:107BF00059463B002800FEF747FE0F9B04000C93FC
:107C000072E4C046D96700100C239A431000E7E6DF
:107C100007220C9B07339343013294469C446246EF
:107C20000C920CCBD90F0F911100194300D191E0A8
:107C3000D9171391129151401091139959401191F4
:107C400010981199129A139B801A994110901191D2
:107C500014AA0023944642469946149252461F3372
:107C60006344A846B24616944E46109C119DB946F0
:107C700015921F0001E0202E10D0200029000A22BA
:107C80000023FDF749FF013630322B00BA550D00B5
:107C900022000400002BEED1092AECD8149B10948A
:107CA000119545469846159B4F46B14656469A460D
:107CB000169C0D9B069343460593534604930A2353
:107CC00003930F9B02934B4601931CAB220000933E
:107CD00059463B002800FEF7D7FD0400FFF704FCDF
:107CE0000F9B984500D8C1E18023DB000D934346EC
:107CF0000F9A1B199B1A994633002E004D46B94620
:107D00005F469B460C9122004B46013439002020EF
:107D1000B047AC42F7D143460C9901330F930B782F
:107D200035000C935E46BB464F46002B00D10EE556
:107D30000D9B002B00D1F6E4002319E60C9B1B7869
:107D40001A0015E710239A430D92EFE60C9B1B785F
:107D5000099361E6002399460028AAD10022002356
:107D60001092119374E70C9B2200187859463B003F
:107D7000A8474C468BE50C9AFA3BFF3B07329A43E7
:107D80000133994691444B460C93136852681592FF
:107D90001A4306D11032904300220992002900D0E4
:107DA00081E06122810600D54122D2B20A9214AA52
:107DB00091460A9A00210A3A149242461792524674
:107DC00018925A460991B3461F311E000F9B494431
:107DD000BA4619941A950024674698468946159D17
:107DE00016901B920AE03032D2B24B4601341A553B
:107DF000A8454AD0202C4AD006000D003A000023A6
:107E000030002900FDF788FED2B2092AEBD9149B75
:107E10009C466244D2B2E8E76123820600D5412342
:107E2000DBB20A3B0C93434614A91F228C461593E0
:107E300053466244A046B2464C461797A9461700DF
:107E4000099D0D9E1490169308E03033DBB2013487
:107E50003B55B5420ED3202C0CD005003100280034
:107E6000FDF71CFECBB20929EFD90C9A9446634466
:107E7000DBB2ECE7159B4D46A14644469846169B5F
:107E8000564614989A46179FD0E5B742B2D9179B29
:107E900057469846189B5E469A461B9B09949B46FC
:107EA0001698199C1A9D43460593534604930D9BBF
:107EB0000690039300230293099B05E70F9B9845C7
:107EC00000D914E701330F932DE4102311009943D7
:107ED0000D91692800D0BAE080231000DB00184023
:107EE0001A4200D122E61DE60C9B1B68DA0F110036
:107EF000002B00D18CE0DA179818504014AA914654
:107F000042461F23149252464B44A046A946169758
:107F100004006546B2461F000C91159201E0202D29
:107F20000FD020000A21FDF7B9FD01357E1930314F
:107F3000317020000A21FDF7B1FD26000400092E52
:107F4000EDD8149B444698460C9BAC461900159BF3
:107F500056464D469A46169F0D9B02910693434600
:107F60000593534604930A23039363463CE6002893
:107F700000D02EE602E60C9B1B689946002B03D12D
:107F800010339843002938D16123820600D541235C
:107F9000DBB20A3B0C9343461693534614A91F22A7
:107FA0008C4617932B006244A0464D46B246189764
:107FB00099461700149C0D9E159008E03033DBB2F3
:107FC00001343B55B5420ED3202C0CD005003100B6
:107FD0002800FDF763FDCBB20929EFD90C9A94462E
:107FE0006344DBB2ECE7169B149444469846179B17
:107FF00056464D469A461598189F43460593534654
:1080000004930D9B0690039300230293149BEBE5CE
:108010000028A1D172E70C9B1B68D9175A184A4057
:10802000A6E580231000DB0018409C460F901A4202
:108030000FD00220030013400F93104219D00023E9
:10804000A1460F934CE50C9B1B680993E4E40A00DE
:1080500034E40223180010400D90134200D03EE596
:108060004346002B00D042E6FFF771FB01330F932C
:108070007FE463460D93F3E70EB4012230B584B07C
:1080800007AC08CC064D010000942800524203942E
:10809000FFF702FA04B030BC08BC03B01847C04672
:1080A000D16700100CB430B585B008AC08CC064DD3
:1080B0000A000094010028000394FFF7EDF905B0D1
:1080C00030BC08BC02B01847D167001010B50C00D6
:1080D00084B00394012402A9029000930348130082
:1080E0006242FFF7D9F904B010BDC046656A0010BE
:1080F00010B5094A0300146884B0002C08D001228E
:1081000000910648524203A9A047012004B010BDC7
:1081100000F098F90020F9E7C82F0020556A0010F8
:1081200000BEFDE710B5FFF7FBFFC04670B5FDF7D9
:1081300069FB074D074EB54209D20024013E761B6C
:10814000B60808CD984723000134B342F9D170BD79
:1081500014B0001020B00010030010B5080011008A
:108160001B68984710BDC046F0B5C64600B5437DB4
:1081700007000C001600002B46D0002A17DD0B78F4
:108180000A2B24D000239846012E13D00125290064
:10819000635C01350A2B26D0B542F8D1464509DC8F
:1081A000A419013C23780D3B5A4253413B7580BCD6
:1081B000B846F0BD4346E018A419F11A013C3B68EB
:1081C000984723780D3B5A4253413B75EFE7037DB7
:1081D000002BD7D102210F483B689847012EDFD0F2
:1081E00001239846D2E7631E5B5C0D2BD4D08845F3
:1081F00004DA4346C91AE0183B689847022105484B
:108200003B68A8469847C7E70368110020009847D5
:10821000CDE7C046A8CD0010F0B5C6460B680600F5
:108220000C0000B5802B06D05A1C2260E418267181
:1082300080BCB846F0BD0F4B1D68002D16D00B1D3D
:1082400098460D4F02E02D69002D0FD02B68002BB2
:10825000F9D03B68002B01D0AB42F4D12800414655
:108260002268FFF781FF2D69002DEFD10122002345
:10827000DBE7C0468C23002094230020F0B5454660
:10828000DE464E465746E0B583B091461C00804618
:108290000D00FDF7F3F80023304A12184B41002B74
:1082A00002DA01222E4B52422E4908008A4602F081
:1082B0007BFE07006B1C03D1404602F031F905003C
:1082C000002C27D0284E294B1C68002C18D04B4678
:1082D000002B21D1264B994602E02469002C0FD0B7
:1082E0002368002BF9D04B461B68002B01D09C4221
:1082F000F3D120002A004146B0472469002CEFD179
:10830000002F26D1280003B0F0BCBB46B246A946D8
:10831000A046F0BD174ED6E7154B99460A239B465B
:1083200002E02469002CEBD02368002BF9D04B46E7
:108330001B68002B01D0A342F3D12A004146200044
:10834000B0476B465A462000DA71D91D0122B0476A
:10835000E7E7504602F0E8FDD4E7C04640420F0090
:10836000FFFFFF7F38120020698100108C2300205E
:1083700094230020598100100A4A1368002B05D16C
:108380000CE01A001B691032002B07D08342F8D191
:10839000002902D118691060196170470029FCD0CA
:1083A0001060FAE78C23002010B500F0D1F910BD61
:1083B000F0B5CE46474680B583B06B460600DD1D5E
:1083C0002870FDF75BF80023194A12184B41002B67
:1083D00002DA0122174B524217490800884602F080
:1083E000E3FD164B81461C68002C14D0144F02E0AC
:1083F0002469002C0FD02368002BF9D03B68002B98
:1084000001D09C42F4D1200001222900FFF7ACFEEC
:108410002469002CEFD14B46002B05D1300003B06E
:10842000C0BCB946B046F0BD404602F07DFDF5E760
:1084300040420F00FFFFFF7F381200208C230020F6
:108440009423002070B5040002F06AF801230100B3
:10845000050001222000FFF711FF084B1C68002CCB
:1084600006D06368002B05D098472469002CF8D10A
:10847000280070BD2469002CF3D1F9E78C2300207B
:10848000F0B5CE46474680B5A3B004000D00FCF71A
:10849000F5FF0023274A12184B41002B02DA012274
:1084A000254B5242254E300002F07EFD0023220073
:1084B000019307002B00224801A9FFF707FE214B7B
:1084C000804699461C68019B002B1AD0002C2FD0A7
:1084D0001D4D02E02469002C0FD02368002BF9D039
:1084E0002B68002B01D0A342F4D12000019A02A9ED
:1084F000FFF73AFE2469002CEFD14B461C6800239D
:108500000193002C06D06368002B0BD09847246998
:10851000002CF8D1002F07D1404623B0C0BCB9468B
:10852000B046F0BD2469ECE7300002F0FDFCF3E753
:108530000194EFE740420F00FFFFFF7F3812002059
:10854000198200108C230020942300200FB400B562
:1085500083B004A901C90191FFF792FF03B008BCE1
:1085600004B01847024B1860024B19607047C046B0
:10857000542300205823002070B5040000200E0072
:1085800001F02CF9002834D0002001F041F9002836
:108590002FD0FCF773FF0023174A12184B41002B12
:1085A00016DB164D280002F0FFFC002821D0002029
:1085B00001F014F900280FD101200021404200F001
:1085C00045FB03246442280002F0AEFC200070BD8D
:1085D00001220B4B5242E4E7002001F019F9002878
:1085E000EAD021003200002001F020F9041EEAD177
:1085F000E7E703246442E9E740420F000438002023
:10860000FFFFFF7F10B5FCF739FF00230D4A12185A
:108610004B41002B02DA01220B4B52420B4C200043
:1086200002F0C2FC00280CD001200021404200F0E2
:108630000DFB002001F048F90028F5D1200002F0E0
:1086400073FC10BD40420F00FFFFFF7F0438002085
:10865000F8B5DE46574680B505000C00FCF70EFF66
:108660000023364A12184B41002B02DA0122344B08
:108670005242344908008A4602F096FC002803D191
:10868000C0BCBB46B246F8BD002001F0A7F80028E8
:108690004AD00026002C43DD2B4B9B4614E0A91941
:1086A000002001F04FF9070001200021404200F0B6
:1086B000CDFA002001F008F9FCF7E0FE224BF61994
:1086C00018605960B4422BDD002001F05DF9A71B52
:1086D0000200B84200DD3A00002AE0D1012000216A
:1086E000404200F0B3FA002001F0EEF8002001F063
:1086F00075F8002814D0002001F046F90028E1D1D7
:10870000FCF7BCFE5B460F001A685B6800218446DC
:108710000E4812184B419F4202D8D3D19445D1D96B
:10872000504602F001FCABE700200021064B186028
:108730005960504602F0F8FBA2E7C04640420F00E5
:10874000FFFFFF7F04380020C013002020A1070096
:10875000D02310B51B061C68FCF76CFCFCF700FD71
:108760000023A0420AD1084B08481B780368002B5D
:1087700006D001210648FFF7FFFD0123180010BDB8
:10878000FCF744FAF5E7C046B0CF001004380020EB
:10879000C010002010B5024800F00CF810BDC04613
:1087A000E037002010B508220149FEF70BF810BD94
:1087B000E037002010B588B004000D220021684683
:1087C000FDF7FAFF0D22002104A8FDF7F5FF4B236A
:1087D0006A466846137004A90D2202F09DFB15211C
:1087E000082220006944FDF7EDFF08B010BDC04627
:1087F000F8B500F04DF90C23194DFF22AB670520A9
:108800001849FCF77FF8184C402200212000FDF7A2
:10881000D3FF4027002301262121144A66702783B5
:10882000A260136063545F31618445396354104A18
:1088300010496360E2602787A1620B606362E262B5
:1088400002F082FB80239B052E64EB6490230A4A8E
:108850000120EA508022094B5202DA64F8BDC0467A
:108860000000115099050020BC2300208400105006
:10887000000110508000105010D001000020115055
:1088800010B501210520FCF701F810BD10B500213D
:108890000520FBF7FBFF10BD10B5002200210248A8
:1088A00000F016F910BDC046DC230020044B1970FF
:1088B000002904D080219023024A8902D1507047B8
:1088C000353C0020002011500B785B0602D14B781C
:1088D000052B00D070478A78014B1A60FAE7C04632
:1088E00000001150F0B5C646C87800B58007830F68
:1088F0001800012B60D08F780A794B797F2139409D
:10890000FC091B024E001343334D32195201AA18C1
:10891000977001276740577000275B055B0DD77084
:108920001383D076B846CA00012C32D02B4FBC46F8
:108930008F016244BC46AC446746BA604746176044
:10894000002932D0264AC90090466246414451600F
:108950003F223F339343022837D0224937190A6810
:108960007F01D3180B602049EF19FA608B422ED893
:1089700036197601AD19EB7E1C499B064A4013431C
:108980008022120613436A681360012080BCB84637
:10899000F0BD174FBC468F016244BC46AC446746ED
:1089A000BA6247461760002908D1002364012C19D8
:1089B0006360104BE360E8E70020E7E70B4AC9007B
:1089C0009046624641445162C2E75B00C5E7FCF74E
:1089D00013FFFA68CCE7C046BC2300208400105087
:1089E00004001050CC2F0020FF0F1050000010503A
:1089F000800010500001105010B502F0A5FA10BD13
:108A000010B57F200C0020404000E409110000193F
:108A10001A00034B4001C01800F05AF8012010BDA5
:108A2000BC2300207F23180000B5084083B00B4210
:108A300004D14B424B41084A013393668022C90955
:108A40004000064B401840010021C018120102F0FE
:108A5000BBFA03B000BDC04600201150BC2300206B
:108A60007F22130010B50B400A4200D110BDC90986
:108A70005B005B1804485B01C01800230022034917
:108A8000C37002F0A1FAF1E7BC230020FFF7FFFF5B
:108A900080220A4B520410B51A60094B09491A602A
:108AA00010000B689843FBD1802200215201064838
:108AB000FDF782FE0922054B5A6710BD00E0004019
:108AC00000F0004008C000400000105000001150AD
:108AD000002310B5C38201338282837601610400D2
:108AE00002F03AFA002804D080219023074A890234
:108AF000D150200002F040FA002802D00123237751
:108B000010BD200002F058FAFAE7C04600201150CC
:108B10000020704710B5064B1B78002803D01800C2
:108B2000FFF7AEFE10BD1800FFF7B0FEFAE7C04633
:108B3000E81000207047C0467047C04600207047CC
:108B400000207047002070477047C0467047C046FD
:108B50007047C0467047C046024B5878431E984144
:108B6000C0B2704734210020024B18784007C00F74
:108B70007047C04634210020F0B5D6464F464646E1
:108B8000C0B5294B07009A461B780E00FF2B44D135
:108B9000002935D0542200212448FDF70DFE002283
:108BA000234C244B20001A7001F014FB224B043C90
:108BB0001C60224B224D002B04D0280000E000BF97
:108BC000204B1860204A002491461E4A2B7890467C
:108BD0000EE043461B6862019B18002B10D05B68B7
:108BE000002B0DD0984701342B78E4B2A34209D36F
:108BF000A342EED8E31A5B014B445B68002BF1D132
:108C000000200BE05346310038001F70FFF7F0FDE5
:108C10000028F5D03800FFF733FE0120E0BCBA464B
:108C2000B146A846F0BDC046E8100020342100201F
:108C3000DC100020363C00208821002000000000CD
:108C4000343C0020EC1D002060CE0010F0B5DE4664
:108C500057464E464546E0B5C54B91B003931B7849
:108C6000FF2B00D13DE1C34BC34E9B465F46C34B38
:108C70000DAC0293C24B0193336800201D0098464F
:108C800008CD98472800210001F01CF94346050053
:108C90001B6801209847002D00D122E16378082B42
:108CA000EAD89B00FB589F466368002BE4D0A0687D
:108CB0009847E1E77F222179B04D0A405300EB1835
:108CC0009846C809804440460123303005799D43C9
:108CD0000571057903339D430571002A00D107E131
:108CE0004346A84A1B7D1278934200D3F7E0A64A78
:108CF0005B011568ED18002D00D1F2E0A3686279E0
:108D00002078AD69A847B7E7A04A1378002B00D1B7
:108D1000E7E01378013BDBB213701378002BABD183
:108D20000122964D01212B78042013432B7034230C
:108D3000EA5C8A43EA54EA5C8243EA540133EA5C1F
:108D40008A43EA54EA5C8243EA54237800209B4633
:108D500000F082FC602223791A40602A00D1F2E000
:108D6000402A00D1F8E0DB06DB0E012B00D115E133
:108D7000022B00D1CBE0002B00D0E4E0202A00D170
:108D80000FE2002A00D0DEE06379092B00D9DAE097
:108D90007F4A9B00D3589F46784D2B78DB0700D441
:108DA0006AE7FFF7D7FE67E7029BDB78DB0700D4B3
:108DB00062E76068FFF7C0FE5EE7704D2B78DB0767
:108DC00000D459E728780007C00FFFF7C1FE53E72A
:108DD00023786B4A994693466A4B6B4A984692466B
:108DE0003A00002547461B78B0464E4691460EE0B5
:108DF00053461B686A019B18002B00D17EE0DB689C
:108E00003000984701353B78EDB2AB420CD3AB4212
:108E1000EED8EB1A5B015B44DB6830009847013504
:108E20003B78EDB2AB42F2D2544D542200212800DF
:108E3000FDF7C2FC1022FF21281DFDF7BDFC280014
:108E40002022FF21143046464F46FDF7B5FC00F0C6
:108E5000F9FB2379AB700FE723784B4A9946494BCE
:108E6000924698463200BB464E46002547469146FC
:108E70001B780DE053461B686A019B18002B41D0FC
:108E8000DB683000984701353B78EDB2AB420ED33A
:108E90009D42EFD3019AEB1A94465B016344DB6871
:108EA0003000984701353B78EDB2AB42F0D2029DDD
:108EB000542200212800FDF77FFC1022FF213548B5
:108EC000FDF77AFC28002022FF2114304E465F4631
:108ED000FDF772FC00F0B6FBFFF738FECCE69342DC
:108EE00013D011B0F0BCBB46B246A946A046F0BDB7
:108EF000A3686279207800F0C3FBBDE646464F4682
:108F00001E4DA4E74E465F46E4E71D4DF6E670238E
:108F1000217A0B4217D1C80982460F330B405B0000
:108F200098461848EB1853441B7D0078834260D262
:108F300015485B01006881469944002A00D14FE141
:108F40004B46002B5DD120780021FFF76BFD80217F
:108F50002078FFF767FD8FE60F4800F07DFB0121C9
:108F600058460EAAFFF7D4FD002800D084E6EAE7B1
:108F7000E8100020B8CD0010882100203421002006
:108F800060CE0010343C0020EC1D0020363C002058
:108F9000DCCD001038210020118B0010237A0F2B1C
:108FA000D1D8D64AEB181B791278934234D3CAD160
:108FB000D34D686900F050FB012158466B690EAA39
:108FC0009847002800D057E66022150023791D40FD
:108FD0001A42B8D163790A3B012BB4D800F03CFBAC
:108FE00063790A2B00D17FE158460EA900F0C0FA40
:108FF00042E6834200D0EEE0C14B9946002A00D100
:10900000EEE04B46586900F027FB4B4601215846DD
:109010005B690EAA9847A7E7BA4A5B011568ED1885
:10902000002DC6D18FE7A37999466B789945DBD09F
:109030006B78002B00D02AE14B466B70002B00D1DF
:1090400022E148460138C0B2FBF794FA002800D16B
:1090500074E143780793022B00D06FE10122C179BC
:10906000B1468B11491113400A40302112015B01B6
:1090700013432A78A8468A4313432B7009239A4640
:1090800082445646BA46C37882781B021343C318FB
:1090900005939A4B04939A4B08939A4B09939A4BD6
:1090A0000A93059BB34200D84BE1737801220B2B46
:1090B00003D13378F278F6187378042B00D03AE1B4
:1090C000059B00279B1B9BB20693049B0B921D786C
:1090D00019E0099A7B011568ED18002D00D12AE1ED
:1090E000310058462B69069A98478446082803D9C8
:1090F000069A824200D30BE1049B01371D78FFB230
:10910000BD4200D217E1BD42E3D8089B7D1B9C46BF
:109110006D016544E4E76B780CAA0232137058467F
:1091200001230EA900F03AFAA6E5E3881A0AD8B29C
:109130000F2A00D907E775499300CB589F460EA820
:1091400000F090FA5846A179FFF7A6FB02222B788F
:1091500013432B7090E5E388012B00D0F3E608223F
:109160002B78584693430EA92B7000F001FA83E543
:10917000022029780CAB9A1C8B068908DB0F014072
:109180000B431380584602230EA900F007FA73E53B
:10919000E388012B00D0D6E608222B7813432B70EE
:1091A00022E7237A0F2B00D9CDE6544AEB181B791E
:1091B0001278934228D2534A5B011568ED18002DAE
:1091C00000D1C0E6686900F047FA012158466B6992
:1091D0000EAA9847C8E6002A00D0B4E600239946B4
:1091E00062790220130004928343012B11D0002ADC
:1091F00000D0A8E62B004344534430331B790CAA1B
:109200009B07DB0F0232BCE7934200D09BE63C4D4C
:10921000D8E7E388002B12D1039B1878049B012B1D
:1092200023D0FFF7FFFB43460221EB1853443033B2
:109230001A790A4301211A711A790A431A714B46A5
:10924000002B00D118E5586900F006FA4B460121C1
:109250005B690EAA58469847002000F0FDF93523B7
:10926000EB5CDB0700D507E5BEE6FFF7F9FB4346FD
:109270000221EB18534430331A798A431A711A7950
:1092800004998A431A71DAE7FFF760FCACE6002123
:109290005846FFF70BFB5846FFF7AEFB00229246FD
:1092A000174AAB780592174A049306922A00134B8B
:1092B0005546984692461B780EE0069B6A011B684D
:1092C0009B18002B56D0DB6858469847434601351B
:1092D0001B78EDB2AB4239D3AB42EED8059AEB1A0C
:1092E00094465B016344EEE70CAB9A1C584601239D
:1092F0000EA9157000F052F9BEE4C046343C0020BF
:1093000060CE0010EC1D00204821002004CE00108B
:109310000B9A012A4DD0002A3CD00023B07804E0FB
:109320000133DBB20F71934234D2C118C9B2414448
:109330000D79FF2DF4D04E464546574600236B70FD
:1093400001E64E465746FFF7FFFB4DE655465422D1
:1093500000212800FDF730FA1022FF21281DFDF71B
:109360002BFA28002022FF211430FDF725FA049B58
:10937000AB7061E65546FAE7FFF7E0FB021E00D14D
:10938000E1E5D37891781B020B4358460EA900F013
:1093900005F9E9E565463B0031002A000A9800F02E
:1093A0002DFDAC46049B66441B78BB4200D378E697
:1093B000C1E7174B29699942AFD1079AADE7FFF78B
:1093C000BFFB021E00D1BEE5584613780EA900F07F
:1093D000E5F8C9E52189FBF7D1F8021EF4D1B2E521
:1093E000022A0FD0FFF7AEFB021ECAD1ABE5FBF796
:1093F000BDF8021E00D1A6E5122358460EA900F0C2
:10940000CDF8B1E5FBF7B6F8021EBAD19BE5C04630
:10941000519A0010F8B557464E46DE4645460C00B8
:10942000E0B516001F00002A3CD0702398461E4B62
:1094300000259B461D4B9A461AE05B461B78200090
:1094400099465346997800F09BFC00281CD02100D7
:109450004846FFF747FA002816D0A378DA09012A10
:1094600019D00A9A013513702378E418B54219DA35
:109470006378052B08D1E3789B079B0FBB4203D190
:109480004246A3781A42D8D00020F0BCBB46B24670
:10949000A946A046F8BD0B9A013513702378E4184D
:1094A000B542E5DB0120F0E7E81000203421002080
:1094B000702270B58B780C001A4201D0002070BD6C
:1094C000064B20001D78064B997800F059FC0028C7
:1094D000F4D021002800FFF705FAF0E7E81000209B
:1094E000342100207F2010B50840C909044B3431D5
:1094F00040004018C018002100F016FC10BDC04606
:10950000342100207F2010B50840C909044B3431B4
:1095100040004018C018002100F020FC10BDC046DB
:109520003421002070B57F240F480C4064000419DA
:10953000CD09641930342079C00701D5002070BDF1
:10954000012625790948354300782571FFF758FA37
:109550000028F4D101222379934323712379033224
:1095600093432371EAE7C04634210020E81000202D
:1095700070B5094C0600082220000D00FDF722F905
:1095800000238021E360A3602B7830009943002200
:109590000023FFF7C7FF70BDDC200020F8B5CE46E2
:1095A00047469046254E80B58146082230000D0082
:1095B0001F00FDF707F94346B3600023F381EC7900
:1095C000AB7924021C43231CBC4200D93B1C9FB234
:1095D000B381002C0DD0002F17D04246002A2BD08B
:1095E000402F1BD89FB233787F2B1CD80021144A00
:1095F0000FE080212B780022994348460023FFF793
:1096000091FFC0BCB946B046F8BD7F230022317837
:1096100099433B004846FFF785FFF2E740239FB29E
:1096200033787F2BE2D9064C3A0041462000FDF703
:10963000C9F880212200ECE70020E2E7DC200020CE
:109640009C20002010B5142200210248FDF7B4F838
:1096500010BDC046DC200020014B18617047C04699
:10966000DC20002010B5054C010008222000FDF789
:10967000A9F80023A360E36010BDC046DC200020F1
:1096800070B5384C1D0023780600DA09C9098A42F2
:1096900010D00020002D00D070BD21003000FFF759
:1096A00013F92369002B03D02200032130009847CF
:1096B0000120F1E77F2B06D8A068002834D02A00CB
:1096C0002949FDF77FF8E289A1685219E38892B22F
:1096D0004919E281A160934214D03F2D12D9A38988
:1096E000981A051C80B240282AD82078ADB27F286D
:1096F00028D800219A4232D01B4A2B003000FFF7B5
:1097000011FFC9E72369002B05D022000221300098
:10971000984700280AD080212378002299433000FE
:109720000023FFF7FFFEB7E70020B5E70021300078
:10973000FFF778F930008021FFF774F90120ABE7DB
:109740004025D2E79A4207D0074C2A002000FDF7B7
:1097500039F880212200D0E780210022CDE70022C5
:10976000CBE7C046DC2000209C20002070B5040020
:10977000FFF7F2F9002800D170BDFFF7F5F90028D6
:10978000FAD123011B199B00124D1B19DB00EE18A7
:10979000F1780029F0D010335D19280000F07CFB2F
:1097A0003F28E9D90020F178FFF79CFE0028E3D09C
:1097B000280000F071FBF1783F2807D9064BE20141
:1097C000D21800204023FFF7ADFED5E70020FFF7B9
:1097D00099FED1E7741E0020F01D002010B5040092
:1097E000FFF7BAF9002801D1002010BDFFF7BCF93E
:1097F0000028F9D123011B199B00044A1B19DB0027
:10980000D218137901301840EFE7C046741E0020CB
:10981000030110B51B189B001818034BC000C0189B
:1098200000F01CFB10BDC046841E0020F0B5802354
:10983000C64606013418A4002418204FE400103452
:10984000050000B53C195B029A4200D31C4A200077
:1098500092B200F077FB8046FFF77EF9002803D133
:10986000404680BCB846F0BDFFF77EF90028F7D12E
:109870007619B6007619F600BE19F378002BEFD0F2
:10988000200000F009FB3F28EAD90020F178FFF71B
:1098900029FE0028E4D0200000F0FEFAF1783F28ED
:1098A00007D9084BEA01D21800204023FFF73AFEFF
:1098B000D6E70020FFF726FED2E7C046741E002040
:1098C000FFFF0000F01D0020F8B50400FFF744F989
:1098D000002801D10020F8BDFFF746F90028F9D192
:1098E00025012D19AD002D19ED002E00134F1C364A
:1098F000F619300000F0B2FA0028EBD07F190020F2
:10990000B978FFF7EFFD0028E4D00D4DE4016519AB
:1099100029004022300000F015FBB978041E08D061
:1099200003002A000020FFF7FDFD0028D2D0200010
:10993000D1E70020FFF7E6FDCCE7C046741E00200B
:10994000301E002070B504012418A4000C4B24180C
:10995000E400E418802305005B029A4200D3094A20
:10996000200092B200F096FB0600200000F076FA8C
:109970003F2801D8300070BD2800FFF7A5FFF9E7A8
:10998000901E0020FFFF0000030110B51B189B0074
:109990001818034BC000C01800F07EFA10BDC04676
:1099A000901E00208A2210B5134C82B000212000A6
:1099B0009200FCF701FF0022104B21001A70FF23D8
:1099C0006371E1235B02A36008232000A37300926C
:1099D00001322831073BFF32103000F029FA210014
:1099E0000123200080222931FF31009352001C30D6
:1099F00000F01EFA02B010BD741E0020701E002080
:109A00000120704770B50F4C052200212000FCF7A3
:109A1000D3FE0D4D2B78DA0707D50C4C9B070CD5E0
:109A20000121200000F0DCFB70BD2000103000F0B0
:109A3000D1FB2B78054C9B07F2D4200000F0CAFB29
:109A4000EEE7C046741E0020701E0020901E00200D
:109A5000F0B54B79060083B0022B02D18B79022B33
:109A600003D00025280003B0F0BD204FBB78002BA9
:109A7000F7D18B7809253B700C780C196378242B6F
:109A800007D00CE02378E4185D196378ADB2242B7D
:109A900005D19542F6D90020FFF768FEE2E71A00EB
:109AA000052B15D0042AF6D163790A2BF3D1104B7C
:109AB000277801930133009330000223E119023A21
:109AC000FFF7A8FC0028CCD00E35ED19ADB2E2E7C7
:109AD00021003000FFF7ECFC0028C2D0A3787B7097
:109AE00023785D19E4186278ADB2DBE7741E0020BC
:109AF000761E0020F8B5602314001278050013408C
:109B00000020202B07D1304A6379277916781B0271
:109B10003B439E4200D0F8BD6378222B1AD007D871
:109B2000202B34D0212BF6D101293ED00120F2E7A1
:109B3000232BF0D1012940D00329F7D1234B002B4F
:109B4000F4D0E178A37809020020194300E000BFB7
:109B50000120E0E7012930D00329E7D101252E00BB
:109B6000A378E478023924021C43147126401C3285
:109B70001000714000F034FB154B002BD6D062086A
:109B8000002031002A4000E000BF0120C3E7012986
:109B90000BD00329CAD10F4B002BC7D008320020AD
:109BA000110000E000BF0120B5E7072321002800D5
:109BB000094AFFF7F3FC0120ADE721002800FFF779
:109BC000D7FC0120A7E7C046741E0020000000005B
:109BD00000000000000000007C1E0020F0B54F4691
:109BE0004646D646C0B5364D8046EA780C001F0082
:109BF0008A423CD0AB788B4210D00020E0BCBA4601
:109C0000B146A846F0BD2F4B002B04D02E4800F0E3
:109C10003BF9002851D00020FFF7A8FDAB78A34204
:109C200001D00120EAE7294B002B02D0002000E000
:109C300000BF0020FFF748FE0028F2D1244C20008E
:109C400000F00CF90028ECD1002FEAD0BF06E8D1D3
:109C50001C3C4046A178FFF745FC0028E1D00023DA
:109C600000224046A178FFF75DFC0120C6E79AB2CA
:109C700010239A46174EAA443100504600F00AFAC3
:109C8000154B002BBFD06B79FF2BBCD0002FBAD067
:109C9000F219914603E001364E45B4D06B79327823
:109CA0009A42F8D1504600F0EFF80028F3D153461D
:109CB000103B597900E000BFEDE700E000BFAAE7E4
:109CC000741E002000000000841E00200000000020
:109CD000901E0020F01D00200000000000B50300D1
:109CE00083B0002910D00020012B07D80A78002A61
:109CF00004D00C48C2540120012A01D003B000BD99
:109D00001800FEF739FFF9E701236A46002001A990
:109D10009380FEF731FF0028F0D00122014B1A702A
:109D2000ECE7C0463021002002780300D207D00FB4
:109D3000002A10D11A7852070CD41A78D207D00F03
:109D4000002A08D11A78520704D4042101201A7875
:109D50000A431A7070470020FCE7C04603780200EF
:109D60005B07D80F002B00DB70471378DB0704D4A8
:109D7000042113788B431370F6E70020F4E7C04604
:109D8000437902791B021343C2785B0592075B0D8E
:109D9000920F022A1DD0032A0CD00020012A08D1DC
:109DA00002394A425141124A944661449942404123
:109DB000C0B2704702394A1E91410E4A49421140D1
:109DC0008022D20094460020614499424041C0B2B2
:109DD000EFE7022905D0002040229A424041C0B25C
:109DE000E7E7054A981843425841C0B2E1E7C04648
:109DF000FF03000040FCFFFF00FEFFFF8A1870B564
:109E0000914207D27F264C78052C04D00C78091992
:109E10008A42F8D870BD34008D782C406400041953
:109E2000ED0963550C7809198A42ECD8F2E7C0466F
:109E300030B580256C462D02247BAA420BD85B04EA
:109E40005B0CE4031C430023016043818280C480D7
:109E50000381012030BD0020FCE7C04610B5048915
:109E600041898288A3B288B28C4207D31B1A9BB265
:109E7000101C9A4200D9181C80B210BD5100091A5A
:109E80005B189BB2F4E7C04603894089181A434225
:109E90005841C0B27047C04610B5048941898288D4
:109EA000A3B288B28C4207D31B1A9BB200209A42FD
:109EB00001D9D21A90B210BD5100091A5B189BB299
:109EC000F4E7C04670B50400268965890800A288B9
:109ED000B1B2ABB2AE422CD3CD1AADB2002D21D06F
:109EE000AA4208D2914229D3891A8BB263819A423D
:109EF00003D89B1A9BB29A42FBD9E288216852048C
:109F0000520C5343C918FCF75DFC63890120591CAE
:109F100089B2A2888B4208D900215200891A89B2DD
:109F2000618170BD0020618989B252009142F7DBE6
:109F3000F4E75500ED1A4D19ADB2CFE789188BB291
:109F40006381D4E7F0B54F46D6464646C0B5070014
:109F5000894600897989BD8883B28CB288424FD303
:109F60001E1BB6B2002E45D0B54205D2AB424CD234
:109F70005B199CB22E007C81131CB24238D89EB271
:109F8000A54203D8641BA4B2A542FBD9FA8839685C
:109F90005204520C904662432B1B9BB289184246D6
:109FA0009E4220D953439BB21A0048469A46FCF77A
:109FB00009FC43464846751B64195C4339685044A4
:109FC000A2B2FCF7FFFB7989BD888B199BB26A00AE
:109FD000994211D99B1A9BB230007B81E0BCBA46F2
:109FE000B146A846F0BD48467243FCF7EBFBEAE7F2
:109FF000331CC4E77B899BB26A009342ECDBE9E740
:10A000006E00361B9E19B6B2ACE75B1B9CB2B1E783
:10A01000F8B504000589828806894089ADB2B3B2DB
:10A0200087B2864221D3DB1B9BB29A4202D8E079E9
:10A03000C00919D02B0095421CD39B1A9BB29342A6
:10A04000FBD2E28820685204520C5343C018FCF73C
:10A05000B9FB6B1C9BB2A2889D4216D9002352000B
:10A060009B1A9BB201202381F8BD5000C01B1B1816
:10A070009BB2DAE7E28820685204520C5343C018BE
:10A08000FCF7A0FB0135A288ABB252009342E9DB9A
:10A09000E6E7C046F0B545464E46DE465746E0B5D3
:10A0A00088460500160083B0002A42D00789EA7965
:10A0B0004389BFB280889BB2D20942D19F425ED20F
:10A0C0004200D31AFB189BB2834232D2C31A1A1C25
:10A0D0009BB2B34200D9321CEB8896B25B045B0C96
:10A0E0009946BB199BB29A46331A9BB29B463C00D9
:10A0F000874203D3241AA4B28442FBD24A46624365
:10A10000001B83B2286880184A46B34247D34146B1
:10A110007243FCF757FBAB885B00574501D89A4563
:10A1200003DB5246D31A9BB29A46534630002B812A
:10A1300000E0002003B0F0BCBB46B246A946A046F2
:10A14000F0BDEA885204520C914686421AD29F42D0
:10A1500037D3FA1A92B24100341AA4B29219A34624
:10A160008A4208DB1A1892B2971BBFB29246BB42D2
:10A170002CD97F1ABFB2F3199BB29A46B7E7FB1AE4
:10A180009BB2A1E70028D5D0361A56431F001A18F3
:10A19000002392B2B044924606009B46A7E7534381
:10A1A00099B20A0001915C444146FCF70BFB220086
:10A1B0004B465A430199286892B24144FCF702FB8E
:10A1C000A9E74100CA1ABA1892B2C5E7B94200DD40
:10A1D0008DE7CEE700234381038101207047C0460D
:10A1E000CB017F21C27911401943C1710120704711
:10A1F000054B10B59C466044000D80004118034893
:10A20000FAF7FCFA10BDC0460000E0AF6023002062
:10A2100010B50A4B0A4AC418240DA40082B000925B
:10A2200008482200E31CFAF7A5FA844202DC001B6E
:10A2300002B010BD01204042FAE7C0460000E0AF86
:10A24000F4C600106023002070B50D000400FAF77A
:10A2500059FA1A4A1A4B944601226444240DA40068
:10A26000E65805212C792023A2406956013A1B1B90
:10A27000002913DB00248B420CDB13008B401E42B1
:10A2800008D1AB79002B05D18A40140034406342D9
:10A290005C41E4B2FAF742FA200070BD002B02DA0A
:10A2A00009E0013B07D314009C4019002642F8D175
:10A2B000AB79002BE8D00024ECE7C0460000E0AF0B
:10A2C0004C220020F0B557464546DE464E468846AD
:10A2D000E0B583B006000525FAF714FA4346844634
:10A2E0005D571879334B344AF3181B0D9B00924687
:10A2F000D758012220248240241A013A002D41DB44
:10A30000A54232DC1100A9400F422ED14146096816
:10A31000894641468979002945D12C00AA409346B7
:10A3200059463A40394241D1802189018846002866
:10A3300016D06146A44634004E469946030001916A
:10A340005100705A404500D24019A91812318900B5
:10A35000013208519A42F3D3019B64469C464B4616
:10A360005A4617435246D75001E0012464426046E2
:10A37000FAF7D4F9200003B0F0BCBB46B246A946B8
:10A38000A046F0BD002C02DA10E0013C0ED3110013
:10A39000A14025000F42F8D141460968894641464F
:10A3A00089790029BAD014246442E0E70924644280
:10A3B000DDE7C0460000E0AF4C220020F0B54E467D
:10A3C0004546DE465746E0B583B089460CA984462B
:10A3D0000D781F2A45D84946490088464944C90096
:10A3E000461837003400DC373868CC3483462068A0
:10A3F000310001901C4880248246A40251440C6024
:10A4000069424D411E216D428D4318498A4655448B
:10A41000052B0CD9A0201F214005D8365401044338
:10A420000532053B3C600A403560052BF6D85201E9
:10A430009B06134342464A44D20062441000DC3279
:10A4400013600300D8331D605B461360019BCC3062
:10A450000360002003B0F0BCBB46B246A946A0464C
:10A46000F0BD05204042F5E7CC3000009FE0000041
:10A47000F0B501258D400468AC430460002B2ED05C
:10A480004D006C18E400041926001F68C8363760B8
:10A490009F68043677605F68DB68DC343760236070
:10A4A0006B18184DDB00AC468025C41864442D069B
:10A4B00025602560144C0D1D8C408460012426000D
:10A4C000AE40802508318C401F21AD014519C018D0
:10A4D0000A40D8302E602C6002600020F0BD4D0094
:10A4E0006C18E400041926008027C8367F02376004
:10A4F000C0273F03B760F82704367F02DC3437609B
:10A500002360CDE7D01000000101010110B5192032
:10A51000FAF7BAF8D02380221B0692045A6210BDC3
:10A5200010B583070AD00300032102E001330B4278
:10A5300005D01A78002AF9D1181A10BD030019683D
:10A540000C4A0D4C8A188A4322420FD15968094A95
:10A5500004338A188A43224208D15968054A0433D1
:10A560008A188A432242F1D000E001331A78002A87
:10A57000FBD1E1E7FFFEFEFE808080800323CAB2AC
:10A58000F0B50340002A35D00324002B2DD1FF2342
:10A590000B401D02ED182B04ED182C000168264E0F
:10A5A0004C408B198B43A119A143244E0B433342DA
:10A5B00011D14168204F0C00CB196C408B43E1193D
:10A5C000A1430B4304303342F3D00378002B05D072
:10A5D0009A4204D001300378002BF9D10020F0BD5D
:10A5E0009342FCD001302042D1D00378002BF7D128
:10A5F0000020F4E7002B08D0032202E001301042D3
:10A6000003D00378002BF9D1E9E702680A4B0B4924
:10A61000D31893430B4206D14268074B0430D3183A
:10A6200093430B42F8D00378002BD8D04378013005
:10A63000002BFBD1D3E7C046FFFEFEFE808080806A
:10A64000F0B5CE4647460300944680B5012959D956
:10A65000012201209046012500260124404206E007
:10A66000221A9046260001257419A1420DD91F18FF
:10A670001A5D7F5DBA42F3D336D001250122300046
:10A68000013674199046A142F1D8444662461460DE
:10A6900001229146023A012500269046012407E056
:10A6A0004246A21A9146260001257419A1420ED9EC
:10A6B0004746DF191A5D7F5DBA42F1D818D00125EF
:10A6C0000122B046013674199146A142F0D84346A2
:10A6D00001300133834203D36246494618001160BA
:10A6E000C0BCB946B046F0BD454505D00135BBE715
:10A6F0004D4504D00135D8E776190125B4E7761920
:10A700000125D2E7012399460023E5E7F0B5454648
:10A71000DE4657464E461400E0B585B003AA804693
:10A720008A46200019001D00FFF78AFF039B81461F
:10A730000200E1182000019300F096FA00285ED193
:10A740005346591B80231B012B43009301230027F1
:10A7500000269B460800B0421CD33B004F4500D268
:10A760004B46424691199D4227D98446080002E093
:10A7700001339D4220D0E15CC25C9142F8D060463A
:10A780009D421AD95A464946521A9619F618002778
:10A79000B042E2D240460099504400F05FFB824450
:10A7A0005346581BB042D8D2002005B0F0BCBB467F
:10A7B000B246A946A046F0BD60464B464246013B24
:10A7C00091194F4565D28446080003E05A1E9F4206
:10A7D0000ED01300E15CC25C9142F7D060460133B9
:10A7E00001379F4208D8019B9C46EF1A6644B2E7A6
:10A7F000013760469F42F6D930004044D5E74B46CA
:10A80000EB1A4B4500D24B4601330093039353465A
:10A81000591B80231B012B4300269B460127080060
:10A82000B04218D342464B4691194D4520D9844633
:10A83000080002E001339D4218D0E15CC25C914205
:10A84000F8D0010060469D4212D94A46BA1A9619BC
:10A85000F618B042E6D240465946504400F0FEFA9F
:10A8600082445346581BB042DCD29DE7010060464B
:10A870004B46013B0FD38446080001E0013B94D3D3
:10A88000E15CC25C9142F9D0009B60469C46664404
:10A89000C6E74B46A4E7080087E7C046F0B5DE46AA
:10A8A000574645464E46E0B5844C8346A5441400C1
:10A8B0008A4605AA190020001D00FFF7C1FEFFAA65
:10A8C000019006AB1C3220C39342FCD1002D0FD067
:10A8D0002300A446681E6619201808241A7804AFBD
:10A8E000C11A92003F190133B9509E42F5D1644616
:10A8F000059B2000019AE118984600F0B5F9002860
:10A9000000D07AE0002399465346591B80231B014F
:10A910002B4303932B006F1E00264D4608009946DB
:10A92000029408E0002D04D0984502D94B464246D7
:10A930009B1A0025F618B04224D35B4608249919C7
:10A94000CB5D04AA9B001219D358002BEAD1019ABF
:10A950002B00954200D213009F422AD98446029CC4
:10A96000080002E001339F4220D0E15CC25C9142CA
:10A97000F8D00100029460469F421AD9019AB61A93
:10A980000136D6E758460399504400F067FA8244EE
:10A9900053464A46981AB042CFD20020484B9D44B5
:10A9A000F0BCBB46B246A946A046F0BD01006046D9
:10A9B0000294019A531E95427DD28446029C08005F
:10A9C00003E05A1E9D4210D01300E15CC25C91422C
:10A9D000F7D0010060460294013301359D420AD848
:10A9E0004B46424646449D1AA5E7013501000294B4
:10A9F00060469D42F4D90800D0E7019AAB1A934211
:10AA000057D30133039305935346591B80231B01EE
:10AA10002B4399466B1E002608001F000294B0428B
:10AA20000CD35B4608249919CB5D04AA9B0012192C
:10AA3000D358002B0DD0F618B042F2D258464946F2
:10AA4000504400F00BFA82445346581BB042E8D2FF
:10AA5000A3E7019A1300BA4217D28446029C080069
:10AA600002E00133BB420DD0E15CC25C9142F8D000
:10AA70000100029460469F4207D9019AB61A013636
:10AA8000F618D9E7010060460294019B013BB2D35E
:10AA90008446029C080002E0013B00D27EE7E15CB4
:10AAA000C25C9142F8D0039B60469C460294664487
:10AAB000B5E71300A5E713008FE7C046E4FBFFFFEF
:10AAC0001C040000F0B5CE46474680B50E0009785C
:10AAD0000500040091B0002958D07278002A00D1F6
:10AAE00078E0B078002857D013020B4307041F43C7
:10AAF000F3789C461B063B436746002F00D180E05D
:10AB00003279002A6AD03000FFF70AFD80218900DF
:10AB100007000143280000F0A1F987424AD8FE2F20
:10AB200000D985E0C01B804640226846791CA844B5
:10AB3000FBF742FE002F0FD0BA1994463F22330094
:10AB40009146F8B2301849466C461A780A40C11A44
:10AB50000133A1549C45F6D12C003F256A46013CA7
:10AB6000E35D2B40D35CE418A04503D224E04C44C1
:10AB7000A04521D36A46E35D31002B40D35C200021
:10AB80003A00994600F070F80028F0D1200011B08A
:10AB9000C0BCB946B046F0BD0904114300232A7871
:10ABA00006E02C001B04013513432A7899423DD05E
:10ABB000002AF6D10024E9E74346D819DB5D002BD3
:10ABC000F8D08021090100F049F98044A045C5D2A0
:10ABD0000024DBE7FFF7D2FC0400D7E72A78002A3D
:10ABE000E8D019BA002301E08B4208D02C001B02E8
:10ABF000013513432A78002AF6D18B42DAD1033C7F
:10AC0000C4E71204090611432A7800020143002A0E
:10AC1000D0D0002301E0002ACCD02C001343013512
:10AC20001B022A789942F6D1023CAFE7013CADE71E
:10AC300001003B0032002800FFF730FE0400A5E7CA
:10AC400070B5074C074D641BA41005D0013CA30050
:10AC5000EB589847002CF9D100F05AF970BDC04666
:10AC600020B0001020B0001030B5032A1AD90B0014
:10AC700003439B0711D0551E002303E05A1C9D423D
:10AC800013D01300C25CCC5CA242F7D0101B0DE0C5
:10AC9000043A04300431032A04D904680B689C4246
:10ACA000F6D0E8E7551E002AE6D1002030BDC046A8
:10ACB000F0B557464E464546DE46E0B582460F00A3
:10ACC00090461E00994683B0242B43D8012B41D0D7
:10ACD0000B0008204A4D1A0014780133295D084200
:10ACE000F9D11D002D2C00D176E02B2C3ED0454B08
:10ACF0009B4600230193002E53D1302C00D173E0EA
:10AD00000A2399460A3649465846FAF7C7FE2B00E9
:10AD10008C463D000200270000214C460020E14601
:10AD2000AC463D00303D092D07D9113D192D03D901
:10AD30003D00613D192D20D80A35AE421DDD4F1C66
:10AD400005D082422AD327D00121604328181F78DA
:10AD50000133E6E700F074F816230360002003B027
:10AD6000F0BCBB46B246A946A046F0BD1C78254BB8
:10AD7000951C9B4600230193BDE767464A1C21D0E2
:10AD8000019A002A00D040424246002AE7D000291A
:10AD900033D143461F60E2E7A945D5DA0121494294
:10ADA000D5E7102EAFD110239946302CABD12022FD
:10ADB0002B789343582BA6D110236C7899461026F4
:10ADC0000235A0E7222251460A6042465846002A30
:10ADD000C5D058465F1EDCE71C7880231B069B46C7
:10ADE0000123951C019386E720222B789343582B4F
:10ADF000E2D008230826994685E78346E9E7C0465E
:10AE00008DCE0010FFFFFF7F10B5FFF751FF10BD83
:10AE100010B504001300034A10680A002100FFF770
:10AE200047FF10BDF010002010B504001300034AC6
:10AE300010680A002100FFF73BFF10BDF010002052
:10AE4000014B18687047C046F010002010B5010093
:10AE500000230022002000F013F810BD10B50300FD
:10AE60004418002903D109E001339C4204D01A7828
:10AE7000002AF9D1181A10BD201AFCE70020FAE7C1
:10AE8000F0B5C6461A4C00B52568002D2AD06C686E
:10AE90001F2C2ADC002808D10020631C0234A400E7
:10AEA0006B60615180BCB846F0BD8827A600AE1922
:10AEB000F2510137FF37BC460122AC446746A2403D
:10AEC0003F68904617436246176084277F00F3511E
:10AED0000228E1D1280042468D30FF300368134339
:10AEE0000360D9E7034D2560D1E701204042D9E74F
:10AEF000E81D0020581C0020034B10B5002B02D089
:10AF00000248FFF7A3FF10BD0000000041AC001095
:10AF1000F8B5C0460000000001B40248844601BCF8
:10AF2000604700BF5503002001B40248844601BCBD
:10AF3000604700BF5901002001B40248844601BCAB
:10AF4000604700BFA90F002001B40248844601BC3D
:10AF5000604700BF9104002001B40248844601BC50
:10AF6000604700BF6D0C002001B40248844601BC5C
:10AF7000604700BFC502002001B40248844601BCFE
:10AF8000604700BF950C002001B40248844601BC14
:10AF9000604700BFA90F002001B40248844601BCED
:10AFA000604700BF3502002001B40248844601BC5E
:10AFB000604700BFC100002001B40248844601BCC4
:10AFC000604700BF250D002001B40248844601BC43
:10AFD000604700BFD50C00202D58001059580010B4
:10AFE0003D5A0010A9670010E160001019670010B9
:10AFF000655900107558001095580010A958001098
:10B00000BD4B0010B1580010594F0010F5570010FB
:10B0100069480010F9AE001095870010FD0200107D
:10B020000A3D3D3D20545241444520434F4D504C34
:10B0300045544544203D3D3D00000000546F74617F
:10B040006C207472616465733A20256C750A000087
:10B0500042797465732065786368616E6765643AE8
:10B0600020256C750A0000005741524E494E473A60
:10B070002053746F726167652069732066756C6C0C
:10B080002120506F6B656D6F6E206E6F7420736141
:10B090007665642E00000000506F6B656D6F6E204A
:10B0A000736176656420746F2073746F7261676575
:10B0B00021202825642F256420736C6F74732075FC
:10B0C000736564290A0000004552524F523A2046E7
:10B0D00061696C656420746F207361766520506FC0
:10B0E0006B656D6F6E3A2025730A00005B547261C8
:10B0F00064655D2053746174653A202573202D3E8C
:10B100002025730A00000000446973636F6E6E654A
:10B110006374656400000000436F6E6E6563746560
:10B120006400000054726164696E67003D3D3D3DFE
:10B130003D3D3D3D3D3D3D3D3D3D3D3D3D3D3D3D3F
:10B140003D3D3D3D3D3D3D3D3D3D3D3D3D3D3D3D2F
:10B150003D3D0000202020506F6B656D6F6E2042DA
:10B16000616E6B2076302E330000000020202050CE
:10B170006861736520333A20466C617368205374AC
:10B180006F726167650000003D3D3D3D3D3D3D3DC9
:10B190003D3D3D3D3D3D3D3D3D3D3D3D3D3D3D3DDF
:10B1A0003D3D3D3D3D3D3D3D3D3D3D3D3D3D0A003F
:10B1B0005741524E494E473A2053746F726167654A
:10B1C00020696E6974206661696C65643A20257334
:10B1D0000A00000053746F726167653A2025642F7E
:10B1E000256420506F6B656D6F6E206C6F616465B8
:10B1F000642066726F6D20666C6173680A000000DF
:10B20000504B4D42414E4B00547261696E65723A2B
:10B21000202573202849443A202564290A0000008B
:10B220004F66666572696E673A2042756C6261733B
:10B23000617572204C762E350A0000004552524F3F
:10B24000523A204661696C656420746F20696E69AA
:10B250007469616C697A65204742204C696E6B2184
:10B260000000000050726573732027682720666F06
:10B270007220636F6D6D616E642068656C702E0066
:10B28000436F6E6E65637420796F75722047616DD0
:10B290006520426F7920616E6420656E746572204E
:10B2A00074686520747261646520726F6F6D210A25
:10B2B000000000004C454420636F6C6F72733A00CD
:10B2C0002020426C75652020203D205761697469FB
:10B2D0006E6720666F7220636F6E6E656374696F50
:10B2E0006E0000002020477265656E20203D2043DF
:10B2F0006F6E6E656374656420746F2047616D6561
:10B3000020426F790000000020204379616E2020E8
:10B31000203D20496E20747261646520726F6F6DEC
:10B320000000000020204F72616E6765203D2054B0
:10B33000726164652070656E64696E67000000006C
:10B340002020507572706C65203D205472616469D4
:10B350006E6720696E2070726F677265737300008C
:10B36000202042726967687420477265656E203DCF
:10B3700020547261646520636F6D706C6574652123
:10B38000000000002020526564202020203D204540
:10B3900072726F720A00000050696E2073746174DB
:10B3A000657320617420626F6F743A2053433D25AA
:10B3B000642053493D256420534F3D25640A000015
:10B3C0007B226572726F72223A224A534F4E20746A
:10B3D0006F6F206C6F6E67227D0000005265736591
:10B3E0007474696E6720747261646520737461742B
:10B3F000652E2E2E000000000A3D3D3D20506F6B53
:10B40000656D6F6E2042616E6B205374617475734D
:10B41000203D3D3D0000000054726164652073745E
:10B420006174653A2025730A000000004C696E6B58
:10B430002073746174653A2025730A004C696E6B41
:10B44000206279746573207472616E7366657272BE
:10B4500065643A20256C750A00000000547261642E
:10B46000652062797465732065786368616E6765CD
:10B47000643A20256C750A00547261646573206318
:10B480006F6D706C657465643A20256C750A0000F8
:10B4900053432070696E2028636C6F636B293A20D8
:10B4A00025640A00534F2070696E202866726F6D04
:10B4B000204742293A2025640A00000053746F7225
:10B4C0006167653A2025642F256420506F6B656D98
:10B4D0006F6E0A000A3D3D3D2043757272656E74C1
:10B4E00020506F6B656D6F6E20746F2054726164B5
:10B4F00065203D3D3D0000000A3D3D3D2054726108
:10B50000646520426C6F636B2028666972737420D7
:10B51000363420627974657329203D3D3D0000007A
:10B520000A2A2A2A205741524E494E473A20546847
:10B5300069732077696C6C2064656C657465206143
:10B540006C6C2073746F72656420506F6B656D6FE7
:10B550006E21202A2A2A00005072657373202779F1
:10B560002720746F20636F6E6669726D2C20616E88
:10B5700079206F74686572206B657920746F206321
:10B58000616E63656C2E000053746F726167652095
:10B59000636C656172656421000000004572726F22
:10B5A0007220636C656172696E672073746F72617B
:10B5B00067653A2025730A00436C656172206361F8
:10B5C0006E63656C6C65642E000000000A3D3D3DB5
:10B5D00020536C6F74202564203D3D3D0A0000001F
:10B5E000536C6F7420256420697320656D707479C5
:10B5F00020286861766520256420506F6B656D6F2B
:10B600006E290A00456E74657220736C6F74206E2B
:10B61000756D62657220746F2072656D6F7665203E
:10B6200028302D39293A200025630A0052656D6FB4
:10B6300076656420506F6B656D6F6E2066726F6DFE
:10B6400020736C6F742025640A0000004572726FCD
:10B65000723A2025730A0000496E76616C69642095
:10B66000736C6F74202564202868617665202564DA
:10B6700020506F6B656D6F6E290A0000496E766110
:10B680006C696420696E7075742C2063616E6365EB
:10B690006C6C65642E000000456E746572696E679F
:10B6A00020424F4F5453454C206D6F64652E2E2E13
:10B6B000000000000A3D3D3D204750494F204469AD
:10B6C00061676E6F73746963203D3D3D000000004B
:10B6D000475030202853432F436C6F636B293A2027
:10B6E00025642028657870656374204849474820A0
:10B6F0007768656E2069646C65290A0047503120BF
:10B700002853492F746F204742293A202564202866
:10B710006F7572206F7574707574290A00000000CF
:10B720004750322028534F2F66726F6D20474229B1
:10B730003A2025642028657870656374204849475D
:10B7400048207768656E2069646C65290A000000EE
:10B750000A496620534320616E6420534F20617272
:10B7600065204C4F57207768656E204742206469FA
:10B7700073636F6E6E65637465642C2063686563C4
:10B780006B3A00002D2050756C6C2D757020726521
:10B79000736973746F7273206F6E207468652062B2
:10B7A0006F617264000000002D204C6576656C208E
:10B7B0007368696674657220636F6E6E6563746921
:10B7C0006F6E73002D204361626C6520636F6E6E37
:10B7D000656374696F6E0A000A3D3D3D20506F6BD2
:10B7E000656D6F6E2042616E6B20436F6D6D616E93
:10B7F0006473203D3D3D000073202D20537461741F
:10B800007573000072202D205265736574206C6979
:10B810006E6B20616E642074726164652073746164
:10B820007465000070202D205072696E742063755D
:10B830007272656E7420506F6B656D6F6E20746FE1
:10B8400020747261646500006C202D204C69737453
:10B850002073746F72656420506F6B656D6F6E003E
:10B86000302D39202D205669657720506F6B656D1E
:10B870006F6E20696E20736C6F74000078202D202D
:10B8800052656D6F766520506F6B656D6F6E2066CB
:10B89000726F6D20736C6F740000000063202D20A8
:10B8A000436C65617220616C6C2073746F726564A7
:10B8B00020506F6B656D6F6E0000000064202D20BE
:10B8C00044656275673A2064756D702074726164B6
:10B8D0006520626C6F636B0067202D204750494FD5
:10B8E0002070696E20646961676E6F7374696300AC
:10B8F00077202D2057617463682070696E7320284B
:10B90000636F6E74696E756F75732C20616E79202C
:10B910006B657920746F2073746F702900000000CC
:10B9200062202D20456E74657220424F4F5453455E
:10B930004C206D6F6465000068202D205468697389
:10B940002068656C700000000A4A534F4E20636FF8
:10B950006D6D616E647320616C736F2073757070B0
:10B960006F7274656420666F722057656255492E48
:10B970000A0000005761746368696E672070696E21
:10B98000732028707265737320616E79206B6579FE
:10B9900020746F2073746F70292E2E2E000000000B
:10B9A00053433D436C6F636B2C20534F3D44617494
:10B9B0006146726F6D47422C2053493D446174616A
:10B9C000546F4742000000005B256C755D205343B7
:10B9D0003D256420534F3D25640A000053746F7069
:10B9E0007065642E00000000556E6B6E6F776E20E0
:10B9F000636F6D6D616E643A2027256327202830C0
:10BA00007825303258292E205072657373202768AC
:10BA10002720666F722068656C702E0A0000000097
:10BA20005B5374617475735D2025732C20256C75D0
:10BA30002062797465732C20256C752074726164A2
:10BA400065730A005B4742204C696E6B5D2046615E
:10BA5000696C656420746F20636C61696D20737418
:10BA6000617465206D616368696E65005B474220A3
:10BA70004C696E6B5D204661696C656420746F2053
:10BA80006164642050494F2070726F6772616D006D
:10BA90005B4742204C696E6B5D20496E6974696139
:10BAA0006C697A6564206F6E2050494F256420537D
:10BAB0004D25640A000000005B4742204C696E6B14
:10BAC0005D2050696E733A2053433D475025642CE6
:10BAD0002053493D475025642C20534F3D47502566
:10BAE000640A00005B4742204C696E6B5D20537412
:10BAF00061727465642C2077616974696E67206671
:10BB00006F722047616D6520426F792E2E2E0000E6
:10BB10005B4742204C696E6B5D2052657365740013
:10BB20005B4742204C696E6B5D20436F6E6E6563B0
:10BB300074696F6E2074696D656F75740000000024
:10BB40005B4742204C696E6B5D20436F6E6E656390
:10BB5000746564210000000042554C424153415538
:10BB60005200000042756C626173617572000000E2
:10BB7000497679736175720056656E757361757279
:10BB800000000000436861726D616E6465720000C0
:10BB9000436861726D656C656F6E00004368617229
:10BBA000697A6172640000005371756972746C6522
:10BBB00000000000576172746F72746C65000000C1
:10BBC000426C6173746F69736500000050696B614A
:10BBD0006368750052616963687500004D657700A0
:10BBE0004D657774776F0000556E6B6E6F776E00E2
:10BBF0000A3D3D3D20506F6B656D6F6E20496E664E
:10BC00006F203D3D3D000000537065636965733AE8
:10BC10002025732028307825303258290A0000006A
:10BC20004E69636B6E616D653A2025730A000000F2
:10BC30004C6576656C3A2025640A000048503A202D
:10BC40002564202F2025640A0000000053746174CD
:10BC5000733A2041544B3D2564204445463D2564BC
:10BC6000205350443D2564205350433D25640A0031
:10BC70004D6F7665733A2025303258202530325882
:10BC8000202530325820253032580A004F542049A0
:10BC9000443A2025640A00004956733A202530347E
:10BCA000580A00003D3D3D3D3D3D3D3D3D3D3D3D56
:10BCB0003D3D3D3D3D3D3D3D0A000000554E4B4E56
:10BCC0004F574E005B54726164655D20496E697424
:10BCD00069616C697A65642077697468207472613F
:10BCE000696E65722027257327202849443A20254C
:10BCF00064290A005B434F4E4E5D2052583A30781B
:10BD000025303258200000002D3E204D415354452F
:10BD1000522028616C72656164792073656E7420AD
:10BD2000534C415645292C206E6578742054583A5E
:10BD30003078253032580A005B54524144455D202A
:10BD40004D61737465722064657465637465642CF9
:10BD500020534C41564520776173207072656C6F9B
:10BD600061646564000000002D3E20434F4E4E4547
:10BD70004354454421206E6578742054583A3078F5
:10BD8000253032580A0000005B54524144455D2082
:10BD9000436F6E6E65637465642100002D3E204222
:10BDA0004C414E4B2C206E6578742054583A3078B4
:10BDB000253032580A0000002D3E203078253032E0
:10BDC0005820286563686F290A0000005B545241BF
:10BDD00044455D2054726164652043656E747265EC
:10BDE0002073656C65637465642C20656E74657280
:10BDF000696E6720747261646520726F6F6D0000F8
:10BE00005B54524144455D20436F6C6F737365759D
:10BE10006D2073656C656374656420286C6F6F704A
:10BE20006261636B206D6F64652900005B54524151
:10BE300044455D204C696E6B2063616E63656C6C7C
:10BE4000656400005B54524144455D205072656159
:10BE50006D626C6520636F6D706C6574652C206518
:10BE60006E746572696E672072616E646F6D2065B5
:10BE7000786368616E6765005B54524144455D209C
:10BE800052616E646F6D2F707265616D626C6520BA
:10BE9000636F6D706C6574652C2073746172746966
:10BEA0006E6720646174612065786368616E6765A0
:10BEB000000000005B54524144455D2054726164AF
:10BEC0006520626C6F636B2065786368616E67657F
:10BED00020636F6D706C6574650000005B545241A7
:10BEE00044455D20506174636820686561646572D3
:10BEF00020636F6D706C6574650000005B54524187
:10BF000044455D20506174636820646174612063FE
:10BF10006F6D706C6574652C207265616479207436
:10BF20006F2073656C65637420506F6B656D6F6E09
:10BF3000000000005B54524144455D20506C617923
:10BF40006572206C6566742074726164652074612A
:10BF5000626C65005B54524144455D20506C6179D0
:10BF600065722073656C656374656420506F6B65E2
:10BF70006D6F6E2025642C207765206F6666657274
:10BF800020736C6F7420300A000000005B54524133
:10BF900044455D2054726164652072656A6563740E
:10BFA000656400005B54524144455D2054726164F5
:10BFB0006520616363657074656421000A2A2A2A1A
:10BFC00020545241444520434F4D504C4554452147
:10BFD000202A2A2A000000004E4F545F434F4E4E45
:10BFE0004543544544000000524541445900000077
:10BFF00057414954494E470050454E44494E470029
:10C0000054524144494E4700444F4E450000000001
:10C010004552524F520000005B53746F7261676566
:10C020005D2057726974696E6720746F20666C6159
:10C030007368202877726974652023256C75292E12
:10C040002E2E0A005B53746F726167655D20455246
:10C05000524F523A20466C61736820766572696669
:10C0600079206661696C6564210000005B53746F20
:10C07000726167655D20577269746520636F6D70CA
:10C080006C6574652C20256420506F6B656D6F6E38
:10C090002073746F7265640A000000005B53746F54
:10C0A000726167655D20496E697469616C697A695E
:10C0B0006E672066726F6D20666C617368206174B4
:10C0C000203078253038582E2E2E0A005B53746F9E
:10C0D000726167655D204C6F616465642025642032
:10C0E000506F6B656D6F6E2066726F6D20666C6150
:10C0F000736820287772697465733A20256C7529F6
:10C100000A0000005B53746F726167655D204E6FBB
:10C110002076616C6964206461746120696E2066B8
:10C120006C6173682C20696E697469616C697A69E5
:10C130006E6720656D7074792073746F72616765C6
:10C14000000000005B53746F726167655D204552AB
:10C15000524F523A20426F782066756C6C21000075
:10C160005B53746F726167655D2041646465642030
:10C17000257320746F20736C6F742025640A00008F
:10C180005B53746F726167655D2052656D6F766594
:10C190006420736C6F742025642C20256420506FFC
:10C1A0006B656D6F6E2072656D61696E696E670A91
:10C1B000000000005B53746F726167655D2055700D
:10C1C000646174656420736C6F7420256420282575
:10C1D00073290A005B53746F726167655D20436C5D
:10C1E000656172696E6720616C6C20506F6B656D64
:10C1F0006F6E2E2E2E0000004F4B00004D49534D08
:10C2000041544348210000005B53746F72616765BD
:10C210005D204E6F7420696E697469616C697A651E
:10C22000642100000A3D3D3D20506F6B656D6F6ECF
:10C230002053746F72616765203D3D3D0000000032
:10C24000506F6B656D6F6E2073746F7265643A200A
:10C250002564202F2025640A00000000466C6173CD
:10C2600068207772697465733A20256C750A00003E
:10C27000436865636B73756D3A2030782530386C90
:10C280005820282573290A00284E6F20506F6B65AF
:10C290006D6F6E2073746F72656429000A53746F3A
:10C2A00072656420506F6B656D6F6E3A0000000020
:10C2B00020205B2532645D202573202825732920EA
:10C2C0004C762E2564202D204F543A2025730A00E9
:10C2D000426F782046756C6C00000000456D7074EC
:10C2E00079000000496E76616C696420536C6F744C
:10C2F00000000000466C6173682057726974652005
:10C300004572726F72000000436F72727570742014
:10C3100044617461000000004E6F7420496E6974BE
:10C3200069616C697A65640022257322000000004F
:10C33000747275650000000066616C736500000032
:10C34000636D64007B226572726F72223A224D69BE
:10C350007373696E6720636D64206669656C64221F
:10C360007D0000005B57656255495D20436F6D6D30
:10C37000616E643A2025730A000000006C697374D2
:10C38000000000007B22706F6B656D6F6E223A5B60
:10C39000000000002C0000007B22736C6F74223AB6
:10C3A00025642C22696E646578223A25642C2273F8
:10C3B000706563696573223A222573222C226E69A7
:10C3C000636B6E616D65223A222573222C226C65A7
:10C3D00076656C223A25647D000000005D7D0000DA
:10C3E000676574007B226572726F72223A224D6912
:10C3F0007373696E6720736C6F74227D0000000098
:10C400007B226572726F72223A22496E76616C6984
:10C410006420736C6F74227D000000007B22736CBB
:10C420006F74223A25642C22696E646578223A255D
:10C43000642C2273706563696573223A2225732226
:10C440002C226E69636B6E616D65223A2225732220
:10C450002C226C6576656C223A25642C2268702249
:10C460003A25642C226D61785F6870223A25642C2D
:10C470002261746B223A25642C22646566223A2577
:10C48000642C22737064223A25642C227370632218
:10C490003A25642C226D6F766573223A5B25642CF5
:10C4A00025642C25642C25645D2C227070223A5B57
:10C4B00025642C25642C25642C25645D2C226F7446
:10C4C0005F6E616D65223A222573222C226F745FA4
:10C4D0006964223A25642C226976223A25642C224A
:10C4E000737461747573223A25647D007B226F6BCF
:10C4F000223A66616C73652C226572726F72223A01
:10C50000222573227D0000002264617461220000F4
:10C510006E69636B6E616D65000000006D6F76651E
:10C52000730000007B226F6B223A747275657D0088
:10C5300064656C65746500007374617475730000E4
:10C540007B22636F756E74223A25642C226D6178AC
:10C55000223A25642C22777269746573223A256C1D
:10C56000752C22636865636B73756D5F6F6B223A20
:10C5700025732C2276657273696F6E223A22312EF2
:10C5800030227D007B226572726F72223A22556ED4
:10C590006B6E6F776E20636F6D6D616E643A2025F0
:10C5A00073227D002530325800000000506F6B650B
:10C5B0006D6F6E2042616E6B000000004742204CA0
:10C5C000696E6B204361626C6520496E74657266AA
:10C5D00061636500506F6B656D6F6E2042616E6BBD
:10C5E00020434443000000000A2A2A2A2050414EDA
:10C5F0004943202A2A2A0A004861726477617265D9
:10C6000020616C61726D20256420616C72656164CB
:10C610007920636C61696D65640000004861726433
:10C62000206173736572740052656C656173650097
:10C63000626F6F74325F77323571303830000000CE
:10C64000322E322E300000007069636F000000004F
:10C65000706F6B656D6F6E5F62616E6B00000000E6
:10C660004A616E203331203230323600666E692BDB
:10C6700000000000666E69006E616E00666E692DD6
:10C680000000000055534220737464696E202F200F
:10C690007374646F75740000556E68616E646C65C8
:10C6A000642049525120307825780A006570202591
:10C6B0003032582077617320616C72656164792033
:10C6C000617661696C61626C6500000043616E2790
:10C6D0007420636F6E74696E75652078666572206C
:10C6E0006F6E20696E6163746976652065702025C0
:10C6F000303258004E6F2050494F2073746174657A
:10C70000206D616368696E65732061726520617672
:10C7100061696C61626C65004C45440066120010F2
:10C72000721200105A1200105A12001084120010D7
:10C7300068140010401600104C160010481F00101E
:10C740001824001018240010481F0010182400108E
:10C7500018240010182400101824001018240010A9
:10C760001824001018240010182400101824001099
:10C770001824001018240010182400101824001089
:10C780001824001018240010182400101824001079
:10C790001824001018240010182400101824001069
:10C7A0001824001018240010182400101824001059
:10C7B0001824001018240010182400101824001049
:10C7C0001824001018240010182400101824001039
:10C7D00018240010DE1F0010DE1F0010DE1F0010E6
:10C7E000DE1F0010DE1F0010DE1F0010DE1F001015
:10C7F000DE1F0010DE1F0010DE1F001018240010C6
:10C8000018240010182400101824001018240010F8
:10C810001620001018240010182400105C240010AA
:10C820005A2300100E2300101824001018240010A2
:10C83000C622001016200010182400101824001022
:10C8400018240010C0220010182400101824001012
:10C8500018240010A022001018240010DA21001063
:10C860005021001018240010182400101824001063
:10C87000C82000106C20001018240010182400108C
:10C880001824001018240010182400101824001078
:10C890001824001018240010182400105C24001024
:10C8A0005A2300100E230010182400101824001022
:10C8B000C6220010162000101824001018240010A2
:10C8C00018240010C0220010182400101824001092
:10C8D00018240010A022001018240010DA210010E3
:10C8E00050210010182400101824001018240010E3
:10C8F000C82000106C20001000C9001005FF0000C7
:10C90000C0000160C4000200014000006E2E001053
:10C91000442E0010442E0010442E0010442E00100F
:10C92000442E0010442E0010442E0010442E0010FF
:10C93000442E0010442E0010442E0010442E0010EF
:10C94000442E0010442E0010442E0010442E0010DF
:10C95000442E0010442E0010442E0010442E0010CF
:10C96000442E00108A2E00108E2E0010442E00102F
:10C97000442E0010442E0010442E0010442E0010AF
:10C98000442E0010442E0010442E0010442E00109F
:10C99000442E0010442E0010442E0010442E00108F
:10C9A000442E0010442E0010442E0010442E00107F
:10C9B000442E0010442E0010442E0010442E00106F
:10C9C0006A2E0010762E0010722E00107A2E0010A3
:10C9D000662E0010E22F0010FA2E0010FA2E001022
:10C9E000FA2E0010FA2E0010FA2E0010FA2E001067
:10C9F000FA2E0010FA2E0010FA2E0010FA2E001057
:10CA0000FA2E0010FA2E0010FA2E0010FA2E001046
:10CA1000FA2E0010FA2E0010FA2E0010FA2E001036
:10CA2000FA2E0010FA2E0010FA2E0010FE2F001021
:10CA300002300010FA2E0010FA2E0010FA2E00100C
:10CA4000FA2E0010FA2E0010FA2E0010FA2E001006
:10CA5000FA2E0010FA2E0010FA2E0010FA2E0010F6
:10CA6000FA2E0010FA2E0010FA2E0010FA2E0010E6
:10CA7000FA2E0010FA2E0010FA2E0010FA2E0010D6
:10CA8000FA2E0010FA2E0010DE2F0010EA2F0010F0
:10CA9000E62F0010EE2F0010DA2F00105033001098
:10CAA0006C33001092310010A6310010D631001006
:10CAB0000232001086330010123300103833001099
:10CAC0005A3200100A330010D8BF0010DCBF00102B
:10CAD000E8BF0010F0BF0010F8BF001000C0001049
:10CAE00008C0001010C00010F8C10010D0C2001023
:10CAF000DCC20010E4C20010F4C2001008C3001031
:10CB000018C300100904000009024B000201008054
:10CB100032080B00020202000009040000010202B8
:10CB2000000405240020010524010001042402065C
:10CB3000052406000107058103080010090401000F
:10CB4000020A0000000705020240000007058202F9
:10CB50004000000012010002EF0201408A2E0A008C
:10CB6000000101020301000006005250D3F075429B
:10CB700028C6001006005250E182887F30C600109F
:10CB800006005250ABB3605340C60010060052502E
:10CB9000BBFF3CB648C6001006005250861C03027C
:10CBA00050C60010060052505422A29D60C60010CC
:10CBB00005005250DE65F46834E100107075001015
:10CBC0002075001020750010687500102075001089
:10CBD00020750010207500102075001020750010C1
:10CBE0002075001020750010607500102075001071
:10CBF0005875001020750010207500105075001039
:10CC000090770010867500108077001086750010F0
:10CC10006A77001086750010867500108675001002
:10CC200086750010867500108675001086750010D8
:10CC300078750010867500108675001086750010D6
:10CC40008675001086750010787500102E7800101B
:10CC5000DA740010DA740010DA740010DA7400105C
:10CC6000DA740010DA740010DA740010DA7400104C
:10CC7000DA740010DA740010DA740010DA7400103C
:10CC8000DA740010DA740010DA740010DA7400102C
:10CC9000DA740010DA740010DA740010DA7400101C
:10CCA000DA740010DA740010DA740010DA7400100C
:10CCB000DA740010DA740010DA740010DA740010FC
:10CCC000DA740010DA740010DA740010A47700101F
:10CCD000FC770010A4770010DA740010DA740010EA
:10CCE000DA740010DA740010DA740010DA740010CC
:10CCF000DA740010DA740010DA740010DA740010BC
:10CD0000DA740010DA740010DA740010DA740010AB
:10CD1000DA740010DA7400103E7A0010DA74001031
:10CD2000DA740010DA740010DA740010DA7400108B
:10CD3000DA740010DA740010DA740010DA7400107B
:10CD40003E7A0010407800103E7A0010A477001060
:10CD5000FC770010A4770010000000000000F03FF6
:10CD600000000000000024400000000000005940C6
:10CD70000000000000408F40000000000088C34019
:10CD800000000000006AF8400000000080842E418E
:10CD900000000000D01263410000000084D79741DA
:10CDA0000000000065CDCD410D0A00000600525084
:10CDB00053B4F4A184C60010788C0010D08D0010FC
:10CDC000588E0010A88D0010BA8D0010988D00109C
:10CDD000088D0010B48C0010A88C00107091001009
:10CDE00056910010468F001090910010468F001051
:10CDF0003E9100102A910010468F001016910010ED
:10CE000026900010468F0010EE930010E093001063
:10CE1000D4930010468F0010468F0010BE93001070
:10CE2000E0930010468F0010468F0010468F0010D0
:10CE3000468F0010468F0010468F0010468F00105E
:10CE400078930010F20D0020F20D0020360E002025
:10CE50005E0E00209C0E0020AE0E0020E80D00208B
:10CE600000000000A5990010019A0010059A00101A
:10CE7000519A0010F59A0010DD9B00100000000090
:10CE8000090052500000000218C7001000202020A6
:10CE9000202020202020282828282820202020206A
:10CEA000202020202020202020202020208810103A
:10CEB0001010101010101010101010101004040496
:10CEC0000404040404040410101010101010414154
:10CED0004141414101010101010101010101010142
:10CEE0000101010101010101101010101010424256
:10CEF0004242424202020202020202020202020212
:10CF000002020202020202021010101020000000B1
:10CF10000000000000000000000000000000000011
:10CF20000000000000000000000000000000000001
:10CF300000000000000000000000000000000000F1
:10CF400000000000000000000000000000000000E1
:10CF500000000000000000000000000000000000D1
:10CF600000000000000000000000000000000000C1
:10CF700000000000000000000000000000000000B1
:10CF800000000000000000000000000000000000A1
:10CF900068CB001074CB001080CB00108CCB00103D
:10CFA00098CB0010A4CB0010B0CB001080CE0010A6
:04CFB000ACCD0010F4
:10CFB400F0B5C646150000B504001E000268EFF384
:10CFC400108172B61368002BFCD0BFF35F8F04236B
:10CFD400E3562268002B2BDBBFF35F8F0020106029
:10CFE40081F31088D02212061278002752B290469C
:10CFF4009A420ED1002080BCB846F0BDBFF35F8FCB
:10D00400176081F310882800310000F071FF0028B8
:10D01400F0D12268EFF3108172B61368002BFCD0B4
:10D02400BFF35F8F237922687F2BE7D9434602E061
:10D03400D0231B061B682371BFF35F8F002313608B
:10D0440081F310880120D6E70268EFF3108172B6ED
:10D054001368002BFCD0BFF35F8FFF2303710368B9
:10D06400BFF35F8F00221A6081F3108840BF7047BE
:10D0740010B5084C2378002B0AD1802306480749B1
:10D084005B051A68C25004338B42FAD10123237022
:10D0940010BDC046373C002054220010000100108F
:10D0A40010B5014B984710BD55220020064B5A6815
:10D0B40002609A684260DA6882601A69C2605A69DA
:10D0C40002619B6943617047000002400268064B9D
:10D0D4005A6042689A608268DA60C2681A610269BA
:10D0E4005A6142699A61704700000240034B1A6812
:10D0F400C0239B009343024A136070470C80014095
:10D104000C900140054B1A6880239B005340C022B9
:10D1140092001340024A13607047C0460C800140DD
:10D124000C900140F0B5D6464F4646468023C0B524
:10D13400421804000D0086B09B039A422ED80027A3
:10D144000026B88A338B17499847338B8246164991
:10D15400B88A9847338B81461449B88A9847338BE9
:10D1640013498046B88A98470600FFF781FF68464E
:10D17400FFF79CFFD047C8478022D823290020000E
:10D184005202C047B047FFF78BFF6846FFF79EFF88
:10D1940006B0E0BCBA46B146A846F0BD00F098FE21
:10D1A400CDE7C046494600004558000052450000FE
:10D1B40046430000F0B54E464546DE4657468023BA
:10D1C400E0B5150082180400894687B09B039A4293
:10D1D4002DD800270026B88A338B16499847338BFD
:10D1E40083461549B88A9847338B82461349B88ACF
:10D1F4009847338B12498046B88A98470600FFF750
:10D2040037FF6846FFF752FFD847D0472A00494600
:10D214002000C047B047FFF743FF6846FFF756FFBB
:10D2240007B0F0BCBB46B246A946A046F0BD00F02C
:10D234004FFECEE74946000045580000525000001A
:10D24400464300000023F0B5DE4657464E464546A9
:10D254009A46E0B589B001900E00988A45491B8B27
:10D2640014009847534681464349988A1B8B984734
:10D27400534642490500988A1B8B98478046FFF71E
:10D28400F7FE02A8FFF712FFC847A847FFF73AFFC7
:10D29400251E22D00823C0219C460220490562464F
:10D2A4008B6A1A4018423FD0631B002D2FD1002AED
:10D2B40011D1002C11D0C0235B059B4602239A4652
:10D2C400063399465B464A4657469B6A1A401F42B4
:10D2D40042D0002AF6D0002C30D1FFF707FFC04718
:10D2E400FFF7DEFE02A8FFF7F1FE09B0F0BCBB4673
:10D2F400B246A946A046F0BD002C2FD1C02252054B
:10D30400926A914608224F463A40BF072DD50D2B0D
:10D314001BD9002AF0D1C0225205926A91460822F4
:10D324004F463A40BF07F2D4002A04D12B002343CE
:10D33400002BB4D1D1E72B00002CF9D00B6E013CAB
:10D344003370230001362B43F2E7019F013D3B7804
:10D3540001370B660197E7E70025E5E7C0235B0586
:10D364001B6E013C3370013699E72B00002ADFD194
:10D37400DCE7C0464946000045580000464300002B
:10D384000022154B10B59A60DA601A615A619A61ED
:10D39400DA611A625A629A62DA621A635A639A63A7
:10D3A400DA631A645A649A64DA641A655A659A6587
:10D3B400DA651A665A669A66DA661A675A679A6767
:10D3C400DA67F03292000021044800F089FD044B32
:10D3D400044A1A6010BDC04600001050FC2300200F
:10D3E400CC2F002080011050F0B54E464546DE4655
:10D3F4005746E0B5214B00249E6D012585B0002ED3
:10D4040022D01F4B9A46012399461E4B984601E0B1
:10D41400202C19D02A00230001342F003240E4B21A
:10D424006D00002AF4D0524697654A465B085B00BB
:10D4340022409B185B01434418009B4600F01EFCED
:10D44400002808D1BE43E3D105B0F0BCBB46B246C8
:10D45400A946A046F0BD5B46E0219A78DB8A01A884
:10D4640083600023C900018001210271437100F02F
:10D4740025FC584600F0A0FBE4E7C046000011502C
:10D4840000301150BC2300209823F0B5C646C84A8A
:10D4940000B5D55880232E009B02102484B01E4072
:10D4A4001D4274D0C34BC44C9A6AC44B00261A6004
:10D4B4003B23E35C022B00D14FE17B23E35C022B93
:10D4C40000D1F3E0BB23E35C022B00D1FAE0FB23A1
:10D4D400E35C022B00D101E13C23FF33E35C022B2C
:10D4E40000D12DE17C23FF33E35C022B00D10EE15C
:10D4F400BC23FF33E35C022B00D13FE1FC23FF3369
:10D50400E35C022B00D1F5E0AD4BE35C022B00D1D0
:10D5140074E1AC4BE35C022B00D105E1AA4BE35C64
:10D52400022B00D175E1A94BE35C022B00D132E15F
:10D53400A74BE35C022B00D1A0E1A64BE35C022BDA
:10D5440000D171E1A44BE35C022B00D1A1E1A34B18
:10D55400E35C022B00D17FE1002E08D1A04B1B78A5
:10D56400002B04D180219F4A90338902D150C022DC
:10D5740069468F4B92009B6C80265B058A805B0D0D
:10D58400012101A8029300F099FB974CB602EB0627
:10D5940000D57FE080235B021D4231D01E4301236E
:10D5A40002249846844FBB7E002B14D000F0A8FCC4
:10D5B400012800D972E0C02200213800920100F055
:10D5C40001FB380000F0F8FA00F09AFC012802D9B7
:10D5D400844B5C661C664346FB702037012C22D1C9
:10D5E400C0236A46DB009380804A02AB03CA03C3AC
:10D5F400012101A800F062FB80227A4B92021A6595
:10D6040080235B011D4210D18023DB011D4223D105
:10D6140080231B021D422FD1AE4200D0C0E104B0D2
:10D6240080BCB846F0BD0124BDE700241E43604B16
:10D634001C60FFF7A5FE80236A465B00938014728A
:10D64400012101A800F03AFB8022664B12031A65FF
:10D654008023DB011D42DBD01E4380236A46DB00AE
:10D664009380012101A800F029FB10225D4B1A656B
:10D6740080231B021D42CFD01E43A0236A46DB0039
:10D684009380012101A800F019FB8022554B12015F
:10D694001A65C1E7FFF7A8FE26007BE7544B444A0E
:10D6A4001C66536E2340A342FBD184E77833E75CC6
:10D6B400002F00D106E70233E25C002A00D00DE11E
:10D6C4003E00FFE6B833E75C002F00D1FFE60233EB
:10D6D400E25C002A00D0F9E03E00F8E6F833E75CAB
:10D6E400002F00D1F8E60233E25C002A00D041E1C9
:10D6F4003E00F1E6F933FF33E75C002F00D103E786
:10D704000233E25C002A00D02BE13E00FCE67933D0
:10D71400FF33E75C002F00D1EAE60233E25C002A23
:10D7240000D015E13E00E3E6324BE75C002F00D168
:10D73400F4E60233E25C002A00D001E13E00EDE6AB
:10D744003933FF33E75C002F00D1CBE60233E25CD0
:10D75400002A00D0EBE03E00C4E63833E65C002E3D
:10D7640000D1AAE60233E25C002A00D1A5E620003B
:10D7740000222030E25400F04DFA9EE6B933FF3324
:10D78400E75C002F00D1B9E60233E25C002A00D046
:10D79400C4E03E00B2E6184BE75C002F00D1C7E6B8
:10D7A4000233E25C002A00D0B0E03E00C0E6C0468E
:10D7B4000000115000400540BC23002090230020AD
:10D7C4003B0200007B020000BB020000FB020000E1
:10D7D4003B0300007B030000BB030000FB030000CD
:10D7E400353C0020003011501000020000001050A1
:10D7F400002011507A020000FA0200006B4BE75C33
:10D80400002F00D185E60233E25C002A76D13E0087
:10D814007FE6674BE75C002F00D184E60233E25CCD
:10D82400002A63D13E007EE6624BE75C002F00D104
:10D8340088E60233E25C002A00D0A3E05E4BE35C9E
:10D84400022B30D15D4BE35C002B27D15C4BE35CB6
:10D85400022B00D08BE63E005A4BE35C002B00D138
:10D864007AE6FF239B00E25C002A00D17FE60022D7
:10D87400E2541C3BE01800F0CDF978E6524BE75C2B
:10D88400002F00D159E60233E25C002A16D13E0093
:10D8940053E64A4BE35C002B00D158E6EF239B0090
:10D8A400E25C002A75D1464BE35C022B00D05EE6B5
:10D8B400444BE35C002B00D159E6D2E70022E2544A
:10D8C4001C3BE01800F0A6F93E0036E620000022DA
:10D8D400A030E2543E0000F09DF9F8E5200000225B
:10D8E4006030E2543E0000F095F9EBE50022E2548A
:10D8F4001C3BE01800F08EF93E0014E60022E254CE
:10D904001C3BE01800F086F93E0002E60022E254D7
:10D914001C3BE01800F07EF93E0009E620000022DE
:10D92400A130FF30E2543E0000F074F9E6E5200037
:10D9340000222130FF30E2543E0000F06BF9D1E5C3
:10D944000022E2541C3BE01800F064F93E00E5E5D7
:10D95400200000226130FF30E2543E0000F05AF90A
:10D96400C6E520000022E130FF30E2543E0000F022
:10D9740051F9C9E520000022E030E2543E0000F0F5
:10D9840049F9A9E50022E2541C3BE01800F042F9F1
:10D9940054E70022E2541C3BE01800F03BF982E714
:10D9A40031000A48694000F083FAC0463A02000098
:10D9B400BA0200007A030000BB030000BA030000AF
:10D9C400FB030000FA0300003A03000098C60010AD
:10D9D400F0B5C64600B50200838A008B8C46011C54
:10D9E400984200D9191CD47880252000461EB041E5
:10D9F40089B2ED000D434003284301256C405B1AB6
:10DA0400D47054789BB29382002C31D16446D5688B
:10DA1400A4014E1E2D19B0461469002923D0062EE8
:10DA240032D92B0023439B072ED1631CEB1A022B04
:10DA34002AD900238F08BF00E658EE5004339F42D2
:10DA4400FAD14346ED19DB1BE419B94209D0267813
:10DA54002E70002B05D066786E70012B01D0A37850
:10DA6400AB701469938A6418146180221202104303
:10DA7400002B02D18023DB0118436346002B00D026
:10DA8400000480BCB846F0BD0023E65CEE540133CC
:10DA94009942FAD1E5E7C0468368F0B51A680400F4
:10DAA400002900D0120C63789205900D002B08D148
:10DAB400E38AC318E382238B834201D90023A38220
:10DAC400F0BDE368890125695E18471E002822D04D
:10DAD400062F26D901315B18EB1A022B21D92B0012
:10DAE40033439B071DD10023120E9200F158E950D5
:10DAF40004339A42FAD1BF1AAD18B618904209D02D
:10DB040032782A70002F05D072786A70012F01D004
:10DB1400B278AA702569E38A2D18C318E3822561B7
:10DB2400C9E70022B35CAB5401329042FAD12569B3
:10DB3400F1E7C04610B50400836800211B68FFF7B5
:10DB4400ABFF63681B685B0002D5238B834200D064
:10DB540010BD01212000FFF79FFFF9E7084A0300E9
:10DB6400126C0020920703D49A78D209012A00D0BB
:10DB74007047D87E023843425841C0B2F8E7C046E5
:10DB84000000115010B5FFF7E9FF00280CD0074939
:10DB9400074B8C46074A9B6A126863449B1A002011
:10DBA400C6229A424041C0B210BDC046E0FCFFFF0D
:10DBB40000400540902300200023837643610361E5
:10DBC4007047C04610B58368002901D01C68214005
:10DBD400002A12D08024E400114322420DD01A6896
:10DBE40022420CD1084A0A401A60084A126C920771
:10DBF40003D40C23033BFDD28368196010BD8178E4
:10DC0400034800F055F9C046FFFBFFFF0000115028
:10DC1400ACC60010436870B50021802504001E685E
:10DC2400FFF7D6FE124B6D011A6C0543A3789207D9
:10DC34000ED55B060ED00F4B1E4080239B0533434D
:10DC440062680021136020002A00FFF7BBFF70BD4B
:10DC5400DB09F0D0A38A002BEDD001212000FFF7CF
:10DC6400B7FEA023044ADB05324005431343E7E72C
:10DC740000001150FFFFFFAFFFFFFFDF70B5857E8F
:10DC84000400002D14D0FFF755FFA38A002B01D107
:10DC9400280070BD2000FFF775FF002803D0012382
:10DCA40000252377F4E72000FFF7B4FF0025EFE712
:10DCB4008178014800F0FCF8CCC60010F0B5CE46DF
:10DCC400474680B5437805000E0085B0062B08D87A
:10DCD4006A4A9B00D3589F46694A13780133DBB2E2
:10DCE4001370684B1F68002E10D02900381D00F0F7
:10DCF400E7F80400002C04D032006978287800F09A
:10DD0400CFF805B0C0BCB946B046F0BD3C0008CC65
:10DD1400002098472900200000F0D2F83B68040056
:10DD240001209847E6E70121574B1A788A431A7075
:10DD34001A7801318A431A7000225A701A78023113
:10DD44008A431A704F4B1F68002ECED1DEE74F4B2B
:10DD54004F4F99464F4B002498463A7810E043467B
:10DD64001B6861015B18002B06D0DB69002B03D014
:10DD74006968287898473A780134E4B2944217D80D
:10DD84009442ECD3A31A5B014B44EEE73E4B1A7862
:10DD9400D207B6D504211A780A431A70A1E73A4B80
:10DDA4001A78D207ADD504211A788A431A7098E7F5
:10DDB400354F3B785B0721D504223B780021934300
:10DDC4003B706B460632981D00F08AF82B7801AC44
:10DDD4002370052363702B4B1B689946002E3DD09E
:10DDE40018002100043000F06BF880464346002BF5
:10DDF40004D032006178207800F052F8FB78DB0719
:10DE040000D47EE76B460A22981D002100F068F8D2
:10DE14002B7801AC2370032363706B686360194B28
:10DE24001F68002E0DD02100381D00F049F80500B0
:10DE3400002D00D165E732006178207800F030F8D9
:10DE44005FE73D0008CD002098472100280000F03E
:10DE540037F83B68050001209847E9E74A4608CAB5
:10DE64000020904698472100404600F029F84B4690
:10DE740080461B6801209847B8E7C04644CE00108E
:10DE8400363C0020882100203421002060CE001080
:10DE9400343C0020EC1D00207047C0460000000008
:10DEA40001B40248844601BC604700BF358B0010B2
:10DEB40001B40248844601BC604700BFD546001047
:10DEC40001B40248844601BC604700BF11A00010A1
:10DED40001B40248844601BC604700BFF9570010F2
:10DEE40001B40248844601BC604700BFB967001012
:10DEF40001B40248844601BC604700BF4D53001082
:10DF040001B40248844601BC604700BFC946001002
:10DF140004CB0010ACC50010BCC50010B0B200109A
:10DF2400D4C5001010000000000000000000010033
:10DF340000000000000000000000020000000000DB
:10DF440000000000000003000000000000000000CA
:10DF54000000FF000000000001B5486801318E4652
:10DF64000047704609380149884701BDF94A001045
:10DF7400000000000000000000000000000000009D
:10DF8400000000004012002000000000000000001B
:10DF9400503300004C33000054330000523300006F
:10DFA4004D5300004D43000053340000433400003F
:10DFB40051860010058600107985001065850010D3
:10DFC4000000000000010000158B00108C210020CF
:10DFD40010000C0000000000FF0000000000000022
:10DFE400F81000200000000000000000201B0020AA
:10DFF400881B0020F01B002000000000000000002F
:10E00400000000000000000000000000000000000C
:10E0140000000000000000000000000000000000FC
:10E0240000000000000000000000000000000000EC
:10E0340000000000000000000000000000000000DC
:10E0440000000000000000000000000000000000CC
:10E0540000000000000000000000000000000000BC
:10E0640000000000000000000000000000000000AC
:10E07400000000000000000000000000000000009C
:10E0840001000000000000000E33CDAB34126DE639
:10E09400ECDE05000B0000000000000000000000A2
:10E0A400000000000000000000000000000000006C
:10E0B400000000000000000000000000000000005C
:10E0C400000000000000000000000000000000004C
:10E0D400000000000000000000000000000000003C
:10E0E400000000000000000000000000000000002C
:10E0F400000000000000000000000000000000001C
:10E10400000000000000000000000000000000000B
:10E1140000000000000000000000000000000000FB
:10E1240000000000000000000000000000000000EB
:04000005100001E9FD
:00000001FF
